RANK|ATHLETES|AGE|YOB|CLUB|PROVINCE|DATE|MEET|TIME|FINA
1|Herbert, Bailey|16|2002|LOSC|British Columbia|2018-12-09|16th Annual XMAS Cracker Invitational|2:26.00|783
2|Wiseman, Avery|16|2002|OSC|Alberta|2019-01-20|Blue Bears 2019|2:29.67|726
3|Spence, Emma|16|2002|ROD|Saskatchewan|2018-12-14|ManSask Championships Short Course Open Championships|2:29.77|725
4|Starzomski, Olivia|16|2002|SSAT|Ontario|2018-12-15|Ontario Junior International|2:31.82|696
5|Mccann, Pilar|16|2002|EKSC|Alberta|2018-12-16|JP Fiset Invitational|2:35.01|654
6|Banton, Paige|16|2002|SSAT|Ontario|2018-12-09|Border City Invitational|2:35.66|646
7|Hunt, Zoe|16|2002|TBT|Ontario|2018-12-08|Youth Cup|2:35.76|644
8|Sostar, Abby|16|2002|OTTER|Ontario|2019-02-01|2019 Huronia SC Regional Championships|2:36.02|641
9|Roth, Isabelle|16|2002|CASC|Alberta|2018-12-15|Ontario Junior International|2:36.09|640
10|Myburgh, Emma|16|2002|ISC|British Columbia|2018-12-15|Ontario Junior International|2:36.48|636
11|Luis, Caileigh|16|2002|VPSC|British Columbia|2018-12-16|JP Fiset Invitational|2:36.82|631
12|Branton, Shona|16|2002|SR|Ontario|2018-12-09|Border City Invitational|2:38.01|617
13|Vial, Ava|16|2002|WTSC|Nova Scotia|2018-12-14|Age Group Development Meet|2:38.14|616
13|Gaudette, Sheigh Ann|16|2002|SPART|British Columbia|2018-12-15|Ontario Junior International|2:38.14|616
15|Kerr, Ella|16|2002|NYAC|Ontario|2018-12-15|Ontario Junior International|2:38.21|615
16|Tan, Christina|16|2002|RAPID|British Columbia|2018-12-15|Ontario Junior International|2:38.76|609
17|Ricketts, Emily|16|2002|SJL|Newfoundland|2019-06-08|2019 Summer Classic Invitational|2:38.94|606
18|Mastroianni, Isabella|16|2002|SLSC|Ontario|2018-12-15|Ontario Junior International|2:39.16|604
19|Harper, Elizabeth|16|2002|CASC|Alberta|2018-12-15|Ontario Junior International|2:39.58|599
20|Rincon, Laura|16|2002|UVPCS|British Columbia|2019-01-26|Vancouver Island Regional SC Championships|2:39.69|598
21|Pearlman, Megan|16|2002|VAC|Ontario|2018-12-09|Vaughan Aquatic Club 30th Annual Roy Jacobson Inv 2018|2:39.83|596
22|TREMBLAY, Sandy|16|2002|CNM|Québec|2019-06-08|Finale régionale|2:41.06|583
23|Goldring, Allyson|16|2002|MUSAC|Ontario|2018-12-15|Ontario Junior International|2:41.08|583
24|Shuster, Morgane|16|2002|OAK|Ontario|2018-12-15|Ontario Junior International|2:41.70|576
25|Song, Emmy|16|2002|PCSC|Québec|2018-12-08|Invitation Provinciale AA-AAA Pointe-Claire 2018|2:41.71|576
26|Larose, Chloée|16|2002|CNHR|Québec|2018-12-10|Invitation provinciale AA-AAA Noël + Développement 11-12 ans CAMO|2:41.84|574
27|Bellio, Vanessa|16|2002|ESWIM|Ontario|2018-12-21|2018 Trillium Cup|2:41.88|574
27|Rusen, Karina|16|2002|RHAC|Ontario|2018-11-11|2018 Age Group International SC|2:41.88|574
29|Dolanjski, Mya|16|2002|TMSC|Ontario|2018-12-07|Gatineau Grand Prix|2:42.08|572
30|Davies, Morgan|16|2002|KBM|Ontario|2018-12-07|Gatineau Grand Prix|2:42.15|571
31|Manzella, Bridget|16|2002|MSSAC|Ontario|2018-11-02|NYAC Cup|2:42.49|568
32|Lejambe, Emily|16|2002|SLSC|Ontario|2019-02-02|Dave Kensit Memorial SC Championship|2:42.54|567
33|Nurmi, Claire|16|2002|GGST|Ontario|2018-12-07|Gatineau Grand Prix|2:42.67|566
34|Mccallum, Amanda|16|2002|RAPID|British Columbia|2019-03-15|Rapids TT #4|2:42.78|564
35|Klenk, Haley|16|2002|SPART|British Columbia|2018-11-11|2018 Brad Reid Memorial Invitational|2:43.04|562
36|Mahdid, Sabrina|16|2002|CAMO|Québec|2018-12-10|Invitation provinciale AA-AAA Noël + Développement 11-12 ans CAMO|2:43.92|553
37|Castonguay, Laurie|16|2003|UL|Québec|2019-06-28|Championnat provincial groupe d'âge AA d'été - section Est|2:44.44|548
38|Rissanen, Hanna|16|2003|BTSC|Ontario|2019-04-28|2019 Ontario Team Challenge|2:44.61|546
39|Roy, Justine|16|2002|CNSH|Québec|2018-12-15|Ontario Junior International|2:45.29|539
40|Puhalski, Lindsay|16|2002|TBT|Ontario|2018-12-01|Northwest Narwhal's Massaro Construction LTD Invitational|2:45.43|538
41|Fortin, Marianne|16|2002|BG|Québec|2019-02-23|Championnat provincial groupe d'âge AA d'hiver - section Est|2:45.61|536
42|Song, Kimberly|16|2003|UCSC|Alberta|2019-07-14|UCSC Western Finale|2:45.91|533
43|Du, Kayla|16|2002|OTTSC|Ontario|2018-11-02|NYAC Cup|2:46.18|531
44|Lemonnier, Lydia|16|2002|ELITE|Québec|2018-12-08|Invitation Provinciale AA-AAA Pointe-Claire 2018|2:46.71|525
45|Dej, Isabella|16|2003|EKSC|Alberta|2019-03-03|Provincials - Short Course|2:46.99|523
46|Grenier-Morin, Élodie|16|2002|CAMO|Québec|2018-12-10|Invitation provinciale AA-AAA Noël + Développement 11-12 ans CAMO|2:47.05|522
47|Vaszko, Meghan|16|2002|NEW|Ontario|2019-01-13|2019 Etobicoke A-B Meet|2:47.16|521
48|Morin, Marie-Jeanne|16|2002|UL|Québec|2019-06-28|Championnat provincial groupe d'âge AA d'été - section Est|2:47.39|519
49|Penner, Hailey|16|2002|DELTA|British Columbia|2018-12-16|Rapids Fast-Swim Classic|2:47.63|517
50|Smith, Grace|16|2002|GDSC|Nova Scotia|2018-12-14|Age Group Development Meet|2:47.79|515