RANK|AGES|CLUB|TEAM|PROVINCE|DATE|MEET|TIME|FINA
1|16 - 16|Cascade Swim Club|CASC B|Alberta|2018-10-28|Rocky Mountain Cup|1:53.94|744
2|16 - 16|Edmonton Keyano Swim Club|EKSC A|Alberta|2018-10-26|Cascade Speed Meet|1:55.76|709
3|16 - 16|Island Swimming Club|ISC B|British Columbia|2018-11-10|ISC 2018 Bennett Cup|1:58.64|659
4|16 - 16|Comox Valley Aquatic Club|COMOXA|British Columbia|2018-11-11|ISC 2018 Bennett Cup|1:59.60|643
5|16 - 16|Edmonton Keyano Swim Club|EKSC B|Alberta|2018-10-26|Cascade Speed Meet|2:00.28|632
6|16 - 16|Windsor Aquatic Club|WAC A|Ontario|2018-11-11|2018 Age Group International SC|2:03.88|579
7|16 - 16|Newmarket Stingrays Swim Club|NEW A|Ontario|2018-11-04|Newmarket Stingrays Fall Invitational|2:08.29|521
8|16 - 16|Nose Creek Swim Association|NCSA B|Alberta|2019-02-09|NCSA John Timmermans Memorial Invitational 2019|2:08.72|516
9|16 - 16|Mégophias de Trois-Rivières|MEGO B|Québec|2018-11-09|Festival provincial par équipe section 2|2:08.74|516
10|16 - 16|Brandon Bluefins Swim Club|BBSC A|Manitoba|2019-06-09|Manitoba Open Junior Provincials|2:09.13|511
11|16 - 16|Natation Edmundston Swimming|NES A|New Brunswick|2018-11-17|BLAST INVITATIONAL|2:09.19|510
12|16 - 16|Tyee Aquatic Club|TYEE A|British Columbia|2019-01-25|Vancouver Island Regional SC Championships|2:09.44|507
13|16 - 16|Glencoe Gators Swim Club|GLEN A|Alberta|2018-12-16|Age Group Food Bank Challenge|2:09.56|506
14|16 - 16|Granite Gators|GGST B|Ontario|2018-12-07|Gatineau Grand Prix|2:11.11|488
15|16 - 16|Sault Surge Aquatic Team|NEOR B|Ontario|2018-10-28|2018 LU Varsity Invitational|2:12.52|473
16|16 - 16|Charlottetown Bluephins Aquatic Club|CBAC A|Prince-Edward-Island|2018-11-17|2018 Fall Splash Invitational|2:13.52|462
17|16 - 16|The Dorado Stars Swim Club|STARSA|Ontario|2018-11-30|2018 Union Cup|2:13.93|458
18|16 - 16|Sault Surge Aquatic Team|SSAT B|Ontario|2018-11-10|2018 Sault Surge Pentathlon|2:14.42|453
19|16 - 16|Kelowna Aquajets|KAJ B|British Columbia|2018-11-18|2018 KAJ Fall Classic|2:15.40|443
20|16 - 16|Okotoks Mavericks Swim Club|MAVS B|Alberta|2018-12-16|Age Group Food Bank Challenge|2:15.76|440
21|16 - 16|Strathmore Silver Sharks|STRATC|Alberta|2019-02-03|Maverick Madness 2019|2:16.67|431
22|16 - 16|Kelowna Aquajets|KAJ C|British Columbia|2018-11-18|2018 KAJ Fall Classic|2:17.26|425
23|16 - 16|Ernestown Barracuda Swim Club|EBSC B|Ontario|2018-11-04|EBSC Fall Invitational Swim Meet|2:17.69|421
24|16 - 16|Halifax Trojan Aquatic Club|HTAC B|Nova Scotia|2019-06-09|AA Spring Champs|2:19.27|407
25|16 - 16|Manitoba Marlins|MM A|Manitoba|2019-06-09|Manitoba Open Junior Provincials|2:20.36|398
26|16 - 16|Kirkland Lake Aquatic Club|KLAC A|Ontario|2018-11-04|6th Annual Mile of Gold Invitational|2:28.72|334
27|16 - 16|Kitimat Marlins|KMSC A|British Columbia|2019-01-27|Rio Tinto Northern Lights|2:30.15|325
28|16 - 16|Dartmouth Crusaders Swim Club|DCSC A|Nova Scotia|2019-02-17|AA Winter Champs|2:35.14|294
29|16 - 16|Surrey Knights Swim Club|SKSC A|British Columbia|2018-10-13|SFU-SFA LMR Swim Meet|2:35.26|294
30|16 - 16|Equipe Natation Sturgeon Falls Swim Team|ENSFSA|Ontario|2018-11-10|2018 Sault Surge Pentathlon|2:38.44|276
31|16 - 16|Penguin Swimming|PENGUB|Alberta|2019-04-06|Fast Eddie's Sprint Invitational|2:38.47|276
32|16 - 16|Club De Natation Bleu Et Or|CNBO A|New Brunswick|2019-01-26|Premier #3 CNBO Moncton|2:38.85|274
33|16 - 16|Grande Cache Otters Swim Club|GCO D|Alberta|2019-02-16|Grande Cache Otters 45th Annual Mountain Meet 2019|2:41.50|261
34|16 - 16|Truro Centurions Swim Club|TCSC A|Nova Scotia|2019-06-09|AA Spring Champs|2:46.77|237
35|16 - 16|Acton Aqua Ducks|AAD A|Ontario|2019-06-23|Collingwood Invitational 2019|2:47.50|234
36|16 - 16|Les Espadons|LES A|New Brunswick|2018-12-01|Premier #2 Tracadie|3:01.34|184