RANK|ATHLETES|AGE|YOB|CLUB|PROVINCE|DATE|MEET|TIME|FINA
1|Mccann, Pilar|16|2002|EKSC|Alberta|2018-12-15|JP Fiset Invitational|32.39|691
2|Wiseman, Avery|16|2002|OSC|Alberta|2018-12-07|16th Annual XMAS Cracker Invitational|32.46|686
3|Deering, Megan|16|2001|MAVS|Alberta|2018-10-28|Rocky Mountain Cup|32.75|668
3|Spence, Emma|16|2002|ROD|Saskatchewan|2018-12-15|ManSask Championships Short Course Open Championships|32.75|668
5|Branton, Shona|16|2002|SR|Ontario|2018-12-09|Border City Invitational|32.97|655
6|McQuaid, Alexa|16|2002|CBAC|Prince-Edward-Island|2018-12-16|Ontario Junior International|32.99|654
7|Tan, Christina|16|2002|RAPID|British Columbia|2018-12-16|Ontario Junior International|33.15|644
8|chui, Kimberly|16|2001|APEX|Ontario|2018-10-12|MAC Fall Fest Invitational|33.24|639
9|Banton, Paige|16|2002|SSAT|Ontario|2018-11-10|2018 Age Group International SC|33.30|636
10|Gaudette, Sheigh Ann|16|2002|SPART|British Columbia|2018-12-16|Ontario Junior International|33.49|625
11|Starzomski, Olivia|16|2002|SSAT|Ontario|2018-12-16|Ontario Junior International|33.61|618
12|Roth, Isabelle|16|2002|CASC|Alberta|2018-12-16|Ontario Junior International|33.80|608
13|Herbert, Bailey|16|2002|LOSC|British Columbia|2019-06-15|June 2019 Time Trial|33.99|598
14|Ling, Elizabeth|16|2002|UCSC|Alberta|2018-12-16|Ontario Junior International|34.02|596
15|TREMBLAY, Sandy|16|2002|CNM|Québec|2019-06-08|Finale régionale|34.04|595
16|Goldring, Allyson|16|2002|MUSAC|Ontario|2018-12-16|Ontario Junior International|34.09|592
17|Rincon, Laura|16|2002|UVPCS|British Columbia|2019-08-04|Mid-Summer Madness|34.23|585
18|Harper, Elizabeth|16|2002|CASC|Alberta|2018-12-16|Ontario Junior International|34.25|584
19|Carruthers, Caroline|16|2001|ESWIM|Ontario|2018-10-14|2018 Hall of Fame Meet|34.28|583
20|Ricketts, Emily|16|2002|SJL|Newfoundland|2019-06-09|2019 Summer Classic Invitational|34.38|578
21|Bennett, Hannah|16|2002|UCSC|Alberta|2019-02-01|UCSC Grand Prix|34.42|576
22|Grenier-Morin, Élodie|16|2002|CAMO|Québec|2018-11-02|Festival provincial par équipe section 1|34.43|575
23|Roy, Justine|16|2002|CNSH|Québec|2018-12-16|Ontario Junior International|34.44|575
24|Kerr, Ella|16|2002|NYAC|Ontario|2018-12-16|Ontario Junior International|34.48|573
25|Diamond, Natalia|16|2001|DUCKS|Ontario|2018-11-10|2018 Age Group International SC|34.52|571
26|Dolanjski, Mya|16|2002|TMSC|Ontario|2018-12-07|Gatineau Grand Prix|34.63|565
27|Du, Kayla|16|2002|OTTSC|Ontario|2019-02-01|2019 Eastern Ontario Regional Championships (SC/LC)|34.64|565
28|Kleinknecht, Ella|16|2002|CW|Ontario|2018-12-07|Invitation Provinciale AA-AAA Pointe-Claire 2018|34.65|564
29|Mccallum, Amanda|16|2002|RAPID|British Columbia|2018-11-11|ISC 2018 Bennett Cup|34.66|564
29|Lemonnier, Lydia|16|2002|ELITE|Québec|2018-12-14|Invitation Provinciale des fêtes avec épreuves Ho! Ho! Eau Libre|34.66|564
31|Peters, Claire|16|2002|TYEE|British Columbia|2018-12-07|16th Annual XMAS Cracker Invitational|34.67|563
32|Manzella, Bridget|16|2002|MSSAC|Ontario|2018-12-08|Dash for Cash|34.70|562
33|Lam, Rachel|16|2002|CVAC|New Brunswick|2019-02-03|NB Open Cup - Coupe NB|34.73|560
34|Sostar, Abby|16|2002|OTTER|Ontario|2018-12-16|Ontario Junior International|34.78|558
35|Barnes, Madysen|16|2002|UMAN|Manitoba|2018-12-15|ManSask Championships Short Course Open Championships|34.84|555
35|Finkelstein, Lucy|16|2002|MS|Ontario|2019-02-02|2019 Western Region SC Champs|34.84|555
37|Muth, Alisha|16|2002|UMAN|Manitoba|2018-12-15|ManSask Championships Short Course Open Championships|34.86|554
38|Myburgh, Emma|16|2002|ISC|British Columbia|2018-12-16|Ontario Junior International|34.88|553
39|Eusanio, Lauren|16|2002|TRIT|Alberta|2018-12-15|JP Fiset Invitational|34.89|553
39|Lavoie, Veronique|16|2002|LMRL|Québec|2018-11-09|Festival provincial par équipe section 2|34.89|553
39|Davies, Morgan|16|2002|KBM|Ontario|2019-01-19|Winter Invitational|34.89|553
42|allaire, ashley|16|2003|BBST|Ontario|2019-05-15|BYST In House Competition|34.90|552
43|Vial, Ava|16|2002|WTSC|Nova Scotia|2018-12-16|Age Group Development Meet|34.98|548
44|Rusen, Karina|16|2002|RHAC|Ontario|2018-11-10|2018 Age Group International SC|35.04|546
45|Benn, Acacia|16|2002|KISU|British Columbia|2018-12-14|26th Annual MJB Law Classic SCM|35.06|545
46|Teno, Abigail|16|2003|NORAC|Ontario|2019-04-28|2019 Ontario Team Challenge|35.10|543
47|Archibald, Katherine|16|2002|TCSC|Nova Scotia|2019-02-17|AA Winter Champs|35.13|541
48|Chiang, Shiho|16|2002|ISC|British Columbia|2019-01-27|Vancouver Island Regional SC Championships|35.24|536
49|Stoica, Maria|16|2003|TSC|Ontario|2019-01-19|Winter Invitational|35.26|535
50|Mahdid, Sabrina|16|2002|CAMO|Québec|2018-11-02|Festival provincial par équipe section 1|35.27|535