RANK|ATHLETES|AGE|YOB|CLUB|PROVINCE|DATE|MEET|TIME|FINA
1|Archer, Madison|16|2002|NKB|Ontario|2018-12-14|Ontario Junior International|17:15.29|701
2|Datars, Mahaylia|16|2002|STARS|Ontario|2018-12-14|Ontario Junior International|17:19.48|692
3|Froh, Zoe|16|2002|SKSC|British Columbia|2018-12-14|Ontario Junior International|17:24.96|681
4|Mountford, Hanna|16|2002|HTAC|Nova Scotia|2018-12-16|Age Group Development Meet|17:33.66|665
5|Osborne, Emiko|16|2002|ISC|British Columbia|2018-12-07|16th Annual XMAS Cracker Invitational|17:37.71|657
6|Lopes, Leticia|16|2002|ESWIM|Ontario|2018-12-20|2018 Trillium Cup|17:38.22|656
7|Ashley, Drew|16|2002|MAC|Ontario|2018-12-09|Gatineau Grand Prix|17:49.92|635
8|Dean, Rebecca|16|2002|ROD|Saskatchewan|2018-12-13|ManSask Championships Short Course Open Championships|17:50.48|634
9|Anderson, Erin|16|2001|GHAC|Ontario|2018-12-07|Border City Invitational|17:51.80|631
10|Gao, Carleen|16|2002|HYACK|British Columbia|2018-11-10|2018 Brad Reid Memorial Invitational|17:56.46|623
11|Hebert, Taylor|16|2002|ROD|Saskatchewan|2018-12-13|ManSask Championships Short Course Open Championships|17:59.72|618
12|Carnegie, Elyse|16|2002|GHAC|Ontario|2018-11-04|NYAC Cup|18:00.09|617
13|Davies, Daniela|16|2002|EKSC|Alberta|2018-12-07|16th Annual XMAS Cracker Invitational|18:03.99|610
14|Duclos, Michi|16|2002|VPSC|British Columbia|2018-11-10|ISC 2018 Bennett Cup|18:05.20|608
15|Lorenson, Grace|16|2002|CHENA|British Columbia|2019-01-27|Chena Distance Meet 2019|18:06.10|607
16|Bergeron, Frédérique|16|2002|RL|Québec|2018-11-30|Invitation provinciale 2018|18:06.57|606
17|Nichols, Abbey|16|2002|UCRO|Ontario|2018-12-09|Gatineau Grand Prix|18:13.89|594
18|Coghill, Kianna|16|2002|ROD|Saskatchewan|2018-12-13|ManSask Championships Short Course Open Championships|18:20.98|582
19|Block, Kate|16|2002|VPSC|British Columbia|2018-11-10|ISC 2018 Bennett Cup|18:21.72|581
20|Wiseman, Avery|16|2002|OSC|Alberta|2019-01-18|Blue Bears 2019|18:24.79|576
21|McColl, Casey|16|2002|NEW|Ontario|2019-02-07|Central Region B Champs 2019|18:25.83|575
22|Dolanjski, Mya|16|2002|TMSC|Ontario|2019-02-01|Dave Kensit Memorial SC Championship|18:31.19|567
23|Shewchuk, Jewel|16|2002|OSC|Alberta|2019-01-18|Blue Bears 2019|18:33.51|563
24|Smith, Emily|16|2002|MMST|Ontario|2018-11-23|BYST Fall Invitational|18:39.09|555
25|Brennan, Paje|16|2002|BROCK|Ontario|2019-01-31|2019 Western Region SC Champs|18:40.18|553
26|Nelson, Ashley|16|2002|GOLD|Saskatchewan|2018-12-13|ManSask Championships Short Course Open Championships|18:40.28|553
27|Burwell, Maclaren|16|2002|GOLD|Saskatchewan|2018-12-13|ManSask Championships Short Course Open Championships|18:41.63|551
28|Bieri, Heidi|16|2003|NG|Québec|2019-06-30|Championnat provincial groupe d'âge AA d'été - Ouest|18:41.75|551
29|Colyer, Ava|16|2002|HAC|Ontario|2019-01-11|2019 Etobicoke A-B Meet|18:42.50|550
30|Côté, Mariane|16|2001|UL|Québec|2018-12-04|800-1500 UL|18:44.82|546
31|Greaves, Elizabeth|16|2002|PERTH|Ontario|2019-01-05|Perth Stingrays Mike Brown Meet|18:46.96|543
32|Campbell, Megan|16|2002|DCSC|Nova Scotia|2018-12-16|Age Group Development Meet|18:47.61|542
33|Perreault, Andréa|16|2002|CNQ|Québec|2019-06-30|Championnat provincial groupe d'âge AA d'été - section Est|18:52.83|535
34|Laneuville, Fanny|16|2002|ELITE|Québec|2018-12-16|Invitation Provinciale des fêtes avec épreuves Ho! Ho! Eau Libre|18:53.24|534
35|Cooke, Kendrick|16|2002|GSH|Ontario|2018-12-09|Gatineau Grand Prix|18:53.71|533
36|Rodgers, Jordan|16|2002|ROD|Saskatchewan|2018-12-13|ManSask Championships Short Course Open Championships|18:57.12|529
37|Eusanio, Lauren|16|2002|TRIT|Alberta|2019-01-18|Blue Bears 2019|18:57.84|528
38|Hébert, Marie-Ange|16|2002|HIPPO|Québec|2018-12-16|Invitation Provinciale des fêtes avec épreuves Ho! Ho! Eau Libre|18:58.66|526
39|Luoma, Jesse|16|2002|SLSC|Ontario|2019-02-01|Dave Kensit Memorial SC Championship|19:02.59|521
40|Mongrain, Juliette|16|2002|MEGO|Québec|2019-06-30|Championnat provincial groupe d'âge AA d'été - section Est|19:05.91|517
41|Barkhuis, Kirstin|16|2002|BLUE|Québec|2018-12-16|Invitation Provinciale des fêtes avec épreuves Ho! Ho! Eau Libre|19:13.19|507
42|Reiber, Jade|16|2002|GOLD|Saskatchewan|2018-12-13|ManSask Championships Short Course Open Championships|19:13.28|507
43|Simpson, Grace|16|2002|LSC|Ontario|2019-04-26|2019 Ontario Team Challenge|19:15.00|504
44|McDowell, Victoria|16|2002|BBST|Ontario|2019-01-13|2019 Bayside Maxillofacial Oral Surgery Centre Winter Invitational|19:22.34|495
45|Sperling, Anja|16|2002|HIPPO|Québec|2018-12-16|Invitation Provinciale des fêtes avec épreuves Ho! Ho! Eau Libre|19:22.74|494
46|Sears, Eden|16|2002|HTAC|Nova Scotia|2018-12-01|Age Group Development Meet Fall Series #3|19:23.69|493
47|Penner, Hailey|16|2002|DELTA|British Columbia|2019-04-13|2019 Spartan 11 and Under and LMR Distance|19:27.02|489
48|Sanderson, Lily|16|2002|MANTA|Manitoba|2018-11-15|November 15 2018 Time Trial|19:27.40|488
49|Neal, Emma Jean|16|2002|SFA|British Columbia|2019-07-28|SKSC Summer Fest|19:27.95|488
50|Banton, Paige|16|2002|SSAT|Ontario|2018-10-28|2018 LU Varsity Invitational|19:31.22|484