RANK|ATHLETES|AGE|YOB|CLUB|PROVINCE|DATE|MEET|TIME|FINA
1|Lau, Octavia|16|2001|HYACK|British Columbia|2018-11-11|2018 Brad Reid Memorial Invitational|4:15.68|771
2|Switzer, Brooke|16|2001|MAC|Ontario|2018-11-03|NYAC Cup|4:15.69|771
3|Carruthers, Caroline|16|2001|ESWIM|Ontario|2018-12-21|2018 Trillium Cup|4:21.81|718
4|Zahab, Mia|16|2001|NKB|Ontario|2018-12-15|Ontario Junior International|4:22.40|713
5|Mccallum, Amanda|16|2002|RAPID|British Columbia|2018-11-03|Odlum Brown Colleges Cup Pacific Hosted by UBC|4:22.44|713
6|Archer, Madison|16|2002|NKB|Ontario|2019-02-01|2019 Eastern Ontario Regional Championships (SC/LC)|4:22.89|709
7|Hage, Dounia|16|2001|CAMO|Québec|2018-11-02|Festival provincial par équipe section 1|4:23.74|703
8|Datars, Mahaylia|16|2002|STARS|Ontario|2018-12-15|Ontario Junior International|4:23.95|701
9|Meklensek, Tori|16|2002|CW|Ontario|2018-12-08|Invitation Provinciale AA-AAA Pointe-Claire 2018|4:24.47|697
10|Wiseman, Avery|16|2002|OSC|Alberta|2018-10-27|Cascade Speed Meet|4:25.19|691
11|Bennett, Hannah|16|2002|UCSC|Alberta|2018-11-24|UCSC TT|4:26.30|683
12|Willar, Lora|16|2002|PCSC|Québec|2018-12-08|Invitation Provinciale AA-AAA Pointe-Claire 2018|4:26.42|682
13|Vézina, Florence|16|2002|ELITE|Québec|2018-12-08|Invitation Provinciale AA-AAA Pointe-Claire 2018|4:26.58|680
14|Cornish, Hannah|16|2003|USC|Ontario|2019-04-28|2019 Ontario Team Challenge|4:27.44|674
15|Klenk, Haley|16|2002|SPART|British Columbia|2018-11-03|Odlum Brown Colleges Cup Pacific Hosted by UBC|4:27.56|673
16|Froh, Zoe|16|2002|SKSC|British Columbia|2018-11-11|2018 Brad Reid Memorial Invitational|4:27.59|673
17|Herbert, Bailey|16|2002|LOSC|British Columbia|2019-01-20|Canadian Dolphin New Years Invitational 2019|4:27.69|672
18|Anderson, Erin|16|2001|GHAC|Ontario|2018-12-09|Border City Invitational|4:28.09|669
19|Zastre, Samantha|16|2002|WVOSC|British Columbia|2018-12-14|ManSask Championships Short Course Open Championships|4:28.23|668
20|Field, Josie|16|2001|LOSC|British Columbia|2018-11-04|LOSC 12th Annual Short Course Invitational|4:28.46|666
21|Gao, Carleen|16|2002|HYACK|British Columbia|2019-01-12|2019 Hyack Icebreaker Classic|4:28.53|666
22|Dean, Rebecca|16|2002|ROD|Saskatchewan|2018-12-14|ManSask Championships Short Course Open Championships|4:28.66|665
23|Bellio, Vanessa|16|2002|ESWIM|Ontario|2019-01-12|2019 Etobicoke A-B Meet|4:29.08|662
24|Shuster, Morgane|16|2002|OAK|Ontario|2018-12-15|Ontario Junior International|4:29.13|661
25|Dahmen, Jeanne|16|2002|PCSC|Québec|2018-12-08|Invitation Provinciale AA-AAA Pointe-Claire 2018|4:29.14|661
26|Osborne, Emiko|16|2002|ISC|British Columbia|2018-12-08|16th Annual XMAS Cracker Invitational|4:29.58|658
27|Moffitt, Abigail|16|2002|NKB|Ontario|2019-02-01|2019 Eastern Ontario Regional Championships (SC/LC)|4:29.95|655
28|Carnegie, Elyse|16|2002|GHAC|Ontario|2018-11-03|NYAC Cup|4:30.74|649
29|Robertson, Sophia|16|2003|EKSC|Alberta|2019-01-19|Blue Bears 2019|4:31.24|646
30|Duclos, Michi|16|2002|VPSC|British Columbia|2018-12-16|JP Fiset Invitational|4:31.53|644
31|Puhalski, Lindsay|16|2002|TBT|Ontario|2018-12-01|Northwest Narwhal's Massaro Construction LTD Invitational|4:31.97|641
32|Lopes, Leticia|16|2002|ESWIM|Ontario|2018-12-15|Ontario Junior International|4:32.48|637
33|Sutton, Emma|16|2002|CASC|Alberta|2018-12-16|JP Fiset Invitational|4:32.58|636
34|Wang, Yinuo|16|2002|UCSC|Alberta|2018-12-08|Youth Cup|4:33.13|633
35|Sostar, Abby|16|2002|OTTER|Ontario|2018-11-10|42nd Cindy Nicholas Invitational|4:33.23|632
36|Skuse, Jasmine|16|2002|PSW|British Columbia|2018-11-11|2018 Brad Reid Memorial Invitational|4:33.74|628
37|Bhambra, Dilpreet|16|2002|COBRA|Ontario|2018-12-02|Neptune International (CSPO 25m)|4:34.00|627
38|Lloyd, Jordan|16|2002|NYAC|Ontario|2018-12-08|Youth Cup|4:34.04|626
39|Greaves, Elizabeth|16|2002|PERTH|Ontario|2018-12-08|Gatineau Grand Prix|4:34.05|626
40|Weare, Sydney|16|2001|OTTSC|Ontario|2018-11-03|NYAC Cup|4:34.25|625
41|Ferguson, Alexia|16|2002|PCSC|Québec|2018-11-02|Festival provincial par équipe section 1|4:34.71|622
42|Mastroianni, Isabella|16|2002|SLSC|Ontario|2019-02-03|Dave Kensit Memorial SC Championship|4:34.91|620
43|Chubaty, Lily|16|2002|KBM|Ontario|2018-12-01|Distance and Development Challenge|4:35.13|619
44|Mountford, Hanna|16|2002|HTAC|Nova Scotia|2018-12-15|Age Group Development Meet|4:35.17|619
45|Keyworth, Laura|16|2002|GGST|Ontario|2018-12-08|Gatineau Grand Prix|4:35.36|617
46|McMurray, Cailin|16|2002|CSLA|Québec|2018-11-09|Festival provincial par équipe section 2|4:35.69|615
47|Whitmore, Cassidy|16|2002|NEW|Ontario|2018-12-09|Border City Invitational|4:35.77|615
48|Peck, Andrea|16|2002|NG|Québec|2018-12-08|Gatineau Grand Prix|4:35.84|614
49|Sekaric, Isidora|16|2002|WAC|Ontario|2018-11-11|2018 Age Group International SC|4:35.92|614
50|Lorenson, Grace|16|2002|CHENA|British Columbia|2018-12-14|Rapids Fast-Swim Classic|4:36.15|612