RANK|ATHLETES|AGE|YOB|CLUB|PROVINCE|DATE|MEET|TIME|FINA
1|Hannah, Jade|16|2002|ISC|British Columbia|2018-12-09|16th Annual XMAS Cracker Invitational|59.60|769
2|Carruthers, Caroline|16|2001|ESWIM|Ontario|2018-12-14|Ontario Junior International|1:00.24|745
3|Willar, Lora|16|2002|PCSC|Québec|2018-12-14|Ontario Junior International|1:00.87|722
4|Dahmen, Jeanne|16|2002|PCSC|Québec|2018-12-07|Invitation Provinciale AA-AAA Pointe-Claire 2018|1:01.05|715
5|Brodie-Foy, Honor|16|2002|TSC|Ontario|2018-12-14|Ontario Junior International|1:01.08|714
6|Wright, Lauren|16|2002|ESWIM|Ontario|2018-12-14|Ontario Junior International|1:01.26|708
7|Lau, Octavia|16|2001|HYACK|British Columbia|2018-11-04|Odlum Brown Colleges Cup Pacific Hosted by UBC|1:01.92|685
8|McMurray, Cailin|16|2002|CSLA|Québec|2018-12-07|Invitation provinciale des fêtes CSLA|1:02.33|672
9|Zahab, Mia|16|2001|NKB|Ontario|2018-12-14|Ontario Junior International|1:02.85|655
10|Koopmans, Sarah|16|2002|KCS|British Columbia|2018-12-16|26th Annual MJB Law Classic SCM|1:02.87|655
11|Turvey, Alexandra|16|2002|VPSC|British Columbia|2018-12-15|JP Fiset Invitational|1:02.93|653
12|Nguyen, Tram|16|2002|NKB|Ontario|2019-02-02|2019 Eastern Ontario Regional Championships (SC/LC)|1:03.11|647
13|Herbert, Bailey|16|2002|LOSC|British Columbia|2019-01-20|Canadian Dolphin New Years Invitational 2019|1:03.43|638
14|Bennett, Hannah|16|2002|UCSC|Alberta|2018-10-26|Cascade Speed Meet|1:03.57|633
15|Vézina, Florence|16|2002|ELITE|Québec|2018-12-14|Ontario Junior International|1:03.61|632
16|Hardman, Taylor|16|2002|UMAN|Manitoba|2018-12-14|ManSask Championships Short Course Open Championships|1:03.66|631
17|Barnes, Madysen|16|2002|UMAN|Manitoba|2018-12-14|ManSask Championships Short Course Open Championships|1:03.99|621
17|Field, Josie|16|2001|LOSC|British Columbia|2018-10-20|2018 OCTOBER SENIOR CIRCUIT|1:03.99|621
19|Smith, Emily|16|2002|MMST|Ontario|2018-12-14|Ontario Junior International|1:04.00|621
20|Wiseman, Avery|16|2002|OSC|Alberta|2018-12-15|JP Fiset Invitational|1:04.03|620
21|Burwell, Maclaren|16|2002|GOLD|Saskatchewan|2018-12-14|ManSask Championships Short Course Open Championships|1:04.08|618
22|Metuzals, Kali|16|2003|GO|Ontario|2019-02-02|2019 Eastern Ontario Regional Championships (SC/LC)|1:04.10|618
23|Tucker, Logan|16|2001|OTTER|Ontario|2018-12-14|Ontario Junior International|1:04.27|613
24|Dean, Rebecca|16|2002|ROD|Saskatchewan|2018-12-14|ManSask Championships Short Course Open Championships|1:04.31|612
25|Carnegie, Elyse|16|2002|GHAC|Ontario|2018-12-09|Border City Invitational|1:04.44|608
26|Mccallum, Amanda|16|2002|RAPID|British Columbia|2019-07-28|SKSC Summer Fest|1:04.72|600
27|Switzer, Brooke|16|2001|MAC|Ontario|2018-11-04|NYAC Cup|1:05.03|592
28|Teno, Abigail|16|2003|NORAC|Ontario|2019-04-26|2019 Ontario Team Challenge|1:05.09|590
29|Siciliani, Alexandra|16|2002|BBF|Québec|2018-12-07|Invitation Provinciale AA-AAA Pointe-Claire 2018|1:05.24|586
30|Nelson, Kyla|16|2002|EKSC|Alberta|2018-10-27|Rocky Mountain Cup|1:05.30|584
30|Streppel, Josephine|16|2003|CAJ|Ontario|2019-03-03|Wilmot Aces Team Challenge Cup|1:05.30|584
32|Fillion, Kelsey|16|2002|VKSC|British Columbia|2018-12-16|26th Annual MJB Law Classic SCM|1:05.33|584
33|Vial, Ava|16|2002|WTSC|Nova Scotia|2018-12-15|Age Group Development Meet|1:05.38|582
34|Hamilton, Kassidy|16|2002|FAST|New Brunswick|2019-02-03|NB Open Cup - Coupe NB|1:05.40|582
35|Skuse, Jasmine|16|2002|PSW|British Columbia|2018-12-16|Rapids Fast-Swim Classic|1:05.46|580
36|Colyer, Ava|16|2002|HAC|Ontario|2018-12-14|Ontario Junior International|1:05.51|579
37|Chubaty, Lily|16|2002|KBM|Ontario|2018-12-08|Gatineau Grand Prix|1:05.56|577
38|Klenk, Haley|16|2002|SPART|British Columbia|2018-11-11|2018 Brad Reid Memorial Invitational|1:05.61|576
39|Sum, Kylie|16|2002|WSSC|Ontario|2018-11-24|Alex Baumann Invitational|1:05.63|576
40|Striepling, Elisabeth|16|2002|CHENA|British Columbia|2018-11-11|2018 Brad Reid Memorial Invitational|1:05.66|575
41|Mccann, Pilar|16|2002|EKSC|Alberta|2018-12-15|JP Fiset Invitational|1:05.70|574
42|Valeva, Mareya|16|2002|ISC|British Columbia|2019-01-27|Vancouver Island Regional SC Championships|1:05.79|571
43|Meklensek, Tori|16|2002|CW|Ontario|2018-10-13|2018 Hall of Fame Meet|1:05.86|570
44|Eckstein, Christianna|16|2002|NCSA|Alberta|2018-12-14|ManSask Championships Short Course Open Championships|1:05.99|566
45|McQuaid, Alexa|16|2002|CBAC|Prince-Edward-Island|2018-12-07|Invitation Provinciale AA-AAA Pointe-Claire 2018|1:06.00|566
46|Penner, Hailey|16|2002|DELTA|British Columbia|2018-12-16|Rapids Fast-Swim Classic|1:06.05|565
46|Lloyd, Jordan|16|2002|NYAC|Ontario|2018-12-08|Youth Cup|1:06.05|565
48|Lamy, Anna-Rose|16|2003|CNQ|Québec|2019-05-04|Invitation du Printemps|1:06.07|564
49|Bellio, Vanessa|16|2002|ESWIM|Ontario|2018-12-22|2018 Trillium Cup|1:06.09|564
50|Wang, Yinuo|16|2002|UCSC|Alberta|2018-12-08|Youth Cup|1:06.20|561