RANK|ATHLETES|AGE|YOB|CLUB|PROVINCE|DATE|MEET|TIME|FINA
1|Willar, Lora|16|2002|PCSC|Québec|2018-12-15|Ontario Junior International|2:13.01|727
2|Herbert, Bailey|16|2002|LOSC|British Columbia|2018-12-08|16th Annual XMAS Cracker Invitational|2:13.70|715
3|Zahab, Mia|16|2001|NKB|Ontario|2018-12-15|Ontario Junior International|2:14.37|705
4|Carruthers, Caroline|16|2001|ESWIM|Ontario|2018-11-09|2018 Age Group International SC|2:14.95|696
5|Dahmen, Jeanne|16|2002|PCSC|Québec|2018-12-15|Ontario Junior International|2:15.34|690
6|Vézina, Florence|16|2002|ELITE|Québec|2018-12-15|Ontario Junior International|2:15.50|687
7|Wiseman, Avery|16|2002|OSC|Alberta|2018-12-14|JP Fiset Invitational|2:17.46|658
8|Carnegie, Elyse|16|2002|GHAC|Ontario|2018-11-03|NYAC Cup|2:17.57|657
9|Brodie-Foy, Honor|16|2002|TSC|Ontario|2018-11-03|NYAC Cup|2:17.80|653
10|Field, Josie|16|2001|LOSC|British Columbia|2018-11-03|LOSC 12th Annual Short Course Invitational|2:18.09|649
11|Burwell, Maclaren|16|2002|GOLD|Saskatchewan|2018-12-15|ManSask Championships Short Course Open Championships|2:21.12|608
12|Dean, Rebecca|16|2002|ROD|Saskatchewan|2018-12-15|ManSask Championships Short Course Open Championships|2:21.20|607
13|McMurray, Cailin|16|2002|CSLA|Québec|2018-11-09|Festival provincial par équipe section 2|2:21.23|607
14|Froh, Zoe|16|2002|SKSC|British Columbia|2018-12-15|Ontario Junior International|2:22.30|593
15|Puhalski, Lindsay|16|2002|TBT|Ontario|2018-11-03|NYAC Cup|2:22.33|593
16|Nguyen, Tram|16|2002|NKB|Ontario|2019-02-03|2019 Eastern Ontario Regional Championships (SC/LC)|2:22.44|592
17|Siciliani, Alexandra|16|2002|BBF|Québec|2018-12-09|Invitation Provinciale AA-AAA Pointe-Claire 2018|2:22.92|586
18|Turvey, Alexandra|16|2002|VPSC|British Columbia|2018-12-14|JP Fiset Invitational|2:22.94|585
19|Mccallum, Amanda|16|2002|RAPID|British Columbia|2018-11-10|ISC 2018 Bennett Cup|2:23.25|582
20|Penner, Hailey|16|2002|DELTA|British Columbia|2018-12-14|Rapids Fast-Swim Classic|2:23.93|573
21|Tucker, Logan|16|2001|OTTER|Ontario|2018-12-15|Ontario Junior International|2:24.10|571
22|O'Connor, Tatum|16|2002|GHAC|Ontario|2019-02-02|2019 Western Region SC Champs|2:24.33|569
23|McColl, Casey|16|2002|NEW|Ontario|2018-12-08|Border City Invitational|2:24.53|566
24|Lopes, Leticia|16|2002|ESWIM|Ontario|2018-12-21|2018 Trillium Cup|2:24.58|566
25|Nelson, Kyla|16|2002|EKSC|Alberta|2019-01-19|Blue Bears 2019|2:24.95|561
26|Hill, Molly|16|2001|KAJ|British Columbia|2018-11-17|2018 KAJ Fall Classic|2:25.14|559
27|Vial, Ava|16|2002|WTSC|Nova Scotia|2018-12-14|Age Group Development Meet|2:25.68|553
28|Bennett, Hannah|16|2002|UCSC|Alberta|2019-02-01|UCSC Grand Prix|2:25.69|553
29|Polito, Leah|16|2002|LAC|Ontario|2019-02-02|2019 Western Region SC Champs|2:25.73|552
30|Shuster, Morgane|16|2002|OAK|Ontario|2018-12-09|Youth Cup|2:25.93|550
31|Wang, Yinuo|16|2002|UCSC|Alberta|2018-12-09|Youth Cup|2:26.06|549
32|Metuzals, Kali|16|2003|GO|Ontario|2019-02-03|2019 Eastern Ontario Regional Championships (SC/LC)|2:26.86|540
33|Fogarty, Molly|16|2001|CSSSC|British Columbia|2018-10-13|KISU Triple Pentathlon 2018|2:27.06|538
34|Archer, Madison|16|2002|NKB|Ontario|2018-11-09|2018 Age Group International SC|2:27.47|533
35|Winokur, Sydney|16|2001|NYAC|Ontario|2018-11-03|NYAC Cup|2:27.78|530
36|Merklein, Emilie|16|2002|DDO|Québec|2018-12-02|Neptune International (CSPO 25m)|2:28.33|524
37|Eivers, Gabrielle|16|2002|BRANT|Ontario|2018-12-15|Team Showdown 2018|2:28.70|520
38|Morin, Marie-Jeanne|16|2002|UL|Québec|2019-06-30|Championnat provincial groupe d'âge AA d'été - section Est|2:29.03|516
39|Sum, Kylie|16|2002|WSSC|Ontario|2019-03-03|Steve Kingston Memorial Swim Meet|2:29.06|516
40|Lambert, Tatum|16|2002|SEALS|Manitoba|2018-12-15|ManSask Championships Short Course Open Championships|2:29.09|516
41|Hébert, Marie-Ange|16|2002|HIPPO|Québec|2018-12-15|Invitation Provinciale des fêtes avec épreuves Ho! Ho! Eau Libre|2:29.26|514
42|Bewsher, Sydney|16|2002|HWAC|Nova Scotia|2018-12-14|Age Group Development Meet|2:29.35|513
43|Skuse, Jasmine|16|2002|PSW|British Columbia|2018-11-09|2018 Brad Reid Memorial Invitational|2:29.40|513
44|Valeva, Mareya|16|2002|ISC|British Columbia|2018-11-10|ISC 2018 Bennett Cup|2:29.42|512
45|Lejambe, Emily|16|2002|SLSC|Ontario|2018-12-09|Youth Cup|2:29.57|511
46|St-Germain, Lea|16|2002|SAMAK|Québec|2018-12-02|Neptune International (CSPO 25m)|2:30.03|506
47|Calovini, Emma|16|2001|STARS|Ontario|2018-11-04|2018 Barrie Aquafest|2:30.25|504
48|Li, Linda|16|2002|CSLA|Québec|2019-02-22|Championnat provincial groupe d'âge AA d'hiver - section Ouest|2:30.45|502
49|Rincon, Laura|16|2002|UVPCS|British Columbia|2019-08-03|Mid-Summer Madness|2:31.04|496
50|Billson, Tressa|16|2002|WAC|Ontario|2018-11-09|2018 Age Group International SC|2:31.11|495