RANK|ATHLETES|AGE|YOB|CLUB|PROVINCE|DATE|MEET|TIME|FINA
1|Hannah, Jade|16|2002|ISC|British Columbia|2018-12-08|16th Annual XMAS Cracker Invitational|2:10.39|764
2|Butler, Alexandra|16|2002|CASC|Alberta|2018-12-16|Ontario Junior International|2:12.33|731
3|Klenk, Haley|16|2002|SPART|British Columbia|2018-12-16|Ontario Junior International|2:12.98|720
4|Kary, Raili|16|2002|SSAT|Ontario|2018-12-16|Ontario Junior International|2:12.99|720
5|Peterson, Natalie|16|2002|ROW|Ontario|2018-12-16|Ontario Junior International|2:13.69|709
6|Dionne, Charlotte|16|2002|CNQ|Québec|2018-12-16|Ontario Junior International|2:14.91|690
7|Benn, Acacia|16|2002|KISU|British Columbia|2018-12-15|26th Annual MJB Law Classic SCM|2:15.42|682
8|Gatrall, Madelyn|16|2002|WAC|Ontario|2018-11-10|2018 Age Group International SC|2:15.69|678
9|Spence, Emma|16|2002|ROD|Saskatchewan|2018-12-15|ManSask Championships Short Course Open Championships|2:15.71|678
10|Carnegie, Elyse|16|2002|GHAC|Ontario|2018-12-07|Border City Invitational|2:17.27|655
11|Bennett, Hannah|16|2002|UCSC|Alberta|2018-10-26|Cascade Speed Meet|2:17.55|651
12|Mountford, Hanna|16|2002|HTAC|Nova Scotia|2018-12-15|Age Group Development Meet|2:17.87|646
13|Wright, Lauren|16|2002|ESWIM|Ontario|2019-01-13|2019 Etobicoke A-B Meet|2:18.12|643
14|Colyer, Ava|16|2002|HAC|Ontario|2019-01-13|2019 Etobicoke A-B Meet|2:18.61|636
15|Barnes, Madysen|16|2002|UMAN|Manitoba|2018-12-15|ManSask Championships Short Course Open Championships|2:18.93|632
16|Dayton Cesareo, Isabella|16|2002|CHENA|British Columbia|2018-11-04|Odlum Brown Colleges Cup Pacific Hosted by UBC|2:19.11|629
17|Williams, Kate|16|2003|SJL|Newfoundland|2019-06-07|2019 Summer Classic Invitational|2:19.19|628
18|Bath, Angelica|16|2002|CHENA|British Columbia|2018-11-04|Odlum Brown Colleges Cup Pacific Hosted by UBC|2:19.24|627
19|Callon, Katherine|16|2002|LAC|Ontario|2018-12-16|Ontario Junior International|2:19.41|625
20|Smith, Taylor|16|2002|SOSC|British Columbia|2018-12-15|26th Annual MJB Law Classic SCM|2:19.47|624
21|Falcon, Mya|16|2002|ESWIM|Ontario|2018-11-10|2018 Age Group International SC|2:19.58|623
22|Wiseman, Avery|16|2002|OSC|Alberta|2018-12-08|16th Annual XMAS Cracker Invitational|2:20.12|616
23|Puhalski, Lindsay|16|2002|TBT|Ontario|2018-12-01|Northwest Narwhal's Massaro Construction LTD Invitational|2:20.43|612
24|Petit, Karina|16|2002|UNIK|Québec|2018-12-08|Invitation provinciale AA-AAA Noël + Développement 11-12 ans CAMO|2:20.63|609
25|Polito, Leah|16|2002|LAC|Ontario|2019-02-03|2019 Western Region SC Champs|2:20.74|608
26|Anderson, Lauren|16|2002|EKSC|Alberta|2018-10-26|Cascade Speed Meet|2:21.10|603
27|Chen, Lily|16|2003|UVPCS|British Columbia|2019-08-04|Mid-Summer Madness|2:21.39|599
28|O'Connor, Tatum|16|2002|GHAC|Ontario|2018-12-07|Border City Invitational|2:21.40|599
29|Luis, Caileigh|16|2002|VPSC|British Columbia|2018-12-15|JP Fiset Invitational|2:21.62|596
30|Storm, Jordan|16|2002|OTTSC|Ontario|2018-12-16|Ontario Junior International|2:21.80|594
31|Archer, Madison|16|2002|NKB|Ontario|2019-02-02|2019 Eastern Ontario Regional Championships (SC/LC)|2:21.88|593
32|Datars, Mahaylia|16|2002|STARS|Ontario|2018-11-03|2018 Barrie Aquafest|2:21.94|592
33|Sostar, Abby|16|2002|OTTER|Ontario|2019-02-02|2019 Huronia SC Regional Championships|2:22.11|590
34|Hill, Molly|16|2001|KAJ|British Columbia|2018-11-17|2018 KAJ Fall Classic|2:22.51|585
35|Mastroianni, Isabella|16|2002|SLSC|Ontario|2019-02-03|Dave Kensit Memorial SC Championship|2:22.67|583
36|Anderson, Erin|16|2001|GHAC|Ontario|2018-11-02|NYAC Cup|2:22.94|580
37|Mccallum, Amanda|16|2002|RAPID|British Columbia|2018-12-07|Rapids TT #1|2:22.97|579
38|Flynn, Kylie|16|2002|GOLD|Saskatchewan|2018-12-15|ManSask Championships Short Course Open Championships|2:23.13|578
39|Romero, Kyla|16|2002|LAC|Ontario|2018-12-16|Team Showdown 2018|2:23.20|577
40|DeLima-Baril, Jasmine|16|2002|SWOTT|Ontario|2018-12-08|Gatineau Grand Prix|2:23.51|573
41|Bellio, Vanessa|16|2002|ESWIM|Ontario|2018-11-10|2018 Age Group International SC|2:23.61|572
42|Schlenker, Emily|16|2002|AMAC|Alberta|2018-10-26|Cascade Speed Meet|2:24.02|567
43|Metuzals, Kali|16|2003|GO|Ontario|2019-02-02|2019 Eastern Ontario Regional Championships (SC/LC)|2:24.16|565
44|Song, Emmy|16|2002|PCSC|Québec|2018-12-08|Invitation Provinciale AA-AAA Pointe-Claire 2018|2:24.18|565
45|Sum, Kylie|16|2002|WSSC|Ontario|2018-12-09|Border City Invitational|2:24.29|564
46|Hebert, Taylor|16|2002|ROD|Saskatchewan|2018-12-15|ManSask Championships Short Course Open Championships|2:24.30|564
47|Froh, Zoe|16|2002|SKSC|British Columbia|2018-11-04|Odlum Brown Colleges Cup Pacific Hosted by UBC|2:24.47|562
48|Péloquin, Alexanne|16|2002|CNSH|Québec|2018-11-03|Festival provincial par équipe section 3|2:24.83|557
49|Field, Josie|16|2001|LOSC|British Columbia|2018-11-03|LOSC 12th Annual Short Course Invitational|2:24.84|557
50|Keeble, Abby|16|2002|NEW|Ontario|2018-12-09|Border City Invitational|2:24.86|557