RANK|ATHLETES|AGE|YOB|CLUB|PROVINCE|DATE|MEET|TIME|FINA
1|Hannah, Jade|16|2002|ISC|British Columbia|2018-12-07|16th Annual XMAS Cracker Invitational|26.96|739
2|Dahmen, Jeanne|16|2002|PCSC|Québec|2018-12-15|Ontario Junior International|27.65|685
3|Wright, Lauren|16|2002|ESWIM|Ontario|2018-12-15|Ontario Junior International|27.89|667
4|Carruthers, Caroline|16|2001|ESWIM|Ontario|2018-10-14|2018 Hall of Fame Meet|27.90|667
5|Brodie-Foy, Honor|16|2002|TSC|Ontario|2018-12-15|Ontario Junior International|27.96|662
6|Koopmans, Sarah|16|2002|KCS|British Columbia|2018-12-15|26th Annual MJB Law Classic SCM|28.08|654
7|Cornish, Hannah|16|2003|USC|Ontario|2019-04-27|2019 Ontario Team Challenge|28.13|651
8|Hardman, Taylor|16|2002|UMAN|Manitoba|2018-12-16|ManSask Championships Short Course Open Championships|28.22|644
9|Ling, Elizabeth|16|2002|UCSC|Alberta|2019-02-01|UCSC Grand Prix|28.28|640
10|Turvey, Alexandra|16|2002|VPSC|British Columbia|2018-12-16|JP Fiset Invitational|28.43|630
11|Willar, Lora|16|2002|PCSC|Québec|2018-11-03|Festival provincial par équipe section 1|28.49|626
12|Lau, Octavia|16|2001|HYACK|British Columbia|2018-11-09|2018 Brad Reid Memorial Invitational|28.51|625
13|Klenk, Haley|16|2002|SPART|British Columbia|2018-12-15|Ontario Junior International|28.52|624
14|McQuaid, Alexa|16|2002|CBAC|Prince-Edward-Island|2018-12-15|Ontario Junior International|28.60|619
14|O'Connor, Tatum|16|2002|GHAC|Ontario|2018-12-08|Border City Invitational|28.60|619
14|Conrad, Sydney|16|2002|GMAC|Ontario|2018-12-15|Ontario Junior International|28.60|619
17|Nguyen, Tram|16|2002|NKB|Ontario|2019-02-01|2019 Eastern Ontario Regional Championships (SC/LC)|28.62|618
18|McMurray, Cailin|16|2002|CSLA|Québec|2018-12-09|Invitation provinciale des fêtes CSLA|28.65|616
19|Tucker, Logan|16|2001|OTTER|Ontario|2018-12-15|Ontario Junior International|28.71|612
20|Gatrall, Madelyn|16|2002|WAC|Ontario|2018-11-11|2018 Age Group International SC|28.75|609
21|Mercure, Alyson|16|2002|MEGO|Québec|2018-11-10|Festival provincial par équipe section 2|28.79|607
21|Zahab, Mia|16|2001|NKB|Ontario|2018-11-30|Neptune International (CSPO 25m)|28.79|607
23|Nelson, Kyla|16|2002|EKSC|Alberta|2018-12-16|JP Fiset Invitational|28.84|604
24|Teno, Abigail|16|2003|NORAC|Ontario|2019-04-27|2019 Ontario Team Challenge|28.88|601
25|Smith, Emily|16|2002|MMST|Ontario|2018-12-15|Ontario Junior International|28.91|599
26|Field, Josie|16|2001