RANK|ATHLETES|AGE|YOB|CLUB|PROVINCE|DATE|MEET|TIME|FINA
1|Ling, Elizabeth|16|2002|UCSC|Alberta|2019-03-08|UCSC Team Champs|1:03.97|735
2|Bennett, Hannah|16|2002|UCSC|Alberta|2019-03-08|UCSC Team Champs|1:05.22|693
3|Deering, Megan|16|2001|MAVS|Alberta|2018-10-28|Rocky Mountain Cup|1:05.42|687
4|Herbert, Bailey|16|2002|LOSC|British Columbia|2019-06-15|June 2019 Time Trial|1:05.46|686
5|Zahab, Mia|16|2001|NKB|Ontario|2018-12-01|Neptune International (CSPO 25m)|1:06.50|654
6|Mccann, Pilar|16|2002|EKSC|Alberta|2018-10-28|Rocky Mountain Cup|1:07.16|635
7|Puhalski, Lindsay|16|2002|TBT|Ontario|2018-12-01|Northwest Narwhal's Massaro Construction LTD Invitational|1:07.53|625
8|Kee, Raya|16|2002|RHAC|Ontario|2018-12-07|Youth Cup|1:07.87|615
9|Koopmans, Sarah|16|2002|KCS|British Columbia|2018-11-03|Odlum Brown Colleges Cup Pacific Hosted by UBC|1:08.05|610
10|Gatrall, Madelyn|16|2002|WAC|Ontario|2019-05-18|WAC Cup 2|1:08.13|608
11|Norman, Gemma|16|2003|UCSC|Alberta|2019-06-21|UCSC Team Champs|1:08.77|591
12|Lejambe, Emily|16|2002|SLSC|Ontario|2018-12-07|Youth Cup|1:08.95|587
12|Du, Kayla|16|2002|OTTSC|Ontario|2018-11-18|OYO Vorgee Iced Cap|1:08.95|587
14|Meklensek, Tori|16|2002|CW|Ontario|2018-11-18|Expressway Lincoln Fall Invitational|1:09.21|580
15|Mailloux, Neve|16|2002|SAMAK|Québec|2018-12-01|Neptune International (CSPO 25m)|1:09.29|578
16|Barnes, Madysen|16|2002|UMAN|Manitoba|2018-11-17|Bison Sprint IM Invitational|1:09.43|575
17|Murphy, Emily|16|2002|TBT|Ontario|2018-12-07|Youth Cup|1:09.64|569
18|Kerr, Ella|16|2002|NYAC|Ontario|2018-12-07|Youth Cup|1:09.69|568
19|Nelson, Kyla|16|2002|EKSC|Alberta|2018-10-28|Rocky Mountain Cup|1:09.73|567
20|Smith, Emily|16|2002|MMST|Ontario|2019-06-01|MMST Club Championships 2019|1:09.81|565
21|Moffitt, Abigail|16|2002|NKB|Ontario|2018-12-01|Neptune International (CSPO 25m)|1:10.28|554
22|Mozill, Megan|16|2001|CP|Alberta|2018-10-20|UCSC Fall Start Up|1:10.32|553
23|Lavoie, Veronique|16|2002|LMRL|Québec|2019-01-27|Inter-provinciale LMRL 2019|1:10.34|553
24|TREMBLAY, Sandy|16|2002|CNM|Québec|2019-04-27|3è Régionale de l'est-du-Québec|1:10.39|551
25|Merklein, Emilie|16|2002|DDO|Québec|2018-12-01|Neptune International (CSPO 25m)|1:10.43|551
26|Bhambra, Dilpreet|16|2002|COBRA|Ontario|2018-12-01|Neptune International (CSPO 25m)|1:10.75|543
26|Butler, Alexandra|16|2002|CASC|Alberta|2018-10-20|UCSC Fall Start Up|1:10.75|543
28|Reaume, Ava|16|2002|BLEN|Ontario|2019-04-27|2019 Seal Championships|1:10.79|542
29|Callon, Katherine|16|2002|LAC|Ontario|2018-10-21|LAC - Fall Startup Part 2|1:10.84|541
30|Macor, Madison|16|2001|MMST|Ontario|2018-10-20|2018 OCTOBER SENIOR CIRCUIT|1:10.95|538
31|Chubaty, Lily|16|2002|KBM|Ontario|2018-10-21|Kingston Blue Marlins Pentathlon|1:10.97|538
32|Ryan, Janaya|16|2002|COMOX|British Columbia|2018-10-14|Sharks Thanksgiving Challenge|1:10.98|538
33|Harper, Elizabeth|16|2002|CASC|Alberta|2018-10-20|UCSC Fall Start Up|1:11.11|535
34|Goldring, Allyson|16|2002|MUSAC|Ontario|2018-12-08|Christmas Time Trial|1:11.17|533
35|Colyer, Ava|16|2002|HAC|Ontario|2018-12-08|Steeltown 2018|1:11.38|529
36|Fillion, Kelsey|16|2002|VKSC|British Columbia|2018-10-14|KISU Triple Pentathlon 2018|1:11.42|528
37|Roth, Isabelle|16|2002|CASC|Alberta|2018-10-20|UCSC Fall Start Up|1:11.49|526
38|Striepling, Elisabeth|16|2002|CHENA|British Columbia|2018-10-20|2018 OCTOBER SENIOR CIRCUIT|1:11.53|525
39|St-Germain, Lea|16|2002|SAMAK|Québec|2018-12-01|Neptune International (CSPO 25m)|1:11.60|524
40|Sekaric, Isidora|16|2002|WAC|Ontario|2019-05-18|WAC Cup 2|1:11.66|523
41|Deraspe, Lauranne|16|2002|NN|Québec|2018-12-01|Neptune International (CSPO 25m)|1:11.84|519
42|Penney, Madison|16|2003|YKPB|Northwest Territories|2019-05-11|6th Annual Konge Construction Spring Invitational|1:11.96|516
43|Bath, Angelica|16|2002|CHENA|British Columbia|2018-10-20|2018 OCTOBER SENIOR CIRCUIT|1:12.03|515
44|Kleinknecht, Ella|16|2002|CW|Ontario|2018-11-18|Expressway Lincoln Fall Invitational|1:12.10|513
45|Bergeron, Frédérique|16|2002|RL|Québec|2019-04-27|Défi QNI AllTides|1:12.20|511
46|DeLima-Baril, Jasmine|16|2002|SWOTT|Ontario|2018-10-27|SWOTT Team October Invitational|1:12.34|508
47|Doerksen, Sedrica|16|2002|CWC|Alberta|2018-11-11|NCSA Fall Invitational 2018|1:12.35|508
48|Lamy, Anna-Rose|16|2003|CNQ|Québec|2019-05-04|Invitation du Printemps|1:12.52|504
49|Calovini, Emma|16|2001|STARS|Ontario|2018-12-01|2018 Union Cup|1:12.54|504
49|Liu, Katherine|16|2002|CW|Ontario|2018-11-18|Expressway Lincoln Fall Invitational|1:12.54|504