RANK|AGES|CLUB|TEAM|PROVINCE|DATE|MEET|TIME|FINA
1|16 - 16|Windsor Aquatic Club|WAC A|Ontario|2018-11-10|2018 Age Group International SC|1:51.42|605
2|16 - 16|Trent Swim Club|TRENTA|Ontario|2019-02-03|2019 Huronia SC Regional Championships|1:52.15|593
3|16 - 16|Delta Sungod Swim Club|DELTAA|British Columbia|2019-03-17|DSSC March LMR Meet|1:53.30|575
4|16 - 16|Timmins Marlins Swim Club|TMSC A|Ontario|2019-02-02|Dave Kensit Memorial SC Championship|1:53.53|571
5|16 - 16|Newmarket Stingrays Swim Club|NEW A|Ontario|2018-11-03|Newmarket Stingrays Fall Invitational|1:54.10|563
6|16 - 16|Simon Fraser Aquatics|SFA A|British Columbia|2019-03-17|DSSC March LMR Meet|1:57.57|515
7|16 - 16|Natation Edmundston Swimming|NES A|New Brunswick|2018-11-17|BLAST INVITATIONAL|2:01.37|468
8|16 - 16|Kitimat Marlins|KMSC A|British Columbia|2019-01-26|Rio Tinto Northern Lights|2:06.98|408
9|16 - 16|Ernestown Barracuda Swim Club|EBSC C|Ontario|2018-11-03|EBSC Fall Invitational Swim Meet|2:09.03|389
10|16 - 16|Ponoka Pool Sharks Swim Club|PPS A|Alberta|2019-04-07|Fast Eddie's Sprint Invitational|2:09.61|384
11|16 - 16|Grande Cache Otters Swim Club|GCO I|Alberta|2019-02-17|Grande Cache Otters 45th Annual Mountain Meet 2019|2:11.23|370
12|16 - 16|North York Aquatic Club|NYAC B|Ontario|2019-02-17|2019 NYAC Feb Invitational|2:11.39|368
13|16 - 16|Ernestown Barracuda Swim Club|EBSC A|Ontario|2018-11-03|EBSC Fall Invitational Swim Meet|2:11.63|366
14|16 - 16|Acton Aqua Ducks|AAD E|Ontario|2018-10-27|Dorado Stars Fall Invitational|2:14.58|343
15|16 - 16|North Bay Y Titans|NBYT A|Ontario|2019-02-02|Dave Kensit Memorial SC Championship|2:17.89|319
16|16 - 16|Club De Natation Bleu Et Or|CNBO A|New Brunswick|2019-01-26|Premier #3 CNBO Moncton|2:21.24|297
17|16 - 16|Acton Aqua Ducks|AAD A|Ontario|2019-06-22|Collingwood Invitational 2019|2:24.39|278
18|16 - 16|Surrey Knights Swim Club|SKSC A|British Columbia|2018-10-14|SFU-SFA LMR Swim Meet|2:25.44|272
19|16 - 16|Humboldt Hammerheads Swim Team|HHST E|Saskatchewan|2019-06-15|Humboldt Hammerheads Swim Team Invitational Swim Meet|2:27.87|258
20|16 - 16|Ponoka Pool Sharks Swim Club|PPS B|Alberta|2019-01-19|Penguin Sprint Series #2|2:30.61|244