RANK|ATHLETES|AGE|YOB|CLUB|PROVINCE|DATE|MEET|TIME|FINA
1|Herbert, Bailey|16|2002|LOSC|British Columbia|2018-12-07|16th Annual XMAS Cracker Invitational|2:14.02|751
2|Bennett, Hannah|16|2002|UCSC|Alberta|2018-12-16|Ontario Junior International|2:16.35|713
3|Wiseman, Avery|16|2002|OSC|Alberta|2018-12-07|16th Annual XMAS Cracker Invitational|2:17.35|698
4|Zahab, Mia|16|2001|NKB|Ontario|2018-12-16|Ontario Junior International|2:17.48|696
5|Carruthers, Caroline|16|2001|ESWIM|Ontario|2018-12-16|Ontario Junior International|2:18.09|687
6|Mccallum, Amanda|16|2002|RAPID|British Columbia|2018-11-09|ISC 2018 Bennett Cup|2:18.88|675
7|Spence, Emma|16|2002|ROD|Saskatchewan|2018-12-13|ManSask Championships Short Course Open Championships|2:18.91|675
8|Klenk, Haley|16|2002|SPART|British Columbia|2018-12-16|Ontario Junior International|2:18.97|674
8|Puhalski, Lindsay|16|2002|TBT|Ontario|2018-11-03|NYAC Cup|2:18.97|674
10|Dionne, Charlotte|16|2002|CNQ|Québec|2018-12-07|Défi Nez-Rouge 2018|2:20.98|645
11|Koopmans, Sarah|16|2002|KCS|British Columbia|2018-12-14|26th Annual MJB Law Classic SCM|2:21.67|636
12|Switzer, Brooke|16|2001|MAC|Ontario|2018-11-03|NYAC Cup|2:21.91|633
13|Carnegie, Elyse|16|2002|GHAC|Ontario|2018-12-08|Border City Invitational|2:22.01|631
14|Skuse, Jasmine|16|2002|PSW|British Columbia|2018-12-14|Rapids Fast-Swim Classic|2:22.22|629
15|Dahmen, Jeanne|16|2002|PCSC|Québec|2018-12-09|Invitation Provinciale AA-AAA Pointe-Claire 2018|2:22.28|628
16|Willar, Lora|16|2002|PCSC|Québec|2018-12-09|Invitation Provinciale AA-AAA Pointe-Claire 2018|2:22.31|627
17|Nguyen, Tram|16|2002|NKB|Ontario|2019-02-01|2019 Eastern Ontario Regional Championships (SC/LC)|2:22.41|626
18|Gatrall, Madelyn|16|2002|WAC|Ontario|2018-11-09|2018 Age Group International SC|2:22.47|625
19|Vial, Ava|16|2002|WTSC|Nova Scotia|2018-12-16|Age Group Development Meet|2:22.66|623
20|Archer, Madison|16|2002|NKB|Ontario|2019-02-01|2019 Eastern Ontario Regional Championships (SC/LC)|2:22.68|623
21|Sostar, Abby|16|2002|OTTER|Ontario|2018-12-16|Ontario Junior International|2:22.84|620
22|Mccann, Pilar|16|2002|EKSC|Alberta|2018-12-15|JP Fiset Invitational|2:22.88|620
23|Myburgh, Emma|16|2002|ISC|British Columbia|2018-12-16|Ontario Junior International|2:23.15|616
24|Benn, Acacia|16|2002|KISU|British Columbia|2018-12-14|26th Annual MJB Law Classic SCM|2:23.45|613
25|Luis, Caileigh|16|2002|VPSC|British Columbia|2018-12-15|JP Fiset Invitational|2:23.46|612
26|Kary, Raili|16|2002|SSAT|Ontario|2019-02-02|Dave Kensit Memorial SC Championship|2:23.52|612
27|Mastroianni, Isabella|16|2002|SLSC|Ontario|2018-12-16|Ontario Junior International|2:23.74|609
28|Barnes, Madysen|16|2002|UMAN|Manitoba|2018-12-13|ManSask Championships Short Course Open Championships|2:23.81|608
29|Harper, Elizabeth|16|2002|CASC|Alberta|2018-11-17|KSC SC Invitational 2018|2:23.88|607
30|Bellio, Vanessa|16|2002|ESWIM|Ontario|2018-12-09|Invitation Provinciale AA-AAA Pointe-Claire 2018|2:23.96|606
31|Ricketts, Emily|16|2002|SJL|Newfoundland|2019-06-07|2019 Summer Classic Invitational|2:24.21|603
32|Fillion, Kelsey|16|2002|VKSC|British Columbia|2018-12-14|26th Annual MJB Law Classic SCM|2:24.35|601
33|Song, Emmy|16|2002|PCSC|Québec|2018-12-09|Invitation Provinciale AA-AAA Pointe-Claire 2018|2:24.40|601
34|Falcon, Mya|16|2002|ESWIM|Ontario|2018-12-16|Ontario Junior International|2:24.41|600
35|Bath, Angelica|16|2002|CHENA|British Columbia|2018-12-14|Rapids Fast-Swim Classic|2:24.77|596
35|Banton, Paige|16|2002|SSAT|Ontario|2019-02-02|Dave Kensit Memorial SC Championship|2:24.77|596
37|Meklensek, Tori|16|2002|CW|Ontario|2018-12-09|Invitation Provinciale AA-AAA Pointe-Claire 2018|2:24.80|596
38|Shuster, Morgane|16|2002|OAK|Ontario|2018-12-16|Ontario Junior International|2:25.09|592
39|Hunt, Zoe|16|2002|TBT|Ontario|2018-12-08|Youth Cup|2:25.10|592
40|Penner, Hailey|16|2002|DELTA|British Columbia|2018-12-14|Rapids Fast-Swim Classic|2:25.13|591
41|Roth, Isabelle|16|2002|CASC|Alberta|2018-12-16|Ontario Junior International|2:25.29|590
42|Norman, Gemma|16|2003|UCSC|Alberta|2019-07-13|UCSC Western Finale|2:25.62|586
43|Froh, Zoe|16|2002|SKSC|British Columbia|2018-12-16|Ontario Junior International|2:25.80|583
44|Gaudette, Sheigh Ann|16|2002|SPART|British Columbia|2018-12-16|Ontario Junior International|2:26.20|579
45|Colyer, Ava|16|2002|HAC|Ontario|2018-12-16|Ontario Junior International|2:26.25|578
46|Manzella, Bridget|16|2002|MSSAC|Ontario|2018-11-03|NYAC Cup|2:26.44|576
47|Turvey, Alexandra|16|2002|VPSC|British Columbia|2018-10-28|VPSC Fall Invitational|2:26.68|573
48|Ferguson, Alexia|16|2002|PCSC|Québec|2018-12-09|Invitation Provinciale AA-AAA Pointe-Claire 2018|2:26.77|572
49|O'Connor, Tatum|16|2002|GHAC|Ontario|2019-02-03|2019 Western Region SC Champs|2:26.91|570
50|Petit, Karina|16|2002|UNIK|Québec|2018-12-08|Invitation provinciale AA-AAA Noël + Développement 11-12 ans CAMO|2:26.96|570