RANK|ATHLETES|AGE|YOB|CLUB|PROVINCE|DATE|MEET|TIME|FINA
1|Dwyer, Kelsey|16|2002|CBSB|Newfoundland|2018-11-23|2018 Mount Pearl Marlins 3rd Annual Sink or Swim Invitiational|27.35|826
2|Hannah, Jade|16|2002|ISC|British Columbia|2018-12-07|16th Annual XMAS Cracker Invitational|28.10|762
3|Butler, Alexandra|16|2002|CASC|Alberta|2018-12-14|Ontario Junior International|28.11|761
4|Gatrall, Madelyn|16|2002|WAC|Ontario|2018-12-14|Ontario Junior International|28.66|718
5|Ling, Elizabeth|16|2002|UCSC|Alberta|2018-10-27|Cascade Speed Meet|28.80|708
6|Wright, Lauren|16|2002|ESWIM|Ontario|2018-12-14|Ontario Junior International|28.91|700
7|Klenk, Haley|16|2002|SPART|British Columbia|2018-12-14|Ontario Junior International|28.93|698
8|Kary, Raili|16|2002|SSAT|Ontario|2018-12-14|Ontario Junior International|29.14|683
9|O'Connor, Tatum|16|2002|GHAC|Ontario|2018-12-09|Border City Invitational|29.64|649
10|Cornish, Hannah|16|2003|USC|Ontario|2019-04-28|2019 Ontario Team Challenge|29.69|646
11|Peterson, Natalie|16|2002|ROW|Ontario|2018-12-14|Ontario Junior International|29.78|640
12|Falcon, Mya|16|2002|ESWIM|Ontario|2018-12-14|Ontario Junior International|29.80|639
13|Mercure, Alyson|16|2002|MEGO|Québec|2018-11-09|Festival provincial par équipe section 2|29.84|636
14|Chen, Lily|16|2003|UVPCS|British Columbia|2019-08-03|Mid-Summer Madness|29.88|634
15|Flynn, Kylie|16|2002|GOLD|Saskatchewan|2018-12-16|ManSask Championships Short Course Open Championships|29.93|630
16|Bath, Angelica|16|2002|CHENA|British Columbia|2018-12-16|Rapids Fast-Swim Classic|29.99|627
17|Barnes, Madysen|16|2002|UMAN|Manitoba|2018-12-16|ManSask Championships Short Course Open Championships|30.03|624
18|Mccallum, Amanda|16|2002|RAPID|British Columbia|2018-11-10|ISC 2018 Bennett Cup|30.09|620
19|Pool, Emilee|16|2002|LAC|Ontario|2019-02-01|2019 Western Region SC Champs|30.11|619
19|Warren, Aliceyn|16|2003|MPM|Newfoundland|2019-06-08|2019 Summer Classic Invitational|30.11|619
21|Kee, Raya|16|2002|RHAC|Ontario|2018-12-07|Youth Cup|30.18|615
22|Benn, Acacia|16|2002|KISU|British Columbia|2018-12-16|26th Annual MJB Law Classic SCM|30.19|614
23|Chubaty, Lily|16|2002|KBM|Ontario|2018-12-09|Gatineau Grand Prix|30.30|608
24|Hardman, Taylor|16|2002|UMAN|Manitoba|2018-12-16|ManSask Championships Short Course Open Championships|30.35|605
24|Teno, Abigail|16|2003|NORAC|Ontario|2019-04-28|2019 Ontario Team Challenge|30.35|605
26|Norman, Gemma|16|2003|UCSC|Alberta|2019-06-21|UCSC Team Champs|30.41|601
27|Nelson, Kyla|16|2002|EKSC|Alberta|2018-10-27|Cascade Speed Meet|30.48|597
28|Conrad, Sydney|16|2002|GMAC|Ontario|2018-12-14|Ontario Junior International|30.53|594
29|Simard, Judith|16|2002|SAMAK|Québec|2018-11-09|Festival provincial par équipe section 2|30.56|592
30|Anderson, Lauren|16|2002|EKSC|Alberta|2018-12-15|JP Fiset Invitational|30.57|592
31|Aylward, Heather|16|2002|MMST|Ontario|2018-12-09|Border City Invitational|30.58|591
32|Ryan, Janaya|16|2002|COMOX|British Columbia|2019-01-25|Vancouver Island Regional SC Championships|30.61|589
33|Carnegie, Elyse|16|2002|GHAC|Ontario|2019-02-01|2019 Western Region SC Champs|30.65|587
34|Colyer, Ava|16|2002|HAC|Ontario|2018-12-14|Ontario Junior International|30.66|586
35|Schlenker, Emily|16|2002|AMAC|Alberta|2018-12-14|JP Fiset Invitational|30.74|582
36|Petit, Karina|16|2002|UNIK|Québec|2018-12-08|Invitation provinciale AA-AAA Noël + Développement 11-12 ans CAMO|30.77|580
37|Anderson, Erin|16|2001|GHAC|Ontario|2018-12-09|Border City Invitational|30.79|579
38|Carruthers, Caroline|16|2001|ESWIM|Ontario|2018-10-13|2018 Hall of Fame Meet|30.82|577
39|Fillion, Kelsey|16|2002|VKSC|British Columbia|2018-12-16|26th Annual MJB Law Classic SCM|30.86|575
40|Mountford, Hanna|16|2002|HTAC|Nova Scotia|2018-12-16|Age Group Development Meet|30.88|574
40|Datars, Mahaylia|16|2002|STARS|Ontario|2018-11-04|2018 Barrie Aquafest|30.88|574
42|Romero, Kyla|16|2002|LAC|Ontario|2019-02-01|2019 Western Region SC Champs|30.90|573
43|Luis, Caileigh|16|2002|VPSC|British Columbia|2018-12-15|JP Fiset Invitational|30.91|572
44|Dionne, Charlotte|16|2002|CNQ|Québec|2018-11-02|Festival provincial par équipe section 1|30.97|569
44|Burwell, Maclaren|16|2002|GOLD|Saskatchewan|2019-01-19|Winter Invitational|30.97|569
44|Kingscote, Hannah|16|2002|WGB|Yukon|2018-12-07|16th Annual XMAS Cracker Invitational|30.97|569
47|Willar, Lora|16|2002|PCSC|Québec|2018-11-02|Festival provincial par équipe section 1|31.01|567
48|Gheorghita, Antonia|16|2002|WEST|Ontario|2019-02-01|2019 Western Region SC Champs|31.05|565
49|Sitolay, Karnika|16|2002|CASC|Alberta|2018-12-14|JP Fiset Invitational|31.07|563
49|Meklensek, Tori|16|2002|CW|Ontario|2018-12-09|Invitation Provinciale AA-AAA Pointe-Claire 2018|31.07|563