RANK|ATHLETES|AGE|YOB|CLUB|PROVINCE|DATE|MEET|TIME|FINA
1|Hannah, Jade|16|2002|ISC|British Columbia|2018-12-09|16th Annual XMAS Cracker Invitational|25.69|740
2|Brodie-Foy, Honor|16|2002|TSC|Ontario|2018-12-15|Ontario Junior International|25.83|728
2|Ling, Elizabeth|16|2002|UCSC|Alberta|2019-03-08|UCSC Team Champs|25.83|728
4|Bennett, Hannah|16|2002|UCSC|Alberta|2018-12-15|Ontario Junior International|26.12|704
5|Chubaty, Lily|16|2002|KBM|Ontario|2018-12-08|Gatineau Grand Prix|26.25|693
6|Butler, Alexandra|16|2002|CASC|Alberta|2018-12-15|Ontario Junior International|26.35|686
7|Norman, Gemma|16|2003|UCSC|Alberta|2019-07-13|UCSC Western Finale|26.39|682
8|Turvey, Alexandra|16|2002|VPSC|British Columbia|2018-12-16|JP Fiset Invitational|26.58|668
9|Herbert, Bailey|16|2002|LOSC|British Columbia|2018-12-09|16th Annual XMAS Cracker Invitational|26.60|666
10|McQuaid, Alexa|16|2002|CBAC|Prince-Edward-Island|2018-12-15|Ontario Junior International|26.62|665
11|Carruthers, Caroline|16|2001|ESWIM|Ontario|2018-11-10|2018 Age Group International SC|26.68|660
12|McMurray, Cailin|16|2002|CSLA|Québec|2018-12-07|Invitation provinciale des fêtes CSLA|26.69|660
13|Goldring, Allyson|16|2002|MUSAC|Ontario|2018-12-15|Ontario Junior International|26.81|651
14|Wiseman, Avery|16|2002|OSC|Alberta|2018-12-08|16th Annual XMAS Cracker Invitational|26.84|649
15|Conrad, Sydney|16|2002|GMAC|Ontario|2018-12-15|Ontario Junior International|26.87|647
15|Mercure, Alyson|16|2002|MEGO|Québec|2018-11-11|Festival provincial par équipe section 2|26.87|647
17|Lau, Octavia|16|2001|HYACK|British Columbia|2018-11-10|2018 Brad Reid Memorial Invitational|26.88|646
18|Aylward, Heather|16|2002|MMST|Ontario|2018-12-15|Ontario Junior International|26.89|645
19|Burwell, Maclaren|16|2002|GOLD|Saskatchewan|2018-12-14|ManSask Championships Short Course Open Championships|26.90|644
20|Dahmen, Jeanne|16|2002|PCSC|Québec|2018-11-04|Festival provincial par équipe section 1|26.94|641
21|Ferguson, Alexia|16|2002|PCSC|Québec|2018-11-04|Festival provincial par équipe section 1|26.95|641
22|Meklensek, Tori|16|2002|CW|Ontario|2018-12-07|Invitation Provinciale AA-AAA Pointe-Claire 2018|26.97|639
23|Sparkes, Abby|16|2002|NCSA|Alberta|2018-12-14|ManSask Championships Short Course Open Championships|26.99|638
24|Callon, Katherine|16|2002|LAC|Ontario|2018-11-24|LAC - Nothers Fall Invitational|27.03|635
25|Hage, Dounia|16|2001|CAMO|Québec|2018-11-04|Festival provincial par équipe section 1|27.05|634
25|Gatrall, Madelyn|16|2002|WAC|Ontario|2018-11-10|2018 Age Group International SC|27.05|634
27|Jeon, Ji Hyun|16|2003|CDNDG|Québec|2019-06-30|Championnat provincial groupe d'âge AA d'été - Ouest|27.07|632
28|Teno, Abigail|16|2003|NORAC|Ontario|2019-04-26|2019 Ontario Team Challenge|27.12|629
28|Switzer, Brooke|16|2001|MAC|Ontario|2018-11-03|NYAC Cup|27.12|629
30|MACDONALD, GRACE|16|2002|UVPCS|British Columbia|2019-01-25|Vancouver Island Regional SC Championships|27.19|624
30|Zastre, Samantha|16|2002|WVOSC|British Columbia|2018-12-14|ManSask Championships Short Course Open Championships|27.19|624
32|Fillion, Kelsey|16|2002|VKSC|British Columbia|2018-12-15|26th Annual MJB Law Classic SCM|27.25|620
33|Hardman, Taylor|16|2002|UMAN|Manitoba|2018-12-14|ManSask Championships Short Course Open Championships|27.26|619
34|Anderson, Erin|16|2001|GHAC|Ontario|2018-12-08|Border City Invitational|27.30|616
35|Hanrahan, Sydney|16|2002|SPSC|Alberta|2019-01-20|Blue Bears 2019|27.32|615
35|Jespersen, Audrey|16|2002|WRSC|British Columbia|2018-12-15|26th Annual MJB Law Classic SCM|27.32|615
37|Ryan, Janaya|16|2002|COMOX|British Columbia|2018-12-09|16th Annual XMAS Cracker Invitational|27.33|614
38|Petit, Karina|16|2002|UNIK|Québec|2018-12-10|Invitation provinciale AA-AAA Noël + Développement 11-12 ans CAMO|27.34|614
38|Sekaric, Isidora|16|2002|WAC|Ontario|2018-12-08|Border City Invitational|27.34|614
40|Sutton, Emma|16|2002|CASC|Alberta|2018-12-16|JP Fiset Invitational|27.35|613
41|Benn, Acacia|16|2002|KISU|British Columbia|2018-12-15|26th Annual MJB Law Classic SCM|27.36|612
42|Low, Janine|16|2001|RAPID|British Columbia|2018-11-09|ISC 2018 Bennett Cup|27.37|612
43|Dufour, Sara-Maude|16|2002|CNJA|Québec|2018-12-07|Défi Nez-Rouge 2018|27.40|610
44|Koopmans, Sarah|16|2002|KCS|British Columbia|2018-12-15|26th Annual MJB Law Classic SCM|27.41|609
45|Landry, Eve|16|2001|SHER|Québec|2018-11-11|Festival provincial par équipe section 2|27.43|608
46|O'Connor, Tatum|16|2002|GHAC|Ontario|2018-12-08|Border City Invitational|27.45|606
46|Zahab, Mia|16|2001|NKB|Ontario|2018-12-02|Neptune International (CSPO 25m)|27.45|606
48|Simard, Judith|16|2002|SAMAK|Québec|2018-11-11|Festival provincial par équipe section 2|27.47|605
48|Field, Erin|16|2002|PCSC|Québec|2018-12-07|Invitation Provinciale AA-AAA Pointe-Claire 2018|27.47|605
50|Wheatley, Amy|16|2002|CBAC|Prince-Edward-Island|2019-01-13|Garden of the Gulf|27.52|602