RANK|ATHLETES|AGE|YOB|CLUB|PROVINCE|DATE|MEET|TIME|FINA
1|Brodie-Foy, Honor|16|2002|TSC|Ontario|2018-12-16|Ontario Junior International|55.68|764
2|Hannah, Jade|16|2002|ISC|British Columbia|2018-12-08|16th Annual XMAS Cracker Invitational|55.99|751
3|Ling, Elizabeth|16|2002|UCSC|Alberta|2018-12-16|Ontario Junior International|56.54|730
4|Bennett, Hannah|16|2002|UCSC|Alberta|2018-12-16|Ontario Junior International|56.85|718
5|Carruthers, Caroline|16|2001|ESWIM|Ontario|2018-12-21|2018 Trillium Cup|56.90|716
6|Wiseman, Avery|16|2002|OSC|Alberta|2018-12-08|16th Annual XMAS Cracker Invitational|56.96|714
7|Lau, Octavia|16|2001|HYACK|British Columbia|2018-11-09|2018 Brad Reid Memorial Invitational|57.09|709
8|Metuzals, Kali|16|2003|GO|Ontario|2019-02-02|2019 Eastern Ontario Regional Championships (SC/LC)|57.15|706
9|Chubaty, Lily|16|2002|KBM|Ontario|2018-12-09|Gatineau Grand Prix|57.16|706
10|Herbert, Bailey|16|2002|LOSC|British Columbia|2018-12-08|16th Annual XMAS Cracker Invitational|57.21|704
11|Cornish, Hannah|16|2003|USC|Ontario|2019-04-28|2019 Ontario Team Challenge|57.49|694
11|Switzer, Brooke|16|2001|MAC|Ontario|2018-11-02|NYAC Cup|57.49|694
13|Meklensek, Tori|16|2002|CW|Ontario|2018-12-08|Invitation Provinciale AA-AAA Pointe-Claire 2018|57.65|688
14|Willar, Lora|16|2002|PCSC|Québec|2018-12-16|Ontario Junior International|57.77|684
15|Mccallum, Amanda|16|2002|RAPID|British Columbia|2018-11-03|Odlum Brown Colleges Cup Pacific Hosted by UBC|57.95|678
16|Turvey, Alexandra|16|2002|VPSC|British Columbia|2018-12-15|JP Fiset Invitational|58.07|673
17|Puhalski, Lindsay|16|2002|TBT|Ontario|2018-11-02|NYAC Cup|58.14|671
18|Butler, Alexandra|16|2002|CASC|Alberta|2018-12-15|Ontario Junior International|58.25|667
19|Ferguson, Alexia|16|2002|PCSC|Québec|2018-12-08|Invitation Provinciale AA-AAA Pointe-Claire 2018|58.27|666
20|Anderson, Erin|16|2001|GHAC|Ontario|2018-12-09|Border City Invitational|58.34|664
21|Wright, Lauren|16|2002|ESWIM|Ontario|2018-11-11|2018 Age Group International SC|58.35|664
22|Fillion, Kelsey|16|2002|VKSC|British Columbia|2018-12-14|26th Annual MJB Law Classic SCM|58.44|661
23|McMurray, Cailin|16|2002|CSLA|Québec|2018-12-08|Invitation provinciale des fêtes CSLA|58.46|660
24|Skuse, Jasmine|16|2002|PSW|British Columbia|2018-12-15|Rapids Fast-Swim Classic|58.48|659
25|Goldring, Allyson|16|2002|MUSAC|Ontario|2019-02-01|2019 Huronia SC Regional Championships|58.53|658
26|Nguyen, Tram|16|2002|NKB|Ontario|2018-12-16|Ontario Junior International|58.54|657
27|Dahmen, Jeanne|16|2002|PCSC|Québec|2018-12-08|Invitation Provinciale AA-AAA Pointe-Claire 2018|58.70|652
28|Sekaric, Isidora|16|2002|WAC|Ontario|2018-12-09|Border City Invitational|58.72|651
29|Nelson, Kyla|16|2002|EKSC|Alberta|2018-12-15|JP Fiset Invitational|58.80|649
30|Zastre, Samantha|16|2002|WVOSC|British Columbia|2018-12-15|ManSask Championships Short Course Open Championships|58.83|648
31|O'Connor, Tatum|16|2002|GHAC|Ontario|2018-12-09|Border City Invitational|58.89|646
32|Mercure, Alyson|16|2002|MEGO|Québec|2018-11-09|Festival provincial par équipe section 2|58.92|645
33|Kary, Raili|16|2002|SSAT|Ontario|2018-12-16|Ontario Junior International|59.05|640
34|Aylward, Heather|16|2002|MMST|Ontario|2018-12-09|Border City Invitational|59.06|640
35|Osborne, Emiko|16|2002|ISC|British Columbia|2018-12-08|16th Annual XMAS Cracker Invitational|59.07|640
36|Kwan, Jasmine|16|2001|CASC|Alberta|2018-11-17|KSC SC Invitational 2018|59.13|638
37|Sutton, Emma|16|2002|CASC|Alberta|2018-12-15|JP Fiset Invitational|59.16|637
37|Klenk, Haley|16|2002|SPART|British Columbia|2019-01-12|2019 Hyack Icebreaker Classic|59.16|637
37|Bellio, Vanessa|16|2002|ESWIM|Ontario|2018-12-08|Invitation Provinciale AA-AAA Pointe-Claire 2018|59.16|637
40|Koopmans, Sarah|16|2002|KCS|British Columbia|2018-12-14|26th Annual MJB Law Classic SCM|59.17|636
41|Callon, Katherine|16|2002|LAC|Ontario|2018-12-16|Ontario Junior International|59.26|634
42|Datars, Mahaylia|16|2002|STARS|Ontario|2018-11-04|2018 Barrie Aquafest|59.29|633
43|Burwell, Maclaren|16|2002|GOLD|Saskatchewan|2018-12-15|ManSask Championships Short Course Open Championships|59.36|630
43|Chen, Lily|16|2003|UVPCS|British Columbia|2019-08-03|Mid-Summer Madness|59.36|630
45|Ryan, Janaya|16|2002|COMOX|British Columbia|2018-12-08|16th Annual XMAS Cracker Invitational|59.45|627
46|Vial, Ava|16|2002|WTSC|Nova Scotia|2018-10-14|Age Group Development Meet Fall Series #1|59.53|625
47|Moffitt, Abigail|16|2002|NKB|Ontario|2018-11-30|Neptune International (CSPO 25m)|59.57|624
48|Hage, Dounia|16|2001|CAMO|Québec|2018-11-02|Festival provincial par équipe section 1|59.61|622
49|Petit, Karina|16|2002|UNIK|Québec|2018-12-08|Invitation provinciale AA-AAA Noël + Développement 11-12 ans CAMO|59.67|621
50|Hardman, Taylor|16|2002|UMAN|Manitoba|2018-12-15|ManSask Championships Short Course Open Championships|59.76|618