RANK|ATHLETES|AGE|YOB|CLUB|PROVINCE|DATE|MEET|TIME|FINA
1|Herbert, Bailey|16|2002|LOSC|British Columbia|2018-12-09|16th Annual XMAS Cracker Invitational|4:44.90|767
2|Zahab, Mia|16|2001|NKB|Ontario|2018-12-14|Ontario Junior International|4:49.20|733
3|Bennett, Hannah|16|2002|UCSC|Alberta|2018-12-14|Ontario Junior International|4:49.63|730
4|Carruthers, Caroline|16|2001|ESWIM|Ontario|2018-12-22|2018 Trillium Cup|4:53.79|699
5|Spence, Emma|16|2002|ROD|Saskatchewan|2019-01-20|Winter Invitational|4:53.87|699
6|Shuster, Morgane|16|2002|OAK|Ontario|2018-12-07|Youth Cup|4:54.53|694
7|Puhalski, Lindsay|16|2002|TBT|Ontario|2018-11-02|NYAC Cup|4:55.16|690
8|Cornish, Hannah|16|2003|USC|Ontario|2019-04-27|2019 Ontario Team Challenge|4:56.12|683
9|Wiseman, Avery|16|2002|OSC|Alberta|2018-12-09|16th Annual XMAS Cracker Invitational|4:56.25|682
10|Mastroianni, Isabella|16|2002|SLSC|Ontario|2018-12-14|Ontario Junior International|4:57.26|675
11|Froh, Zoe|16|2002|SKSC|British Columbia|2018-12-14|Ontario Junior International|4:57.61|673
12|Luis, Caileigh|16|2002|VPSC|British Columbia|2018-11-03|Odlum Brown Colleges Cup Pacific Hosted by UBC|4:57.84|671
13|Willar, Lora|16|2002|PCSC|Québec|2018-12-07|Invitation Provinciale AA-AAA Pointe-Claire 2018|4:58.95|664
14|Myburgh, Emma|16|2002|ISC|British Columbia|2018-12-14|Ontario Junior International|4:59.44|661
15|Vézina, Florence|16|2002|ELITE|Québec|2018-12-07|Invitation Provinciale AA-AAA Pointe-Claire 2018|5:00.11|656
16|Archer, Madison|16|2002|NKB|Ontario|2018-12-14|Ontario Junior International|5:00.38|654
17|Mccallum, Amanda|16|2002|RAPID|British Columbia|2018-11-11|ISC 2018 Bennett Cup|5:02.35|642
18|Dahmen, Jeanne|16|2002|PCSC|Québec|2018-12-07|Invitation Provinciale AA-AAA Pointe-Claire 2018|5:02.77|639
19|Bellio, Vanessa|16|2002|ESWIM|Ontario|2018-12-07|Invitation Provinciale AA-AAA Pointe-Claire 2018|5:02.84|639
20|Switzer, Brooke|16|2001|MAC|Ontario|2018-11-02|NYAC Cup|5:03.22|636
21|Song, Emmy|16|2002|PCSC|Québec|2018-12-07|Invitation Provinciale AA-AAA Pointe-Claire 2018|5:03.79|633
22|Vial, Ava|16|2002|WTSC|Nova Scotia|2018-12-14|Age Group Development Meet|5:06.14|618
23|Skuse, Jasmine|16|2002|PSW|British Columbia|2018-12-15|Rapids Fast-Swim Classic|5:06.19|618
24|Carnegie, Elyse|16|2002|GHAC|Ontario|2019-02-01|2019 Western Region SC Champs|5:06.55|616
25|Lorette, Sophie|16|2002|UVPCS|British Columbia|2019-01-26|Vancouver Island Regional SC Championships|5:06.60|615
26|Nguyen, Tram|16|2002|NKB|Ontario|2019-02-02|2019 Eastern Ontario Regional Championships (SC/LC)|5:06.64|615
27|Dean, Rebecca|16|2002|ROD|Saskatchewan|2018-12-16|ManSask Championships Short Course Open Championships|5:07.59|609
28|Gatrall, Madelyn|16|2002|WAC|Ontario|2018-11-10|2018 Age Group International SC|5:08.00|607
29|Sostar, Abby|16|2002|OTTER|Ontario|2019-02-03|2019 Huronia SC Regional Championships|5:08.81|602
30|Koopmans, Sarah|16|2002|KCS|British Columbia|2018-12-16|26th Annual MJB Law Classic SCM|5:10.14|594
31|Lopes, Leticia|16|2002|ESWIM|Ontario|2018-10-26|Gus Ryder Memorial Cup|5:10.23|594
32|Ashley, Drew|16|2002|MAC|Ontario|2018-12-07|Gatineau Grand Prix|5:10.51|592
33|Pearlman, Megan|16|2002|VAC|Ontario|2018-12-07|Vaughan Aquatic Club 30th Annual Roy Jacobson Inv 2018|5:10.93|590
34|Osborne, Emiko|16|2002|ISC|British Columbia|2018-12-09|16th Annual XMAS Cracker Invitational|5:10.95|590
35|Manzella, Bridget|16|2002|MSSAC|Ontario|2018-10-20|HARVEST/AUTUMN INVITATIONAL|5:11.07|589
36|Hunt, Zoe|16|2002|TBT|Ontario|2018-12-07|Youth Cup|5:11.51|587
37|Banton, Paige|16|2002|SSAT|Ontario|2018-12-14|Ontario Junior International|5:12.66|580
38|Lorenson, Grace|16|2002|CHENA|British Columbia|2018-12-15|Rapids Fast-Swim Classic|5:12.98|578
39|Datars, Mahaylia|16|2002|STARS|Ontario|2018-12-02|2018 Union Cup|5:13.04|578
40|Polito, Leah|16|2002|LAC|Ontario|2018-11-23|LAC - Nothers Fall Invitational|5:13.12|578
41|Forrester, Tara|16|2002|OAK|Ontario|2018-12-07|Youth Cup|5:13.29|577
42|Duclos, Michi|16|2002|VPSC|British Columbia|2018-12-14|JP Fiset Invitational|5:14.07|572
43|McMurray, Cailin|16|2002|CSLA|Québec|2018-11-10|Festival provincial par équipe section 2|5:14.89|568
44|Roth, Isabelle|16|2002|CASC|Alberta|2018-10-28|Rocky Mountain Cup|5:15.55|564
45|Mailloux, Neve|16|2002|SAMAK|Québec|2018-11-10|Festival provincial par équipe section 2|5:16.47|559
46|Hebert, Taylor|16|2002|ROD|Saskatchewan|2018-12-16|ManSask Championships Short Course Open Championships|5:16.89|557
47|Fogarty, Molly|16|2001|CSSSC|British Columbia|2018-10-13|KISU Triple Pentathlon 2018|5:16.92|557
48|Bergeron, Frédérique|16|2002|RL|Québec|2018-12-09|Défi Nez-Rouge 2018|5:17.52|554
49|Keyworth, Laura|16|2002|GGST|Ontario|2018-11-10|2018 Age Group International SC|5:17.56|554
50|Storm, Jordan|16|2002|OTTSC|Ontario|2019-02-02|2019 Eastern Ontario Regional Championships (SC/LC)|5:18.03|551