RANK|ATHLETES|AGE|YOB|CLUB|PROVINCE|DATE|MEET|TIME|FINA
1|Hannah, Jade|16|2002|ISC|British Columbia|2018-12-09|16th Annual XMAS Cracker Invitational|1:00.41|755
2|Butler, Alexandra|16|2002|CASC|Alberta|2018-12-15|Ontario Junior International|1:00.75|743
3|Klenk, Haley|16|2002|SPART|British Columbia|2018-12-16|Ontario Junior International|1:01.00|734
4|Gatrall, Madelyn|16|2002|WAC|Ontario|2018-11-11|2018 Age Group International SC|1:01.77|707
5|Bennett, Hannah|16|2002|UCSC|Alberta|2018-12-15|Ontario Junior International|1:02.33|688
6|Kary, Raili|16|2002|SSAT|Ontario|2018-12-15|Ontario Junior International|1:02.41|685
7|O'Connor, Tatum|16|2002|GHAC|Ontario|2018-12-08|Border City Invitational|1:02.69|676
8|Wright, Lauren|16|2002|ESWIM|Ontario|2018-11-11|2018 Age Group International SC|1:02.71|675
9|Ling, Elizabeth|16|2002|UCSC|Alberta|2018-12-15|Ontario Junior International|1:02.83|671
10|Peterson, Natalie|16|2002|ROW|Ontario|2018-12-15|Ontario Junior International|1:03.17|661
11|Smart, Keana|16|2003|KCS|British Columbia|2019-02-07|February 2019 Time Trial SCM|1:03.40|653
12|Dionne, Charlotte|16|2002|CNQ|Québec|2018-12-08|Défi Nez-Rouge 2018|1:03.55|649
13|Barnes, Madysen|16|2002|UMAN|Manitoba|2018-12-14|ManSask Championships Short Course Open Championships|1:03.90|638
14|Mccallum, Amanda|16|2002|RAPID|British Columbia|2018-12-15|Ontario Junior International|1:04.15|631
15|Benn, Acacia|16|2002|KISU|British Columbia|2018-12-14|26th Annual MJB Law Classic SCM|1:04.27|627
16|Mountford, Hanna|16|2002|HTAC|Nova Scotia|2018-12-16|Age Group Development Meet|1:04.43|623
17|Colyer, Ava|16|2002|HAC|Ontario|2018-12-15|Ontario Junior International|1:04.45|622
18|Callon, Katherine|16|2002|LAC|Ontario|2018-11-24|LAC - Nothers Fall Invitational|1:04.48|621
19|Falcon, Mya|16|2002|ESWIM|Ontario|2018-12-15|Ontario Junior International|1:04.52|620
20|Cornish, Hannah|16|2003|USC|Ontario|2019-04-27|2019 Ontario Team Challenge|1:04.55|619
21|Carnegie, Elyse|16|2002|GHAC|Ontario|2018-12-08|Border City Invitational|1:04.67|616
22|Chubaty, Lily|16|2002|KBM|Ontario|2018-12-07|Gatineau Grand Prix|1:04.74|614
23|Dayton Cesareo, Isabella|16|2002|CHENA|British Columbia|2018-12-14|Rapids Fast-Swim Classic|1:04.75|613
24|Anderson, Erin|16|2001|GHAC|Ontario|2018-12-08|Border City Invitational|1:04.82|611
25|Norman, Gemma|16|2003|UCSC|Alberta|2019-07-14|UCSC Western Finale|1:04.86|610
26|Datars, Mahaylia|16|2002|STARS|Ontario|2018-12-15|Ontario Junior International|1:05.25|599
27|Froh, Zoe|16|2002|SKSC|British Columbia|2019-06-08|Knights June Jamboree 2019|1:05.28|599
28|Kee, Raya|16|2002|RHAC|Ontario|2018-12-07|Youth Cup|1:05.32|597
29|Archer, Madison|16|2002|NKB|Ontario|2019-02-01|2019 Eastern Ontario Regional Championships (SC/LC)|1:05.34|597
30|Petit, Karina|16|2002|UNIK|Québec|2018-11-04|Festival provincial par équipe section 5 - Sud|1:05.39|596
31|Metuzals, Kali|16|2003|GO|Ontario|2019-02-01|2019 Eastern Ontario Regional Championships (SC/LC)|1:05.40|595
32|Storm, Jordan|16|2002|OTTSC|Ontario|2019-02-01|2019 Eastern Ontario Regional Championships (SC/LC)|1:05.45|594
33|Romero, Kyla|16|2002|LAC|Ontario|2019-02-02|2019 Western Region SC Champs|1:05.53|592
34|Zastre, Samantha|16|2002|WVOSC|British Columbia|2019-01-18|Canadian Dolphin New Years Invitational 2019|1:05.63|589
34|Flynn, Kylie|16|2002|GOLD|Saskatchewan|2018-12-14|ManSask Championships Short Course Open Championships|1:05.63|589
36|Nelson, Kyla|16|2002|EKSC|Alberta|2018-12-16|JP Fiset Invitational|1:05.69|587
37|Williams, Kate|16|2003|SJL|Newfoundland|2019-06-09|2019 Summer Classic Invitational|1:05.76|586
38|Luis, Caileigh|16|2002|VPSC|British Columbia|2018-12-16|JP Fiset Invitational|1:05.80|584
39|Pool, Emilee|16|2002|LAC|Ontario|2018-12-15|Team Showdown 2018|1:05.82|584
40|Sum, Kylie|16|2002|WSSC|Ontario|2019-03-03|Steve Kingston Memorial Swim Meet|1:05.97|580
41|Carruthers, Caroline|16|2001|ESWIM|Ontario|2018-10-14|2018 Hall of Fame Meet|1:06.00|579
41|Simard, Judith|16|2002|SAMAK|Québec|2018-11-11|Festival provincial par équipe section 2|1:06.00|579
43|Berwick, Katie|16|2002|GMAC|Ontario|2018-12-07|Dash for Cash|1:06.03|578
44|Mozill, Megan|16|2001|CP|Alberta|2018-10-20|UCSC Fall Start Up|1:06.07|577
45|Spence, Emma|16|2002|ROD|Saskatchewan|2018-12-14|ManSask Championships Short Course Open Championships|1:06.09|577
46|Aylward, Heather|16|2002|MMST|Ontario|2018-12-08|Border City Invitational|1:06.24|573
47|Bath, Angelica|16|2002|CHENA|British Columbia|2018-12-14|Rapids Fast-Swim Classic|1:06.33|571
48|Mastroianni, Isabella|16|2002|SLSC|Ontario|2018-12-15|Ontario Junior International|1:06.34|570
49|DeLima-Baril, Jasmine|16|2002|SWOTT|Ontario|2018-11-30|Invitation provinciale 2018|1:06.36|570
50|Blais, Mackenzie|16|2002|CADAC|Québec|2019-02-22|Championnat provincial groupe d'âge AA d'hiver - section Ouest|1:06.53|565