RANK|ATHLETES|AGE|YOB|CLUB|PROVINCE|DATE|MEET|TIME|FINA
1|Herbert, Bailey|16|2002|LOSC|British Columbia|2018-12-07|16th Annual XMAS Cracker Invitational|2:01.47|758
2|Lau, Octavia|16|2001|HYACK|British Columbia|2018-11-10|2018 Brad Reid Memorial Invitational|2:01.91|750
3|Carruthers, Caroline|16|2001|ESWIM|Ontario|2018-12-14|Ontario Junior International|2:02.05|747
4|Chubaty, Lily|16|2002|KBM|Ontario|2018-12-07|Gatineau Grand Prix|2:02.57|738
5|Switzer, Brooke|16|2001|MAC|Ontario|2018-11-04|NYAC Cup|2:02.73|735
6|Meklensek, Tori|16|2002|CW|Ontario|2018-12-07|Invitation Provinciale AA-AAA Pointe-Claire 2018|2:02.92|732
7|Mccallum, Amanda|16|2002|RAPID|British Columbia|2018-12-14|Ontario Junior International|2:03.05|729
8|Willar, Lora|16|2002|PCSC|Québec|2018-12-14|Ontario Junior International|2:03.56|720
9|Bennett, Hannah|16|2002|UCSC|Alberta|2018-12-14|Ontario Junior International|2:03.69|718
10|Klenk, Haley|16|2002|SPART|British Columbia|2018-12-14|Ontario Junior International|2:04.01|712
11|Osborne, Emiko|16|2002|ISC|British Columbia|2018-12-07|16th Annual XMAS Cracker Invitational|2:04.68|701
12|Anderson, Erin|16|2001|GHAC|Ontario|2018-12-08|Border City Invitational|2:04.74|700
13|Ferguson, Alexia|16|2002|PCSC|Québec|2018-12-07|Invitation Provinciale AA-AAA Pointe-Claire 2018|2:05.02|695
14|Zastre, Samantha|16|2002|WVOSC|British Columbia|2018-12-16|ManSask Championships Short Course Open Championships|2:05.56|686
15|Puhalski, Lindsay|16|2002|TBT|Ontario|2018-11-04|NYAC Cup|2:05.80|682
16|Datars, Mahaylia|16|2002|STARS|Ontario|2018-12-14|Ontario Junior International|2:06.00|679
17|Zahab, Mia|16|2001|NKB|Ontario|2018-12-01|Neptune International (CSPO 25m)|2:06.06|678
18|Lorette, Sophie|16|2002|UVPCS|British Columbia|2019-01-26|Vancouver Island Regional SC Championships|2:06.29|674
19|Brodie-Foy, Honor|16|2002|TSC|Ontario|2018-11-04|NYAC Cup|2:06.30|674
20|Froh, Zoe|16|2002|SKSC|British Columbia|2019-06-08|Knights June Jamboree 2019|2:06.41|673
20|Skuse, Jasmine|16|2002|PSW|British Columbia|2018-12-16|Rapids Fast-Swim Classic|2:06.41|673
22|Turvey, Alexandra|16|2002|VPSC|British Columbia|2018-12-14|JP Fiset Invitational|2:06.44|672
23|Vézina, Florence|16|2002|ELITE|Québec|2018-12-07|Invitation Provinciale AA-AAA Pointe-Claire 2018|2:06.56|670
23|Dahmen, Jeanne|16|2002|PCSC|Québec|2018-12-14|Ontario Junior International|2:06.56|670
25|Kary, Raili|16|2002|SSAT|Ontario|2018-12-14|Ontario Junior International|2:06.67|668
26|Archer, Madison|16|2002|NKB|Ontario|2019-02-03|2019 Eastern Ontario Regional Championships (SC/LC)|2:06.74|667
27|Moffitt, Abigail|16|2002|NKB|Ontario|2019-02-03|2019 Eastern Ontario Regional Championships (SC/LC)|2:06.78|667
28|Sekaric, Isidora|16|2002|WAC|Ontario|2018-12-08|Border City Invitational|2:06.83|666
29|Metuzals, Kali|16|2003|GO|Ontario|2019-02-03|2019 Eastern Ontario Regional Championships (SC/LC)|2:06.95|664
30|Field, Josie|16|2001|LOSC|British Columbia|2018-10-20|2018 OCTOBER SENIOR CIRCUIT|2:07.05|662
31|Hunt, Zoe|16|2002|TBT|Ontario|2018-12-07|Youth Cup|2:07.24|659
32|McMurray, Cailin|16|2002|CSLA|Québec|2018-12-09|Invitation provinciale des fêtes CSLA|2:07.28|659
33|Wiseman, Avery|16|2002|OSC|Alberta|2019-01-20|Blue Bears 2019|2:07.45|656
34|Nelson, Kyla|16|2002|EKSC|Alberta|2018-12-14|JP Fiset Invitational|2:07.47|656
35|Fillion, Kelsey|16|2002|VKSC|British Columbia|2018-12-16|26th Annual MJB Law Classic SCM|2:07.55|655
36|Bellio, Vanessa|16|2002|ESWIM|Ontario|2018-11-09|2018 Age Group International SC|2:07.63|653
37|Butler, Alexandra|16|2002|CASC|Alberta|2018-12-14|Ontario Junior International|2:07.66|653
38|Harper, Elizabeth|16|2002|CASC|Alberta|2018-11-18|KSC SC Invitational 2018|2:08.12|646
39|Duclos, Michi|16|2002|VPSC|British Columbia|2018-12-14|JP Fiset Invitational|2:08.15|645
40|Greaves, Elizabeth|16|2002|PERTH|Ontario|2018-12-07|Gatineau Grand Prix|2:08.37|642
41|Luis, Caileigh|16|2002|VPSC|British Columbia|2018-12-14|JP Fiset Invitational|2:08.48|641
42|Sutton, Emma|16|2002|CASC|Alberta|2018-10-26|Cascade Speed Meet|2:08.51|640
43|Wang, Yinuo|16|2002|UCSC|Alberta|2018-12-07|Youth Cup|2:08.88|635
44|Carnegie, Elyse|16|2002|GHAC|Ontario|2018-11-04|NYAC Cup|2:09.00|633
45|Mercure, Alyson|16|2002|MEGO|Québec|2018-11-10|Festival provincial par équipe section 2|2:09.23|629
46|Callon, Katherine|16|2002|LAC|Ontario|2018-12-14|Ontario Junior International|2:09.34|628
47|Bhambra, Dilpreet|16|2002|COBRA|Ontario|2018-12-07|Youth Cup|2:09.38|627
48|Dean, Rebecca|16|2002|ROD|Saskatchewan|2019-01-19|Winter Invitational|2:09.39|627
49|Ling, Elizabeth|16|2002|UCSC|Alberta|2018-10-26|Cascade Speed Meet|2:09.47|626
50|Song, Emmy|16|2002|PCSC|Québec|2018-12-07|Invitation Provinciale AA-AAA Pointe-Claire 2018|2:09.54|625