RANK|ATHLETES|AGE|YOB|CLUB|PROVINCE|DATE|MEET|TIME|FINA
1|Herbert, Bailey|16|2002|LOSC|British Columbia|2018-12-08|16th Annual XMAS Cracker Invitational|1:07.46|789
2|Wiseman, Avery|16|2002|OSC|Alberta|2018-12-14|JP Fiset Invitational|1:07.57|786
3|Starzomski, Olivia|16|2002|SSAT|Ontario|2018-12-14|Ontario Junior International|1:10.46|693
4|Mccann, Pilar|16|2002|EKSC|Alberta|2018-12-14|JP Fiset Invitational|1:10.75|684
5|Deering, Megan|16|2001|MAVS|Alberta|2018-10-27|Rocky Mountain Cup|1:11.03|676
6|Branton, Shona|16|2002|SR|Ontario|2018-12-08|Border City Invitational|1:11.25|670
7|Banton, Paige|16|2002|SSAT|Ontario|2018-12-08|Border City Invitational|1:11.45|664
8|Spence, Emma|16|2002|ROD|Saskatchewan|2018-12-16|ManSask Championships Short Course Open Championships|1:11.92|651
9|McQuaid, Alexa|16|2002|CBAC|Prince-Edward-Island|2018-12-14|Ontario Junior International|1:12.30|641
9|Gaudette, Sheigh Ann|16|2002|SPART|British Columbia|2018-12-14|Ontario Junior International|1:12.30|641
11|Ricketts, Emily|16|2002|SJL|Newfoundland|2019-06-07|2019 Summer Classic Invitational|1:12.37|639
12|Sostar, Abby|16|2002|OTTER|Ontario|2018-12-14|Ontario Junior International|1:12.40|639
13|Roth, Isabelle|16|2002|CASC|Alberta|2018-12-14|Ontario Junior International|1:12.85|627
14|Harper, Elizabeth|16|2002|CASC|Alberta|2018-10-27|Rocky Mountain Cup|1:12.87|626
15|Tan, Christina|16|2002|RAPID|British Columbia|2018-12-14|Ontario Junior International|1:12.92|625
16|Pearlman, Megan|16|2002|VAC|Ontario|2018-12-08|Vaughan Aquatic Club 30th Annual Roy Jacobson Inv 2018|1:13.08|621
17|Song, Kimberly|16|2003|UCSC|Alberta|2019-07-13|UCSC Western Finale|1:13.10|620
18|Brezovski, Taeghen|16|2003|OSC|Alberta|2019-06-23|OSC Blue vs White Club Championships|1:13.82|602
19|Carruthers, Caroline|16|2001|ESWIM|Ontario|2018-10-13|2018 Hall of Fame Meet|1:13.87|601
20|Goldring, Allyson|16|2002|MUSAC|Ontario|2018-12-14|Ontario Junior International|1:14.12|595
21|Davies, Morgan|16|2002|KBM|Ontario|2018-12-09|Gatineau Grand Prix|1:14.19|593
22|TREMBLAY, Sandy|16|2002|CNM|Québec|2019-06-09|Finale régionale|1:14.35|590
23|Hunt, Zoe|16|2002|TBT|Ontario|2018-12-09|Youth Cup|1:14.48|586
24|Myburgh, Emma|16|2002|ISC|British Columbia|2018-12-14|Ontario Junior International|1:14.52|586
25|chui, Kimberly|16|2001|APEX|Ontario|2018-10-14|MAC Fall Fest Invitational|1:14.77|580
26|Manzella, Bridget|16|2002|MSSAC|Ontario|2018-10-20|HARVEST/AUTUMN INVITATIONAL|1:14.86|578
27|Rusen, Karina|16|2002|RHAC|Ontario|2018-12-09|Youth Cup|1:15.01|574
28|Du, Kayla|16|2002|OTTSC|Ontario|2018-12-09|Gatineau Grand Prix|1:15.05|573
28|Vial, Ava|16|2002|WTSC|Nova Scotia|2018-11-11|Age Group Development Meet Fall Series #2|1:15.05|573
30|Klenk, Haley|16|2002|SPART|British Columbia|2018-11-10|2018 Brad Reid Memorial Invitational|1:15.11|572
31|Rincon, Laura|16|2002|UVPCS|British Columbia|2018-11-10|ISC 2018 Bennett Cup|1:15.18|570
32|Kerr, Ella|16|2002|NYAC|Ontario|2018-12-14|Ontario Junior International|1:15.21|570
33|Roy, Justine|16|2002|CNSH|Québec|2018-12-14|Ontario Junior International|1:15.38|566
34|Dolanjski, Mya|16|2002|TMSC|Ontario|2018-12-09|Gatineau Grand Prix|1:15.42|565
35|Larose, Chloée|16|2002|CNHR|Québec|2018-12-08|Invitation provinciale AA-AAA Noël + Développement 11-12 ans CAMO|1:15.52|563
36|Luis, Caileigh|16|2002|VPSC|British Columbia|2018-11-04|Odlum Brown Colleges Cup Pacific Hosted by UBC|1:15.60|561
37|Peters, Claire|16|2002|TYEE|British Columbia|2018-12-08|16th Annual XMAS Cracker Invitational|1:15.65|560
38|Puhalski, Lindsay|16|2002|TBT|Ontario|2018-11-04|NYAC Cup|1:15.68|559
39|Nurmi, Claire|16|2002|GGST|Ontario|2018-12-09|Gatineau Grand Prix|1:15.69|559
40|Smith, Taylor|16|2002|SOSC|British Columbia|2018-12-16|26th Annual MJB Law Classic SCM|1:15.80|556
41|Song, Emmy|16|2002|PCSC|Québec|2018-12-09|Invitation Provinciale AA-AAA Pointe-Claire 2018|1:15.89|554
42|Benn, Acacia|16|2002|KISU|British Columbia|2018-12-16|26th Annual MJB Law Classic SCM|1:16.04|551
43|Bennett, Hannah|16|2002|UCSC|Alberta|2018-10-20|UCSC Fall Start Up|1:16.05|551
44|Szabo, Jacqueline|16|2002|MMST|Ontario|2018-12-08|Border City Invitational|1:16.12|549
45|Zhou, Helena|16|2002|VPSC|British Columbia|2018-12-15|Rapids Fast-Swim Classic|1:16.25|547
46|Lejambe, Emily|16|2002|SLSC|Ontario|2018-12-09|Youth Cup|1:16.38|544
46|Castonguay, Laurie|16|2003|UL|Québec|2019-06-30|Championnat provincial groupe d'âge AA d'été - section Est|1:16.38|544
48|Lemonnier, Lydia|16|2002|ELITE|Québec|2018-12-09|Invitation Provinciale AA-AAA Pointe-Claire 2018|1:16.53|541
49|Lavoie, Veronique|16|2002|LMRL|Québec|2019-01-26|Inter-provinciale LMRL 2019|1:16.72|537
50|Mccallum, Amanda|16|2002|RAPID|British Columbia|2018-10-13|PSW Fall Invitational|1:16.73|536