RANK|ATHLETES|AGE|YOB|CLUB|PROVINCE|DATE|MEET|TIME|FINA
1|Zahab, Mia|16|2001|NKB|Ontario|2018-12-16|Ontario Junior International|8:57.01|711
2|Switzer, Brooke|16|2001|MAC|Ontario|2018-11-04|NYAC Cup|8:58.51|705
3|Lau, Octavia|16|2001|HYACK|British Columbia|2018-11-04|Odlum Brown Colleges Cup Pacific Hosted by UBC|8:58.59|704
4|Archer, Madison|16|2002|NKB|Ontario|2018-12-16|Ontario Junior International|9:00.46|697
5|Wiseman, Avery|16|2002|OSC|Alberta|2018-12-13|JP Fiset Invitational|9:02.80|688
6|Vézina, Florence|16|2002|ELITE|Québec|2018-12-16|Ontario Junior International|9:04.82|681
7|Datars, Mahaylia|16|2002|STARS|Ontario|2018-12-16|Ontario Junior International|9:05.35|679
8|Dean, Rebecca|16|2002|ROD|Saskatchewan|2018-11-04|Odlum Brown Colleges Cup Pacific Hosted by UBC|9:05.56|678
9|Carruthers, Caroline|16|2001|ESWIM|Ontario|2018-10-26|Gus Ryder Memorial Cup|9:06.20|675
10|Mccallum, Amanda|16|2002|RAPID|British Columbia|2018-11-09|ISC 2018 Bennett Cup|9:06.74|673
11|Hage, Dounia|16|2001|CAMO|Québec|2018-11-04|Festival provincial par équipe section 1|9:07.27|671
12|Lopes, Leticia|16|2002|ESWIM|Ontario|2018-11-08|2018 Age Group International SC|9:11.90|655
13|Herbert, Bailey|16|2002|LOSC|British Columbia|2018-11-10|November 2018 800/1500 Time Trial|9:13.99|647
14|Willar, Lora|16|2002|PCSC|Québec|2018-11-04|Festival provincial par équipe section 1|9:14.32|646
15|Froh, Zoe|16|2002|SKSC|British Columbia|2018-12-16|Ontario Junior International|9:14.77|645
16|Puhalski, Lindsay|16|2002|TBT|Ontario|2018-11-04|NYAC Cup|9:16.25|639
17|Moffitt, Abigail|16|2002|NKB|Ontario|2019-02-02|2019 Eastern Ontario Regional Championships (SC/LC)|9:16.53|638
18|Gao, Carleen|16|2002|HYACK|British Columbia|2018-11-09|2018 Brad Reid Memorial Invitational|9:19.20|629
19|Zastre, Samantha|16|2002|WVOSC|British Columbia|2019-01-18|Canadian Dolphin New Years Invitational 2019|9:19.56|628
20|Greaves, Elizabeth|16|2002|PERTH|Ontario|2019-02-02|2019 Eastern Ontario Regional Championships (SC/LC)|9:19.68|628
21|Klenk, Haley|16|2002|SPART|British Columbia|2018-11-09|2018 Brad Reid Memorial Invitational|9:21.10|623
22|Duclos, Michi|16|2002|VPSC|British Columbia|2018-12-13|JP Fiset Invitational|9:22.12|620
23|Callon, Katherine|16|2002|LAC|Ontario|2019-01-31|2019 Western Region SC Champs|9:22.13|620
24|Meklensek, Tori|16|2002|CW|Ontario|2018-11-16|Expressway Lincoln Fall Invitational|9:22.75|617
25|Sostar, Abby|16|2002|OTTER|Ontario|2018-11-11|42nd Cindy Nicholas Invitational|9:25.53|608
26|Fogarty, Molly|16|2001|CSSSC|British Columbia|2018-11-02|VKSC Fall Invitational 2018|9:25.98|607
27|Hebert, Taylor|16|2002|ROD|Saskatchewan|2018-12-15|ManSask Championships Short Course Open Championships|9:27.82|601
28|Billson, Tressa|16|2002|WAC|Ontario|2018-12-07|Border City Invitational|9:28.06|600
29|Nichols, Abbey|16|2002|UCRO|Ontario|2019-02-02|2019 Eastern Ontario Regional Championships (SC/LC)|9:28.55|599
30|Lloyd, Jordan|16|2002|NYAC|Ontario|2018-12-09|Youth Cup|9:28.57|599
31|Mastroianni, Isabella|16|2002|SLSC|Ontario|2019-02-01|Dave Kensit Memorial SC Championship|9:28.65|598
32|Bellio, Vanessa|16|2002|ESWIM|Ontario|2019-01-11|2019 Etobicoke A-B Meet|9:28.68|598
33|Dionne, Charlotte|16|2002|CNQ|Québec|2018-11-04|Festival provincial par équipe section 1|9:28.87|598
34|Sitolay, Karnika|16|2002|CASC|Alberta|2018-12-13|JP Fiset Invitational|9:29.14|597
35|Sutton, Emma|16|2002|CASC|Alberta|2018-12-13|JP Fiset Invitational|9:31.44|590
36|St-Germain, Lea|16|2002|SAMAK|Québec|2018-12-16|Invitation Provinciale des fêtes avec épreuves Ho! Ho! Eau Libre|9:31.63|589
37|McMurray, Cailin|16|2002|CSLA|Québec|2018-11-11|Festival provincial par équipe section 2|9:31.96|588
38|Chomey, Sarah|16|2002|EKSC|Alberta|2018-12-13|JP Fiset Invitational|9:32.38|587
39|Peck, Andrea|16|2002|NG|Québec|2018-12-09|Gatineau Grand Prix|9:32.80|586
40|Banton, Paige|16|2002|SSAT|Ontario|2018-11-08|2018 Age Group International SC|9:33.37|584
41|Solar, Milana|16|2002|LOSC|British Columbia|2018-12-09|16th Annual XMAS Cracker Invitational|9:33.46|584
42|Ashley, Drew|16|2002|MAC|Ontario|2018-11-30|2018 Union Cup|9:33.52|583
43|Gatrall, Madelyn|16|2002|WAC|Ontario|2018-12-07|Border City Invitational|9:33.81|582
44|Dunn, Elleri|16|2002|CP|Alberta|2018-12-13|JP Fiset Invitational|9:34.47|580
45|Hunt, Zoe|16|2002|TBT|Ontario|2018-12-09|Youth Cup|9:36.23|575
46|McColl, Casey|16|2002|NEW|Ontario|2019-01-11|2019 Etobicoke A-B Meet|9:36.40|575
47|Nguyen, Tram|16|2002|NKB|Ontario|2018-11-08|2018 Age Group International SC|9:36.56|574
48|Mailloux, Neve|16|2002|SAMAK|Québec|2018-11-11|Festival provincial par équipe section 2|9:36.95|573
49|Eusanio, Lauren|16|2002|TRIT|Alberta|2018-12-13|JP Fiset Invitational|9:37.60|571
50|Montgomery, Alyssa|16|2002|BROCK|Ontario|2019-01-20|Winter Invitational|9:37.72|571