RANK|ATHLETES|AGE|YOB|CLUB|PROVINCE|DATE|MEET|TIME|FINA
1|Orogo, Paul|11|2006|HYACK|British Columbia|2018-11-11|2018 Brad Reid Memorial Invitational|1:07.18|386
2|Lewison, Brady|11|2007|GHAC|Ontario|2019-02-16|2019 Ontario Winter Festival Championships|1:07.34|383
3|Iarmenco, Maxim|11|2007|LAVAL|Québec|2019-06-16|Championnat provincial 11-12 ans et Paranatation d'été|1:08.86|358
4|Sun, Ivan|11|2007|VPSC|British Columbia|2019-06-21|SUMMER AGE GROUP CHAMPIONSHIPS|1:10.94|327
5|Currie, Aleron|11|2007|CHENA|British Columbia|2019-06-21|SUMMER AGE GROUP CHAMPIONSHIPS|1:10.95|327
6|Kirk, Aiden|11|2007|KAJ|British Columbia|2019-02-22|Winter Age Group Championships|1:11.01|326
7|Chen, Isaac|11|2007|WSC|British Columbia|2019-07-28|SKSC Summer Fest|1:11.56|319
8|Soloviev, Victor|11|2006|RHAC|Ontario|2018-11-24|Alex Baumann Invitational|1:11.81|316
9|Ducheck, Desmond|11|2007|SOSC|British Columbia|2019-06-21|SUMMER AGE GROUP CHAMPIONSHIPS|1:11.82|316
10|Deshayes, Parker|11|2007|CASC|Alberta|2019-03-03|Provincials - Short Course|1:12.09|312
11|Du, Samuel Jinyang|11|2008|MST~|Ontario|2019-02-16|2019 Ontario Winter Festival Championships|1:12.17|311
12|Rexha, Erik|11|2007|SPART|British Columbia|2019-06-21|SUMMER AGE GROUP CHAMPIONSHIPS|1:12.27|310
13|Mountstevens, Rohin|11|2006|CHENA|British Columbia|2018-12-14|Rapids Fast-Swim Classic|1:12.49|307
13|Dong, Shangjia (Merlyn)|11|2007|CW|Ontario|2019-02-16|2019 Ontario Winter Festival Championships|1:12.49|307
15|Tran, Jack|11|2007|BRANT|Ontario|2019-02-16|2019 Ontario Winter Festival Championships|1:12.53|306
16|Cortez, David|11|2007|CAMO|Québec|2018-12-07|Invitation provinciale AA-AAA Noël + Développement 11-12 ans CAMO|1:12.98|301
17|Morin, Lucas|11|2007|DDO|Québec|2019-05-19|Invitation Provinciale Dollard-Des-Ormeaux en 25 M|1:13.16|298
18|Williams, Austin|11|2007|BBST|Ontario|2019-06-22|BYST Season Final Fun Day Meet|1:13.36|296
19|Vellescig, Evan|11|2007|HYACK|British Columbia|2019-06-21|SUMMER AGE GROUP CHAMPIONSHIPS|1:13.50|294
20|Weaver, Thorne|11|2006|GGST|Ontario|2018-10-20|Downtown Sprint Meet|1:13.63|293
21|Mrugala, Eric|11|2007|OSC|Alberta|2018-12-09|16th Annual XMAS Cracker Invitational|1:13.72|292
22|Kim, Lucas|11|2007|HYACK|British Columbia|2019-06-21|SUMMER AGE GROUP CHAMPIONSHIPS|1:13.85|290
23|Shearer, Ewan|11|2007|LAC|Ontario|2019-02-16|2019 Ontario Winter Festival Championships|1:14.11|287
24|Wong, Adam|11|2008|WVOSC|British Columbia|2019-06-21|SUMMER AGE GROUP CHAMPIONSHIPS|1:14.16|287
25|Zou, Ethan|11|2006|NYAC|Ontario|2018-11-03|NYAC Cup|1:14.31|285
26|Chari, Vikas|11|2007|OAK|Ontario|2018-11-24|LAC - Nothers Fall Invitational|1:14.51|283
27|Dennison, Daniel|11|2007|CASC|Alberta|2019-03-09|Wild Hair FCM|1:14.66|281
28|Lortie, Justin|11|2007|CNQ|Québec|2019-02-17|Championnat provincial 11-12 ans et Paranatation - Hiver|1:14.88|278
29|Park, Minhyuk|11|2008|LOSC|British Columbia|2019-06-21|SUMMER AGE GROUP CHAMPIONSHIPS|1:14.90|278
30|Killam, Ethan|11|2007|MASC|Ontario|2019-01-26|Joanne Malar|1:14.95|278
31|Deschambault, Noah|11|2007|VPSC|British Columbia|2019-02-22|Winter Age Group Championships|1:15.09|276
32|Li, Michael|11|2008|MAC|Ontario|2019-04-27|2019 Ontario Team Challenge|1:15.22|275
33|Moots, Jacob|11|2007|TSC|Ontario|2019-03-02|Steve Kingston Memorial Swim Meet|1:15.46|272
34|Chan, Alonzo|11|2008|SKSC|British Columbia|2019-06-21|SUMMER AGE GROUP CHAMPIONSHIPS|1:15.50|272
35|Zhao, Yiming|11|2007|PCSC|Québec|2018-11-04|Festival provincial par équipe section 1|1:15.62|270
36|Lavoie, Christopher|11|2007|PPSC|Ontario|2019-02-16|2019 Ontario Winter Festival Championships|1:15.66|270
36|Chawky, Matisse|11|2007|MUST|Québec|2019-06-16|Championnat provincial 11-12 ans et Paranatation d'été|1:15.66|270
38|Van Straaten, Euan|11|2007|GO|Ontario|2018-11-04|GO Fall Invitational|1:15.67|270
38|Paquette-Dicke, Émeric|11|2007|NG|Québec|2019-06-16|Championnat provincial 11-12 ans et Paranatation d'été|1:15.67|270
40|Gort, Toby|11|2007|NYAC|Ontario|2019-02-16|2019 Ontario Winter Festival Championships|1:15.87|268
41|Wang, Daniel|11|2006|PSW|British Columbia|2018-12-09|16th Annual XMAS Cracker Invitational|1:15.88|267
42|Amaral, Lucas|11|2007|NEW|Ontario|2019-02-16|2019 Ontario Winter Festival Championships|1:15.99|266
43|McLeod, Zachary|11|2007|WDSC|British Columbia|2019-06-08|Knights June Jamboree 2019|1:16.06|266
44|Murphy, Zackary|11|2007|TIDE|New Brunswick|2019-02-01|NB Open Cup - Coupe NB|1:16.07|265
45|Wang, Sirius (Sirui)|11|2007|WVOSC|British Columbia|2019-01-18|Canadian Dolphin New Years Invitational 2019|1:16.19|264
46|Smith, Jackson|11|2007|GLEN|Alberta|2019-04-13|UCSC Dino Cup|1:16.21|264
47|Kim, Laon|11|2008|HYACK|British Columbia|2019-07-28|SKSC Summer Fest|1:16.40|262
48|Smith, Jonah|11|2007|NCSA|Alberta|2019-05-25|Summer Festival South|1:16.52|261
48|Miekus, Mark|11|2007|MSSAC|Ontario|2019-02-16|2019 Ontario Winter Festival Championships|1:16.52|261
50|Fenning, Andrew|11|2007|UCSC|Alberta|2019-07-14|UCSC Western Finale|1:16.73|259