RANK|ATHLETES|AGE|YOB|CLUB|PROVINCE|DATE|MEET|TIME|FINA
1|Sun, Ivan|11|2007|VPSC|British Columbia|2019-06-23|SUMMER AGE GROUP CHAMPIONSHIPS|2:42.27|408
2|Wall, Joshua|11|2007|RAPID|British Columbia|2019-06-23|SUMMER AGE GROUP CHAMPIONSHIPS|2:42.29|408
3|Godden, Austin|11|2006|PCSC|Québec|2018-11-04|Festival provincial par équipe section 1|2:54.28|330
4|Wang, Sirius (Sirui)|11|2007|WVOSC|British Columbia|2019-02-24|Winter Age Group Championships|2:54.50|328
5|Li, Andrew|11|2007|VPSC|British Columbia|2019-06-23|SUMMER AGE GROUP CHAMPIONSHIPS|2:55.86|321
6|Vellescig, Evan|11|2007|HYACK|British Columbia|2019-06-23|SUMMER AGE GROUP CHAMPIONSHIPS|2:55.87|321
7|Wheeler, Dyllan|11|2007|CPWD|Ontario|2019-02-03|2019 Eastern Ontario Regional Championships (SC/LC)|2:57.01|315
8|Cheung, Matthew|11|2006|UCSC|Alberta|2018-12-15|UCSC Holiday Classic|2:57.91|310
9|Zhao, Yiming|11|2007|PCSC|Québec|2019-02-16|Championnat provincial 11-12 ans et Paranatation - Hiver|2:58.27|308
10|Namba, Kai|11|2006|RIP|Alberta|2018-11-16|KSC SC Invitational 2018|3:00.05|299
11|Trudel, Renaud|11|2007|ELITE|Québec|2019-06-16|Championnat provincial 11-12 ans et Paranatation d'été|3:00.31|298
12|Kim, Lucas|11|2007|HYACK|British Columbia|2019-06-08|Knights June Jamboree 2019|3:00.55|296
13|Lee, Yuto|11|2007|NKB|Ontario|2019-02-16|2019 Ontario Winter Festival Championships|3:00.60|296
14|Chen, Isaac|11|2007|WSC|British Columbia|2018-12-09|2018 Spartan Santa LMR|3:00.95|294
15|Johnson, Gavin|11|2007|VKSC|British Columbia|2019-02-24|Winter Age Group Championships|3:01.06|294
16|Kennedy, Cameron|11|2007|JDSS|Ontario|2019-02-16|2019 Ontario Winter Festival Championships|3:01.53|292
17|Clawson-Honeyman, Finn|11|2007|NG|Québec|2019-02-16|Championnat provincial 11-12 ans et Paranatation - Hiver|3:01.69|291
18|Xu, Jialiang|11|2007|BORC|Ontario|2018-12-21|2018 Trillium Cup|3:01.71|291
19|Chen, Lucas|11|2007|RHAC|Ontario|2019-02-16|2019 Ontario Winter Festival Championships|3:02.11|289
20|Kirk, Aiden|11|2007|KAJ|British Columbia|2018-12-15|26th Annual MJB Law Classic SCM|3:02.13|289
21|Terejko, Noah|11|2007|WRMS|Ontario|2019-02-16|2019 Ontario Winter Festival Championships|3:02.78|286
22|Vellescig, Ean|11|2007|HYACK|British Columbia|2019-02-24|Winter Age Group Championships|3:02.94|285
23|Tao, Zhe Rui|11|2008|RAPID|British Columbia|2019-06-23|SUMMER AGE GROUP CHAMPIONSHIPS|3:03.48|282
24|Kim, Laon|11|2008|HYACK|British Columbia|2019-06-23|SUMMER AGE GROUP CHAMPIONSHIPS|3:03.54|282
25|Wang, Daniel|11|2006|PSW|British Columbia|2018-11-11|2018 Brad Reid Memorial Invitational|3:04.04|280
26|Lewison, Brady|11|2007|GHAC|Ontario|2018-11-24|2018 GHAC November Invitational|3:04.69|277
26|Morin, Lucas|11|2007|DDO|Québec|2019-05-19|Invitation Provinciale Dollard-Des-Ormeaux en 25 M|3:04.69|277
28|Wu, Felix|11|2007|SAMAK|Québec|2019-06-16|Championnat provincial 11-12 ans et Paranatation d'été|3:05.47|273
29|Haas, Ethan|11|2007|SSAT|Ontario|2019-02-16|2019 Ontario Winter Festival Championships|3:05.70|272
30|Mastromatteo, Tazio|11|2008|KSS|Ontario|2019-04-27|NWO Spring Invitational|3:05.99|271
31|Chari, Vikas|11|2007|OAK|Ontario|2018-11-02|NYAC Cup|3:06.36|269
32|Kay, Declan|11|2007|SCAR|Ontario|2019-02-16|2019 Ontario Winter Festival Championships|3:06.45|269
33|Gravel, Thomas|11|2007|CNCI|Québec|2019-05-26|Championnat régional Sag-Lac 5|3:06.89|267
34|Zahra, Justin|11|2007|NEW|Ontario|2018-12-08|Border City Invitational|3:07.31|265
35|Sadoughi, Arshaum|11|2007|RHAC|Ontario|2019-02-16|2019 Ontario Winter Festival Championships|3:07.34|265
36|Dong, Shangjia (Merlyn)|11|2007|CW|Ontario|2019-02-02|2019 Western Region SC Champs|3:07.47|265
37|Huddleston, Jordan|11|2006|EBSC|Ontario|2018-11-11|42nd Cindy Nicholas Invitational|3:08.41|261
38|Kenny, Malachi|11|2007|PPSC|Ontario|2019-02-16|2019 Ontario Winter Festival Championships|3:08.48|260
39|Cheng, Alex Wang Chi|11|2008|CDSC|British Columbia|2019-06-23|SUMMER AGE GROUP CHAMPIONSHIPS|3:09.23|257
40|Mok, Joshua|11|2007|HAC|Ontario|2019-02-16|2019 Ontario Winter Festival Championships|3:09.79|255
41|Lemay, Felix Antoine|11|2007|TORP|Québec|2018-11-04|Festival provincial par équipe section 3|3:09.98|254
42|Vorobiev, Max|11|2007|RHAC|Ontario|2019-02-16|2019 Ontario Winter Festival Championships|3:10.03|254
43|Shaw, Kellan|11|2007|OTTER|Ontario|2019-02-16|2019 Ontario Winter Festival Championships|3:10.06|254
44|Dawson, Oliver|11|2008|GPP|Alberta|2019-03-03|Provincials - Short Course|3:10.10|254
45|Guo, Jacob|11|2007|NEW|Ontario|2019-02-16|2019 Ontario Winter Festival Championships|3:10.23|253
46|Cao, Tony|11|2008|WSC|British Columbia|2019-06-23|SUMMER AGE GROUP CHAMPIONSHIPS|3:10.29|253
47|Zhuang, Ryan|11|2007|CASC|Alberta|2018-11-16|KSC SC Invitational 2018|3:10.31|253
48|Boiani, Francesco|11|2006|VAC|Ontario|2018-11-11|42nd Cindy Nicholas Invitational|3:10.69|251
49|Radic, George|11|2007|BAD|Ontario|2019-03-03|2019 BAD Spring Invitational|3:10.71|251
50|Liu, Sing|11|2007|PSW|British Columbia|2019-02-24|Winter Age Group Championships|3:10.87|251