RANK|ATHLETES|AGE|YOB|CLUB|PROVINCE|DATE|MEET|TIME|FINA
1|Williams, Austin|11|2007|BBST|Ontario|2019-05-15|BYST In House Competition|1:14.70|312
2|Morin, Lucas|11|2007|DDO|Québec|2018-11-18|Open Sprint SAMAK 2018|1:15.78|299
3|Wheeler, Dyllan|11|2007|CPWD|Ontario|2018-11-24|BYST Fall Invitational|1:16.24|294
4|Trudel, Renaud|11|2007|ELITE|Québec|2019-03-31|Inter club U12|1:16.43|292
5|Dong, Shangjia (Merlyn)|11|2007|CW|Ontario|2018-12-07|Youth Cup|1:16.60|290
6|Kirk, Aiden|11|2007|KAJ|British Columbia|2018-10-14|KISU Triple Pentathlon 2018|1:17.21|283
7|Deshayes, Parker|11|2007|CASC|Alberta|2019-05-25|Summer Festival South|1:17.39|281
8|Fenning, Andrew|11|2007|UCSC|Alberta|2019-03-08|UCSC Team Champs|1:17.67|278
9|Iarmenco, Maxim|11|2007|LAVAL|Québec|2018-10-13|Défi LAVAL-CAEM|1:17.88|276
10|Cortez, David|11|2007|CAMO|Québec|2018-10-13|ARENA Challenge Automne 2018|1:18.16|273
11|Ducheck, Desmond|11|2007|SOSC|British Columbia|2018-10-14|KISU Triple Pentathlon 2018|1:18.23|272
12|Carswell, Riley|11|2007|WEST|Ontario|2019-04-27|2019 Seal Championships|1:18.28|271
13|Verjee, Cash|11|2006|UCSC|Alberta|2018-10-20|UCSC Fall Start Up|1:18.29|271
14|Huddleston, Jordan|11|2006|EBSC|Ontario|2018-10-21|Kingston Blue Marlins Pentathlon|1:18.38|270
15|Longtin, Corbin|11|2007|UCRO|Ontario|2019-06-09|Brockville Splash N Grill|1:18.44|270
16|Yang, Jason|11|2007|CASC|Alberta|2019-03-09|Wild Hair FCM|1:18.82|266
17|Marshall, Johnathan|11|2007|WAVES|Alberta|2019-03-03|Provincials - Short Course|1:18.87|265
18|Mastromatteo, Tazio|11|2008|KSS|Ontario|2019-06-08|Manitoba Open Junior Provincials|1:18.90|265
19|Namba, Kai|11|2006|RIP|Alberta|2018-10-13|Canmore Pentathlon|1:19.08|263
20|Dawson, Oliver|11|2008|GPP|Alberta|2019-06-01|Summer Festival North|1:19.13|263
21|Godden, Austin|11|2006|PCSC|Québec|2018-10-13|ARENA Challenge Automne 2018|1:19.26|261
22|Bouhours, Victor|11|2007|CNQ|Québec|2019-05-04|Invitation du Printemps|1:19.50|259
23|Liu, Sing|11|2007|PSW|British Columbia|2019-01-20|Canadian Dolphin New Years Invitational 2019|1:19.60|258
24|Betser, Eli|11|2006|STSC|Alberta|2018-10-13|Canmore Pentathlon|1:19.70|257
25|Schultz, Cody|11|2007|LASC|Alberta|2019-05-25|Summer Festival South|1:19.76|256
26|Campbell, Trevor|11|2007|ROC|Ontario|2018-12-02|ROC 5 x 400m Pentathlon 2018|1:19.98|254
27|Uyanga, Temuun|11|2007|CSLA|Québec|2018-12-09|Invitation provinciale des fêtes CSLA|1:20.07|254
28|Rusu, Eduard-Daniel|11|2007|LAVAL|Québec|2018-10-13|Défi LAVAL-CAEM|1:20.19|252
29|Smith, Jonah|11|2007|NCSA|Alberta|2019-05-25|Summer Festival South|1:20.33|251
30|Shearer, Ewan|11|2007|LAC|Ontario|2018-10-21|LAC - Fall Startup Part 2|1:20.34|251
31|Rusu, Alexandru|11|2007|CW|Ontario|2018-12-07|Youth Cup|1:20.46|250
32|McFarlane, Spencer|11|2007|NCSA|Alberta|2019-03-10|Silver Tide Invitational|1:20.61|248
33|Timpug, Aiden|11|2007|SEALS|Manitoba|2019-06-08|Manitoba Open Junior Provincials|1:20.66|248
34|Sauvé, Antoine|11|2007|NG|Québec|2019-06-08|Finale régionale des Jeux du Québec|1:20.72|247
35|Park, Minhyuk|11|2008|LOSC|British Columbia|2019-06-15|June 2019 Time Trial|1:21.02|245
36|Van Horne, Jacob|11|2008|KMSC|British Columbia|2019-05-10|Northwest Regional Championship|1:21.06|244
37|Kelly, Broden|11|2007|CASC|Alberta|2019-05-25|Summer Festival South|1:21.11|244
38|Dennison, Daniel|11|2007|CASC|Alberta|2019-03-09|Wild Hair FCM|1:21.16|243
39|Cheung, Matthew|11|2006|UCSC|Alberta|2018-10-20|UCSC Fall Start Up|1:21.35|242
40|Lendrum, Michael|11|2007|CWC|Alberta|2019-02-02|Maverick Madness 2019|1:21.38|241
41|Flaman, Talyn|11|2006|CWC|Alberta|2018-11-11|NCSA Fall Invitational 2018|1:21.48|241
42|Bae, Jihoon|11|2007|LOSC|British Columbia|2019-06-15|June 2019 Time Trial|1:21.56|240
43|Reyes, Bryce|11|2007|MMST|Ontario|2019-06-01|MMST Club Championships 2019|1:21.63|239
44|Barta, Aaron|11|2007|WAC|Ontario|2018-10-14|WAC Pentathlon|1:21.79|238
45|Yin, Robert|11|2006|MAC|Ontario|2018-10-12|MAC Fall Fest Invitational|1:21.81|238
46|Brailean, Iaroslav|11|2007|ELITE|Québec|2019-03-31|Inter club U12|1:21.87|237
47|Allen, Oliver|11|2007|PSW|British Columbia|2019-01-20|Canadian Dolphin New Years Invitational 2019|1:22.04|236
48|Boulmerka, Aymen Houssem|11|2007|ELITE|Québec|2019-03-31|Inter club U12|1:22.07|235
49|Metwally, Reda|11|2006|PCSC|Québec|2018-10-13|ARENA Challenge Automne 2018|1:22.22|234
50|Issakov, Eitan|11|2008|ELITE|Québec|2019-03-31|Inter club U12|1:22.25|234