RANK|ATHLETES|AGE|YOB|CLUB|PROVINCE|DATE|MEET|TIME|FINA
1|Iarmenco, Maxim|11|2007|LAVAL|Québec|2019-06-15|Championnat provincial 11-12 ans et Paranatation d'été|2:23.12|402
2|Orogo, Paul|11|2006|HYACK|British Columbia|2018-11-09|2018 Brad Reid Memorial Invitational|2:25.41|383
3|Lewison, Brady|11|2007|GHAC|Ontario|2019-02-17|2019 Ontario Winter Festival Championships|2:27.64|366
4|Sun, Ivan|11|2007|VPSC|British Columbia|2019-06-23|SUMMER AGE GROUP CHAMPIONSHIPS|2:30.05|348
5|Mountstevens, Rohin|11|2006|CHENA|British Columbia|2018-12-15|Rapids Fast-Swim Classic|2:32.63|331
6|Chen, Isaac|11|2007|WSC|British Columbia|2019-07-27|SKSC Summer Fest|2:32.96|329
7|Chari, Vikas|11|2007|OAK|Ontario|2019-02-17|2019 Ontario Winter Festival Championships|2:33.14|328
8|Currie, Aleron|11|2007|CHENA|British Columbia|2019-06-23|SUMMER AGE GROUP CHAMPIONSHIPS|2:33.47|326
9|Rexha, Erik|11|2007|SPART|British Columbia|2019-06-23|SUMMER AGE GROUP CHAMPIONSHIPS|2:34.01|322
10|Morin, Lucas|11|2007|DDO|Québec|2019-03-24|Invitation Printanière AA et moins tous les âges|2:34.47|319
11|Lortie, Justin|11|2007|CNQ|Québec|2019-02-16|Championnat provincial 11-12 ans et Paranatation - Hiver|2:34.92|316
12|Cortez, David|11|2007|CAMO|Québec|2018-12-08|Invitation provinciale AA-AAA Noël + Développement 11-12 ans CAMO|2:35.25|314
13|Du, Samuel Jinyang|11|2008|MST~|Ontario|2019-02-17|2019 Ontario Winter Festival Championships|2:35.61|312
14|Soloviev, Victor|11|2006|RHAC|Ontario|2018-11-25|Alex Baumann Invitational|2:35.76|311
15|Deschambault, Noah|11|2007|VPSC|British Columbia|2019-02-24|Winter Age Group Championships|2:36.03|310
16|Wong, Adam|11|2008|WVOSC|British Columbia|2019-06-23|SUMMER AGE GROUP CHAMPIONSHIPS|2:36.09|309
17|Deshayes, Parker|11|2007|CASC|Alberta|2019-01-19|Pugsley's Plunge 2019|2:36.67|306
18|Ducheck, Desmond|11|2007|SOSC|British Columbia|2019-06-23|SUMMER AGE GROUP CHAMPIONSHIPS|2:37.09|304
19|Chan, Alonzo|11|2008|SKSC|British Columbia|2019-06-23|SUMMER AGE GROUP CHAMPIONSHIPS|2:37.18|303
20|Zhao, Yiming|11|2007|PCSC|Québec|2019-02-16|Championnat provincial 11-12 ans et Paranatation - Hiver|2:37.43|302
21|Park, Minhyuk|11|2008|LOSC|British Columbia|2019-06-23|SUMMER AGE GROUP CHAMPIONSHIPS|2:37.55|301
22|Vellescig, Evan|11|2007|HYACK|British Columbia|2019-06-23|SUMMER AGE GROUP CHAMPIONSHIPS|2:38.17|297
23|McLeod, Zachary|11|2007|WDSC|British Columbia|2019-06-23|SUMMER AGE GROUP CHAMPIONSHIPS|2:38.19|297
24|Zou, Ethan|11|2006|NYAC|Ontario|2018-12-09|Youth Cup|2:38.60|295
25|Felt, Tyler|11|2007|ISC|British Columbia|2019-02-24|Winter Age Group Championships|2:39.37|291
26|Wang, Daniel|11|2006|PSW|British Columbia|2018-12-08|16th Annual XMAS Cracker Invitational|2:39.43|290
27|Dong, Shangjia (Merlyn)|11|2007|CW|Ontario|2018-12-09|Youth Cup|2:39.46|290
28|Kirk, Aiden|11|2007|KAJ|British Columbia|2018-11-17|2018 KAJ Fall Classic|2:39.81|288
29|Mrugala, Eric|11|2007|OSC|Alberta|2018-12-08|16th Annual XMAS Cracker Invitational|2:39.93|288
30|Shearer, Ewan|11|2007|LAC|Ontario|2019-02-17|2019 Ontario Winter Festival Championships|2:39.98|287
31|Chawky, Matisse|11|2007|MUST|Québec|2019-04-14|Grand prix de Montréal Invitation 12 ans et moins|2:40.45|285
32|Usher, Gavin|11|2006|BTSC|Ontario|2018-12-01|2018 Barrie Trojan Cup|2:41.43|280
33|Matz, Ethan|11|2007|GHAC|Ontario|2019-02-17|2019 Ontario Winter Festival Championships|2:41.44|280
34|Gort, Toby|11|2007|NYAC|Ontario|2019-02-17|2019 Ontario Winter Festival Championships|2:41.49|279
35|Killam, Ethan|11|2007|MASC|Ontario|2019-01-27|Joanne Malar|2:41.68|278
36|Benyahia, Riad|11|2007|CAMO|Québec|2019-06-15|Championnat provincial 11-12 ans et Paranatation d'été|2:41.93|277
37|Shi, Alex|11|2007|OAK|Ontario|2019-02-17|2019 Ontario Winter Festival Championships|2:42.15|276
38|Kim, Eun-Woo|11|2007|NYAC|Ontario|2019-02-17|2019 Ontario Winter Festival Championships|2:42.30|275
39|Vilchez, Lucian|11|2008|BTSC|Ontario|2019-04-28|2019 Ontario Team Challenge|2:42.67|273
40|Bosman, Beyers|11|2007|CHENA|British Columbia|2019-06-23|SUMMER AGE GROUP CHAMPIONSHIPS|2:43.06|271
41|Vellescig, Ean|11|2007|HYACK|British Columbia|2019-06-08|Knights June Jamboree 2019|2:43.22|271
42|Kim, Laon|11|2008|HYACK|British Columbia|2019-06-08|Knights June Jamboree 2019|2:43.36|270
43|Harrison, Jaques|11|2007|TSC|Ontario|2019-02-17|2019 Ontario Winter Festival Championships|2:43.56|269
44|Allen, Oliver|11|2007|PSW|British Columbia|2019-06-23|SUMMER AGE GROUP CHAMPIONSHIPS|2:43.68|268
45|Williams, Austin|11|2007|BBST|Ontario|2019-02-02|2019 Eastern Ontario Regional Championships (SC/LC)|2:44.22|266
46|Chan, Junhao Alexander|11|2007|PSW|British Columbia|2019-06-23|SUMMER AGE GROUP CHAMPIONSHIPS|2:44.29|265
47|Lendrum, Michael|11|2007|CWC|Alberta|2019-03-02|Provincials - Short Course|2:44.48|264
48|Paquette-Dicke, Émeric|11|2007|NG|Québec|2019-02-16|Championnat provincial 11-12 ans et Paranatation - Hiver|2:44.55|264
49|Courtemanche, Isaac|11|2007|TORP|Québec|2019-06-15|Championnat provincial 11-12 ans et Paranatation d'été|2:44.74|263
50|Wall, Joshua|11|2007|RAPID|British Columbia|2019-03-15|Rapids TT #4|2:45.13|261