RANK|ATHLETES|AGE|YOB|CLUB|PROVINCE|DATE|MEET|TIME|FINA
1|Orogo, Paul|11|2006|HYACK|British Columbia|2018-11-09|2018 Brad Reid Memorial Invitational|31.27|358
2|Lewison, Brady|11|2007|GHAC|Ontario|2018-12-08|Border City Invitational|32.14|330
3|Deshayes, Parker|11|2007|CASC|Alberta|2019-05-26|Summer Festival South|32.92|307
4|Iarmenco, Maxim|11|2007|LAVAL|Québec|2019-06-09|Invitation Super Splash|33.10|302
5|Currie, Aleron|11|2007|CHENA|British Columbia|2019-06-23|SUMMER AGE GROUP CHAMPIONSHIPS|33.28|297
6|Vellescig, Evan|11|2007|HYACK|British Columbia|2019-06-21|SUMMER AGE GROUP CHAMPIONSHIPS|33.61|288
7|Senez, Logan|11|2006|CAMO|Québec|2018-10-14|ARENA Challenge Automne 2018|33.77|284
7|Sun, Ivan|11|2007|VPSC|British Columbia|2019-06-21|SUMMER AGE GROUP CHAMPIONSHIPS|33.77|284
9|Du, Samuel Jinyang|11|2008|MST~|Ontario|2019-02-17|2019 Ontario Winter Festival Championships|33.78|284
10|Williams, Austin|11|2007|BBST|Ontario|2019-05-15|BYST In House Competition|33.82|283
11|Dong, Shangjia (Merlyn)|11|2007|CW|Ontario|2019-02-03|2019 Western Region SC Champs|33.96|280
12|Rexha, Erik|11|2007|SPART|British Columbia|2019-06-21|SUMMER AGE GROUP CHAMPIONSHIPS|33.98|279
13|Soloviev, Victor|11|2006|RHAC|Ontario|2018-11-25|Alex Baumann Invitational|33.99|279
14|Lavoie, Christopher|11|2007|PPSC|Ontario|2019-02-03|2019 Eastern Ontario Regional Championships (SC/LC)|34.05|277
15|Li, Michael|11|2008|MAC|Ontario|2019-04-28|2019 Ontario Team Challenge|34.06|277
16|Shearer, Ewan|11|2007|LAC|Ontario|2019-02-01|2019 Western Region SC Champs|34.18|274
17|Allen, Oliver|11|2007|PSW|British Columbia|2019-02-22|Winter Age Group Championships|34.20|274
18|Zhao, David|11|2007|VPSC|British Columbia|2019-01-19|Canadian Dolphin New Years Invitational 2019|34.25|273
19|Mrugala, Eric|11|2007|OSC|Alberta|2018-12-15|JP Fiset Invitational|34.40|269
20|Ducheck, Desmond|11|2007|SOSC|British Columbia|2019-02-22|Winter Age Group Championships|34.49|267
21|Kim, Laon|11|2008|HYACK|British Columbia|2019-07-27|SKSC Summer Fest|34.71|262
22|Chen, Isaac|11|2007|WSC|British Columbia|2019-06-21|SUMMER AGE GROUP CHAMPIONSHIPS|34.81|260
23|Kelly, Broden|11|2007|CASC|Alberta|2019-05-26|Summer Festival South|34.88|258
24|Verjee, Cash|11|2006|UCSC|Alberta|2018-10-27|Cascade Speed Meet|34.91|257
25|Chari, Vikas|11|2007|OAK|Ontario|2019-02-17|2019 Ontario Winter Festival Championships|34.94|257
26|Killam, Ethan|11|2007|MASC