RANK|ATHLETES|AGE|YOB|CLUB|PROVINCE|DATE|MEET|TIME|FINA
1|Orogo, Paul|11|2006|HYACK|British Columbia|2018-11-10|2018 Brad Reid Memorial Invitational|5:21.69|392
2|Iarmenco, Maxim|11|2007|LAVAL|Québec|2019-06-16|Championnat provincial 11-12 ans et Paranatation d'été|5:22.82|388
3|Kirk, Aiden|11|2007|KAJ|British Columbia|2019-02-22|Winter Age Group Championships|5:23.51|385
4|Sun, Ivan|11|2007|VPSC|British Columbia|2019-06-21|SUMMER AGE GROUP CHAMPIONSHIPS|5:27.43|372
5|Zhao, Yiming|11|2007|PCSC|Québec|2019-02-16|Championnat provincial 11-12 ans et Paranatation - Hiver|5:28.45|368
6|Wall, Joshua|11|2007|RAPID|British Columbia|2019-06-21|SUMMER AGE GROUP CHAMPIONSHIPS|5:30.06|363
7|Chen, Isaac|11|2007|WSC|British Columbia|2019-06-21|SUMMER AGE GROUP CHAMPIONSHIPS|5:30.38|362
8|Cortez, David|11|2007|CAMO|Québec|2018-11-03|Festival provincial par équipe section 1|5:31.90|357
9|Chari, Vikas|11|2007|OAK|Ontario|2019-02-16|2019 Ontario Winter Festival Championships|5:32.00|356
10|Wheeler, Dyllan|11|2007|CPWD|Ontario|2019-02-02|2019 Eastern Ontario Regional Championships (SC/LC)|5:36.43|342
11|Deschambault, Noah|11|2007|VPSC|British Columbia|2019-02-22|Winter Age Group Championships|5:37.46|339
12|Fenning, Andrew|11|2007|UCSC|Alberta|2019-07-14|UCSC Western Finale|5:37.49|339
13|Lortie, Justin|11|2007|CNQ|Québec|2019-02-16|Championnat provincial 11-12 ans et Paranatation - Hiver|5:40.30|331
14|Zou, Ethan|11|2006|NYAC|Ontario|2018-12-07|Youth Cup|5:42.06|326
15|Wang, Daniel|11|2006|PSW|British Columbia|2018-12-09|16th Annual XMAS Cracker Invitational|5:42.51|325
16|Ducheck, Desmond|11|2007|SOSC|British Columbia|2019-06-21|SUMMER AGE GROUP CHAMPIONSHIPS|5:43.11|323
17|Rusu, Eduard-Daniel|11|2007|LAVAL|Québec|2018-11-10|Festival provincial par équipe section 5 - Ouest|5:43.33|322
18|Trudel, Renaud|11|2007|ELITE|Québec|2019-06-16|Championnat provincial 11-12 ans et Paranatation d'été|5:44.49|319
19|Lewison, Brady|11|2007|GHAC|Ontario|2018-11-02|NYAC Cup|5:45.54|316
20|Wang, Sirius (Sirui)|11|2007|WVOSC|British Columbia|2019-02-22|Winter Age Group Championships|5:46.30|314
21|McLeod, Zachary|11|2007|WDSC|British Columbia|2019-06-21|SUMMER AGE GROUP CHAMPIONSHIPS|5:46.56|313
22|Hibbert, Samuel|11|2007|GGST|Ontario|2019-02-16|2019 Ontario Winter Festival Championships|5:46.86|312
23|Tran, Jack|11|2007|BRANT|Ontario|2018-12-15|Team Showdown 2018|5:47.01|312
24|Wong, Adam|11|2008|WVOSC|British Columbia|2019-06-21|SUMMER AGE GROUP CHAMPIONSHIPS|5:47.19|312
25|Chan, Alonzo|11|2008|SKSC|British Columbia|2019-06-21|SUMMER AGE GROUP CHAMPIONSHIPS|5:47.38|311
26|Mrugala, Eric|11|2007|OSC|Alberta|2018-12-09|16th Annual XMAS Cracker Invitational|5:48.78|307
27|Currie, Aleron|11|2007|CHENA|British Columbia|2019-06-21|SUMMER AGE GROUP CHAMPIONSHIPS|5:49.27|306
28|Benyahia, Riad|11|2007|CAMO|Québec|2019-06-16|Championnat provincial 11-12 ans et Paranatation d'été|5:49.53|305
29|Ban, Tom Xitong|11|2007|WSC|British Columbia|2019-04-13|2019 Spartan 11 and Under and LMR Distance|5:52.10|299
30|Lendrum, Michael|11|2007|CWC|Alberta|2019-03-01|Provincials - Short Course|5:52.12|299
31|Dawson, Oliver|11|2008|GPP|Alberta|2019-03-01|Provincials - Short Course|5:52.27|298
32|Morin, Lucas|11|2007|DDO|Québec|2019-02-16|Championnat provincial 11-12 ans et Paranatation - Hiver|5:52.43|298
33|Gallacher, Jonathan|11|2007|UCRO|Ontario|2019-02-16|2019 Ontario Winter Festival Championships|5:52.73|297
34|Schinkelshoek, Cameron|11|2007|CYPS|Ontario|2018-11-23|LAC - Nothers Fall Invitational|5:53.48|295
35|Allen, Oliver|11|2007|PSW|British Columbia|2019-02-22|Winter Age Group Championships|5:53.53|295
36|Bradbury, Dylan|11|2007|WDSC|British Columbia|2019-06-21|SUMMER AGE GROUP CHAMPIONSHIPS|5:53.54|295
37|Ball, Ryan|11|2007|LAC|Ontario|2019-02-16|2019 Ontario Winter Festival Championships|5:53.75|295
38|Cheng, Alex Wang Chi|11|2008|CDSC|British Columbia|2019-07-28|SKSC Summer Fest|5:53.85|294
39|Lee, Yuto|11|2007|NKB|Ontario|2019-02-16|2019 Ontario Winter Festival Championships|5:54.30|293
40|Harper, Louis|11|2007|PCSC|Québec|2019-06-16|Championnat provincial 11-12 ans et Paranatation d'été|5:54.38|293
41|Bouchard, Alexander|11|2007|SBSC|Nova Scotia|2018-12-14|Age Group Development Meet|5:54.72|292
42|Felt, Tyler|11|2007|ISC|British Columbia|2019-02-22|Winter Age Group Championships|5:55.01|291
43|Elaissi, Zacharya|11|2007|ELITE|Québec|2019-06-16|Championnat provincial 11-12 ans et Paranatation d'été|5:56.57|288
44|Mehta-Owens, Keyvan|11|2007|OAK|Ontario|2018-11-23|LAC - Nothers Fall Invitational|5:57.39|286
45|Paquette-Dicke, Émeric|11|2007|NG|Québec|2019-06-16|Championnat provincial 11-12 ans et Paranatation d'été|5:58.19|284
46|Li, Andrew|11|2007|VPSC|British Columbia|2019-06-21|SUMMER AGE GROUP CHAMPIONSHIPS|5:58.44|283
47|LeBlanc, Sawyer|11|2007|SJL|Newfoundland|2019-06-08|2019 Summer Classic Invitational|5:59.41|281
48|Onur, Arman|11|2007|PCSC|Québec|2019-06-16|Championnat provincial 11-12 ans et Paranatation d'été|5:59.59|280
49|Deshayes, Parker|11|2007|CASC|Alberta|2018-12-16|Age Group Food Bank Challenge|5:59.72|280
50|Lavoie, Xavier|11|2007|NG|Québec|2019-06-16|Championnat provincial 11-12 ans et Paranatation d'été|5:59.93|280