RANK|ATHLETES|AGE|YOB|CLUB|PROVINCE|DATE|MEET|TIME|FINA
1|Kirk, Aiden|11|2007|KAJ|British Columbia|2019-02-23|Winter Age Group Championships|2:31.33|380
2|Sun, Ivan|11|2007|VPSC|British Columbia|2019-06-22|SUMMER AGE GROUP CHAMPIONSHIPS|2:31.81|376
3|Kim, Laon|11|2008|HYACK|British Columbia|2019-07-27|SKSC Summer Fest|2:32.13|374
4|Kim, Lucas|11|2007|HYACK|British Columbia|2019-06-22|SUMMER AGE GROUP CHAMPIONSHIPS|2:32.44|371
5|Iarmenco, Maxim|11|2007|LAVAL|Québec|2019-06-15|Championnat provincial 11-12 ans et Paranatation d'été|2:32.54|371
6|Orogo, Paul|11|2006|HYACK|British Columbia|2018-10-28|VPSC Fall Invitational|2:34.19|359
7|Lewison, Brady|11|2007|GHAC|Ontario|2018-12-08|Border City Invitational|2:34.24|359
8|MacDonald, Noah|11|2006|CDSC|British Columbia|2018-10-14|PSW Fall Invitational|2:36.15|346
9|Cortez, David|11|2007|CAMO|Québec|2019-01-26|Invitation Provinciale Pré-Championnat 2019 Finales directes 11-17ans|2:37.11|339
10|Chari, Vikas|11|2007|OAK|Ontario|2019-02-17|2019 Ontario Winter Festival Championships|2:37.75|335
11|Chen, Isaac|11|2007|WSC|British Columbia|2019-01-18|Canadian Dolphin New Years Invitational 2019|2:37.86|334
12|Currie, Aleron|11|2007|CHENA|British Columbia|2019-06-22|SUMMER AGE GROUP CHAMPIONSHIPS|2:37.92|334
13|Tran, Jack|11|2007|BRANT|Ontario|2019-02-17|2019 Ontario Winter Festival Championships|2:37.99|334
14|Wall, Joshua|11|2007|RAPID|British Columbia|2019-06-22|SUMMER AGE GROUP CHAMPIONSHIPS|2:38.24|332
15|Wang, Daniel|11|2006|PSW|British Columbia|2018-12-07|16th Annual XMAS Cracker Invitational|2:38.45|331
16|Wheeler, Dyllan|11|2007|CPWD|Ontario|2019-02-01|2019 Eastern Ontario Regional Championships (SC/LC)|2:39.07|327
17|Zou, Ethan|11|2006|NYAC|Ontario|2018-11-03|NYAC Cup|2:39.69|323
18|Mountstevens, Rohin|11|2006|CHENA|British Columbia|2018-12-14|Rapids Fast-Swim Classic|2:40.19|320
19|Morin, Lucas|11|2007|DDO|Québec|2019-05-19|Invitation Provinciale Dollard-Des-Ormeaux en 25 M|2:40.35|319
20|Ducheck, Desmond|11|2007|SOSC|British Columbia|2019-06-22|SUMMER AGE GROUP CHAMPIONSHIPS|2:40.61|318
21|Zhao, Yiming|11|2007|PCSC|Québec|2018-11-02|Festival provincial par équipe section 1|2:40.79|316
22|Fenning, Andrew|11|2007|UCSC|Alberta|2019-03-02|Provincials - Short Course|2:40.80|316
23|Vellescig, Evan|11|2007|HYACK|British Columbia|2019-06-22|SUMMER AGE GROUP CHAMPIONSHIPS|2:40.81|316
24|Huddleston, Jordan|11|2006|EBSC|Ontario|2018-11-09|42nd Cindy Nicholas Invitational|2:40.98|315
25|Mrugala, Eric|11|2007|OSC|Alberta|2019-01-19|Blue Bears 2019|2:41.15|314
26|Wang, Sirius (Sirui)|11|2007|WVOSC|British Columbia|2019-02-23|Winter Age Group Championships|2:41.20|314
27|Deschambault, Noah|11|2007|VPSC|British Columbia|2019-02-23|Winter Age Group Championships|2:41.41|313
28|Lortie, Justin|11|2007|CNQ|Québec|2019-02-15|Championnat provincial 11-12 ans et Paranatation - Hiver|2:41.52|312
29|Senez, Logan|11|2006|CAMO|Québec|2018-10-14|ARENA Challenge Automne 2018|2:41.58|312
30|Du, Samuel Jinyang|11|2008|MST~|Ontario|2019-02-17|2019 Ontario Winter Festival Championships|2:41.79|311
31|Rusu, Eduard-Daniel|11|2007|LAVAL|Québec|2018-12-08|Invitation provinciale AA-AAA Noël + Développement 11-12 ans CAMO|2:41.91|310
32|Trudel, Renaud|11|2007|ELITE|Québec|2019-06-15|Championnat provincial 11-12 ans et Paranatation d'été|2:42.48|307
33|Deshayes, Parker|11|2007|CASC|Alberta|2019-03-02|Provincials - Short Course|2:42.54|306
34|Li, Michael|11|2008|MAC|Ontario|2019-04-26|2019 Ontario Team Challenge|2:42.85|305
35|Campbell, Trevor|11|2007|ROC|Ontario|2018-10-28|Joe Kerkhoven Memorial Walker Invitational|2:44.00|298
36|Wong, Adam|11|2008|WVOSC|British Columbia|2019-06-22|SUMMER AGE GROUP CHAMPIONSHIPS|2:44.05|298
37|Dong, Shangjia (Merlyn)|11|2007|CW|Ontario|2019-01-19|LAC - 12 and Under Celebration|2:44.22|297
38|Godden, Austin|11|2006|PCSC|Québec|2018-11-25|Bluefins- Invitation Provinciale 11 ans et plus|2:44.23|297
39|Kim, Eun-Woo|11|2007|NYAC|Ontario|2019-02-17|2019 Ontario Winter Festival Championships|2:44.26|297
40|Chen, Lucas|11|2007|RHAC|Ontario|2019-02-17|2019 Ontario Winter Festival Championships|2:44.29|297
41|Zheng, Zhi|11|2008|CDSC|British Columbia|2019-06-22|SUMMER AGE GROUP CHAMPIONSHIPS|2:44.43|296
42|Cheung, Matthew|11|2006|UCSC|Alberta|2018-12-16|UCSC Holiday Classic|2:44.83|294
43|Williams, Austin|11|2007|BBST|Ontario|2019-02-01|2019 Eastern Ontario Regional Championships (SC/LC)|2:44.88|293
44|Chan, Alonzo|11|2008|SKSC|British Columbia|2019-06-22|SUMMER AGE GROUP CHAMPIONSHIPS|2:44.99|293
45|Lai, Jonathan|11|2006|WSC|British Columbia|2018-10-28|VPSC Fall Invitational|2:45.04|293
46|Li, Andrew|11|2007|VPSC|British Columbia|2019-06-22|SUMMER AGE GROUP CHAMPIONSHIPS|2:45.06|292
47|Liu, Sing|11|2007|PSW|British Columbia|2019-01-18|Canadian Dolphin New Years Invitational 2019|2:45.13|292
48|Johnson, Gavin|11|2007|VKSC|British Columbia|2019-02-23|Winter Age Group Championships|2:45.21|292
49|Radic, George|11|2007|BAD|Ontario|2019-03-03|2019 BAD Spring Invitational|2:45.29|291
50|Kay, Declan|11|2007|SCAR|Ontario|2019-02-17|2019 Ontario Winter Festival Championships|2:45.47|290