RANK|ATHLETES|AGE|YOB|CLUB|PROVINCE|DATE|MEET|TIME|FINA
1|Sun, Ivan|11|2007|VPSC|British Columbia|2019-06-22|SUMMER AGE GROUP CHAMPIONSHIPS|1:15.69|396
2|Wall, Joshua|11|2007|RAPID|British Columbia|2019-06-22|SUMMER AGE GROUP CHAMPIONSHIPS|1:18.20|359
3|Li, Andrew|11|2007|VPSC|British Columbia|2019-06-22|SUMMER AGE GROUP CHAMPIONSHIPS|1:19.64|340
4|Wang, Sirius (Sirui)|11|2007|WVOSC|British Columbia|2018-11-18|SFU-Gator LMR Swim Meet|1:21.13|322
5|Lee, Yuto|11|2007|NKB|Ontario|2019-02-17|2019 Ontario Winter Festival Championships|1:21.48|317
6|MacDonald, Noah|11|2006|CDSC|British Columbia|2018-10-13|PSW Fall Invitational|1:21.75|314
7|Terejko, Noah|11|2007|WRMS|Ontario|2019-02-17|2019 Ontario Winter Festival Championships|1:22.15|310
8|Kim, Lucas|11|2007|HYACK|British Columbia|2019-06-22|SUMMER AGE GROUP CHAMPIONSHIPS|1:22.38|307
9|Wheeler, Dyllan|11|2007|CPWD|Ontario|2019-02-02|2019 Eastern Ontario Regional Championships (SC/LC)|1:22.50|306
10|Chen, Isaac|11|2007|WSC|British Columbia|2019-07-27|SKSC Summer Fest|1:23.05|300
11|Trudel, Renaud|11|2007|ELITE|Québec|2019-06-16|Championnat provincial 11-12 ans et Paranatation d'été|1:23.13|299
12|Orogo, Paul|11|2006|HYACK|British Columbia|2018-10-27|VPSC Fall Invitational|1:23.32|297
13|Namba, Kai|11|2006|RIP|Alberta|2018-11-17|KSC SC Invitational 2018|1:23.35|296
14|Verjee, Cash|11|2006|UCSC|Alberta|2018-11-17|KSC SC Invitational 2018|1:23.51|295
15|Vellescig, Evan|11|2007|HYACK|British Columbia|2019-06-22|SUMMER AGE GROUP CHAMPIONSHIPS|1:23.58|294
16|Godden, Austin|11|2006|PCSC|Québec|2018-11-24|Bluefins- Invitation Provinciale 11 ans et plus|1:23.90|291
17|Vellescig, Ean|11|2007|HYACK|British Columbia|2019-06-08|Knights June Jamboree 2019|1:24.24|287
18|Soloviev, Victor|11|2006|RHAC|Ontario|2018-11-23|Alex Baumann Invitational|1:24.25|287
19|Zhao, Yiming|11|2007|PCSC|Québec|2019-02-17|Championnat provincial 11-12 ans et Paranatation - Hiver|1:24.63|283
20|Xu, Jialiang|11|2007|BORC|Ontario|2019-01-26|Joanne Malar|1:24.68|283
21|Clawson-Honeyman, Finn|11|2007|NG|Québec|2019-02-17|Championnat provincial 11-12 ans et Paranatation - Hiver|1:25.00|280
22|Dawson, Oliver|11|2008|GPP|Alberta|2019-03-02|Provincials - Short Course|1:25.22|277
23|Cheung, Matthew|11|2006|UCSC|Alberta|2018-11-25|Winter Festival South|1:25.23|277
24|Chen, Lucas|11|2007|RHAC|Ontario|2019-02-17|2019 Ontario Winter Festival Championships|1:25.35|276
25|Johnson, Gavin|11|2007|VKSC|British Columbia|2019-02-23|Winter Age Group Championships|1:25.41|276
26|Morin, Lucas|11|2007|DDO|Québec|2018-11-18|Open Sprint SAMAK 2018|1:25.57|274
27|Ban, Tom Xitong|11|2007|VPSC|British Columbia|2018-10-27|VPSC Fall Invitational|1:25.67|273
28|Campbell, Trevor|11|2007|ROC|Ontario|2018-12-15|Team Showdown 2018|1:25.83|271
29|Fenning, Andrew|11|2007|UCSC|Alberta|2019-07-13|UCSC Western Finale|1:25.96|270
30|Williams, Austin|11|2007|BBST|Ontario|2019-06-22|BYST Season Final Fun Day Meet|1:26.14|269
31|Kennedy, Cameron|11|2007|JDSS|Ontario|2019-02-17|2019 Ontario Winter Festival Championships|1:26.15|268
32|Wang, Daniel|11|2006|PSW|British Columbia|2018-12-08|16th Annual XMAS Cracker Invitational|1:26.30|267
33|Mastromatteo, Tazio|11|2008|KSS|Ontario|2019-04-28|NWO Spring Invitational|1:26.32|267
34|Kenny, Malachi|11|2007|PPSC|Ontario|2019-02-02|2019 Eastern Ontario Regional Championships (SC/LC)|1:26.37|266
35|Gravel, Thomas|11|2007|CNCI|Québec|2019-05-25|Championnat régional Sag-Lac 5|1:26.47|265
36|Cao, Tony|11|2008|WSC|British Columbia|2019-06-22|SUMMER AGE GROUP CHAMPIONSHIPS|1:26.61|264
37|Dong, Shangjia (Merlyn)|11|2007|CW|Ontario|2019-03-03|Wilmot Aces Team Challenge Cup|1:26.82|262
38|Chari, Vikas|11|2007|OAK|Ontario|2018-12-09|Border City Invitational|1:26.96|261
39|Haas, Ethan|11|2007|SSAT|Ontario|2018-12-09|Border City Invitational|1:27.14|259
40|Tang, Brayden|11|2006|SKSC|British Columbia|2018-09-29|2018 Spartan Sprint Starter|1:27.46|257
41|Lemay, Felix Antoine|11|2007|TORP|Québec|2018-12-16|Invitation développement et groupe d'âge de Noel 2018|1:27.49|256
42|Kay, Declan|11|2007|SCAR|Ontario|2019-02-17|2019 Ontario Winter Festival Championships|1:27.51|256
43|Lewison, Brady|11|2007|GHAC|Ontario|2019-03-30|2019 GHAC March Super Fun Meet|1:27.67|255
44|Kirk, Aiden|11|2007|KAJ|British Columbia|2018-11-03|VKSC Fall Invitational 2018|1:27.91|253
45|Mok, Joshua|11|2007|HAC|Ontario|2019-02-17|2019 Ontario Winter Festival Championships|1:27.97|252
46|Tao, Zhe Rui|11|2008|RAPID|British Columbia|2019-06-22|SUMMER AGE GROUP CHAMPIONSHIPS|1:27.98|252
47|Mrugala, Eric|11|2007|OSC|Alberta|2019-01-19|Blue Bears 2019|1:28.02|252
48|sahr, adamm|11|2007|RHSD|Ontario|2019-02-17|2019 Ontario Winter Festival Championships|1:28.11|251
49|Rusu, Alexandru|11|2007|CW|Ontario|2018-12-09|Youth Cup|1:28.14|251
50|Van Horne, Jacob|11|2008|KMSC|British Columbia|2019-06-22|SUMMER AGE GROUP CHAMPIONSHIPS|1:28.27|250