RANK|ATHLETES|AGE|YOB|CLUB|PROVINCE|DATE|MEET|TIME|FINA
1|Smith, Jonah|11|2007|UCJA|Québec|2018-10-12|Coll. Vieux-Montréal#1 - Sud-Ouest|1:04.56|413
2|Orogo, Paul|11|2006|HYACK|British Columbia|2018-11-11|2018 Brad Reid Memorial Invitational|1:08.10|351
3|Kim, Laon|11|2008|HYACK|British Columbia|2019-07-28|SKSC Summer Fest|1:10.08|322
4|Wang, Daniel|11|2006|PSW|British Columbia|2018-12-09|16th Annual XMAS Cracker Invitational|1:10.21|321
5|Iarmenco, Maxim|11|2007|LAVAL|Québec|2019-06-08|Invitation Super Splash|1:11.16|308
6|Ducheck, Desmond|11|2007|SOSC|British Columbia|2019-06-21|SUMMER AGE GROUP CHAMPIONSHIPS|1:11.29|306
7|Tran, Jack|11|2007|BRANT|Ontario|2019-02-16|2019 Ontario Winter Festival Championships|1:11.36|305
8|MacDonald, Noah|11|2006|CDSC|British Columbia|2018-10-13|PSW Fall Invitational|1:11.42|305
9|Zheng, Zhi|11|2008|CDSC|British Columbia|2019-06-21|SUMMER AGE GROUP CHAMPIONSHIPS|1:11.68|301
10|Kirk, Aiden|11|2007|KAJ|British Columbia|2018-11-17|2018 KAJ Fall Classic|1:11.78|300
11|Morin, Lucas|11|2007|DDO|Québec|2019-06-15|Championnat provincial 11-12 ans et Paranatation d'été|1:11.93|298
12|Currie, Aleron|11|2007|CHENA|British Columbia|2019-06-21|SUMMER AGE GROUP CHAMPIONSHIPS|1:11.99|297
13|Wall, Joshua|11|2007|RAPID|British Columbia|2019-06-21|SUMMER AGE GROUP CHAMPIONSHIPS|1:12.56|290
14|Chen, Isaac|11|2007|WSC|British Columbia|2019-06-21|SUMMER AGE GROUP CHAMPIONSHIPS|1:12.72|289
15|Yang, Jason|11|2007|CASC|Alberta|2019-05-25|Summer Festival South|1:12.76|288
16|Mejia Batres, Franco|11|2007|COBRA|Ontario|2019-02-16|2019 Ontario Winter Festival Championships|1:12.77|288
17|Zou, Ethan|11|2006|NYAC|Ontario|2018-12-08|Youth Cup|1:12.83|287
18|Wheeler, Dyllan|11|2007|CPWD|Ontario|2019-02-02|2019 Eastern Ontario Regional Championships (SC/LC)|1:12.86|287
19|Rusu, Eduard-Daniel|11|2007|LAVAL|Québec|2018-12-07|Invitation provinciale AA-AAA Noël + Développement 11-12 ans CAMO|1:13.49|280
20|Feng, Raymond|11|2007|VPSC|British Columbia|2019-06-21|SUMMER AGE GROUP CHAMPIONSHIPS|1:13.50|279
21|Bae, Jihoon|11|2007|LOSC|British Columbia|2019-06-21|SUMMER AGE GROUP CHAMPIONSHIPS|1:13.84|276
22|Fenning, Andrew|11|2007|UCSC|Alberta|2019-03-03|Provincials - Short Course|1:13.89|275
23|Benyahia, Riad|11|2007|CAMO|Québec|2019-06-15|Championnat provincial 11-12 ans et Paranatation d'été|1:13.98|274
24|Campbell, Trevor|11|2007|ROC|Ontario|2018-12-14|Team Showdown 2018|1:14.11|273
24|Williams, Austin|11|2007|BBST|Ontario|2019-02-02|2019 Eastern Ontario Regional Championships (SC/LC)|1:14.11|273
26|Mrugala, Eric|11|2007|OSC|Alberta|2019-01-20|Blue Bears 2019|1:14.24|271
27|Amaral, Lucas|11|2007|NEW|Ontario|2019-02-16|2019 Ontario Winter Festival Championships|1:14.42|269
28|Kim, Lucas|11|2007|HYACK|British Columbia|2019-07-28|SKSC Summer Fest|1:14.68|266
29|Chan, Alonzo|11|2008|SKSC|British Columbia|2019-06-21|SUMMER AGE GROUP CHAMPIONSHIPS|1:14.83|265
30|Bosman, Beyers|11|2007|CHENA|British Columbia|2019-06-21|SUMMER AGE GROUP CHAMPIONSHIPS|1:14.86|264
31|Deschambault, Noah|11|2007|VPSC|British Columbia|2018-12-09|16th Annual XMAS Cracker Invitational|1:15.02|263
32|Lewison, Brady|11|2007|GHAC|Ontario|2018-11-04|NYAC Cup|1:15.50|258
33|Mountstevens, Rohin|11|2006|CHENA|British Columbia|2018-12-16|Rapids Fast-Swim Classic|1:15.73|255
34|McLeod, Zachary|11|2007|WDSC|British Columbia|2019-06-21|SUMMER AGE GROUP CHAMPIONSHIPS|1:15.93|253
35|Smith, Joshua|11|2007|HANEY|British Columbia|2018-12-09|16th Annual XMAS Cracker Invitational|1:16.03|252
36|Longtin, Corbin|11|2007|UCRO|Ontario|2019-02-02|2019 Eastern Ontario Regional Championships (SC/LC)|1:16.14|251
37|Shearer, Ewan|11|2007|LAC|Ontario|2019-02-16|2019 Ontario Winter Festival Championships|1:16.59|247
38|Duguay, Daniel|11|2007|FAST|New Brunswick|2019-02-03|NB Open Cup - Coupe NB|1:16.65|246
39|Godden, Austin|11|2006|PCSC|Québec|2018-11-04|Festival provincial par équipe section 1|1:16.85|244
40|Bradbury, Dylan|11|2007|WDSC|British Columbia|2019-06-21|SUMMER AGE GROUP CHAMPIONSHIPS|1:16.90|244
41|Zinoubi, Mohamed Taha|11|2007|CNSL|Québec|2019-02-16|Championnat provincial 11-12 ans et Paranatation - Hiver|1:16.91|244
42|Campbell, Silas|11|2007|WAAC|Ontario|2019-05-05|Aqua 7 Finals|1:17.37|239
43|Al Seafan, Adam|11|2006|UCSC|Alberta|2018-10-26|Cascade Speed Meet|1:17.55|238
44|Chen, Felix|11|2007|WSC|British Columbia|2019-02-22|Winter Age Group Championships|1:17.56|238
45|Jayabahu, Dylan|11|2007|CW|Ontario|2019-02-16|2019 Ontario Winter Festival Championships|1:17.77|236
46|Sun, Ivan|11|2007|VPSC|British Columbia|2018-10-28|VPSC Fall Invitational|1:17.84|235
47|Cortez, David|11|2007|CAMO|Québec|2018-11-04|Festival provincial par équipe section 1|1:17.89|235
48|Paquette-Dicke, Émeric|11|2007|NG|Québec|2019-06-15|Championnat provincial 11-12 ans et Paranatation d'été|1:17.94|234
49|Hibbert, Samuel|11|2007|GGST|Ontario|2018-12-07|Gatineau Grand Prix|1:17.96|234
50|Sinclair, Benjamin|11|2007|OSC|Alberta|2019-01-20|Blue Bears 2019|1:18.21|232