RANK|ATHLETES|AGE|YOB|CLUB|PROVINCE|DATE|MEET|TIME|FINA
1|Wall, Joshua|11|2007|RAPID|British Columbia|2018-12-14|Rapids Fast-Swim Classic|36.56|329
2|Kim, Lucas|11|2007|HYACK|British Columbia|2019-07-28|SKSC Summer Fest|36.72|325
3|Wang, Sirius (Sirui)|11|2007|WVOSC|British Columbia|2018-11-09|2018 Brad Reid Memorial Invitational|37.01|317
4|Li, Andrew|11|2007|VPSC|British Columbia|2019-02-10|LMR Championships|37.09|315
5|Cheung, Matthew|11|2006|UCSC|Alberta|2018-12-15|UCSC Holiday Classic|37.31|309
6|Sun, Ivan|11|2007|VPSC|British Columbia|2018-10-28|VPSC Fall Invitational|37.51|305
7|Senez, Logan|11|2006|CAMO|Québec|2018-10-13|ARENA Challenge Automne 2018|37.60|302
8|Terejko, Noah|11|2007|WRMS|Ontario|2019-02-02|2019 Western Region SC Champs|37.69|300
9|Kim, Laon|11|2008|HYACK|British Columbia|2019-06-08|Knights June Jamboree 2019|37.88|296
10|Soloviev, Victor|11|2006|RHAC|Ontario|2018-11-04|Newmarket Stingrays Fall Invitational|38.46|282
11|Orogo, Paul|11|2006|HYACK|British Columbia|2018-10-28|VPSC Fall Invitational|38.70|277
12|Mylonas, Yianni|11|2007|UCSC|Alberta|2019-05-25|Summer Festival South|38.71|277
13|Dawson, Oliver|11|2008|GPP|Alberta|2019-03-03|Provincials - Short Course|38.77|276
14|Mastromatteo, Tazio|11|2008|KSS|Ontario|2019-04-28|NWO Spring Invitational|38.78|276
15|Namba, Kai|11|2006|RIP|Alberta|2018-10-13|Canmore Pentathlon|38.88|273
16|Lee, Yuto|11|2007|NKB|Ontario|2019-02-01|2019 Eastern Ontario Regional Championships (SC/LC)|38.89|273
17|Sun, Liulujia|11|2007|CASO|Québec|2018-12-09|Invitation provinciale des fêtes CSLA|39.02|270
18|Johnson, Gavin|11|2007|VKSC|British Columbia|2018-12-14|26th Annual MJB Law Classic SCM|39.11|269
19|Campbell, Trevor|11|2007|ROC|Ontario|2019-04-28|2019 Ontario Team Challenge|39.12|268
20|Verjee, Cash|11|2006|UCSC|Alberta|2018-11-18|KSC SC Invitational 2018|39.21|267
21|Vellescig, Ean|11|2007|HYACK|British Columbia|2019-06-08|Knights June Jamboree 2019|39.34|264
22|Xu, Jialiang|11|2007|BORC|Ontario|2018-11-10|2018 Age Group International SC|39.41|263
23|Ban, Tom Xitong|11|2007|VPSC|British Columbia|2018-10-28|VPSC Fall Invitational|39.57|259
24|Michael-Ailuelohia, Seth|11|2008|UCSC|Alberta|2019-06-21|UCSC Team Champs|39.82|254
25|Mok, Joshua|11|2007|HAC|Ontario|2019-02-02|2019 Western Region SC Champs|39.95|252
26|Lewison, Brady|11|2007|GHAC|Ontario|2018-11-02|NYAC Cup|40.23|247
27|Mrugala, Eric|11|2007|OSC|Alberta|2018-12-15|JP Fiset Invitational|40.28|246
28|Skrove, Hunter|11|2007|AMAC|Alberta|2019-01-26|Mint Smartwash Winter Classic|40.38|244
29|Morin, Lucas|11|2007|DDO|Québec|2018-11-02|Festival provincial par équipe section 3|40.39|244
30|Kirk, Aiden|11|2007|KAJ|British Columbia|2018-12-14|26th Annual MJB Law Classic SCM|40.43|243
31|Frayn, Hudson|11|2007|GPP|Alberta|2019-06-01|Summer Festival North|40.51|242
32|Dong, Shangjia (Merlyn)|11|2007|CW|Ontario|2019-03-03|Wilmot Aces Team Challenge Cup|40.53|241
33|Chen, Isaac|11|2007|WSC|British Columbia|2018-10-28|VPSC Fall Invitational|40.62|240
34|Boiani, Francesco|11|2006|VAC|Ontario|2018-10-14|2018 Hall of Fame Meet|40.72|238
35|Zhang, Galen|11|2007|ROD|Saskatchewan|2019-03-09|2019 Junior Short Course Provincials|40.73|238
36|Kenny, Malachi|11|2007|PPSC|Ontario|2019-01-19|Petawawa Cabin Fever Snow Squalifier & Fundamentals Skill Competition|40.87|235
37|Fenning, Andrew|11|2007|UCSC|Alberta|2019-03-03|Provincials - Short Course|40.89|235
37|Mastadi, Aymane|11|2007|CNMN|Québec|2019-04-13|Grand prix de Montréal Invitation 12 ans et moins|40.89|235
39|Rusu, Alexandru|11|2007|CW|Ontario|2019-02-02|2019 Western Region SC Champs|40.90|235
40|Abrams, Brock|11|2007|EBSC|Ontario|2018-11-25|BYST Fall Invitational|40.91|235
41|Ding, Albert|11|2008|VAC|Ontario|2019-05-04|VAC - Intersquad Challenge 2019|41.01|233
42|Trudel, Renaud|11|2007|ELITE|Québec|2019-02-03|Invitation Peter-Suen 2019|41.02|233
43|Adlington, Spencer|11|2007|CCSC|Ontario|2019-06-22|Collingwood Invitational 2019|41.06|232
44|Liu, Jason|11|2007|UCSC|Alberta|2018-12-15|UCSC Holiday Classic|41.09|232
45|Deshayes, Parker|11|2007|CASC|Alberta|2018-11-18|KSC SC Invitational 2018|41.13|231
46|Zhuang, Ryan|11|2007|CASC|Alberta|2018-12-16|Age Group Food Bank Challenge|41.14|231
47|Mejia Batres, Franco|11|2007|COBRA|Ontario|2019-03-02|COBRA Power|41.16|230
48|Lai, Jonathan|11|2006|WSC|British Columbia|2018-10-28|VPSC Fall Invitational|41.31|228
49|Haas, Ethan|11|2007|SSAT|Ontario|2019-02-02|Dave Kensit Memorial SC Championship|41.37|227
50|Lemay, Felix Antoine|11|2007|TORP|Québec|2018-12-15|Invitation développement et groupe d'âge de Noel 2018|41.39|227