RANK|ATHLETES|AGE|YOB|CLUB|PROVINCE|DATE|MEET|TIME|FINA
1|Zhao, Yiming|11|2007|PCSC|Québec|2018-12-08|Invitation Provinciale AA-AAA Pointe-Claire 2018|4:50.13|391
2|Chari, Vikas|11|2007|OAK|Ontario|2019-02-17|2019 Ontario Winter Festival Championships|4:50.29|390
3|Cortez, David|11|2007|CAMO|Québec|2018-12-10|Invitation provinciale AA-AAA Noël + Développement 11-12 ans CAMO|4:51.95|384
4|Lortie, Justin|11|2007|CNQ|Québec|2019-02-15|Championnat provincial 11-12 ans et Paranatation - Hiver|4:53.31|378
5|Deschambault, Noah|11|2007|VPSC|British Columbia|2019-02-23|Winter Age Group Championships|4:53.40|378
6|Sun, Ivan|11|2007|VPSC|British Columbia|2018-11-11|ISC 2018 Bennett Cup|4:55.15|371
7|Huddleston, Jordan|11|2006|EBSC|Ontario|2018-11-10|42nd Cindy Nicholas Invitational|4:55.46|370
8|Iarmenco, Maxim|11|2007|LAVAL|Québec|2019-06-15|Championnat provincial 11-12 ans et Paranatation d'été|4:55.91|369
9|Wheeler, Dyllan|11|2007|CPWD|Ontario|2019-02-01|2019 Eastern Ontario Regional Championships (SC/LC)|4:57.64|362
10|Campbell, Trevor|11|2007|ROC|Ontario|2019-04-28|2019 Ontario Team Challenge|4:58.35|360
11|Chan, Junhao Alexander|11|2007|PSW|British Columbia|2019-06-22|SUMMER AGE GROUP CHAMPIONSHIPS|4:59.31|356
12|Radic, George|11|2007|BAD|Ontario|2019-02-17|2019 Ontario Winter Festival Championships|5:00.32|353
13|Liu, Sing|11|2007|PSW|British Columbia|2018-12-16|Rapids Fast-Swim Classic|5:00.65|351
14|Miekus, Mark|11|2007|MSSAC|Ontario|2019-02-17|2019 Ontario Winter Festival Championships|5:00.96|350
15|Tran, Jack|11|2007|BRANT|Ontario|2019-02-17|2019 Ontario Winter Festival Championships|5:01.39|349
16|Kirk, Aiden|11|2007|KAJ|British Columbia|2018-12-15|26th Annual MJB Law Classic SCM|5:01.57|348
17|Benyahia, Riad|11|2007|CAMO|Québec|2019-06-15|Championnat provincial 11-12 ans et Paranatation d'été|5:01.63|348
18|Zinoubi, Mohamed Taha|11|2007|CNSL|Québec|2019-02-15|Championnat provincial 11-12 ans et Paranatation - Hiver|5:01.65|348
19|Fenning, Andrew|11|2007|UCSC|Alberta|2019-07-13|UCSC Western Finale|5:02.22|346
20|Schinkelshoek, Cameron|11|2007|CYPS|Ontario|2019-02-17|2019 Ontario Winter Festival Championships|5:02.37|345
21|Wang, Daniel|11|2006|PSW|British Columbia|2018-11-11|2018 Brad Reid Memorial Invitational|5:02.63|344
22|Chen, Isaac|11|2007|WSC|British Columbia|2019-02-23|Winter Age Group Championships|5:02.93|343
23|Deshayes, Parker|11|2007|CASC|Alberta|2019-03-01|Provincials - Short Course|5:04.29|339
24|Mejia Batres, Franco|11|2007|COBRA|Ontario|2019-01-18|PICK Winter Swim Fest 2019|5:04.53|338
25|Lewison, Brady|11|2007|GHAC|Ontario|2019-03-30|2019 GHAC March Super Fun Meet|5:04.83|337
26|Shi, Alex|11|2007|OAK|Ontario|2019-02-22|David Lawson Invitational|5:04.92|337
27|Paquette-Dicke, Émeric|11|2007|NG|Québec|2019-06-15|Championnat provincial 11-12 ans et Paranatation d'été|5:05.06|336
28|Matteis, Noah|11|2007|CYPS|Ontario|2019-03-03|Wilmot Aces Team Challenge Cup|5:05.67|334
29|Kartoglu, Tolga|11|2007|LAC|Ontario|2019-02-17|2019 Ontario Winter Festival Championships|5:06.74|331
30|Wall, Joshua|11|2007|RAPID|British Columbia|2019-06-22|SUMMER AGE GROUP CHAMPIONSHIPS|5:07.07|330
31|Xu, Jialiang|11|2007|BORC|Ontario|2018-12-21|2018 Trillium Cup|5:07.30|329
32|Hibbert, Samuel|11|2007|GGST|Ontario|2018-12-08|Gatineau Grand Prix|5:07.52|328
33|Harrison, Jaques|11|2007|TSC|Ontario|2019-02-17|2019 Ontario Winter Festival Championships|5:07.98|327
34|Clawson-Honeyman, Finn|11|2007|NG|Québec|2019-02-15|Championnat provincial 11-12 ans et Paranatation - Hiver|5:08.08|327
35|Bouchard, Alexander|11|2007|SBSC|Nova Scotia|2018-12-15|Age Group Development Meet|5:08.44|325
36|Morin, Lucas|11|2007|DDO|Québec|2019-02-15|Championnat provincial 11-12 ans et Paranatation - Hiver|5:09.34|323
37|Fong, Lucas|11|2006|SFA|British Columbia|2018-11-11|2018 Brad Reid Memorial Invitational|5:09.74|321
38|Felt, Tyler|11|2007|ISC|British Columbia|2019-02-23|Winter Age Group Championships|5:10.59|319
39|Brent, Liam|11|2007|GGST|Ontario|2019-02-17|2019 Ontario Winter Festival Championships|5:10.74|318
40|Gallacher, Jonathan|11|2007|UCRO|Ontario|2019-02-17|2019 Ontario Winter Festival Championships|5:10.80|318
41|Uyanga, Temuun|11|2007|CSLA|Québec|2018-11-09|Festival provincial par équipe section 2|5:10.96|318
42|Weaver, Noah|11|2007|ISC|British Columbia|2019-02-23|Winter Age Group Championships|5:11.38|316
43|Mehta-Owens, Keyvan|11|2007|OAK|Ontario|2018-12-08|Border City Invitational|5:11.92|315
44|McLeod, Zachary|11|2007|WDSC|British Columbia|2019-07-27|SKSC Summer Fest|5:12.47|313
45|Trudel, Renaud|11|2007|ELITE|Québec|2019-06-15|Championnat provincial 11-12 ans et Paranatation d'été|5:12.96|311
46|Shaw, Kellan|11|2007|OTTER|Ontario|2019-02-17|2019 Ontario Winter Festival Championships|5:13.62|309
47|Moynan, Ethan|11|2007|TSC|Ontario|2019-02-17|2019 Ontario Winter Festival Championships|5:13.70|309
48|Harper, Louis|11|2007|PCSC|Québec|2019-06-15|Championnat provincial 11-12 ans et Paranatation d'été|5:13.91|309
49|Wei, William|11|2008|CDSC|British Columbia|2019-06-22|SUMMER AGE GROUP CHAMPIONSHIPS|5:13.99|308
50|Filip, Anthony|11|2007|RAMAC|Ontario|2019-02-17|2019 Ontario Winter Festival Championships|5:14.46|307