RANK|ATHLETES|AGE|YOB|CLUB|PROVINCE|DATE|MEET|TIME|FINA
1|Zhao, Yiming|11|2007|PCSC|Québec|2019-02-16|Championnat provincial 11-12 ans et Paranatation - Hiver|9:47.53|429
2|Cortez, David|11|2007|CAMO|Québec|2019-01-27|Invitation Provinciale Pré-Championnat 2019 Finales directes 11-17ans|9:49.87|424
3|Chari, Vikas|11|2007|OAK|Ontario|2019-02-16|2019 Ontario Winter Festival Championships|10:03.20|397
4|Deschambault, Noah|11|2007|VPSC|British Columbia|2018-11-09|ISC 2018 Bennett Cup|10:07.11|389
5|Iarmenco, Maxim|11|2007|LAVAL|Québec|2019-04-13|ARENA Challenge du printemps Développement mixte 2019 CAMO|10:11.67|380
6|Lortie, Justin|11|2007|CNQ|Québec|2019-02-16|Championnat provincial 11-12 ans et Paranatation - Hiver|10:12.38|379
7|Deshayes, Parker|11|2007|CASC|Alberta|2019-03-02|Provincials - Short Course|10:15.06|374
8|Wheeler, Dyllan|11|2007|CPWD|Ontario|2018-11-23|BYST Fall Invitational|10:15.54|373
9|Zinoubi, Mohamed Taha|11|2007|CNSL|Québec|2019-02-16|Championnat provincial 11-12 ans et Paranatation - Hiver|10:16.36|372
10|Chen, Isaac|11|2007|WSC|British Columbia|2019-07-28|SKSC Summer Fest|10:16.92|371
11|Shi, Alex|11|2007|OAK|Ontario|2019-02-16|2019 Ontario Winter Festival Championships|10:17.22|370
12|Wang, Daniel|11|2006|PSW|British Columbia|2018-11-04|Rapids Distance meet|10:17.60|370
13|Sun, Ivan|11|2007|VPSC|British Columbia|2018-11-09|ISC 2018 Bennett Cup|10:23.76|359
14|Mehta-Owens, Keyvan|11|2007|OAK|Ontario|2018-12-07|Border City Invitational|10:27.03|353
15|Weaver, Noah|11|2007|ISC|British Columbia|2018-12-09|16th Annual XMAS Cracker Invitational|10:27.38|353
16|Trudel, Renaud|11|2007|ELITE|Québec|2019-06-15|Championnat provincial 11-12 ans et Paranatation d'été|10:29.83|348
17|Benyahia, Riad|11|2007|CAMO|Québec|2019-04-13|ARENA Challenge du printemps Développement mixte 2019 CAMO|10:32.05|345
18|Campbell, Trevor|11|2007|ROC|Ontario|2019-04-26|2019 Ontario Team Challenge|10:32.09|345
19|Zou, Ethan|11|2006|NYAC|Ontario|2018-11-04|NYAC Cup|10:32.20|345
20|Kirk, Aiden|11|2007|KAJ|British Columbia|2018-11-02|VKSC Fall Invitational 2018|10:32.75|344
21|Schaepper, Jordan|11|2007|ABSC|Ontario|2019-02-16|2019 Ontario Winter Festival Championships|10:35.27|340
22|Gallacher, Jonathan|11|2007|UCRO|Ontario|2019-02-16|2019 Ontario Winter Festival Championships|10:35.70|339
23|Tran, Jack|11|2007|BRANT|Ontario|2018-12-16|Team Showdown 2018|10:35.92|339
24|Williams, Austin|11|2007|BBST|Ontario|2019-05-15|BYST In House Competition|10:37.04|337
25|Mejia Batres, Franco|11|2007|COBRA|Ontario|2019-01-11|2019 Etobicoke A-B Meet|10:37.84|335
26|Morin, Lucas|11|2007|DDO|Québec|2019-03-24|Invitation Printanière AA et moins tous les âges|10:39.55|333
27|Miekus, Mark|11|2007|MSSAC|Ontario|2019-02-16|2019 Ontario Winter Festival Championships|10:39.81|332
28|Moots, Jacob|11|2007|TSC|Ontario|2019-02-16|2019 Ontario Winter Festival Championships|10:40.29|332
29|Schinkelshoek, Cameron|11|2007|CYPS|Ontario|2019-02-16|2019 Ontario Winter Festival Championships|10:40.72|331
30|Harrison, Jaques|11|2007|TSC|Ontario|2019-03-01|Steve Kingston Memorial Swim Meet|10:41.37|330
31|Huddleston, Jordan|11|2006|EBSC|Ontario|2018-11-02|EBSC Fall Invitational Swim Meet|10:43.13|327
32|Brent, Liam|11|2007|GGST|Ontario|2019-02-16|2019 Ontario Winter Festival Championships|10:45.54|324
33|Clawson-Honeyman, Finn|11|2007|NG|Québec|2019-02-16|Championnat provincial 11-12 ans et Paranatation - Hiver|10:46.42|322
34|Ball, Ryan|11|2007|LAC|Ontario|2019-02-16|2019 Ontario Winter Festival Championships|10:46.63|322
35|Kartoglu, Tolga|11|2007|LAC|Ontario|2019-02-16|2019 Ontario Winter Festival Championships|10:46.76|322
36|Bosman, Beyers|11|2007|CHENA|British Columbia|2019-04-13|2019 Spartan 11 and Under and LMR Distance|10:46.79|322
37|Rai, Yuvraj|11|2007|DELTA|British Columbia|2018-12-15|Rapids Fast-Swim Classic|10:47.40|321
38|Campbell, Silas|11|2007|WAAC|Ontario|2019-02-16|2019 Ontario Winter Festival Championships|10:48.10|320
39|Usher, Gavin|11|2006|BTSC|Ontario|2018-11-30|2018 Barrie Trojan Cup|10:48.13|320
40|Velicico, Alexandru|11|2008|LOSC|British Columbia|2019-07-28|SKSC Summer Fest|10:49.72|317
41|Radic, George|11|2007|BAD|Ontario|2018-11-02|2018 BAD Fall Invitational|10:50.38|316
42|Harper, Louis|11|2007|PCSC|Québec|2019-06-15|Championnat provincial 11-12 ans et Paranatation d'été|10:51.56|315
43|Wang, Kevin|11|2007|MST~|Ontario|2018-11-24|Alex Baumann Invitational|10:51.59|315
44|Mountstevens, Rohin|11|2006|CHENA|British Columbia|2018-12-15|Rapids Fast-Swim Classic|10:51.79|314
45|Shaw, Kellan|11|2007|OTTER|Ontario|2019-02-01|2019 Huronia SC Regional Championships|10:53.10|312
46|Matz, Ethan|11|2007|GHAC|Ontario|2019-02-16|2019 Ontario Winter Festival Championships|10:54.47|311
47|Morel, Olivier|11|2008|TORP|Québec|2019-06-15|Championnat provincial 11-12 ans et Paranatation d'été|10:54.71|310
48|Powell, Dalton|11|2008|RDCSC|Alberta|2019-02-10|Red Deer Catalina Valentines Meet|10:55.90|308
49|Lavoie, Xavier|11|2007|NG|Québec|2019-06-15|Championnat provincial 11-12 ans et Paranatation d'été|10:57.87|306
50|Parry, Daniel|11|2007|MUSAC|Ontario|2019-02-16|2019 Ontario Winter Festival Championships|10:59.72|303