RANK|ATHLETES|AGE|YOB|CLUB|PROVINCE|DATE|MEET|TIME|FINA
1|Lewison, Brady|11|2007|GHAC|Ontario|2019-02-17|2019 Ontario Winter Festival Championships|1:00.17|416
2|Orogo, Paul|11|2006|HYACK|British Columbia|2018-10-27|VPSC Fall Invitational|1:01.75|385
3|Kirk, Aiden|11|2007|KAJ|British Columbia|2019-02-23|Winter Age Group Championships|1:01.98|381
4|Tran, Jack|11|2007|BRANT|Ontario|2019-02-17|2019 Ontario Winter Festival Championships|1:02.78|366
5|Iarmenco, Maxim|11|2007|LAVAL|Québec|2019-06-16|Championnat provincial 11-12 ans et Paranatation d'été|1:03.04|362
6|Campbell, Trevor|11|2007|ROC|Ontario|2019-04-28|2019 Ontario Team Challenge|1:03.29|358
7|Ducheck, Desmond|11|2007|SOSC|British Columbia|2019-06-22|SUMMER AGE GROUP CHAMPIONSHIPS|1:03.95|347
8|Sun, Ivan|11|2007|VPSC|British Columbia|2018-10-27|VPSC Fall Invitational|1:04.15|343
9|Liu, Sing|11|2007|PSW|British Columbia|2019-02-23|Winter Age Group Championships|1:04.54|337
10|Wheeler, Dyllan|11|2007|CPWD|Ontario|2018-12-09|Gatineau Grand Prix|1:04.73|334
11|Cortez, David|11|2007|CAMO|Québec|2018-12-08|Invitation provinciale AA-AAA Noël + Développement 11-12 ans CAMO|1:04.76|334
12|Huddleston, Jordan|11|2006|EBSC|Ontario|2018-11-10|42nd Cindy Nicholas Invitational|1:04.82|333
13|MacDonald, Noah|11|2006|CDSC|British Columbia|2018-10-13|PSW Fall Invitational|1:04.88|332
14|Wang, Daniel|11|2006|PSW|British Columbia|2018-12-08|16th Annual XMAS Cracker Invitational|1:04.95|331
15|Mejia Batres, Franco|11|2007|COBRA|Ontario|2019-03-02|COBRA Power|1:05.01|330
16|Xu, Jialiang|11|2007|BORC|Ontario|2018-11-11|2018 Age Group International SC|1:05.12|328
17|Li, Michael|11|2008|MAC|Ontario|2019-04-28|2019 Ontario Team Challenge|1:05.27|326
18|Rousseaux, Kallon|11|2007|MM|Manitoba|2018-12-01|Last Chance for Man/Sask|1:05.31|325
19|Zou, Ethan|11|2006|NYAC|Ontario|2018-12-09|Youth Cup|1:05.32|325
20|Kim, Laon|11|2008|HYACK|British Columbia|2019-06-22|SUMMER AGE GROUP CHAMPIONSHIPS|1:05.51|322
21|Weaver, Thorne|11|2006|GGST|Ontario|2018-10-20|Downtown Sprint Meet|1:05.52|322
22|Zhao, Yiming|11|2007|PCSC|Québec|2019-02-16|Championnat provincial 11-12 ans et Paranatation - Hiver|1:05.53|322
23|Kim, Lucas|11|2007|HYACK|British Columbia|2019-07-27|SKSC Summer Fest|1:05.55|322
24|Trudel, Renaud|11|2007|ELITE|Québec|2019-06-16|Championnat provincial 11-12 ans et Paranatation d'été|1:05.63|321
25|Miekus, Mark|11|2007|MSSAC|Ontario|2019-02-17|2019 Ontario Winter Festival Championships|1:05.65|320
26|Deshayes, Parker|11|2007|CASC|Alberta|2019-05-26|Summer Festival South|1:05.71|319
27|Hibbert, Samuel|11|2007|GGST|Ontario|2018-12-09|Gatineau Grand Prix|1:05.77|319
28|Chari, Vikas|11|2007|OAK|Ontario|2019-02-17|2019 Ontario Winter Festival Championships|1:05.78|318
29|Allen, Oliver|11|2007|PSW|British Columbia|2019-06-22|SUMMER AGE GROUP CHAMPIONSHIPS|1:05.83|318
30|Morin, Lucas|11|2007|DDO|Québec|2019-03-24|Invitation Printanière AA et moins tous les âges|1:06.37|310
31|Radic, George|11|2007|BAD|Ontario|2019-02-17|2019 Ontario Winter Festival Championships|1:06.49|308
32|Bouhours, Victor|11|2007|CNQ|Québec|2019-05-05|Invitation du Printemps|1:06.61|307
33|Feng, Raymond|11|2007|VPSC|British Columbia|2019-06-22|SUMMER AGE GROUP CHAMPIONSHIPS|1:06.62|306
34|Yang, Jason|11|2007|CASC|Alberta|2019-05-26|Summer Festival South|1:06.67|306
35|Benyahia, Riad|11|2007|CAMO|Québec|2019-06-16|Championnat provincial 11-12 ans et Paranatation d'été|1:06.70|305
36|Schinkelshoek, Cameron|11|2007|CYPS|Ontario|2019-03-02|Wilmot Aces Team Challenge Cup|1:06.72|305
37|Dong, Shangjia (Merlyn)|11|2007|CW|Ontario|2019-02-17|2019 Ontario Winter Festival Championships|1:06.90|303
38|Chen, Isaac|11|2007|WSC|British Columbia|2018-11-09|2018 Brad Reid Memorial Invitational|1:06.95|302
39|Wall, Joshua|11|2007|RAPID|British Columbia|2019-02-23|Winter Age Group Championships|1:06.97|302
40|Shearer, Ewan|11|2007|LAC|Ontario|2019-02-17|2019 Ontario Winter Festival Championships|1:07.04|301
41|Kay, Declan|11|2007|SCAR|Ontario|2019-02-17|2019 Ontario Winter Festival Championships|1:07.07|300
41|Barta, Aaron|11|2007|WAC|Ontario|2019-02-17|2019 Ontario Winter Festival Championships|1:07.07|300
43|Lai, Jason (Yi)|11|2006|VPSC|British Columbia|2018-10-27|VPSC Fall Invitational|1:07.08|300
44|Coutu, William|11|2007|NN|Québec|2019-02-16|Championnat provincial 11-12 ans et Paranatation - Hiver|1:07.14|299
45|Chawky, Matisse|11|2007|MUST|Québec|2019-06-16|Championnat provincial 11-12 ans et Paranatation d'été|1:07.23|298
46|Rusu, Eduard-Daniel|11|2007|LAVAL|Québec|2018-12-08|Invitation provinciale AA-AAA Noël + Développement 11-12 ans CAMO|1:07.25|298
47|Bae, Jihoon|11|2007|LOSC|British Columbia|2019-06-22|SUMMER AGE GROUP CHAMPIONSHIPS|1:07.44|295
48|Mrugala, Eric|11|2007|OSC|Alberta|2018-12-15|JP Fiset Invitational|1:07.46|295
49|Park, Minhyuk|11|2008|LOSC|British Columbia|2019-06-22|SUMMER AGE GROUP CHAMPIONSHIPS|1:07.56|294
50|Currie, Aleron|11|2007|CHENA|British Columbia|2019-01-26|Chena Swim Meet 2019|1:07.57|294