RANK|AGES|CLUB|TEAM|PROVINCE|DATE|MEET|TIME|FINA
1|11 - 11|Vancouver Pacific Swim Club|VPSC A|British Columbia|2019-02-23|Winter Age Group Championships|1:59.26|332
2|11 - 11|Pacific Sea Wolves|PSW C|British Columbia|2019-02-24|Winter Age Group Championships|2:05.21|287
3|11 - 11|Pacific Sea Wolves|PSW D|British Columbia|2019-02-24|Winter Age Group Championships|2:06.35|279
4|11 - 11|Calgary Winter Club|CWC C|Alberta|2019-02-02|Maverick Madness 2019|2:06.55|278
5|11 - 11|Wayland Swim Club|WSC B|British Columbia|2019-06-23|SUMMER AGE GROUP CHAMPIONSHIPS|2:06.63|277
6|11 - 11|Cascade Swim Club|CASC B|Alberta|2018-12-16|Age Group Food Bank Challenge|2:07.73|270
7|11 - 11|Langley Olympians Swim Club|LOSC A|British Columbia|2019-03-17|SUMMER AGE GROUP CHAMPIONSHIPS|2:07.98|268
8|11 - 11|Langley Olympians Swim Club|LOSC C|British Columbia|2019-02-24|Winter Age Group Championships|2:08.00|268
9|11 - 11|Hyack Swim Club|HYACKE|British Columbia|2019-02-24|Winter Age Group Championships|2:08.09|268
10|11 - 11|West Vancouver Otters|WVOSCA|British Columbia|2018-10-14|Winter Age Group Championships|2:08.17|267
11|11 - 11|Richmond Hill Aquatic Club|RHAC A|Ontario|2019-02-09|Central Region B Champs 2019|2:08.31|266
12|11 - 11|Chena Swim Club|CHENAC|British Columbia|2019-06-23|SUMMER AGE GROUP CHAMPIONSHIPS|2:09.11|261
13|11 - 11|Hyack Swim Club|HYACKF|British Columbia|2019-06-23|SUMMER AGE GROUP CHAMPIONSHIPS|2:09.68|258
14|11 - 11|Newmarket Stingrays Swim Club|NEW A|Ontario|2018-12-09|Border City Invitational|2:09.93|256
15|11 - 11|Cfb North Bay Thunderbirds|CT33 A|Ontario|2019-02-02|Dave Kensit Memorial SC Championship|2:10.92|251
16|11 - 11|Kelowna Aquajets|KAJ G|British Columbia|2018-11-17|2018 KAJ Fall Classic|2:11.50|247
17|11 - 11|Canadian Dolphin Swim Club|CDSC D|British Columbia|2019-02-24|Winter Age Group Championships|2:11.51|247
18|11 - 11|Pacific Sea Wolves|PSW A|British Columbia|2019-03-17|DSSC March LMR Meet|2:12.23|243
19|11 - 11|Mississauga Aquatic Club|MSSACA|Ontario|2019-02-16|2019 Ontario Winter Festival Championships|2:12.34|243
20|11 - 11|C.N. Laval|LAVA C|Québec|2018-12-10|Invitation provinciale AA-AAA Noël + Développement 11-12 ans CAMO|2:12.36|243
21|11 - 11|Kenora Swimming|KSS A|Ontario|2019-06-08|Manitoba Open Junior Provincials|2:12.46|242
22|11 - 11|E.N. Longueuil|ELIT B|Québec|2019-02-15|Championnat provincial 11-12 ans et Paranatation - Hiver|2:12.80|240
23|11 - 11|Surrey Knights Swim Club|SKSC A|British Columbia|2018-10-14|Winter Age Group Championships|2:13.41|237
24|11 - 11|Calgary Winter Club|CWC A|Alberta|2018-10-26|Cascade Speed Meet|2:13.82|235
25|11 - 11|Club de Natation SAMAK|SAMA B|Québec|2019-02-03|Invitation Peter-Suen 2019|2:14.11|233
26|11 - 11|Pointe-Claire Swim Club|PCSC E|Québec|2019-06-15|Championnat provincial 11-12 ans et Paranatation d'été|2:14.48|231
27|11 - 11|Natation Gatineau|NG C|Québec|2018-12-07|Gatineau Grand Prix|2:15.97|224
28|11 - 11|Chena Swim Club|CHENAA|British Columbia|2018-10-14|SFU-SFA LMR Swim Meet|2:16.82|220
29|11 - 11|Cochrane Comets Swim Club|COMETA|Alberta|2018-12-09|Distance & IM Challenge|2:17.06|218
30|11 - 11|Winskill Dolphins|WDSC A|British Columbia|2018-10-14|SFU-SFA LMR Swim Meet|2:17.10|218
31|11 - 11|Hyack Swim Club|HYACKB|British Columbia|2019-02-23|Winter Age Group Championships|2:17.31|217
32|11 - 11|Langley Olympians Swim Club|LOSC D|British Columbia|2019-06-23|SUMMER AGE GROUP CHAMPIONSHIPS|2:17.94|214
33|11 - 11|Toronto Swim Club|TSC B|Ontario|2018-12-09|Border City Invitational|2:18.08|214
34|11 - 11|Mississauga Aquatic Club|MSSACB|Ontario|2019-02-09|Central Region B Champs 2019|2:19.27|208
35|11 - 11|Edmonton Keyano Swim Club|EKSC A|Alberta|2018-12-16|Age Group Food Bank Challenge|2:19.38|208
36|11 - 11|Newmarket Stingrays Swim Club|NEW B|Ontario|2019-02-09|Central Region B Champs 2019|2:20.72|202
37|11 - 11|Halifax Trojan Aquatic Club|HTAC C|Nova Scotia|2019-02-16|AA Winter Champs|2:20.80|201
37|11 - 11|Waveriders Swim Club|WRSC B|British Columbia|2019-02-10|Quesnel Waveriders Gold Pan Meet|2:20.80|201
39|11 - 11|North Bay Y Titans|NBYT A|Ontario|2019-01-20|NEOR 3|2:21.12|200
40|11 - 11|Glencoe Gators Swim Club|GLEN A|Alberta|2018-12-14|Age Group Food Bank Challenge|2:21.55|198
41|11 - 11|Okotoks Mavericks Swim Club|MAVS D|Alberta|2018-11-03|Jack Frost 2018|2:21.73|197
42|11 - 11|Island Swimming Club|ISC G|British Columbia|2019-06-02|ISC Speed League #3|2:21.85|197
43|11 - 11|Milton Marlin Swim Team|MMST B|Ontario|2019-02-09|Central Region B Champs 2019|2:22.11|196
44|11 - 11|Milton Marlin Swim Team|MMST A|Ontario|2018-12-02|Dash for Cash|2:22.65|194
45|11 - 11|Regina Optimist Dolphin Swim Team|ROD A|Saskatchewan|2019-03-09|2019 Junior Short Course Provincials|2:24.07|188
46|11 - 11|KISU Swim Club|KISU F|British Columbia|2018-11-17|2018 KAJ Fall Classic|2:24.35|187
47|11 - 11|Muskoka Aquatic Club|MUSACB|Ontario|2019-02-03|2019 Huronia SC Regional Championships|2:25.06|184
48|11 - 11|Greater Ottawa Kingfish Swim Club|GO C|Ontario|2018-12-07|Gatineau Grand Prix|2:25.54|182
49|11 - 11|Aurora Ducks Swimming Club|DUCKSC|Ontario|2018-10-20|2018 RHAC Fall Classic|2:25.71|182
50|11 - 11|Grande Prairie Piranhas Swim Club|GPP C|Alberta|2019-02-17|Grande Cache Otters 45th Annual Mountain Meet 2019|2:26.24|180