RANK|ATHLETES|AGE|YOB|CLUB|PROVINCE|DATE|MEET|TIME|FINA
1|Lewison, Brady|11|2007|GHAC|Ontario|2018-12-09|Border City Invitational|30.17|377
2|Senez, Logan|11|2006|CAMO|Québec|2018-10-14|ARENA Challenge Automne 2018|30.95|349
3|Kim, Laon|11|2008|HYACK|British Columbia|2019-07-27|SKSC Summer Fest|31.31|337
4|Orogo, Paul|11|2006|HYACK|British Columbia|2018-10-27|VPSC Fall Invitational|31.68|325
5|Yang, Jason|11|2007|CASC|Alberta|2019-05-26|Summer Festival South|31.76|323
6|Li, Michael|11|2008|MAC|Ontario|2019-04-27|2019 Ontario Team Challenge|31.86|320
7|Mejia Batres, Franco|11|2007|COBRA|Ontario|2019-03-02|COBRA Power|32.42|304
8|Williams, Austin|11|2007|BBST|Ontario|2019-06-22|BYST Season Final Fun Day Meet|32.55|300
9|Kriegler, Samuel|11|2007|COMOX|British Columbia|2018-12-15|Winter Invitational|32.62|298
9|Shearer, Ewan|11|2007|LAC|Ontario|2019-02-03|2019 Western Region SC Champs|32.62|298
11|Amaral, Lucas|11|2007|NEW|Ontario|2019-03-03|Steve Kingston Memorial Swim Meet|32.73|295
12|Wall, Joshua|11|2007|RAPID|British Columbia|2018-12-15|Rapids Fast-Swim Classic|33.11|285
13|Bae, Jihoon|11|2007|LOSC|British Columbia|2019-06-15|June 2019 Time Trial|33.25|281
14|Longtin, Corbin|11|2007|UCRO|Ontario|2019-06-09|Brockville Splash N Grill|33.26|281
15|Ducheck, Desmond|11|2007|SOSC|British Columbia|2018-11-18|2018 KAJ Fall Classic|33.47|276
16|Deshayes, Parker|11|2007|CASC|Alberta|2019-05-26|Summer Festival South|33.58|273
17|Fenning, Andrew|11|2007|UCSC|Alberta|2019-07-14|UCSC Western Finale|33.61|272
18|Veldman, Magnus|11|2007|PRASC|British Columbia|2019-05-12|Northwest Regional Championship|33.68|271
19|Godden, Austin|11|2006|PCSC|Québec|2018-11-03|Festival provincial par équipe section 1|33.75|269
19|Mrugala, Eric|11|2007|OSC|Alberta|2018-12-07|16th Annual XMAS Cracker Invitational|33.75|269
21|Kim, Lucas|11|2007|HYACK|British Columbia|2019-07-27|SKSC Summer Fest|33.87|266
22|Deschambault, Noah|11|2007|VPSC|British Columbia|2018-12-07|16th Annual XMAS Cracker Invitational|33.97|264
23|Chen, Isaac|11|2007|WSC|British Columbia|2018-10-27|VPSC Fall Invitational|33.98|264
24|Dong, Shangjia (Merlyn)|11|2007|CW|Ontario|2019-02-03|2019 Western Region SC Champs|34.01|263
25|Bouhours, Victor|11|2007|CNQ|Québec|2019-04-14|ARENA Challenge du printemps Développement mixte 2019 CAMO|34.06|262
26|Tran, Jack|11|2007|BRANT|Ontario|2018-10-14|Brad Townsend Fall Classic|34.14|260
26|Kirk, Aiden|11|2007|KAJ|British Columbia|2018-10-14|KISU Triple Pentathlon 2018|34.14|260
28|Wheeler, Dyllan|11|2007|CPWD|Ontario|2018-11-25|BYST Fall Invitational|34.18|259
29|Chan, Alonzo|11|2008|SKSC|British Columbia|2019-07-27|SKSC Summer Fest|34.23|258
30|Cheung, Matthew|11|2006|UCSC|Alberta|2018-12-16|UCSC Holiday Classic|34.27|257
31|Calkins, Aaron Liên|11|2007|CNQ|Québec|2018-12-08|Défi Nez-Rouge 2018|34.34|255
32|Zhuang, Ryan|11|2007|CASC|Alberta|2018-12-16|Age Group Food Bank Challenge|34.35|255
33|Jayabahu, Dylan|11|2007|CW|Ontario|2019-03-02|Wilmot Aces Team Challenge Cup|34.37|255
34|Campbell, Silas|11|2007|WAAC|Ontario|2019-05-05|Aqua 7 Finals|34.41|254
35|Smith, Joshua|11|2007|HANEY|British Columbia|2018-11-09|2018 Brad Reid Memorial Invitational|34.51|252
36|Currie, Aleron|11|2007|CHENA|British Columbia|2018-10-13|SFU-SFA LMR Swim Meet|34.54|251
37|Mountstevens, Rohin|11|2006|CHENA|British Columbia|2018-10-13|SFU-SFA LMR Swim Meet|34.55|251
37|Shi, Alex|11|2007|OAK|Ontario|2019-02-24|David Lawson Invitational|34.55|251
37|Bouchard, Alexander|11|2007|SBSC|Nova Scotia|2018-12-16|Age Group Development Meet|34.55|251
40|McFarlane, Spencer|11|2007|NCSA|Alberta|2019-03-09|Silver Tide Invitational|34.56|250
41|Wang, Sirius (Sirui)|11|2007|WVOSC|British Columbia|2019-04-13|Winskill Dolphins LMR|34.58|250
42|El Tatawy, Abduallah|11|2007|KWST|Ontario|2019-02-03|2019 Western Region SC Champs|34.61|249
43|Dennison, Daniel|11|2007|CASC|Alberta|2019-01-19|Pugsley's Plunge 2019|34.62|249
44|Steer, Koen|11|2007|UCSC|Alberta|2019-02-01|UCSC Grand Prix|34.64|249
44|Sun, Ivan|11|2007|VPSC|British Columbia|2018-10-27|VPSC Fall Invitational|34.64|249
46|Cortez, David|11|2007|CAMO|Québec|2018-10-14|ARENA Challenge Automne 2018|34.68|248
47|Cortese, Logan|11|2008|WAC|Ontario|2019-01-19|WAC Cup 1|34.71|247
47|Hibbert, Samuel|11|2007|GGST|Ontario|2018-11-09|42nd Cindy Nicholas Invitational|34.71|247
49|Li, Andrew|11|2007|VPSC|British Columbia|2018-10-27|VPSC Fall Invitational|34.72|247
50|Tao, Zhe Rui|11|2008|RAPID|British Columbia|2019-07-27|SKSC Summer Fest|34.77|246