RANK|ATHLETES|AGE|YOB|CLUB|PROVINCE|DATE|MEET|TIME|FINA
1|Deschambault, Noah|11|2007|VPSC|British Columbia|2018-12-07|16th Annual XMAS Cracker Invitational|19:04.79|406
2|Cortez, David|11|2007|CAMO|Québec|2018-12-07|Invitation provinciale AA-AAA Noël + Développement 11-12 ans CAMO|19:07.72|403
3|Chari, Vikas|11|2007|OAK|Ontario|2018-12-07|Border City Invitational|19:11.31|399
4|Chen, Isaac|11|2007|WSC|British Columbia|2019-04-13|2019 Spartan 11 and Under and LMR Distance|19:47.06|364
5|Wheeler, Dyllan|11|2007|CPWD|Ontario|2018-12-01|CPWD Dec 2018 Time Trial|19:48.56|363
6|Schinkelshoek, Cameron|11|2007|CYPS|Ontario|2018-12-07|Border City Invitational|20:17.54|337
7|Bouchard, Alexander|11|2007|SBSC|Nova Scotia|2018-12-16|Age Group Development Meet|20:18.06|337
8|Lewison, Brady|11|2007|GHAC|Ontario|2018-11-25|2018 GHAC November Invitational|20:23.24|333
9|Liu, Sing|11|2007|PSW|British Columbia|2018-12-02|DSSC Distance LMR|20:30.26|327
10|Park, Minhyuk|11|2008|LOSC|British Columbia|2019-07-28|SKSC Summer Fest|20:35.55|323
11|Schaepper, Jordan|11|2007|ABSC|Ontario|2018-11-23|BYST Fall Invitational|20:42.61|317
12|Zinoubi, Mohamed Taha|11|2007|CNSL|Québec|2018-11-11|Festival provincial par équipe section 5 - Nord|20:56.30|307
13|Xu, Jialiang|11|2007|BORC|Ontario|2019-01-11|2019 Etobicoke A-B Meet|20:58.75|305
14|Campbell, Trevor|11|2007|ROC|Ontario|2018-11-24|OSHAC Distance Meet|21:15.34|294
15|Mrugala, Eric|11|2007|OSC|Alberta|2019-01-18|Blue Bears 2019|21:16.13|293
16|Parry, Daniel|11|2007|MUSAC|Ontario|2019-05-11|Distance Time Trial|21:20.96|290
17|Trudel, Renaud|11|2007|ELITE|Québec|2018-11-04|Festival provincial par équipe section 1|21:22.46|289
18|Beese, Austin|11|2007|CDSC|British Columbia|2019-04-13|2019 Spartan 11 and Under and LMR Distance|21:26.21|286
19|Sandhu, Sunny|11|2007|LOSC|British Columbia|2019-07-28|SKSC Summer Fest|21:31.54|283
20|Matteis, Noah|11|2007|CYPS|Ontario|2018-12-07|Border City Invitational|21:42.33|276
21|McLeod, Zachary|11|2007|WDSC|British Columbia|2019-04-14|Winskill Dolphins LMR|21:45.55|274
22|Duguay, Daniel|11|2007|FAST|New Brunswick|2019-01-19|Distance Qualifier 2019|21:55.68|267
23|Bradbury, Dylan|11|2007|WDSC|British Columbia|2019-04-14|Winskill Dolphins LMR|22:00.48|264
24|Wall, Joshua|11|2007|RAPID|British Columbia|2018-11-04|Rapids Distance meet|22:00.99|264
25|Mbobela, Benjamin|11|2007|RAC|British Columbia|2018-12-07|16th Annual XMAS Cracker Invitational|22:11.13|258
26|Amaral, Lucas|11|2007|NEW|Ontario|2019-03-01|Steve Kingston Memorial Swim Meet|22:25.09|250
27|Nabozniak, Sawyer|11|2008|KAJ|British Columbia|2019-06-15|Nolan's Pharmasave Invitational|22:29.39|248
28|Walker, Raine|11|2007|NEW|Ontario|2019-03-01|Steve Kingston Memorial Swim Meet|22:39.75|242
29|Kuznetsov, Daniil|11|2007|NEW|Ontario|2019-03-01|Steve Kingston Memorial Swim Meet|22:41.89|241
30|Buhler, Tucker|11|2007|OSC|Alberta|2018-12-13|JP Fiset Invitational|22:46.64|238
31|McInerney, William|11|2007|ESWIM|Ontario|2018-12-09|Youth Cup|22:53.37|235
32|Medd, Braeden|11|2007|KBM|Ontario|2018-12-02|Distance and Development Challenge|23:01.25|231
33|Tessier, Connor|11|2007|COMET|Alberta|2018-12-09|Distance & IM Challenge|23:04.79|229
34|Duffy, Joseph|11|2007|TCSC|Nova Scotia|2019-02-17|AA Winter Champs|23:06.89|228
35|Coutu, William|11|2007|NN|Québec|2018-10-21|Invitation de l'automne Neptune (CSPO 25m)|23:10.67|226
36|Guo, Jacob|11|2007|NEW|Ontario|2019-03-01|Steve Kingston Memorial Swim Meet|23:11.74|226
37|Bae, Jihoon|11|2007|LOSC|British Columbia|2019-01-18|Canadian Dolphin New Years Invitational 2019|23:12.52|225
38|Lepage, Thomas|11|2007|HIPPO|Québec|2019-04-27|Développement 2e chance 14 ans et moins|23:21.02|221
39|Pagiamtzis, Adonis|11|2007|NEW|Ontario|2019-03-01|Steve Kingston Memorial Swim Meet|23:36.70|214
40|Rogers, Nate|11|2007|CONNU|British Columbia|2019-04-05|2019 Spring Splash Invitational|23:41.01|212
41|Hales, Evan|11|2007|DST|British Columbia|2019-06-22|June Jamboree|23:41.16|212
42|Goldman, Alexis|11|2007|CASE|Québec|2018-11-11|Festival provincial par équipe section 2|23:43.92|211
43|Newman, Daniel|11|2007|BLAST|New Brunswick|2018-12-14|Championat par équipe Marianne Limpert|24:01.12|203
44|Kojic, Erol|11|2006|CNMN|Québec|2018-10-17|Intra Club|24:11.02|199
45|Corriveau Bonostro, Charles|11|2007|CAMQ|Québec|2018-11-11|Festival provincial par équipe section 4|24:27.61|192
46|Fournier, Hudson|11|2007|COMET|Alberta|2018-12-09|Distance & IM Challenge|24:30.03|191
47|DESLAURIERS, Maxime|11|2007|RIKI|Québec|2019-05-04|Intra3|24:32.51|191
48|Lampron, Mathis|11|2007|RED|Québec|2018-11-04|Festival provincial par équipe section 3|24:37.94|188
49|Jolin, Wiliam|11|2007|DSC|Québec|2018-12-20|Intra Club Longue Distance|24:44.94|186
50|Dahlstrom, Finn|11|2007|DST|British Columbia|2019-06-22|June Jamboree|24:51.07|183