RANK|ATHLETES|AGE|YOB|CLUB|PROVINCE|DATE|MEET|TIME|FINA
1|Smith, Jonah|11|2007|UCJA|Québec|2018-10-12|Coll. Vieux-Montréal#1 - Sud-Ouest|2:12.41|422
2|Orogo, Paul|11|2006|HYACK|British Columbia|2018-11-10|2018 Brad Reid Memorial Invitational|2:13.81|409
3|Lewison, Brady|11|2007|GHAC|Ontario|2019-02-16|2019 Ontario Winter Festival Championships|2:14.62|402
4|Sun, Ivan|11|2007|VPSC|British Columbia|2019-06-21|SUMMER AGE GROUP CHAMPIONSHIPS|2:15.04|398
5|Kirk, Aiden|11|2007|KAJ|British Columbia|2019-02-22|Winter Age Group Championships|2:16.15|388
6|Cortez, David|11|2007|CAMO|Québec|2019-01-26|Invitation Provinciale Pré-Championnat 2019 Finales directes 11-17ans|2:17.03|381
7|Zhao, Yiming|11|2007|PCSC|Québec|2019-02-17|Championnat provincial 11-12 ans et Paranatation - Hiver|2:17.43|378
8|Kim, Lucas|11|2007|HYACK|British Columbia|2019-06-21|SUMMER AGE GROUP CHAMPIONSHIPS|2:17.57|376
9|Chari, Vikas|11|2007|OAK|Ontario|2018-12-07|Border City Invitational|2:18.27|371
10|Zou, Ethan|11|2006|NYAC|Ontario|2018-12-07|Youth Cup|2:19.65|360
11|Felt, Tyler|11|2007|ISC|British Columbia|2019-02-22|Winter Age Group Championships|2:20.13|356
12|Radic, George|11|2007|BAD|Ontario|2019-02-16|2019 Ontario Winter Festival Championships|2:20.47|354
13|Campbell, Trevor|11|2007|ROC|Ontario|2019-04-27|2019 Ontario Team Challenge|2:20.48|353
14|Wheeler, Dyllan|11|2007|CPWD|Ontario|2019-02-03|2019 Eastern Ontario Regional Championships (SC/LC)|2:20.94|350
15|Huddleston, Jordan|11|2006|EBSC|Ontario|2018-11-11|42nd Cindy Nicholas Invitational|2:20.98|350
16|Liu, Sing|11|2007|PSW|British Columbia|2019-02-22|Winter Age Group Championships|2:21.50|346
17|Kim, Laon|11|2008|HYACK|British Columbia|2019-06-21|SUMMER AGE GROUP CHAMPIONSHIPS|2:21.70|344
18|Wang, Daniel|11|2006|PSW|British Columbia|2018-12-07|16th Annual XMAS Cracker Invitational|2:22.17|341
19|Lortie, Justin|11|2007|CNQ|Québec|2018-12-08|Défi Nez-Rouge 2018|2:22.37|340
20|Deshayes, Parker|11|2007|CASC|Alberta|2019-03-03|Provincials - Short Course|2:22.78|337
21|Trudel, Renaud|11|2007|ELITE|Québec|2019-06-16|Championnat provincial 11-12 ans et Paranatation d'été|2:23.16|334
22|Schinkelshoek, Cameron|11|2007|CYPS|Ontario|2019-03-03|Wilmot Aces Team Challenge Cup|2:23.29|333
23|Hibbert, Samuel|11|2007|GGST|Ontario|2018-12-07|Gatineau Grand Prix|2:23.38|332
24|Zinoubi, Mohamed Taha|11|2007|CNSL|Québec|2019-02-17|Championnat provincial 11-12 ans et Paranatation - Hiver|2:23.45|332
25|Mejia Batres, Franco|11|2007|COBRA|Ontario|2018-12-08|Vaughan Aquatic Club 30th Annual Roy Jacobson Inv 2018|2:23.91|329
26|Xu, Jialiang|11|2007|BORC|Ontario|2018-11-09|2018 Age Group International SC|2:23.94|329
27|Deschambault, Noah|11|2007|VPSC|British Columbia|2019-01-19|Canadian Dolphin New Years Invitational 2019|2:24.05|328
28|Chen, Isaac|11|2007|WSC|British Columbia|2018-12-09|2018 Spartan Santa LMR|2:24.66|324
29|McLeod, Zachary|11|2007|WDSC|British Columbia|2019-06-21|SUMMER AGE GROUP CHAMPIONSHIPS|2:24.74|323
30|Fong, Lucas|11|2006|SFA|British Columbia|2018-12-09|2018 Spartan Santa LMR|2:24.90|322
31|Miekus, Mark|11|2007|MSSAC|Ontario|2019-02-16|2019 Ontario Winter Festival Championships|2:24.93|322
32|Rexha, Erik|11|2007|SPART|British Columbia|2019-06-08|Knights June Jamboree 2019|2:25.12|321
33|Ducheck, Desmond|11|2007|SOSC|British Columbia|2019-02-22|Winter Age Group Championships|2:25.43|319
33|Park, Minhyuk|11|2008|LOSC|British Columbia|2019-06-21|SUMMER AGE GROUP CHAMPIONSHIPS|2:25.43|319
35|Morin, Lucas|11|2007|DDO|Québec|2019-01-20|INVITATION PROVINCIALE EN 25M DDO|2:25.51|318
36|Benyahia, Riad|11|2007|CAMO|Québec|2019-04-13|ARENA Challenge du printemps Développement mixte 2019 CAMO|2:25.54|318
37|Uyanga, Temuun|11|2007|CSLA|Québec|2018-12-08|Invitation provinciale des fêtes CSLA|2:25.57|318
38|Chan, Junhao Alexander|11|2007|PSW|British Columbia|2019-06-21|SUMMER AGE GROUP CHAMPIONSHIPS|2:25.81|316
39|Clawson-Honeyman, Finn|11|2007|NG|Québec|2019-02-17|Championnat provincial 11-12 ans et Paranatation - Hiver|2:25.84|316
40|Shi, Alex|11|2007|OAK|Ontario|2019-02-16|2019 Ontario Winter Festival Championships|2:25.88|316
41|Gort, Toby|11|2007|NYAC|Ontario|2019-02-16|2019 Ontario Winter Festival Championships|2:26.12|314
42|Paquette-Dicke, Émeric|11|2007|NG|Québec|2019-06-16|Championnat provincial 11-12 ans et Paranatation d'été|2:26.58|311
43|MacDonald, Noah|11|2006|CDSC|British Columbia|2018-10-13|PSW Fall Invitational|2:26.64|311
44|Parry, Daniel|11|2007|MUSAC|Ontario|2019-02-02|2019 Huronia SC Regional Championships|2:26.67|310
45|Li, Michael|11|2008|MAC|Ontario|2019-04-27|2019 Ontario Team Challenge|2:26.71|310
46|Rusu, Eduard-Daniel|11|2007|LAVAL|Québec|2018-10-27|Halloween U12|2:26.72|310
47|Kartoglu, Tolga|11|2007|LAC|Ontario|2018-12-15|Team Showdown 2018|2:26.74|310
48|Du, Samuel Jinyang|11|2008|MST~|Ontario|2019-02-16|2019 Ontario Winter Festival Championships|2:27.07|308
49|Currie, Aleron|11|2007|CHENA|British Columbia|2019-02-22|Winter Age Group Championships|2:27.09|308
50|Kay, Declan|11|2007|SCAR|Ontario|2019-02-16|2019 Ontario Winter Festival Championships|2:27.29|307