RANK|ATHLETES|AGE|YOB|CLUB|PROVINCE|DATE|MEET|TIME|FINA
1|Lewison, Brady|11|2007|GHAC|Ontario|2019-02-16|2019 Ontario Winter Festival Championships|27.28|409
2|Orogo, Paul|11|2006|HYACK|British Columbia|2018-11-10|2018 Brad Reid Memorial Invitational|28.27|368
3|Kirk, Aiden|11|2007|KAJ|British Columbia|2019-02-24|Winter Age Group Championships|28.28|367
4|Ducheck, Desmond|11|2007|SOSC|British Columbia|2019-06-23|SUMMER AGE GROUP CHAMPIONSHIPS|28.77|349
5|Tran, Jack|11|2007|BRANT|Ontario|2019-02-16|2019 Ontario Winter Festival Championships|28.86|345
6|Senez, Logan|11|2006|CAMO|Québec|2018-10-13|ARENA Challenge Automne 2018|29.09|337
7|Dong, Shangjia (Merlyn)|11|2007|CW|Ontario|2019-02-16|2019 Ontario Winter Festival Championships|29.13|336
8|Mejia Batres, Franco|11|2007|COBRA|Ontario|2019-02-16|2019 Ontario Winter Festival Championships|29.14|336
9|MacDonald, Noah|11|2006|CDSC|British Columbia|2018-10-14|PSW Fall Invitational|29.21|333
10|Iarmenco, Maxim|11|2007|LAVAL|Québec|2019-04-13|ARENA Challenge du printemps Développement mixte 2019 CAMO|29.28|331
11|Kim, Laon|11|2008|HYACK|British Columbia|2019-07-28|SKSC Summer Fest|29.33|329
12|Amaral, Lucas|11|2007|NEW|Ontario|2019-02-16|2019 Ontario Winter Festival Championships|29.39|327
13|Xu, Jialiang|11|2007|BORC|Ontario|2018-12-10|Invitation provinciale AA-AAA Noël + Développement 11-12 ans CAMO|29.42|326
14|Currie, Aleron|11|2007|CHENA|British Columbia|2019-06-23|SUMMER AGE GROUP CHAMPIONSHIPS|29.52|323
15|Campbell, Trevor|11|2007|ROC|Ontario|2019-04-26|2019 Ontario Team Challenge|29.57|321
16|Sun, Ivan|11|2007|VPSC|British Columbia|2018-10-28|VPSC Fall Invitational|29.65|319
17|Zou, Ethan|11|2006|NYAC|Ontario|2018-12-08|Youth Cup|29.69|317
17|Deshayes, Parker|11|2007|CASC|Alberta|2019-05-25|Summer Festival South|29.69|317
19|Radic, George|11|2007|BAD|Ontario|2019-02-16|2019 Ontario Winter Festival Championships|29.70|317
20|Liu, Sing|11|2007|PSW|British Columbia|2019-02-24|Winter Age Group Championships|29.73|316
21|Schinkelshoek, Cameron|11|2007|CYPS|Ontario|2019-03-03|Wilmot Aces Team Challenge Cup|29.75|315
21|Kim, Lucas|11|2007|HYACK|British Columbia|2019-07-28|SKSC Summer Fest|29.75|315
23|Allen, Oliver|11|2007|PSW|British Columbia|2019-06-23|SUMMER AGE GROUP CHAMPIONSHIPS|29.76|315
24|Feng, Raymond|11|2007|VPSC|British Columbia|2019-06-23|SUMMER AGE GROUP CHAMPIONSHIPS|29.78|314
25|Li, Michael|11|2008|MAC|Ontario|2019-04-26|2019 Ontario Team Challenge|29.82|313
26|Hibbert, Samuel|11|2007|GGST|Ontario|2019-02-16|2019 Ontario Winter Festival Championships|29.91|310
27|Huddleston, Jordan|11|2006|EBSC|Ontario|2018-11-09|42nd Cindy Nicholas Invitational|29.97|308
27|Trudel, Renaud|11|2007|ELITE|Québec|2019-06-15|Championnat provincial 11-12 ans et Paranatation d'été|29.97|308
29|Terejko, Noah|11|2007|WRMS|Ontario|2019-02-16|2019 Ontario Winter Festival Championships|30.03|307
30|Yang, Jason|11|2007|CASC|Alberta|2019-05-25|Summer Festival South|30.09|305
31|Williams, Austin|11|2007|BBST|Ontario|2019-06-22|BYST Season Final Fun Day Meet|30.12|304
32|Wang, Sirius (Sirui)|11|2007|WVOSC|British Columbia|2019-02-24|Winter Age Group Championships|30.13|304
32|Coutu, William|11|2007|NN|Québec|2019-02-16|Championnat provincial 11-12 ans et Paranatation - Hiver|30.13|304
34|Lai, Jason (Yi)|11|2006|VPSC|British Columbia|2018-12-09|16th Annual XMAS Cracker Invitational|30.21|301
35|Cortez, David|11|2007|CAMO|Québec|2018-12-10|Invitation provinciale AA-AAA Noël + Développement 11-12 ans CAMO|30.24|300
36|Singh, Jaiveer|11|2007|COBRA|Ontario|2019-03-03|COBRA Power|30.26|300
37|Barta, Aaron|11|2007|WAC|Ontario|2019-02-16|2019 Ontario Winter Festival Championships|30.30|298
38|Mountstevens, Rohin|11|2006|CHENA|British Columbia|2018-12-16|Rapids Fast-Swim Classic|30.36|297
39|Morin, Lucas|11|2007|DDO|Québec|2019-02-16|Championnat provincial 11-12 ans et Paranatation - Hiver|30.37|296
40|Mrugala, Eric|11|2007|OSC|Alberta|2018-12-16|JP Fiset Invitational|30.47|293
41|Usher, Gavin|11|2006|BTSC|Ontario|2018-12-01|2018 Barrie Trojan Cup|30.50|293
42|Soloviev, Victor|11|2006|RHAC|Ontario|2018-11-03|Newmarket Stingrays Fall Invitational|30.51|292
42|Bae, Jihoon|11|2007|LOSC|British Columbia|2019-06-23|SUMMER AGE GROUP CHAMPIONSHIPS|30.51|292
44|Li, Andrew|11|2007|VPSC|British Columbia|2019-02-23|Winter Age Group Championships|30.54|291
45|Yang, Richmond|11|2007|MAC|Ontario|2019-04-26|2019 Ontario Team Challenge|30.56|291
46|Du, Samuel Jinyang|11|2008|MST~|Ontario|2019-02-16|2019 Ontario Winter Festival Championships|30.57|291
47|Osman, Ahmed|11|2007|MANTA|Manitoba|2019-06-07|Manitoba Open Junior Provincials|30.59|290
48|Chawky, Matisse|11|2007|MUST|Québec|2019-06-15|Championnat provincial 11-12 ans et Paranatation d'été|30.61|289
49|Wang, Daniel|11|2006|PSW|British Columbia|2018-10-14|PSW Fall Invitational|30.64|289
50|Lortie, Justin|11|2007|CNQ|Québec|2019-02-16|Championnat provincial 11-12 ans et Paranatation - Hiver|30.66|288