RANK|AGES|CLUB|TEAM|PROVINCE|DATE|MEET|TIME|FINA
1|11 - 11|Vancouver Pacific Swim Club|VPSC A|British Columbia|2019-02-22|Winter Age Group Championships|2:12.06|321
2|11 - 11|Spartan Swim Club|SPARTA|British Columbia|2019-02-24|Winter Age Group Championships|2:12.72|317
3|11 - 11|Chena Swim Club|CHENAA|British Columbia|2018-10-13|SUMMER AGE GROUP CHAMPIONSHIPS|2:14.93|301
4|11 - 11|Vancouver Pacific Swim Club|VPSC F|British Columbia|2018-11-11|ISC 2018 Bennett Cup|2:16.00|294
5|11 - 11|Langley Olympians Swim Club|LOSC B|British Columbia|2019-06-23|SUMMER AGE GROUP CHAMPIONSHIPS|2:16.39|292
6|11 - 11|Club Warrior Swimmers@UW|CW A|Ontario|2019-02-17|2019 Ontario Winter Festival Championships|2:19.99|270
7|11 - 11|Hyack Swim Club|HYACKD|British Columbia|2019-06-23|SUMMER AGE GROUP CHAMPIONSHIPS|2:20.24|268
8|11 - 11|Pacific Sea Wolves|PSW B|British Columbia|2019-01-18|Canadian Dolphin New Years Invitational 2019|2:20.78|265
9|11 - 11|Canadian Dolphin Swim Club|CDSC A|British Columbia|2019-06-21|SUMMER AGE GROUP CHAMPIONSHIPS|2:20.84|265
10|11 - 11|Island Swimming Club|ISC B|British Columbia|2019-01-25|Vancouver Island Regional SC Championships|2:20.93|264
11|11 - 11|West Vancouver Otters|WVOSCA|British Columbia|2019-02-22|Winter Age Group Championships|2:20.95|264
12|11 - 11|Island Swimming Club|ISC C|British Columbia|2019-02-24|Winter Age Group Championships|2:21.89|259
13|11 - 11|Pacific Sea Wolves|PSW D|British Columbia|2019-02-24|Winter Age Group Championships|2:22.03|258
14|11 - 11|Hyack Swim Club|HYACKF|British Columbia|2019-06-23|SUMMER AGE GROUP CHAMPIONSHIPS|2:22.35|257
15|11 - 11|Pacific Sea Wolves|PSW C|British Columbia|2019-06-23|SUMMER AGE GROUP CHAMPIONSHIPS|2:22.64|255
16|11 - 11|Langley Olympians Swim Club|LOSC A|British Columbia|2019-03-16|SUMMER AGE GROUP CHAMPIONSHIPS|2:23.64|250
17|11 - 11|Winskill Dolphins|WDSC A|British Columbia|2019-03-16|Winskill Dolphins LMR|2:23.67|250
18|11 - 11|West Vancouver Otters|WVOSCB|British Columbia|2019-02-24|Winter Age Group Championships|2:23.95|248
19|11 - 11|Winskill Dolphins|WDSC B|British Columbia|2019-02-24|Winter Age Group Championships|2:24.34|246
20|11 - 11|Prince George Barracudas|PGB A|British Columbia|2019-02-09|Quesnel Waveriders Gold Pan Meet|2:24.95|243
21|11 - 11|Pacific Sea Wolves|PSW A|British Columbia|2018-11-10|Rapids Fast-Swim Classic|2:25.54|240
22|11 - 11|Calgary Winter Club|CWC B|Alberta|2019-02-03|Maverick Madness 2019|2:26.59|235
23|11 - 11|Richmond Hill Aquatic Club|RHAC B|Ontario|2018-10-21|2018 RHAC Fall Classic|2:26.80|234
24|11 - 11|Prince Rupert Amateur Swim Club|PRASCA|British Columbia|2019-01-27|Rio Tinto Northern Lights|2:27.11|232
25|11 - 11|Glencoe Gators Swim Club|GLEN A|Alberta|2018-12-16|Age Group Food Bank Challenge|2:27.58|230
26|11 - 11|Richmond Hill Aquatic Club|RHAC A|Ontario|2019-02-10|Central Region B Champs 2019|2:27.80|229
27|11 - 11|Natation Edmundston Swimming|NES A|New Brunswick|2018-12-14|Championat par équipe Marianne Limpert|2:28.14|228
28|11 - 11|Club Campbellton Aquatika Club|AQUA A|New Brunswick|2018-11-17|BLAST INVITATIONAL|2:29.56|221
29|11 - 11|Kenora Swimming|KSS A|Ontario|2019-06-09|Manitoba Open Junior Provincials|2:29.65|221
30|11 - 11|Collingwood Clippers Swim Club|CCSC A|Ontario|2019-02-03|2019 Huronia SC Regional Championships|2:30.81|216
31|11 - 11|Canadian Dolphin Swim Club|CDSC D|British Columbia|2019-01-18|Winter Age Group Championships|2:31.00|215
31|11 - 11|Canadian Dolphin Swim Club|CDSC G|British Columbia|2018-12-01|Hollyburn Invitational|2:31.00|215
33|11 - 11|Newmarket Stingrays Swim Club|NEW A|Ontario|2019-02-17|2019 Ontario Winter Festival Championships|2:31.14|214
34|11 - 11|C.N. Laval|LAVA A|Québec|2018-12-08|Invitation provinciale AA-AAA Noël + Développement 11-12 ans CAMO|2:31.42|213
35|11 - 11|Club Warrior Swimmers@UW|CW B|Ontario|2018-11-24|LAC - Nothers Fall Invitational|2:31.63|212
36|11 - 11|Swim Faster Club|SFC A|British Columbia|2019-05-25|Whistler Seawolves Invitational|2:32.50|209
37|11 - 11|Aurora Ducks Swimming Club|DUCKSB|Ontario|2018-10-21|2018 RHAC Fall Classic|2:32.80|207
38|11 - 11|West Vancouver Otters|WVOSCC|British Columbia|2019-02-24|Winter Age Group Championships|2:32.85|207
39|11 - 11|Canadian Dolphin Swim Club|CDSC E|British Columbia|2019-06-23|SUMMER AGE GROUP CHAMPIONSHIPS|2:33.54|204
40|11 - 11|Calgary Winter Club|CWC D|Alberta|2019-02-03|Maverick Madness 2019|2:33.80|203
41|11 - 11|Toronto Swim Club|TSC A|Ontario|2018-12-08|Future Stars|2:34.49|201
42|11 - 11|Calgary Winter Club|CWC A|Alberta|2018-10-27|Cascade Speed Meet|2:34.77|199
43|11 - 11|Trent Swim Club|TRENTA|Ontario|2019-02-03|2019 Huronia SC Regional Championships|2:35.62|196
44|11 - 11|Langley Olympians Swim Club|LOSC D|British Columbia|2019-06-23|SUMMER AGE GROUP CHAMPIONSHIPS|2:36.27|194
45|11 - 11|Richmond Rapids Swim Club|RAPIDB|British Columbia|2018-11-11|ISC 2018 Bennett Cup|2:38.73|185
46|11 - 11|Calgary Patriots Swim Club|CP F|Alberta|2019-02-03|Maverick Madness 2019|2:39.16|183
47|11 - 11|St. Johns Legends Swim Club|SJL B|Newfoundland|2018-11-03|November 3rd Time Trial|2:39.21|183
48|11 - 11|Barrie Trojan Swim Club|BTSC C|Ontario|2019-02-03|2019 Huronia SC Regional Championships|2:40.34|179
49|11 - 11|University Of Calgary Swim Club|UCSC C|Alberta|2018-12-15|UCSC Holiday Classic|2:40.79|178
50|11 - 11|Milton Marlin Swim Team|MMST B|Ontario|2019-02-10|Central Region B Champs 2019|2:41.09|177