RANK|ATHLETES|AGE|YOB|CLUB|PROVINCE|DATE|MEET|TIME|FINA
1|Kirk, Aiden|11|2007|KAJ|British Columbia|2019-02-24|Winter Age Group Championships|2:30.86|372
2|Orogo, Paul|11|2006|HYACK|British Columbia|2018-11-09|2018 Brad Reid Memorial Invitational|2:32.87|358
3|Iarmenco, Maxim|11|2007|LAVAL|Québec|2019-06-15|Championnat provincial 11-12 ans et Paranatation d'été|2:36.78|331
4|Wall, Joshua|11|2007|RAPID|British Columbia|2019-06-23|SUMMER AGE GROUP CHAMPIONSHIPS|2:37.91|324
5|Cortez, David|11|2007|CAMO|Québec|2019-01-27|Invitation Provinciale Pré-Championnat 2019 Finales directes 11-17ans|2:38.11|323
6|Deschambault, Noah|11|2007|VPSC|British Columbia|2019-02-24|Winter Age Group Championships|2:38.72|319
7|Zheng, Zhi|11|2008|CDSC|British Columbia|2019-06-23|SUMMER AGE GROUP CHAMPIONSHIPS|2:39.98|312
8|Chen, Isaac|11|2007|WSC|British Columbia|2019-06-23|SUMMER AGE GROUP CHAMPIONSHIPS|2:41.93|301
9|Rusu, Eduard-Daniel|11|2007|LAVAL|Québec|2018-12-10|Invitation provinciale AA-AAA Noël + Développement 11-12 ans CAMO|2:42.55|297
10|Benyahia, Riad|11|2007|CAMO|Québec|2019-06-15|Championnat provincial 11-12 ans et Paranatation d'été|2:42.62|297
11|Zhao, Yiming|11|2007|PCSC|Québec|2019-02-15|Championnat provincial 11-12 ans et Paranatation - Hiver|2:46.94|274
12|Lortie, Justin|11|2007|CNQ|Québec|2019-02-15|Championnat provincial 11-12 ans et Paranatation - Hiver|2:46.97|274
13|Ducheck, Desmond|11|2007|SOSC|British Columbia|2019-02-24|Winter Age Group Championships|2:46.98|274
14|McLeod, Zachary|11|2007|WDSC|British Columbia|2019-06-23|SUMMER AGE GROUP CHAMPIONSHIPS|2:47.15|273
15|Zou, Ethan|11|2006|NYAC|Ontario|2018-11-03|NYAC Cup|2:47.66|271
16|Kim, Laon|11|2008|HYACK|British Columbia|2019-06-23|SUMMER AGE GROUP CHAMPIONSHIPS|2:47.88|270
17|Chan, Alonzo|11|2008|SKSC|British Columbia|2019-06-23|SUMMER AGE GROUP CHAMPIONSHIPS|2:49.96|260
18|Mejia Batres, Franco|11|2007|COBRA|Ontario|2019-02-17|2019 Ontario Winter Festival Championships|2:50.19|259
19|Zinoubi, Mohamed Taha|11|2007|CNSL|Québec|2019-02-15|Championnat provincial 11-12 ans et Paranatation - Hiver|2:50.57|257
20|Onur, Arman|11|2007|PCSC|Québec|2019-06-15|Championnat provincial 11-12 ans et Paranatation d'été|2:50.89|256
21|Trudel, Renaud|11|2007|ELITE|Québec|2019-06-15|Championnat provincial 11-12 ans et Paranatation d'été|2:51.59|253
22|Reid, Camden|11|2007|OSHAC|Ontario|2019-02-17|2019 Ontario Winter Festival Championships|2:51.79|252
23|Morin, Lucas|11|2007|DDO|Québec|2019-02-15|Championnat provincial 11-12 ans et Paranatation - Hiver|2:52.51|249
24|Duguay, Daniel|11|2007|FAST|New Brunswick|2019-02-02|NB Open Cup - Coupe NB|2:52.66|248
25|Williams, Austin|11|2007|BBST|Ontario|2019-02-03|2019 Eastern Ontario Regional Championships (SC/LC)|2:54.22|241
26|Campbell, Trevor|11|2007|ROC|Ontario|2018-10-28|Joe Kerkhoven Memorial Walker Invitational|2:54.39|241
27|Kim, Lucas|11|2007|HYACK|British Columbia|2019-06-23|SUMMER AGE GROUP CHAMPIONSHIPS|2:54.89|239
28|Smith, Joshua|11|2007|HANEY|British Columbia|2018-12-08|16th Annual XMAS Cracker Invitational|2:55.15|238
29|Tran, Jack|11|2007|BRANT|Ontario|2018-11-10|Swim International 2018|2:55.76|235
30|Bae, Jihoon|11|2007|LOSC|British Columbia|2019-06-23|SUMMER AGE GROUP CHAMPIONSHIPS|2:56.21|233
31|Macluskie, Tobias|11|2008|COMOX|British Columbia|2019-06-23|SUMMER AGE GROUP CHAMPIONSHIPS|2:56.52|232
32|Fenning, Andrew|11|2007|UCSC|Alberta|2019-02-01|UCSC Grand Prix|2:56.97|230
33|Bradbury, Dylan|11|2007|WDSC|British Columbia|2019-06-23|SUMMER AGE GROUP CHAMPIONSHIPS|2:57.03|230
34|Cheng, Alex Wang Chi|11|2008|CDSC|British Columbia|2019-07-27|SKSC Summer Fest|2:58.06|226
35|Mountstevens, Rohin|11|2006|CHENA|British Columbia|2018-12-09|2018 Spartan Santa LMR|2:58.09|226
36|Walker, Raine|11|2007|NEW|Ontario|2019-02-17|2019 Ontario Winter Festival Championships|2:58.26|225
37|Lavoie, Xavier|11|2007|NG|Québec|2019-06-15|Championnat provincial 11-12 ans et Paranatation d'été|2:58.27|225
38|Grewal, Jatinder|11|2008|DELTA|British Columbia|2019-06-23|SUMMER AGE GROUP CHAMPIONSHIPS|2:58.56|224
39|Weaver, Noah|11|2007|ISC|British Columbia|2018-12-08|16th Annual XMAS Cracker Invitational|2:58.73|224
40|Ball, Ryan|11|2007|LAC|Ontario|2019-02-17|2019 Ontario Winter Festival Championships|2:58.76|223
41|Abram, Indiana|11|2007|CATS|Ontario|2019-03-02|Trojan Pentathlon|2:58.92|223
42|Mrugala, Eric|11|2007|OSC|Alberta|2018-12-14|JP Fiset Invitational|2:59.06|222
43|Chan, Junhao Alexander|11|2007|PSW|British Columbia|2019-06-23|SUMMER AGE GROUP CHAMPIONSHIPS|2:59.10|222
44|Amaral, Lucas|11|2007|NEW|Ontario|2019-02-17|2019 Ontario Winter Festival Championships|2:59.25|222
45|Maile, Sean|11|2007|CAJ|Ontario|2019-02-17|2019 Ontario Winter Festival Championships|2:59.39|221
46|Bouchard, Alexander|11|2007|SBSC|Nova Scotia|2018-12-14|Age Group Development Meet|2:59.89|219
47|Guy, Thomas|11|2007|RL|Québec|2018-11-02|Festival provincial par équipe section 3|2:59.94|219
48|Filip, Anthony|11|2007|RAMAC|Ontario|2019-02-17|2019 Ontario Winter Festival Championships|3:00.19|218
49|Steer, Koen|11|2007|UCSC|Alberta|2019-03-02|Provincials - Short Course|3:00.28|218
50|Matteis, Noah|11|2007|CYPS|Ontario|2019-03-02|Wilmot Aces Team Challenge Cup|3:00.31|218