RANK|ATHLETES|AGE|YOB|CLUB|PROVINCE|DATE|MEET|TIME|FINA
1|Qi, Kelly|10|2008|WDSC|British Columbia|2019-02-22|Winter Age Group Championships|2:18.91|507
2|Kramer, Lili|0|2018|UVPCS|British Columbia|2018-10-20|2018 OCTOBER SENIOR CIRCUIT|2:23.06|464
3|Clark, Maxine|10|2008|UCSC|Alberta|2018-10-26|Cascade Speed Meet|2:23.35|461
4|Chiu, Briana|10|2007|VPSC|British Columbia|2018-11-18|SFU-Gator LMR Swim Meet|2:25.39|442
5|Tigert, Leah|10|2008|TSC|Ontario|2019-05-12|2019 TOP Cup SC|2:26.41|433
6|Pobol, Emma|10|2008|ESWIM|Ontario|2019-05-12|2019 TOP Cup SC|2:26.90|428
7|Kryger, Madison|10|2008|GCAC|Ontario|2019-04-27|2019 Ontario Team Challenge|2:28.38|416
8|Evans, Ava|9|2009|SPART|British Columbia|2019-06-21|SUMMER AGE GROUP CHAMPIONSHIPS|2:29.80|404
9|Morgans, Alexia|10|2008|CDSC|British Columbia|2019-06-21|SUMMER AGE GROUP CHAMPIONSHIPS|2:29.93|403
10|Rogers, Olive|10|2008|ESWIM|Ontario|2018-12-07|Youth Cup|2:31.41|391
11|Huang, Elina|10|2007|PSW|British Columbia|2018-10-13|PSW Fall Invitational|2:31.46|391
12|Greenfield, Riley|10|2008|ISC|British Columbia|2019-06-21|SUMMER AGE GROUP CHAMPIONSHIPS|2:31.50|390
13|Dille, Sophia|10|2008|TRIT|Alberta|2019-07-14|Pirate Extreme Challenge|2:31.75|389
14|O'Regan, Ridley|10|2007|ESWIM|Ontario|2018-12-07|Youth Cup|2:33.35|376
15|Low, Naomi|10|2007|JDSS|Ontario|2018-12-09|Steeltown 2018|2:33.64|374
16|Gratton, Clara|10|2008|CAMO|Québec|2019-06-16|Championnat provincial 11-12 ans et Paranatation d'été|2:33.69|374
17|Hua, Jessie|10|2008|SFA|British Columbia|2019-07-28|SKSC Summer Fest|2:33.84|373
18|Ang, Gabriela|10|2009|CDSC|British Columbia|2019-06-21|SUMMER AGE GROUP CHAMPIONSHIPS|2:34.05|371
19|Kyer, Alivia|10|2007|CSL|Ontario|2018-11-04|NYAC Cup|2:34.15|371
20|Ferrell, Hailey|10|2008|PSW|British Columbia|2019-06-21|SUMMER AGE GROUP CHAMPIONSHIPS|2:34.55|368
21|Miksa, Adele|10|2008|NYAC|Ontario|2019-02-16|2019 Ontario Winter Festival Championships|2:34.63|367
22|Emerson, Kinley|10|2008|SFNV|British Columbia|2019-02-22|Winter Age Group Championships|2:34.65|367
23|Sun, Cici|10|2008|WVOSC|British Columbia|2019-02-22|Winter Age Group Championships|2:34.71|367
24|Wilson, Victoria|10|2008|LSC|Ontario|2019-01-12|MSSAC Open|2:34.82|366
25|Gagne, Maude|10|2008|TORP|Québec|2019-06-08|BBQ Développement 2019|2:34.88|365
26|Opara, Adaora|10|2008|TORCH|Ontario|2019-02-16|2019 Ontario Winter Festival Championships|2:34.94|365
27|Wang, Mackenzie|10|2007|HYACK|British Columbia|2018-10-13|PSW Fall Invitational|2:35.07|364
28|Liu, Ziyun|10|2008|VPSC|British Columbia|2019-06-21|SUMMER AGE GROUP CHAMPIONSHIPS|2:35.10|364
29|Joseph, Anna|10|2008|CP|Alberta|2018-12-14|Age Group Food Bank Challenge|2:35.60|360
30|Turton-Sugden, Emma|10|2008|OAK|Ontario|2019-02-16|2019 Ontario Winter Festival Championships|2:35.86|359
31|Wyncoll, Siena|10|2008|ESWIM|Ontario|2018-12-07|Youth Cup|2:35.87|359
32|Leas, Ava|10|2007|SFNV|British Columbia|2018-11-03|LOSC 12th Annual Short Course Invitational|2:36.03|357
33|Smith-Theriault, Alexa|10|2007|PCSC|Québec|2018-11-24|2018 CSL Snowflake Invitational|2:36.38|355
34|Rodgers, Sienna|10|2007|UCSC|Alberta|2018-12-14|JP Fiset Invitational|2:36.44|355
35|Brousseau, Charlotte|10|2007|CAMO|Québec|2018-12-08|ANBM -Invitation régionale #2 2018-2019|2:36.45|355
36|Krauss, Ellie|10|2008|NG|Québec|2019-05-12|2019 TOP Cup SC|2:36.70|353
37|Row, Jorja|10|2008|MPM|Newfoundland|2019-06-09|2019 Summer Classic Invitational|2:36.85|352
38|Porter, Mutsuki|10|2009|CDSC|British Columbia|2019-06-21|SUMMER AGE GROUP CHAMPIONSHIPS|2:36.88|352
39|Audy, Delphine|10|2008|CAMO|Québec|2018-12-08|ANBM -Invitation régionale #2 2018-2019|2:37.35|348
40|West, Halle|10|2008|SEALS|Manitoba|2018-12-16|ManSask Championships Short Course Open Championships|2:37.83|345
41|Blumel, Ruby|10|2007|CDSC|British Columbia|2018-10-13|PSW Fall Invitational|2:37.85|345
42|Jiang, Selina|10|2007|PSW|British Columbia|2018-12-16|Rapids Fast-Swim Classic|2:38.52|341
43|Li, Janelle|10|2008|OYO|Ontario|2019-02-16|2019 Ontario Winter Festival Championships|2:38.61|340
44|Day, Lauren|10|2009|CDSC|British Columbia|2019-06-21|SUMMER AGE GROUP CHAMPIONSHIPS|2:38.65|340
45|Saunders, Calli|10|2008|SPART|British Columbia|2019-01-27|SKSC Winter Fest|2:38.83|339
46|Barnes, Madeline|10|2008|TSC|Ontario|2019-03-02|Steve Kingston Memorial Swim Meet|2:38.99|338
47|McNabb, Sara|10|2008|FAST|New Brunswick|2019-06-23|East Coast Games QPlex Splash into summer|2:39.37|335
48|Norman, Julia|10|2008|CP|Alberta|2019-02-02|Maverick Madness 2019|2:39.38|335
49|Charapova, Kira|9|2009|GO|Ontario|2019-02-02|2019 Eastern Ontario Regional Championships (SC/LC)|2:39.41|335
50|chong, erica|10|2008|RHSD|Ontario|2019-02-10|Central Region B Champs 2019|2:39.54|334