RANK|AGES|CLUB|TEAM|PROVINCE|DATE|MEET|TIME|FINA
1|10 - 10|Island Swimming Club|ISC A|British Columbia|2019-01-26|Vancouver Island Regional SC Championships|3:45.62|767
2|10 - 10|Duncan Stingrays Swim Team|DST A|British Columbia|2019-01-26|Vancouver Island Regional SC Championships|4:02.81|615
3|10 - 10|Comox Valley Aquatic Club|COMOXA|British Columbia|2019-01-26|Vancouver Island Regional SC Championships|4:04.91|599
4|8 - 8|Nanaimo Riptide Swim Team|NRST A|British Columbia|2019-01-26|Vancouver Island Regional SC Championships|4:20.66|497
5|10 - 10|Wilmot Aquatic Aces|WAAC B|Ontario|2019-03-02|Wilmot Aces Team Challenge Cup|4:36.60|416
6|10 - 10|Etobicoke Swim Club|ESWIMA|Ontario|2018-12-08|Youth Cup|4:57.18|335
7|10 - 10|Toronto Swim Club|TSC A|Ontario|2018-12-08|Youth Cup|5:04.13|313
8|10 - 10|North York Aquatic Club|NYAC A|Ontario|2018-12-08|Youth Cup|5:13.45|286
9|9 - 10|North York Aquatic Club|NYAC B|Ontario|2018-12-08|Youth Cup|5:23.55|260
10|10 - 10|Charlottetown Bluephins Aquatic Club|CBAC A|Prince-Edward-Island|2018-12-15|9th Annual Elf Extravaganza|5:39.76|224
11|10 - 10|Halifax Trojan Aquatic Club|HTAC B|Nova Scotia|2019-03-31|AA Age Group Development Meet Two|5:41.75|220
12|9 - 9|Sussex Swordfish|SWRD A|New Brunswick|2018-10-20|Invitational #1|10:22.50|36