RANK|AGES|CLUB|TEAM|PROVINCE|DATE|MEET|TIME|FINA
1|10 - 10|Summerland Orca Swim Club|SOSC A|British Columbia|2018-11-17|2018 KAJ Fall Classic|2:07.68|402
2|10 - 10|Pacific Sea Wolves|PSW D|British Columbia|2019-06-23|SUMMER AGE GROUP CHAMPIONSHIPS|2:10.74|374
3|10 - 10|Canadian Dolphin Swim Club|CDSC A|British Columbia|2019-02-23|Winter Age Group Championships|2:12.97|355
4|10 - 10|University Of Calgary Swim Club|UCSC A|Alberta|2018-10-20|UCSC Holiday Classic|2:13.45|352
5|10 - 10|Hyack Swim Club|HYACKA|British Columbia|2019-02-23|Winter Age Group Championships|2:14.14|346
6|10 - 10|Toronto Swim Club|TSC A|Ontario|2018-11-10|Youth Cup|2:14.40|344
7|10 - 10|Etobicoke Swim Club|ESWIMA|Ontario|2018-11-10|Youth Cup|2:14.49|344
8|10 - 10|North York Aquatic Club|NYAC A|Ontario|2018-12-09|Youth Cup|2:14.66|342
9|10 - 10|Oakville Aquatic Club|OAK A|Ontario|2018-10-13|West International|2:15.81|334
10|10 - 10|Greater Ottawa Kingfish Swim Club|GO A|Ontario|2018-11-24|GO Polar Bear Invitational12/Under SC 13/Over LC|2:16.48|329
11|10 - 10|Natation Gatineau|NG A|Québec|2018-11-24|2019 TOP Cup SC|2:16.53|328
12|10 - 10|Calgary Patriots Swim Club|CP A|Alberta|2018-10-13|Jack Frost 2018|2:17.69|320
13|10 - 10|Club Aquatique Montreal|CAMO C|Québec|2018-10-28|Invitation Régionale 9 et plus et Développement - ANBM 1 (Groupe B - AM)|2:18.02|318
14|10 - 10|Côte St-Luc Aquatics|CSLA E|Québec|2018-11-25|Invitation provinciale de Montréal-Nord|2:18.17|317
15|10 - 10|Charlottetown Bluephins Aquatic Club|CBAC B|Prince-Edward-Island|2018-12-15|U10 Spring Fest Meet 2019|2:18.20|317
16|10 - 10|Sussex Swordfish|SWRD A|New Brunswick|2019-02-09|February Fun Meet Sussex NB|2:18.32|316
17|10 - 10|Richmond Rapids Swim Club|RAPIDA|British Columbia|2018-10-14|Winter Age Group Championships|2:18.51|314
18|9 - 10|Burlington Aquatic Devilrays|BAD A|Ontario|2018-11-24|Alex Baumann Invitational|2:19.25|309
19|10 - 10|Club Aquatique Montreal|CAMO A|Québec|2018-10-28|Invitation Régionale 9 et plus et Développement - ANBM 1 (Groupe B - AM)|2:19.38|309
20|10 - 10|Brantford Aquatic Club|BRANTA|Ontario|2018-10-13|Swim International 2018|2:19.66|307
21|10 - 10|St. James Seals|SEALSA|Manitoba|2019-02-22|Manitoba Open Junior Provincials|2:19.67|307
22|10 - 10|Vancouver Pacific Swim Club|VPSC A|British Columbia|2019-01-27|Winter Age Group Championships|2:20.13|304
23|10 - 10|Saskatoon Goldfins Swim Club|GOLD F|Saskatchewan|2018-11-04|BKSC Winter Classic Invitational|2:20.85|299
24|10 - 10|Richmond Hill Aquatic Club|RHAC A|Ontario|2018-10-20|Newmarket Stingrays Fall Invitational|2:21.02|298
25|9 - 10|Edmonton Keyano Swim Club|EKSC A|Alberta|2019-01-18|Silver Tide Invitational|2:21.59|294
26|10 - 10|Club Warrior Swimmers@UW|CW A|Ontario|2018-11-17|Expressway Lincoln Fall Invitational|2:21.84|293
27|10 - 10|Etobicoke Swim Club|ESWIMB|Ontario|2018-11-10|Central Region SC C Champs (Winter)|2:22.21|291
28|10 - 10|Newmarket Stingrays Swim Club|NEW A|Ontario|2018-11-03|Newmarket Stingrays Tri City Swim Meet|2:23.02|286
29|10 - 10|C.N. Région de Québec|CNQ A|Québec|2019-04-13|B finale régionale ANQCA|2:23.28|284
30|10 - 10|London Aquatic Club|LAC A|Ontario|2018-11-25|LAC - Nothers Fall Invitational|2:23.61|282
31|10 - 10|C.A. Régional de l'Abitibi-Témiscamingue|CARATA|Québec|2019-05-05|Barrie Devo Meet|2:23.66|282
32|10 - 10|Toronto Swim Club|TSC B|Ontario|2018-11-10|York Invitational|2:24.33|278
33|10 - 10|Club Aquatique Montreal|CAMO B|Québec|2018-10-28|Invitation Régionale 9 et plus et Développement - ANBM 1 (Groupe B - AM)|2:24.34|278
34|10 - 10|Pointe-Claire Swim Club|PCSC A|Québec|2018-11-24|Régionale ANLSL Pointe-Claire|2:24.57|276
35|10 - 10|Côte St-Luc Aquatics|CSLA A|Québec|2018-12-01|Régionale ANLSL Pointe-Claire|2:24.69|276
36|9 - 10|Spartan Swim Club|SPARTA|British Columbia|2019-02-23|Winter Age Group Championships|2:24.76|275
37|10 - 10|Côte St-Luc Aquatics|CSLA B|Québec|2018-10-27|Régionale ANLSL Pointe-Claire|2:24.97|274
38|9 - 9|Cold Lake Marlins Swim Club|CLM A|Alberta|2019-01-19|Penguin Sprint Series #2|2:25.06|274
39|10 - 10|Nepean Kanata Barracudas|NKB A|Ontario|2018-12-01|Heats and Finals SC Finale|2:25.08|274
40|10 - 10|Windsor Aquatic Club|WAC A|Ontario|2018-12-09|Border City Invitational|2:25.12|273
41|10 - 10|Cobra Swim Club|COBRAA|Ontario|2018-11-03|Newmarket Stingrays Fall Invitational|2:25.17|273
42|10 - 10|Calgary Patriots Swim Club|CP E|Alberta|2019-02-02|Maverick Madness 2019|2:25.19|273
43|8 - 10|GARDEN CITY AQUATIC CLUB|GCAC A|Ontario|2019-04-27|2019 Ontario Team Challenge|2:25.40|272
44|9 - 10|Pointe-Claire Swim Club|PCSC E|Québec|2018-11-24|Régionale ANLSL Pointe-Claire|2:25.59|271
45|10 - 10|Club aquatique CDN-NDG|CDND A|Québec|2019-04-06|Jeux de Montréal 2019|2:25.67|270
46|9 - 10|University Of Calgary Swim Club|UCSC B|Alberta|2018-10-20|UCSC Holiday Classic|2:26.03|268
47|9 - 10|Toronto Olympian Swim Team|TORCHA|Ontario|2018-11-10|PICK Rainbow Classic 2019|2:26.11|268
48|10 - 10|Mississauga Aquatic Club|MSSACA|Ontario|2018-11-24|Future Stars|2:26.12|268
49|9 - 10|Kingston Blue Marlins|KBM A|Ontario|2018-12-01|Heats and Finals SC Finale|2:26.16|268
50|10 - 10|Club de Natation SAMAK|SAMA F|Québec|2018-12-01|Neptune International (CSPO 25m)|2:26.37|266