RANK|ATHLETES|AGE|YOB|CLUB|PROVINCE|DATE|MEET|TIME|FINA
1|Qi, Kelly|10|2008|WDSC|British Columbia|2018-12-02|DSSC Distance LMR|10:32.83|434
2|Chiu, Briana|10|2007|VPSC|British Columbia|2018-11-09|ISC 2018 Bennett Cup|10:46.65|407
3|Dille, Sophia|10|2008|TRIT|Alberta|2019-03-03|Provincials - Short Course|10:48.49|403
4|Guadalupe, Itzel|10|2009|CAEM|Québec|2019-06-15|Championnat provincial 11-12 ans et Paranatation d'été|10:54.31|393
5|Kryger, Madison|10|2008|GCAC|Ontario|2018-11-02|2018 BAD Fall Invitational|11:04.26|375
6|Gratton, Clara|10|2008|CAMO|Québec|2019-02-16|Championnat provincial 11-12 ans et Paranatation - Hiver|11:13.16|361
7|Morgans, Alexia|10|2008|UL|Québec|2018-12-02|Invitation provinciale 2018|11:15.81|356
8|Shi, Carolyne|10|2007|SKSC|British Columbia|2018-10-19|SKSC Distance Time Trial #1|11:15.93|356
9|Evans, Ava|9|2009|SPART|British Columbia|2019-04-13|2019 Spartan 11 and Under and LMR Distance|11:19.15|351
10|Krauss, Ellie|10|2008|NG|Québec|2019-06-15|Championnat provincial 11-12 ans et Paranatation d'été|11:22.79|345
11|Lowry, Isabel|10|2008|CPWD|Ontario|2018-12-01|CPWD Dec 2018 Time Trial|11:23.08|345
12|Wilson, Victoria|10|2008|LSC|Ontario|2019-01-11|MSSAC Open|11:29.16|336
13|Gonzalez, Daniella|10|2009|CAMO|Québec|2019-04-13|ARENA Challenge du printemps Développement mixte 2019 CAMO|11:32.87|331
14|Sun, Cici|10|2008|WVOSC|British Columbia|2019-01-27|Chena Distance Meet 2019|11:33.13|330
15|Revenberg, Julia|10|2007|COMOX|British Columbia|2018-11-09|ISC 2018 Bennett Cup|11:41.45|319
16|Grossi, Bianca|10|2008|LLST|Ontario|2018-12-07|Border City Invitational|11:48.16|310
17|Monterola, Leigh|10|2007|SKSC|British Columbia|2018-10-19|SKSC Distance Time Trial #1|11:51.66|305
18|Morgans, Leanna|8|2010|CDSC|British Columbia|2019-07-28|SKSC Summer Fest|11:52.56|304
19|Slade, Kendra|10|2008|PSC|Newfoundland|2019-06-08|2019 Summer Classic Invitational|11:55.89|300
20|Andrian, Emily|10|2008|CAMO|Québec|2019-06-15|Championnat provincial 11-12 ans et Paranatation d'été|12:00.39|294
21|Kruse, Jessie|10|2008|BAD|Ontario|2018-11-02|2018 BAD Fall Invitational|12:01.90|292
22|Perreault, Simone|10|2008|CAMO|Québec|2019-04-13|ARENA Challenge du printemps Développement mixte 2019 CAMO|12:04.07|290
23|Turton-Sugden, Emma|10|2008|OAK|Ontario|2018-12-07|Border City Invitational|12:05.09|288
24|Taghavi, Shayda|9|2009|HYACK|British Columbia|2018-11-09|2018 Brad Reid Memorial Invitational|12:06.63|287
25|Saltel, Mila|10|2008|MANTA|Manitoba|2019-06-07|Manitoba Open Junior Provincials|12:07.46|286
26|Molitor, Lily|10|2007|ROCS|Ontario|2018-11-03|ROC Swimming Duel Meet|12:16.91|275
27|Pitts, Payton|9|2009|KBM|Ontario|2019-02-24|Heats and Finals SC Finale|12:18.51|273
28|Rai, Harleen|10|2008|DELTA|British Columbia|2019-04-13|2019 Spartan 11 and Under and LMR Distance|12:18.79|273
29|Ritchie, Avery|10|2007|RAPID|British Columbia|2018-11-04|Rapids Distance meet|12:23.47|268
30|Piersic, Yuka|10|2008|HYACK|British Columbia|2018-11-09|2018 Brad Reid Memorial Invitational|12:24.20|267
31|Newell, Allison|10|2008|ROW|Ontario|2018-12-15|ROW In House Competition|12:24.46|266
32|MacGregor, Kailie|10|2008|DST|British Columbia|2019-06-22|June Jamboree|12:24.73|266
33|Vuong, Haillie|10|2008|MSSAC|Ontario|2019-01-11|MSSAC Open|12:24.93|266
34|Mezei, Gemma|9|2009|BAD|Ontario|2018-11-02|2018 BAD Fall Invitational|12:27.41|263
35|Hier, Jessica|10|2008|UVPCS|British Columbia|2019-01-13|Sunday Race Day (#2) Series|12:28.65|262
36|Constantin, Maya|10|2008|MASC|Ontario|2018-12-07|Steeltown 2018|12:29.38|261
37|Turcotte, Annabelle|9|2009|CNQ|Québec|2019-04-13|ARENA Challenge du printemps Développement mixte 2019 CAMO|12:29.71|261
38|Naus, Sailor|9|2009|ISC|British Columbia|2019-06-22|June Jamboree|12:30.96|260
39|Todorovich, Simone|10|2008|MSSAC|Ontario|2019-01-11|MSSAC Open|12:32.08|258
40|Lebel, Alex|10|2008|NES|New Brunswick|2019-01-19|Compétition Distance Meet - Ed'ston 2019|12:32.89|258
41|Shink, Laurie|10|2008|CNQ|Québec|2019-04-13|ARENA Challenge du printemps Développement mixte 2019 CAMO|12:32.98|257
42|Audet, Marjorie|10|2009|CNQ|Québec|2019-04-13|ARENA Challenge du printemps Développement mixte 2019 CAMO|12:37.28|253
43|Edgar, Victoria|10|2008|OAK|Ontario|2018-12-07|Border City Invitational|12:37.49|253
44|Tomic, Mia|10|2008|WAAC|Ontario|2018-12-07|Border City Invitational|12:42.50|248
45|Bhangu, Jannat|10|2008|DELTA|British Columbia|2018-12-02|DSSC Distance LMR|12:43.61|247
46|Dong, Dorothy|10|2008|NCA|Ontario|2019-03-02|March sprint and distance Meet 2019|12:46.61|244
47|Young, Emilia|10|2009|SJL|Newfoundland|2019-06-08|2019 Summer Classic Invitational|12:50.05|241
48|Jeffels, Ella|10|2008|BTSC|Ontario|2018-11-30|2018 Barrie Trojan Cup|12:54.94|236
49|McNabb, Sara|10|2008|FAST|New Brunswick|2018-11-17|2018 Fall Splash Invitational|12:56.15|235
50|Trepanier, Lea-Frederique|10|2008|CAC|Québec|2019-04-13|ARENA Challenge du printemps Développement mixte 2019 CAMO|12:56.57|235