RANK|ATHLETES|AGE|YOB|CLUB|PROVINCE|DATE|MEET|TIME|FINA
1|Clark, Maxine|10|2008|UCSC|Alberta|2019-05-26|Summer Festival South|1:02.31|545
2|Greenfield, Riley|10|2008|ISC|British Columbia|2019-01-26|Vancouver Island Regional SC Championships|1:04.61|489
3|Kramer, Lili|0|2018|UVPCS|British Columbia|2018-10-20|2018 OCTOBER SENIOR CIRCUIT|1:04.71|486
4|Chiu, Briana|10|2007|VPSC|British Columbia|2018-10-27|VPSC Fall Invitational|1:04.94|481
5|Qi, Kelly|10|2008|WDSC|British Columbia|2019-03-17|DSSC March LMR Meet|1:05.05|479
6|Tigert, Leah|10|2008|TSC|Ontario|2019-05-25|TSC Time Trial|1:07.43|430
7|Rogers, Olive|10|2008|ESWIM|Ontario|2019-02-17|2019 Ontario Winter Festival Championships|1:07.89|421
8|West, Halle|10|2008|SEALS|Manitoba|2018-12-15|ManSask Championships Short Course Open Championships|1:08.03|419
9|Joseph, Anna|10|2008|CP|Alberta|2018-12-16|Age Group Food Bank Challenge|1:08.40|412
10|Low, Naomi|10|2007|JDSS|Ontario|2018-12-08|Steeltown 2018|1:09.09|400
11|Weatherhead, Taryn|10|2008|SOSC|British Columbia|2019-02-23|Winter Age Group Championships|1:09.38|395
12|Ferrell, Hailey|10|2008|PSW|British Columbia|2019-06-22|SUMMER AGE GROUP CHAMPIONSHIPS|1:09.54|392
13|James, Katie|10|2008|DST|British Columbia|2019-01-26|Vancouver Island Regional SC Championships|1:09.64|390
14|Pobol, Emma|10|2008|ESWIM|Ontario|2018-12-09|Youth Cup|1:09.65|390
15|Huang, Elina|10|2007|PSW|British Columbia|2018-10-13|PSW Fall Invitational|1:09.75|388
16|Rodgers, Sienna|10|2007|UCSC|Alberta|2018-12-15|JP Fiset Invitational|1:10.11|382
17|Wilson, Victoria|10|2008|LSC|Ontario|2019-01-13|MSSAC Open|1:10.19|381
18|Kryger, Madison|10|2008|GCAC|Ontario|2019-04-28|2019 Ontario Team Challenge|1:10.27|380
19|Hier, Jessica|10|2008|UVPCS|British Columbia|2019-01-26|Vancouver Island Regional SC Championships|1:10.33|379
20|Hua, Jessie|10|2008|SFA|British Columbia|2019-07-27|SKSC Summer Fest|1:10.34|379
21|Wyncoll, Siena|10|2008|ESWIM|Ontario|2018-12-21|2018 Trillium Cup|1:10.37|378
22|GIGOVIC, MATEA|10|2008|KSC|Alberta|2019-05-26|Summer Festival South|1:10.65|374
23|Miksa, Adele|10|2008|NYAC|Ontario|2019-01-20|Audi Midtown Toronto Winter Classic-SC 12 & U (TPASC)|1:10.76|372
24|Jiang, Selina|10|2007|PSW|British Columbia|2018-12-15|Rapids Fast-Swim Classic|1:10.90|370
25|Emerson, Kinley|10|2008|SFNV|British Columbia|2019-02-23|Winter Age Group Championships|1:10.96|369
26|Leas, Ava|10|2007|SFNV|British Columbia|2018-10-27|VPSC Fall Invitational|1:11.12|366
27|Dille, Sophia|10|2008|TRIT|Alberta|2018-12-02|Winter Festival North|1:11.46|361
28|Park, Yuna|10|2008|COMOX|British Columbia|2019-01-26|Vancouver Island Regional SC Championships|1:11.48|361
29|Wang, Mackenzie|10|2007|HYACK|British Columbia|2018-10-13|PSW Fall Invitational|1:11.53|360
30|Porter, Mutsuki|10|2009|CDSC|British Columbia|2019-06-22|SUMMER AGE GROUP CHAMPIONSHIPS|1:11.63|359
30|Mcclay, Grier|10|2008|GLEN|Alberta|2018-12-16|Age Group Food Bank Challenge|1:11.63|359
32|Gauthier, Florence|9|2009|CASE|Québec|2019-06-01|Festival provincial développement - Ouest|1:11.94|354
33|Lambert, Jessie|10|2008|CNQ|Québec|2019-02-16|Championnat provincial 11-12 ans et Paranatation - Hiver|1:11.95|354
34|Barnes, Madeline|10|2008|TSC|Ontario|2019-02-17|2019 Ontario Winter Festival Championships|1:12.03|353
35|Fournier, Zoé|10|2008|RL|Québec|2019-03-24|Invitation du printemps NSH|1:12.12|351
35|O'Regan, Ridley|10|2007|ESWIM|Ontario|2018-11-11|2018 Age Group International SC|1:12.12|351
35|Kyer, Alivia|10|2007|CSL|Ontario|2018-11-02|NYAC Cup|1:12.12|351
38|Krauss, Ellie|10|2008|NG|Québec|2019-05-11|2019 TOP Cup SC|1:12.14|351
39|Gagne, Maude|10|2008|TORP|Québec|2019-06-01|Festival provincial développement - Ouest|1:12.15|351
40|Edgar, Victoria|10|2008|OAK|Ontario|2019-01-20|Audi Midtown Toronto Winter Classic-SC 12 & U (TPASC)|1:12.36|348
41|Hollo, Annika|10|2008|GO|Ontario|2019-02-17|2019 Ontario Winter Festival Championships|1:12.43|347
41|Gratton, Clara|10|2008|CAMO|Québec|2019-06-16|Championnat provincial 11-12 ans et Paranatation d'été|1:12.43|347
43|Blumel, Ruby|10|2007|CDSC|British Columbia|2018-10-13|PSW Fall Invitational|1:12.45|346
44|Lothian, Calyn|10|2008|LASC|Alberta|2019-05-26|Summer Festival South|1:12.54|345
45|Hall, Violette|10|2008|CSLA|Québec|2018-11-25|Invitation provinciale de Montréal-Nord|1:12.64|344
46|Bobanovic, Maja|10|2008|MMST|Ontario|2019-06-01|MMST Club Championships 2019|1:12.71|343
46|Charapova, Kira|9|2009|GO|Ontario|2019-02-17|2019 Ontario Winter Festival Championships|1:12.71|343
48|Zou, Laura|10|2008|PSW|British Columbia|2019-01-19|Canadian Dolphin New Years Invitational 2019|1:12.76|342
49|Sun, Cici|10|2008|WVOSC|British Columbia|2019-02-23|Winter Age Group Championships|1:12.82|341
50|Opara, Adaora|10|2008|TORCH|Ontario|2018-11-11|2018 Age Group International SC|1:12.94|340