RANK|ATHLETES|AGE|YOB|CLUB|PROVINCE|DATE|MEET|TIME|FINA
1|Qi, Kelly|10|2008|WDSC|British Columbia|2019-02-23|Winter Age Group Championships|4:52.66|514
2|Kramer, Lili|0|2018|UVPCS|British Columbia|2018-10-20|2018 OCTOBER SENIOR CIRCUIT|4:58.75|483
3|Clark, Maxine|10|2008|UCSC|Alberta|2018-12-16|JP Fiset Invitational|5:03.77|460
4|Kryger, Madison|10|2008|GCAC|Ontario|2019-04-26|2019 Ontario Team Challenge|5:06.31|448
5|Pobol, Emma|10|2008|ESWIM|Ontario|2019-05-10|2019 TOP Cup SC|5:07.62|443
6|Tigert, Leah|10|2008|TSC|Ontario|2019-05-10|2019 TOP Cup SC|5:09.49|435
7|Morgans, Alexia|10|2008|CDSC|British Columbia|2019-06-22|SUMMER AGE GROUP CHAMPIONSHIPS|5:13.42|418
8|Chiu, Briana|10|2007|VPSC|British Columbia|2018-11-11|ISC 2018 Bennett Cup|5:14.33|415
9|Evans, Ava|9|2009|SPART|British Columbia|2019-06-22|SUMMER AGE GROUP CHAMPIONSHIPS|5:14.59|414
10|Dille, Sophia|10|2008|TRIT|Alberta|2018-12-16|JP Fiset Invitational|5:17.54|402
11|Gratton, Clara|10|2008|CAMO|Québec|2019-06-15|Championnat provincial 11-12 ans et Paranatation d'été|5:22.69|383
12|Krauss, Ellie|10|2008|NG|Québec|2019-05-10|2019 TOP Cup SC|5:22.95|382
13|Wilson, Victoria|10|2008|LSC|Ontario|2019-01-13|MSSAC Open|5:24.81|376
14|Turton-Sugden, Emma|10|2008|OAK|Ontario|2019-02-17|2019 Ontario Winter Festival Championships|5:24.92|376
15|chong, erica|10|2008|RHSD|Ontario|2019-02-17|2019 Ontario Winter Festival Championships|5:25.13|375
16|O'Regan, Ridley|10|2007|ESWIM|Ontario|2018-12-21|2018 Trillium Cup|5:25.61|373
17|Smith-Theriault, Alexa|10|2007|PCSC|Québec|2018-11-25|2018 CSL Snowflake Invitational|5:25.62|373
18|Peng, XinYao|10|2008|UCSC|Alberta|2019-03-01|Provincials - Short Course|5:25.83|372
19|Low, Naomi|10|2007|JDSS|Ontario|2018-12-08|Steeltown 2018|5:26.19|371
20|Weatherhead, Taryn|10|2008|SOSC|British Columbia|2019-02-23|Winter Age Group Championships|5:28.02|365
21|Greenfield, Riley|10|2008|ISC|British Columbia|2019-06-22|SUMMER AGE GROUP CHAMPIONSHIPS|5:28.09|365
22|Sun, Cici|10|2008|WVOSC|British Columbia|2019-02-23|Winter Age Group Championships|5:28.28|364
23|Ironside, Sophie|10|2008|MSSAC|Ontario|2019-02-17|2019 Ontario Winter Festival Championships|5:28.57|363
24|Opara, Adaora|10|2008|TORCH|Ontario|2018-12-08|Border City Invitational|5:31.45|354
25|Wyncoll, Siena|10|2008|ESWIM|Ontario|2018-12-08|Youth Cup|5:31.98|352
26|Camps, Ava|10|2008|TSC|Ontario|2019-05-10|2019 TOP Cup SC|5:32.46|351
27|Kyer, Alivia|10|2007|CSL|Ontario|2018-11-03|NYAC Cup|5:33.11|348
28|Guadalupe, Itzel|9|2009|CAEM|Québec|2019-04-14|ARENA Challenge du printemps Développement mixte 2019 CAMO|5:33.69|347
29|Rutten, Hannah|10|2008|KISU|British Columbia|2019-06-22|SUMMER AGE GROUP CHAMPIONSHIPS|5:34.22|345
30|Fischer-Kinnear, Arianna|9|2009|RAMAC|Ontario|2019-05-10|2019 TOP Cup SC|5:34.69|344
31|Logan, Quinlynn|10|2008|CW|Ontario|2019-02-17|2019 Ontario Winter Festival Championships|5:35.06|342
32|Lawrence, Alissa|10|2008|ESWIM|Ontario|2019-05-10|2019 TOP Cup SC|5:35.25|342
33|Rogers, Olive|10|2008|ESWIM|Ontario|2018-12-08|Youth Cup|5:35.39|341
34|Ferrell, Hailey|10|2008|PSW|British Columbia|2019-06-22|SUMMER AGE GROUP CHAMPIONSHIPS|5:35.44|341
35|Robichaud, Amelie|10|2008|ESWIM|Ontario|2019-05-10|2019 TOP Cup SC|5:35.97|340
36|Burton, Isabelle|10|2008|LAC|Ontario|2018-11-23|LAC - Nothers Fall Invitational|5:36.47|338
37|Gagne, Maude|10|2008|TORP|Québec|2019-06-09|BBQ Développement 2019|5:36.61|338
38|Jiang, Selina|10|2007|PSW|British Columbia|2018-12-14|Rapids Fast-Swim Classic|5:37.26|336
39|Du, Shu Tong|10|2008|RHAC|Ontario|2019-02-08|Central Region B Champs 2019|5:37.28|336
40|Haringa, Kara|10|2008|WAAC|Ontario|2019-02-17|2019 Ontario Winter Festival Championships|5:37.34|335
41|Grossi, Bianca|10|2008|LLST|Ontario|2019-02-17|2019 Ontario Winter Festival Championships|5:38.85|331
42|Stepanoff, Paige|10|2009|TORCH|Ontario|2019-06-01|PICK Last Gasp 2019|5:40.13|327
43|Revenberg, Julia|10|2007|COMOX|British Columbia|2018-11-11|ISC 2018 Bennett Cup|5:40.41|326
44|Edgar, Victoria|10|2008|OAK|Ontario|2019-02-08|Central Region B Champs 2019|5:40.69|326
45|Kitay, Lara|10|2008|NG|Québec|2019-05-10|2019 TOP Cup SC|5:40.85|325
46|Robinson, Amy|10|2008|PCSC|Québec|2018-11-25|2018 CSL Snowflake Invitational|5:41.40|324
47|Gonzalez, Daniella|10|2009|CAMO|Québec|2019-04-14|ARENA Challenge du printemps Développement mixte 2019 CAMO|5:41.61|323
48|Tomic, Mia|10|2008|WAAC|Ontario|2019-02-17|2019 Ontario Winter Festival Championships|5:42.38|321
48|Zeng, Michelle|8|2010|WVOSC|British Columbia|2019-07-27|SKSC Summer Fest|5:42.38|321
50|Joseph, Anna|10|2008|CP|Alberta|2018-12-09|Distance & IM Challenge|5:42.59|320