RANK|ATHLETES|AGE|YOB|CLUB|PROVINCE|DATE|MEET|TIME|FINA
1|Clark, Maxine|10|2008|UCSC|Alberta|2019-05-26|Summer Festival South|33.58|446
2|West, Halle|10|2008|SEALS|Manitoba|2019-06-07|Manitoba Open Junior Provincials|34.36|416
3|Qi, Kelly|10|2008|WDSC|British Columbia|2019-03-16|DSSC March LMR Meet|35.37|382
4|Chiu, Briana|10|2007|VPSC|British Columbia|2018-11-10|ISC 2018 Bennett Cup|35.50|378
5|Tigert, Leah|10|2008|TSC|Ontario|2019-05-11|2019 TOP Cup SC|35.69|372
6|Joseph, Anna|10|2008|CP|Alberta|2018-12-15|Age Group Food Bank Challenge|35.90|365
7|Rogers, Olive|10|2008|ESWIM|Ontario|2018-10-13|2018 Hall of Fame Meet|36.11|359
8|Dille, Sophia|10|2008|TRIT|Alberta|2018-12-14|JP Fiset Invitational|36.13|358
9|Du, Shu Tong|10|2008|RHAC|Ontario|2019-02-17|2019 Ontario Winter Festival Championships|36.25|355
10|Rachmielowski, Tekla|10|2008|OSC|Alberta|2019-01-20|Blue Bears 2019|36.45|349
11|Rodgers, Sienna|10|2007|UCSC|Alberta|2018-12-14|JP Fiset Invitational|36.55|346
12|Gagne, Maude|10|2008|TORP|Québec|2019-06-01|Festival provincial développement - Ouest|36.65|343
13|Janzen, Zoey|10|2008|UCSC|Alberta|2019-05-26|Summer Festival South|36.77|340
14|Mcclay, Grier|10|2008|GLEN|Alberta|2018-12-15|Age Group Food Bank Challenge|36.85|338
15|Zou, Laura|10|2008|PSW|British Columbia|2019-01-19|Canadian Dolphin New Years Invitational 2019|36.86|337
16|Turton-Sugden, Emma|10|2008|OAK|Ontario|2019-02-17|2019 Ontario Winter Festival Championships|36.87|337
17|Pham, Angie|10|2008|RAPID|British Columbia|2019-02-24|Winter Age Group Championships|36.92|336
18|Porter, Mutsuki|10|2009|CDSC|British Columbia|2019-06-23|SUMMER AGE GROUP CHAMPIONSHIPS|37.02|333
19|Evans, Bridget|10|2008|EKSC|Alberta|2019-01-20|Blue Bears 2019|37.09|331
20|Bee, Ella|10|2007|MS|Ontario|2018-11-10|Swim International 2018|37.16|329
21|Revenberg, Julia|10|2007|COMOX|British Columbia|2018-10-14|Sharks Thanksgiving Challenge|37.26|327
22|Logan, Quinlynn|10|2008|CW|Ontario|2019-01-19|LAC - 12 and Under Celebration|37.30|325
23|Norman, Julia|10|2008|CP|Alberta|2019-03-01|Provincials - Short Course|37.38|323
24|Krauss, Ellie|10|2008|NG|Québec|2019-05-11|2019 TOP Cup SC|37.54|319
25|Okugawa, Hana|10|2007|SCAR|Ontario|2018-10-14|MAC Fall Fest Invitational|37.58|318
26|Hollo, Annika|10|2008|GO|Ontario|2019-02-17|2019 Ontario Winter Festival Championships|37.60|318
27|Kurihara, Kaede|8|2010|BVOSC|British Columbia|2018-10-21|3rd Annual Technicon Swim Meet|37.64|317
28|Sun, Cici|10|2008|WVOSC|British Columbia|2019-02-22|Winter Age Group Championships|37.76|314
29|Miksa, Adele|10|2008|NYAC|Ontario|2019-01-20|Audi Midtown Toronto Winter Classic-SC 12 & U (TPASC)|37.81|312
29|Meller, Sophia|10|2008|NCSA|Alberta|2019-07-13|UCSC Western Finale|37.81|312
31|BEGIN, Abby|10|2008|AMAC|Alberta|2018-12-16|UCSC Holiday Classic|37.86|311
32|Lambert, Jessie|10|2008|CNQ|Québec|2019-02-10|Aquafête 2019|37.87|311
33|Monsen, Marley|10|2008|GPP|Alberta|2019-06-02|Summer Festival North|38.00|308
34|Emerson, Kinley|10|2008|SFNV|British Columbia|2019-03-16|DSSC March LMR Meet|38.01|308
35|Fournier, Zoé|10|2008|RL|Québec|2019-02-16|Championnat provincial 11-12 ans et Paranatation - Hiver|38.04|307
36|Hall, Violette|10|2008|CSLA|Québec|2018-11-25|Invitation provinciale de Montréal-Nord|38.06|306
37|Jiang, Selina|10|2007|PSW|British Columbia|2018-11-11|ISC 2018 Bennett Cup|38.10|305
38|O'Regan, Ridley|10|2007|ESWIM|Ontario|2018-10-13|2018 Hall of Fame Meet|38.12|305
39|Pobol, Emma|10|2008|ESWIM|Ontario|2019-01-13|2019 Etobicoke A-B Meet|38.14|304
39|Laurin, Mikayla|10|2008|GPP|Alberta|2019-01-19|Peace River Wahoos 23rd Annual Invitational|38.14|304
41|Xie, Coco|9|2010|RAPID|British Columbia|2019-07-27|SKSC Summer Fest|38.20|303
42|Power, Safia|10|2009|AAC|Ontario|2019-02-17|2019 Ontario Winter Festival Championships|38.21|303
43|Lothian, Calyn|10|2008|LASC|Alberta|2019-05-26|Summer Festival South|38.22|302
44|GIGOVIC, MATEA|10|2008|KSC|Alberta|2019-05-26|Summer Festival South|38.28|301
45|Poulin, Carolane|10|2008|CASE|Québec|2019-04-14|Grand prix de Montréal Invitation 12 ans et moins|38.31|300
46|Thomas, Mia|10|2008|PCSC|Québec|2019-05-11|2019 TOP Cup SC|38.34|300
47|Tchaptchet, Dafney|8|2010|ELITE|Québec|2019-06-01|Festival provincial développement - Ouest|38.38|299
48|Santoriello, Oceanne|10|2008|CNMN|Québec|2019-04-14|Grand prix de Montréal Invitation 12 ans et moins|38.40|298
49|Drouin, Pénélope|10|2008|CAMO|Québec|2018-10-14|ARENA Challenge Automne 2018|38.44|297
50|Brousseau, Charlotte|10|2007|CAMO|Québec|2018-12-08|ANBM -Invitation régionale #2 2018-2019|38.54|295