RANK|AGES|CLUB|TEAM|PROVINCE|DATE|MEET|TIME|FINA
1|10 - 10|Richmond Rapids Swim Club|RAPIDC|British Columbia|2019-02-24|Winter Age Group Championships|2:17.28|425
2|10 - 10|Vancouver Pacific Swim Club|VPSC F|British Columbia|2019-06-23|SUMMER AGE GROUP CHAMPIONSHIPS|2:18.07|418
3|10 - 10|Canadian Dolphin Swim Club|CDSC C|British Columbia|2019-06-23|SUMMER AGE GROUP CHAMPIONSHIPS|2:21.57|388
4|8 - 8|Vancouver Pacific Swim Club|VPSC E|British Columbia|2019-02-24|Winter Age Group Championships|2:29.10|332
5|10 - 10|Etobicoke Swim Club|ESWIMA|Ontario|2018-11-11|Youth Cup|2:29.60|328
6|10 - 10|Canadian Dolphin Swim Club|CDSC A|British Columbia|2019-02-22|Winter Age Group Championships|2:30.15|325
6|10 - 10|Canadian Dolphin Swim Club|CDSC D|British Columbia|2019-06-23|SUMMER AGE GROUP CHAMPIONSHIPS|2:30.15|325
6|10 - 10|Hyack Swim Club|HYACKA|British Columbia|2019-02-22|Winter Age Group Championships|2:30.15|325
9|10 - 10|Oakville Aquatic Club|OAK A|Ontario|2018-10-14|LAC - Nothers Fall Invitational|2:31.47|316
10|10 - 10|North York Aquatic Club|NYAC A|Ontario|2018-12-07|Youth Cup|2:31.54|316
11|10 - 10|Canadian Dolphin Swim Club|CDSC E|British Columbia|2019-02-24|Winter Age Group Championships|2:32.63|309
12|9 - 10|St. James Seals|SEALSC|Manitoba|2018-12-01|Last Chance for Man/Sask|2:32.89|308
13|10 - 10|Summerland Orca Swim Club|KWIC C|British Columbia|2019-02-24|Winter Age Group Championships|2:33.32|305
14|10 - 10|Toronto Swim Club|TSC A|Ontario|2018-11-11|Youth Cup|2:33.63|303
15|10 - 10|Calgary Patriots Swim Club|CP A|Alberta|2018-10-13|Canmore Pentathlon|2:33.65|303
16|10 - 10|Windsor-Essex Swim Team|WEST A|Ontario|2018-10-21|2018 RHAC Fall Classic|2:34.00|301
17|10 - 10|Vancouver Pacific Swim Club|VPSC B|British Columbia|2019-01-18|Winskill Dolphins LMR|2:34.69|297
18|10 - 10|Greater Ottawa Kingfish Swim Club|GO A|Ontario|2018-11-03|GO Polar Bear Invitational12/Under SC 13/Over LC|2:35.31|293
19|10 - 10|University Of Calgary Swim Club|UCSC A|Alberta|2019-04-26|EVDSC 2019 Annual Invitational Swim Meet|2:36.85|285
20|10 - 10|Winskill Dolphins|WDSC B|British Columbia|2018-10-13|SFU-SFA LMR Swim Meet|2:36.95|284
21|9 - 10|Richmond Rapids Swim Club|RAPIDA|British Columbia|2019-02-22|Winter Age Group Championships|2:38.06|278
22|9 - 10|Burlington Aquatic Devilrays|BAD A|Ontario|2018-11-25|Alex Baumann Invitational|2:38.96|274
23|10 - 10|Pointe-Claire Swim Club|PCSC A|Québec|2019-04-07|Défi Australien - Australian Challenge|2:39.55|271
24|10 - 10|Newmarket Stingrays Swim Club|NEW A|Ontario|2018-11-04|Newmarket Stingrays Fall Invitational|2:39.87|269
25|10 - 10|Club Aquatique Montreal|CAMO A|Québec|2019-04-13|ARENA Challenge du printemps Développement mixte 2019 CAMO|2:40.03|268
26|10 - 10|Regina Optimist Dolphin Swim Team|ROD A|Saskatchewan|2019-03-09|2019 Junior Short Course Provincials|2:40.09|268
27|10 - 10|Club Warrior Swimmers@UW|CW A|Ontario|2018-11-18|Expressway Lincoln Fall Invitational|2:40.15|268
28|10 - 10|St. James Seals|SEALSA|Manitoba|2019-02-23|Manitoba Open Junior Provincials|2:40.29|267
29|10 - 10|Toronto Swim Club|TSC B|Ontario|2018-11-11|York Invitational|2:40.40|266
30|9 - 9|Strathmore Silver Sharks|STRATD|Alberta|2019-02-03|Maverick Madness 2019|2:40.76|265
31|9 - 10|Spartan Swim Club|SPARTA|British Columbia|2019-06-21|SUMMER AGE GROUP CHAMPIONSHIPS|2:41.18|263
32|9 - 10|Vancouver Pacific Swim Club|VPSC A|British Columbia|2019-02-22|Winter Age Group Championships|2:41.29|262
33|10 - 10|Comox Valley Aquatic Club|COMOXA|British Columbia|2018-11-11|Vancouver Island Regional SC Championships|2:41.30|262
34|10 - 10|Toronto Olympian Swim Team|TORCHA|Ontario|2018-11-03|MAC Rising Star #1|2:41.34|262
35|9 - 10|London Aquatic Club|LAC A|Ontario|2018-11-24|LAC - Nothers Fall Invitational|2:41.84|259
36|10 - 10|Dorval Swim Club|DSC K|Québec|2019-05-12|2019 TOP Cup SC|2:41.89|259
37|10 - 10|Côte St-Luc Aquatics|CSLA B|Québec|2018-11-24|Invitation provinciale de Montréal-Nord|2:42.01|258
38|10 - 10|Etobicoke Swim Club|ESWIMB|Ontario|2018-11-11|2019 TOP Cup SC|2:42.31|257
39|10 - 10|Grande Prairie Piranhas Swim Club|GPP A|Alberta|2019-02-16|Grande Cache Otters 45th Annual Mountain Meet 2019|2:42.63|256
40|9 - 10|Edmonton Keyano Swim Club|EKSC A|Alberta|2019-01-19|Blue Bears 2019|2:42.78|255
41|9 - 10|London Aquatic Club|LAC D|Ontario|2018-11-24|LAC - Nothers Fall Invitational|2:43.22|253
42|10 - 10|Surrey Knights Swim Club|SKSC A|British Columbia|2018-10-13|SFU-SFA LMR Swim Meet|2:43.63|251
43|10 - 10|Olympian Swim Club|OSC A|Alberta|2019-01-19|Silver Tide Invitational|2:43.85|250
44|10 - 10|UVic Pacific Coast Swimming|UVPCSA|British Columbia|2019-01-25|Vancouver Island Regional SC Championships|2:43.98|249
45|10 - 10|C.N. Région de Québec|CNQ A|Québec|2019-04-13|ARENA Challenge du printemps Développement mixte 2019 CAMO|2:44.02|249
46|10 - 10|Summerland Orca Swim Club|SOSC A|British Columbia|2018-11-18|2019 3rd Annual Winter Regional A Championships|2:44.08|249
47|10 - 10|Richmond Hill Aquatic Club|RHAC A|Ontario|2018-10-21|Newmarket Stingrays Fall Invitational|2:44.12|249
48|10 - 10|Windsor Aquatic Club|WAC A|Ontario|2018-12-08|Border City Invitational|2:44.94|245
49|10 - 10|Killarney Swim Club|KSC A|Alberta|2018-10-21|KSC SC Invitational 2018|2:45.47|243
50|10 - 10|Mississauga Aquatic Club|MSSACA|Ontario|2018-11-25|Future Stars|2:45.48|243