RANK|ATHLETES|AGE|YOB|CLUB|PROVINCE|DATE|MEET|TIME|FINA
1|Qi, Kelly|10|2008|WDSC|British Columbia|2019-02-24|Winter Age Group Championships|2:51.98|479
2|Chiu, Briana|10|2007|VPSC|British Columbia|2018-11-09|ISC 2018 Bennett Cup|3:03.36|395
3|Zhou, Angela|10|2007|WSC|British Columbia|2018-11-11|2018 Brad Reid Memorial Invitational|3:08.27|365
4|Jiang, Selina|10|2007|PSW|British Columbia|2018-11-09|ISC 2018 Bennett Cup|3:09.07|360
5|Morgans, Alexia|10|2008|CDSC|British Columbia|2019-06-23|SUMMER AGE GROUP CHAMPIONSHIPS|3:09.73|356
6|Taghavi, Shayda|10|2009|HYACK|British Columbia|2019-06-23|SUMMER AGE GROUP CHAMPIONSHIPS|3:10.10|354
7|Piersic, Yuka|10|2008|HYACK|British Columbia|2019-06-23|SUMMER AGE GROUP CHAMPIONSHIPS|3:11.14|348
8|Haringa, Kara|10|2008|WAAC|Ontario|2018-12-08|Border City Invitational|3:11.71|345
9|Bouaziz, Dalia|10|2008|GO|Ontario|2019-01-19|GO Polar Bear Invitational12/Under SC 13/Over LC|3:12.25|342
10|Gratton, Clara|10|2008|CAMO|Québec|2019-06-16|Championnat provincial 11-12 ans et Paranatation d'été|3:14.09|333
11|Hall, Violette|10|2008|CSLA|Québec|2018-12-08|Invitation provinciale des fêtes CSLA|3:15.28|327
12|Wyncoll, Siena|10|2008|ESWIM|Ontario|2018-11-11|2018 Age Group International SC|3:15.31|327
13|Pobol, Emma|9|2008|ESWIM|Ontario|2018-11-11|2018 Age Group International SC|3:16.58|320
14|Fournier, Zoé|10|2008|RL|Québec|2019-02-16|Championnat provincial 11-12 ans et Paranatation - Hiver|3:17.56|316
15|Edgar, Victoria|10|2008|OAK|Ontario|2019-02-23|David Lawson Invitational|3:17.66|315
16|Mezei, Gemma|9|2009|BAD|Ontario|2018-11-04|2018 BAD Fall Invitational|3:17.67|315
17|Bassermann, Emma|10|2009|DSC|Québec|2019-05-12|2019 TOP Cup SC|3:18.97|309
18|Momotiuk, Avery|10|2007|WEST|Ontario|2018-10-21|2018 RHAC Fall Classic|3:19.13|308
19|Robinson, Stella|9|2009|GPP|Alberta|2019-01-19|Peace River Wahoos 23rd Annual Invitational|3:19.30|307
20|Low, Naomi|10|2007|JDSS|Ontario|2018-10-21|2018 RHAC Fall Classic|3:19.52|306
21|Ao, dahlia|10|2009|CAEM|Québec|2019-06-08|BBQ Développement 2019|3:20.32|303
22|Burton, Isabelle|10|2008|LAC|Ontario|2018-11-24|LAC - Nothers Fall Invitational|3:20.71|301
23|Sun, Cici|10|2008|WVOSC|British Columbia|2019-04-13|Winskill Dolphins LMR|3:20.73|301
24|Gonzalez, Daniella|10|2009|CAMO|Québec|2019-06-16|Championnat provincial 11-12 ans et Paranatation d'été|3:21.34|298
25|Tigert, Leah|10|2008|TSC|Ontario|2019-05-12|2019 TOP Cup SC|3:21.49|297
26|Thorne, Claire|10|2008|NEW|Ontario|2019-03-02|Steve Kingston Memorial Swim Meet|3:21.86|296
27|Ritchie, Avery|10|2007|RAPID|British Columbia|2018-11-09|ISC 2018 Bennett Cup|3:21.98|295
28|Logan, Quinlynn|10|2008|CW|Ontario|2018-11-24|LAC - Nothers Fall Invitational|3:22.22|294
29|Robichaud, Amelie|10|2008|ESWIM|Ontario|2019-05-12|2019 TOP Cup SC|3:23.88|287
30|Carlson, Amya|10|2008|SPART|British Columbia|2019-06-23|SUMMER AGE GROUP CHAMPIONSHIPS|3:23.93|287
31|Hirschfield, Sophia|10|2008|TSC|Ontario|2019-05-12|2019 TOP Cup SC|3:24.01|287
32|Chow, Lauren|10|2007|MSSAC|Ontario|2018-11-11|2018 Age Group International SC|3:24.49|284
33|Kruse, Jessie|10|2008|BAD|Ontario|2018-11-25|Alex Baumann Invitational|3:24.76|283
34|Zhu, Maria Victoria|10|2008|VPSC|British Columbia|2019-06-23|SUMMER AGE GROUP CHAMPIONSHIPS|3:24.92|283
35|Chistyakova, Sofiya|10|2008|BBSC|Manitoba|2019-02-23|Manitoba Open Junior Provincial|3:24.95|283
36|Clark, Abigail|10|2008|CP|Alberta|2019-03-10|Silver Tide Invitational|3:25.47|280
37|Moghaddasi, Baran|10|2008|WVOSC|British Columbia|2019-06-02|LMR Championships|3:25.49|280
38|Cheung, Luna|10|2008|HYACK|British Columbia|2019-02-24|Winter Age Group Championships|3:25.59|280
39|Thompson, Brooke|10|2008|PCSC|Québec|2018-11-24|2018 CSL Snowflake Invitational|3:25.62|280
40|Aravinthan, Anisha|10|2007|TORCH|Ontario|2018-11-11|2018 Age Group International SC|3:25.97|278
41|Shink, Laurie|10|2008|CNQ|Québec|2019-06-15|A Finale régionale ANQCA Provincial développement|3:26.03|278
42|Timpug, Ava|10|2008|SEALS|Manitoba|2019-02-23|Manitoba Open Junior Provincial|3:26.04|278
43|Murguly, Jocelyn|10|2008|PGB|British Columbia|2019-06-23|SUMMER AGE GROUP CHAMPIONSHIPS|3:26.12|278
44|Arthur, Celeste|10|2008|MSSAC|Ontario|2019-03-03|2019 BAD Spring Invitational|3:26.16|278
45|Andras, Maria|10|2009|CSLA|Québec|2019-05-03|CSLA 1st Annual Splash Bash Intra-Meet|3:26.23|277
46|Nicholson-Jodoin, Annie|10|2008|PCSC|Québec|2019-05-12|2019 TOP Cup SC|3:26.47|276
47|Begum, Amira|10|2008|PGB|British Columbia|2019-02-24|Winter Age Group Championships|3:26.63|276
48|Kudinov, Catherine|10|2009|CDNDG|Québec|2019-04-14|ARENA Challenge du printemps Développement mixte 2019 CAMO|3:26.84|275
49|James, Katie|10|2008|DST|British Columbia|2019-06-23|SUMMER AGE GROUP CHAMPIONSHIPS|3:27.32|273
50|Monsen, Marley|10|2008|GPP|Alberta|2019-01-19|Peace River Wahoos 23rd Annual Invitational|3:27.34|273