RANK|ATHLETES|AGE|YOB|CLUB|PROVINCE|DATE|MEET|TIME|FINA
1|Clark, Maxine|10|2008|UCSC|Alberta|2019-06-21|UCSC Team Champs|1:12.69|501
2|Zubel, Lila|9|2009|MSSAC|Ontario|2018-11-18|Cobra Poppy Flowertown Meet|1:15.28|451
3|West, Halle|10|2008|SEALS|Manitoba|2019-06-08|Manitoba Open Junior Provincials|1:16.01|438
4|Du, Shu Tong|10|2008|RHAC|Ontario|2019-02-16|2019 Ontario Winter Festival Championships|1:16.04|437
5|Kryger, Madison|10|2008|GCAC|Ontario|2019-02-16|2019 Ontario Winter Festival Championships|1:18.62|396
6|Tigert, Leah|10|2008|TSC|Ontario|2019-02-16|2019 Ontario Winter Festival Championships|1:19.68|380
7|Logan, Quinlynn|10|2008|CW|Ontario|2019-02-16|2019 Ontario Winter Festival Championships|1:19.88|377
8|Fournier, Zoé|10|2008|RL|Québec|2019-03-23|Invitation du printemps NSH|1:20.40|370
9|Pobol, Emma|10|2008|ESWIM|Ontario|2018-12-07|Youth Cup|1:21.20|359
10|Dille, Sophia|10|2008|TRIT|Alberta|2019-07-13|Pirate Extreme Challenge|1:21.72|352
11|McNabb, Sara|10|2008|FAST|New Brunswick|2019-06-22|East Coast Games QPlex Splash into summer|1:21.86|350
12|Gauthier, Florence|9|2009|CASE|Québec|2019-06-02|Festival provincial développement - Ouest|1:21.90|350
13|Okugawa, Hana|10|2007|SCAR|Ontario|2018-10-13|MAC Fall Fest Invitational|1:22.05|348
14|chong, erica|10|2008|RHSD|Ontario|2019-02-16|2019 Ontario Winter Festival Championships|1:22.06|348
15|Rogers, Olive|10|2008|ESWIM|Ontario|2018-10-13|2018 Hall of Fame Meet|1:22.54|342
16|Haringa, Kara|10|2008|WAAC|Ontario|2019-02-16|2019 Ontario Winter Festival Championships|1:22.68|340
17|Monsen, Marley|10|2008|GPP|Alberta|2019-06-01|Summer Festival North|1:22.85|338
18|Janzen, Zoey|10|2008|UCSC|Alberta|2019-05-25|Summer Festival South|1:22.88|338
18|Miksa, Adele|10|2008|NYAC|Ontario|2018-12-07|Youth Cup|1:22.88|338
20|Barnes, Madeline|10|2008|TSC|Ontario|2019-02-16|2019 Ontario Winter Festival Championships|1:22.90|337
21|Rodgers, Sienna|10|2007|UCSC|Alberta|2018-10-20|UCSC Fall Start Up|1:22.96|337
22|Smith-Theriault, Alexa|10|2007|PCSC|Québec|2018-10-13|ARENA Challenge Automne 2018|1:23.00|336
23|Kyer, Alivia|10|2007|CSL|Ontario|2018-11-02|NYAC Cup|1:23.11|335
24|Charapova, Kira|9|2009|GO|Ontario|2019-02-16|2019 Ontario Winter Festival Championships|1:23.22|334
25|Burton, Isabelle|10|2008|LAC|Ontario|2018-10-21|LAC - Fall Startup Part 2|1:23.25|333
26|Evans, Bridget|10|2008|EKSC|Alberta|2019-03-10|Silver Tide Invitational|1:23.29|333
27|Li, Janelle|10|2008|OYO|Ontario|2019-02-16|2019 Ontario Winter Festival Championships|1:23.38|332
28|Felx, Lily|10|2008|ELITE|Québec|2019-06-02|Festival provincial développement - Ouest|1:23.39|331
29|Safa, Jade|10|2008|GGST|Ontario|2019-02-16|2019 Ontario Winter Festival Championships|1:23.64|328
30|Lambert, Jessie|10|2008|CNQ|Québec|2019-02-09|Aquafête 2019|1:23.68|328
31|Mcclay, Grier|10|2008|GLEN|Alberta|2019-03-03|Provincials - Short Course|1:23.72|328
32|Revenberg, Julia|10|2007|COMOX|British Columbia|2018-10-14|Sharks Thanksgiving Challenge|1:23.93|325
32|Opara, Adaora|10|2008|TORCH|Ontario|2019-02-16|2019 Ontario Winter Festival Championships|1:23.93|325
34|Tomic, Mia|10|2008|WAAC|Ontario|2019-02-16|2019 Ontario Winter Festival Championships|1:23.97|325
34|Mason, Sara|10|2008|KBM|Ontario|2019-02-16|2019 Ontario Winter Festival Championships|1:23.97|325
36|O'Regan, Ridley|10|2007|ESWIM|Ontario|2018-10-13|2018 Hall of Fame Meet|1:23.98|325
37|Joseph, Anna|10|2008|CP|Alberta|2018-11-03|Jack Frost 2018|1:24.00|324
38|Le Clair-Haddad, Okyana|10|2008|GO|Ontario|2019-02-16|2019 Ontario Winter Festival Championships|1:24.07|323
39|Tchaptchet, Dafney|8|2010|ELITE|Québec|2019-03-31|Inter club U12|1:24.26|321
40|Wyncoll, Siena|10|2008|ESWIM|Ontario|2018-12-07|Youth Cup|1:24.38|320
41|Robinson, Stella|10|2009|GPP|Alberta|2019-06-01|Summer Festival North|1:24.50|319
42|Hollo, Annika|10|2008|GO|Ontario|2019-02-03|2019 Eastern Ontario Regional Championships (SC/LC)|1:24.52|318
43|Etrue, Leigh|10|2008|JDSS|Ontario|2019-04-27|2019 Ontario Team Challenge|1:24.63|317
44|Blake, Noemi|10|2008|BTSC|Ontario|2019-02-16|2019 Ontario Winter Festival Championships|1:24.65|317
45|Robichaud, Amelie|10|2008|ESWIM|Ontario|2018-12-07|Youth Cup|1:24.71|316
46|Beshry, Malak|10|2008|UCSC|Alberta|2019-05-25|Summer Festival South|1:24.76|316
47|Baker, Calleigh|10|2007|WAC|Ontario|2018-12-16|AOA S.E.A.L. at Sarnia Rapids|1:24.94|314
48|Grossi, Bianca|10|2008|LLST|Ontario|2019-04-27|2019 Seal Championships|1:25.07|312
49|Robitaille, Florence|10|2008|ELITE|Québec|2019-06-02|Festival provincial développement - Ouest|1:25.11|312
50|Mezei, Gemma|9|2009|BAD|Ontario|2019-03-02|2019 BAD Spring Invitational|1:25.19|311