RANK|ATHLETES|AGE|YOB|CLUB|PROVINCE|DATE|MEET|TIME|FINA
1|Kryger, Madison|10|2008|GCAC|Ontario|2019-04-28|2019 Ontario Team Challenge|2:34.72|457
2|Qi, Kelly|10|2008|WDSC|British Columbia|2019-02-24|Winter Age Group Championships|2:39.48|417
3|Tigert, Leah|10|2008|TSC|Ontario|2019-05-25|TSC Time Trial|2:40.26|411
4|Rogers, Olive|10|2008|ESWIM|Ontario|2019-02-17|2019 Ontario Winter Festival Championships|2:40.36|411
5|West, Halle|10|2008|SEALS|Manitoba|2019-06-09|Manitoba Open Junior Provincials|2:41.57|401
6|Pobol, Emma|10|2008|ESWIM|Ontario|2019-05-11|2019 TOP Cup SC|2:43.19|390
7|Greenfield, Riley|10|2008|ISC|British Columbia|2019-06-23|SUMMER AGE GROUP CHAMPIONSHIPS|2:43.84|385
8|Turton-Sugden, Emma|10|2008|OAK|Ontario|2019-02-17|2019 Ontario Winter Festival Championships|2:45.01|377
9|O'Regan, Ridley|10|2007|ESWIM|Ontario|2018-11-10|2018 Age Group International SC|2:46.55|366
10|Clark, Maxine|10|2008|UCSC|Alberta|2018-12-15|JP Fiset Invitational|2:48.05|357
11|Joseph, Anna|10|2008|CP|Alberta|2018-12-09|Distance & IM Challenge|2:48.32|355
12|McNabb, Sara|10|2008|FAST|New Brunswick|2019-02-03|NB Open Cup - Coupe NB|2:49.42|348
13|Porter, Mutsuki|10|2009|CDSC|British Columbia|2019-06-23|SUMMER AGE GROUP CHAMPIONSHIPS|2:49.80|346
14|Soulliere, Sophia|10|2008|WEST|Ontario|2019-02-17|2019 Ontario Winter Festival Championships|2:49.82|346
15|Dille, Sophia|10|2008|TRIT|Alberta|2018-12-15|JP Fiset Invitational|2:49.88|345
16|Gonzalez, Daniella|10|2009|CAMO|Québec|2019-06-15|Championnat provincial 11-12 ans et Paranatation d'été|2:50.38|342
17|Revenberg, Julia|10|2007|COMOX|British Columbia|2018-11-09|ISC 2018 Bennett Cup|2:50.84|339
18|Kyer, Alivia|10|2007|CSL|Ontario|2018-11-02|NYAC Cup|2:50.90|339
19|Ironside, Sophie|10|2008|MSSAC|Ontario|2019-02-17|2019 Ontario Winter Festival Championships|2:51.29|337
20|Okugawa, Hana|10|2007|SCAR|Ontario|2018-12-09|Border City Invitational|2:51.32|337
21|Du, Shu Tong|10|2008|RHAC|Ontario|2019-02-17|2019 Ontario Winter Festival Championships|2:51.45|336
22|Miksa, Adele|10|2008|NYAC|Ontario|2019-02-17|2019 Ontario Winter Festival Championships|2:51.52|335
23|Low, Naomi|10|2007|JDSS|Ontario|2018-10-21|2018 RHAC Fall Classic|2:51.90|333
24|Hollo, Annika|10|2008|GO|Ontario|2019-02-17|2019 Ontario Winter Festival Championships|2:51.91|333
25|Mcclay, Grier|10|2008|GLEN|Alberta|2018-12-14|Age Group Food Bank Challenge|2:52.26|331
26|Tomic, Mia|10|2008|WAAC|Ontario|2019-05-05|Aqua 7 Finals|2:52.40|330
27|Gratton, Clara|10|2008|CAMO|Québec|2019-06-15|Championnat provincial 11-12 ans et Paranatation d'été|2:52.52|330
28|Evans, Ava|9|2009|SPART|British Columbia|2019-06-23|SUMMER AGE GROUP CHAMPIONSHIPS|2:52.56|329
29|Smith-Theriault, Alexa|10|2007|PCSC|Québec|2018-11-25|2018 CSL Snowflake Invitational|2:52.58|329
30|Lambert, Jessie|10|2008|CNQ|Québec|2019-02-16|Championnat provincial 11-12 ans et Paranatation - Hiver|2:52.91|327
31|Zou, Laura|10|2008|PSW|British Columbia|2018-12-15|Rapids Fast-Swim Classic|2:52.93|327
32|Fournier, Zoé|10|2008|RL|Québec|2019-02-16|Championnat provincial 11-12 ans et Paranatation - Hiver|2:53.06|327
33|Cheung, Luna|10|2008|HYACK|British Columbia|2019-06-08|Knights June Jamboree 2019|2:53.56|324
34|Edgar, Victoria|10|2008|OAK|Ontario|2019-02-23|David Lawson Invitational|2:53.83|322
35|Hasiuk, Julianna|10|2008|MST~|Ontario|2019-02-17|2019 Ontario Winter Festival Championships|2:54.15|320
36|Lowry, Isabel|10|2008|CPWD|Ontario|2018-11-25|BYST Fall Invitational|2:54.18|320
37|Asher, Taneesha|10|2008|WS|Ontario|2019-02-17|2019 Ontario Winter Festival Championships|2:54.37|319
38|Rachmielowski, Tekla|10|2008|OSC|Alberta|2018-12-15|JP Fiset Invitational|2:54.50|318
39|Opara, Adaora|10|2008|TORCH|Ontario|2018-12-09|Border City Invitational|2:54.51|318
40|Logan, Quinlynn|10|2008|CW|Ontario|2019-03-03|Wilmot Aces Team Challenge Cup|2:55.34|314
41|Jiang, Selina|10|2007|PSW|British Columbia|2018-11-09|ISC 2018 Bennett Cup|2:55.36|314
41|Marcovitz, Ava|10|2008|TSC|Ontario|2019-02-17|2019 Ontario Winter Festival Championships|2:55.36|314
43|Guadalupe, Itzel|10|2009|CAEM|Québec|2019-06-15|Championnat provincial 11-12 ans et Paranatation d'été|2:55.80|311
44|Krauss, Ellie|10|2008|NG|Québec|2019-05-11|2019 TOP Cup SC|2:55.81|311
45|Norman, Julia|10|2008|CP|Alberta|2019-03-02|Provincials - Short Course|2:56.20|309
46|Morgans, Alexia|10|2008|CDSC|British Columbia|2019-05-12|SFU-SFA LMR Swim Meet|2:56.24|309
47|Le Clair-Haddad, Okyana|10|2008|GO|Ontario|2019-02-17|2019 Ontario Winter Festival Championships|2:56.32|309
48|Burton, Isabelle|10|2008|LAC|Ontario|2018-11-25|LAC - Nothers Fall Invitational|2:56.35|309
49|Taghavi, Shayda|10|2009|HYACK|British Columbia|2019-06-23|SUMMER AGE GROUP CHAMPIONSHIPS|2:56.83|306
50|Camps, Ava|10|2008|TSC|Ontario|2019-05-11|2019 TOP Cup SC|2:57.01|305