RANK|ATHLETES|AGE|YOB|CLUB|PROVINCE|DATE|MEET|TIME|FINA
1|Meawasige, Madelyn|10|2008|ELAC|Ontario|2019-04-07|2019 Top Fish #3 South|55.40|980
2|Kramer, Lili|0|2018|UVPCS|British Columbia|2018-10-20|2018 OCTOBER SENIOR CIRCUIT|1:11.44|457
3|Clark, Maxine|10|2008|UCSC|Alberta|2019-05-25|Summer Festival South|1:14.49|403
4|Kryger, Madison|10|2008|GCAC|Ontario|2019-04-27|2019 Ontario Team Challenge|1:15.18|392
5|Qi, Kelly|10|2008|WDSC|British Columbia|2019-01-18|Canadian Dolphin New Years Invitational 2019|1:15.20|391
6|Rogers, Olive|10|2008|ESWIM|Ontario|2019-02-16|2019 Ontario Winter Festival Championships|1:15.92|380
7|Tigert, Leah|10|2008|TSC|Ontario|2019-05-12|2019 TOP Cup SC|1:15.93|380
8|West, Halle|10|2008|SEALS|Manitoba|2019-06-08|Manitoba Open Junior Provincials|1:16.00|379
9|Chiu, Briana|10|2007|VPSC|British Columbia|2018-10-27|VPSC Fall Invitational|1:16.06|378
10|Du, Shu Tong|10|2008|RHAC|Ontario|2019-02-16|2019 Ontario Winter Festival Championships|1:17.53|357
11|Joseph, Anna|10|2008|CP|Alberta|2018-12-16|Age Group Food Bank Challenge|1:18.22|348
12|Hua, Jessie|10|2008|SFA|British Columbia|2019-07-28|SKSC Summer Fest|1:18.25|347
13|Turton-Sugden, Emma|10|2008|OAK|Ontario|2019-02-16|2019 Ontario Winter Festival Championships|1:18.49|344
13|Greenfield, Riley|10|2008|ISC|British Columbia|2019-06-21|SUMMER AGE GROUP CHAMPIONSHIPS|1:18.49|344
15|Pobol, Emma|10|2008|ESWIM|Ontario|2019-05-12|2019 TOP Cup SC|1:18.59|343
16|Zou, Laura|10|2008|PSW|British Columbia|2019-01-18|Canadian Dolphin New Years Invitational 2019|1:18.77|340
17|Gagne, Maude|10|2008|TORP|Québec|2019-06-08|BBQ Développement 2019|1:18.94|338
18|Rambalie, Ava|10|2009|COBRA|Ontario|2019-06-15|2019 GHAC June Super Fun Invitational|1:19.01|337
19|Lambert, Jessie|10|2008|CNQ|Québec|2019-02-17|Championnat provincial 11-12 ans et Paranatation - Hiver|1:19.56|330
20|Soulliere, Sophia|10|2008|WEST|Ontario|2019-02-16|2019 Ontario Winter Festival Championships|1:19.74|328
21|Okugawa, Hana|10|2007|SCAR|Ontario|2018-12-07|Border City Invitational|1:19.80|327
22|Mcclay, Grier|10|2008|GLEN|Alberta|2018-12-16|Age Group Food Bank Challenge|1:19.98|325
23|Norman, Julia|10|2008|CP|Alberta|2019-03-03|Provincials - Short Course|1:20.48|319
24|Kyer, Alivia|10|2007|CSL|Ontario|2018-11-03|NYAC Cup|1:20.51|319
25|O'Regan, Ridley|10|2007|ESWIM|Ontario|2018-12-21|2018 Trillium Cup|1:20.58|318
26|Rachmielowski, Tekla|10|2008|OSC|Alberta|2019-03-03|Provincials - Short Course|1:20.61|318
27|Baker, Calleigh|10|2007|WAC|Ontario|2018-12-07|Border City Invitational|1:20.68|317
28|Hasiuk, Julianna|10|2008|MST~|Ontario|2019-06-05|Mallards June In House Competition|1:20.77|316
29|Revenberg, Julia|10|2007|COMOX|British Columbia|2018-10-27|2018 NRST Fall Invitational|1:20.79|316
30|Momotiuk, Avery|10|2007|WEST|Ontario|2018-10-20|2018 RHAC Fall Classic|1:20.90|314
31|Edgar, Victoria|10|2008|OAK|Ontario|2019-02-16|2019 Ontario Winter Festival Championships|1:21.00|313
32|Miksa, Adele|10|2008|NYAC|Ontario|2019-02-16|2019 Ontario Winter Festival Championships|1:21.03|313
33|Fournier, Zoé|10|2008|RL|Québec|2019-02-17|Championnat provincial 11-12 ans et Paranatation - Hiver|1:21.06|312
34|Porter, Mutsuki|10|2009|CDSC|British Columbia|2019-06-21|SUMMER AGE GROUP CHAMPIONSHIPS|1:21.09|312
35|Evans, Bridget|10|2008|EKSC|Alberta|2019-01-19|Blue Bears 2019|1:21.30|310
36|Dille, Sophia|10|2008|TRIT|Alberta|2018-12-01|Winter Festival North|1:21.58|306
37|Sun, Cici|10|2008|WVOSC|British Columbia|2019-02-22|Winter Age Group Championships|1:21.69|305
38|Huang, Elina|10|2007|PSW|British Columbia|2018-10-13|PSW Fall Invitational|1:21.96|302
39|Lawrence, Alissa|10|2008|ESWIM|Ontario|2019-02-16|2019 Ontario Winter Festival Championships|1:21.98|302
40|Janzen, Zoey|10|2008|UCSC|Alberta|2019-04-13|UCSC Dino Cup|1:22.09|301
41|Wang, Mackenzie|10|2007|HYACK|British Columbia|2018-10-13|PSW Fall Invitational|1:22.13|300
42|Hollo, Annika|10|2008|GO|Ontario|2019-02-01|2019 Eastern Ontario Regional Championships (SC/LC)|1:22.14|300
43|Tomic, Mia|10|2008|WAAC|Ontario|2019-05-05|Aqua 7 Finals|1:22.22|299
44|Cheung, Luna|10|2008|HYACK|British Columbia|2019-06-21|SUMMER AGE GROUP CHAMPIONSHIPS|1:22.33|298
45|Dubois, Raphaelle|10|2008|CAMO|Québec|2019-03-31|Inter club U12|1:22.36|298
46|Opara, Adaora|10|2008|TORCH|Ontario|2018-11-11|2018 Age Group International SC|1:22.40|297
47|Krauss, Ellie|10|2008|NG|Québec|2019-05-12|2019 TOP Cup SC|1:22.43|297
48|Blumel, Ruby|10|2007|CDSC|British Columbia|2018-10-13|PSW Fall Invitational|1:22.50|296
49|Jiang, Selina|10|2007|PSW|British Columbia|2018-10-13|PSW Fall Invitational|1:22.77|293
50|Saunders, Calli|10|2008|SPART|British Columbia|2019-01-27|SKSC Winter Fest|1:22.88|292