RANK|ATHLETES|AGE|YOB|CLUB|PROVINCE|DATE|MEET|TIME|FINA
1|Qi, Kelly|10|2008|WDSC|British Columbia|2019-02-23|Winter Age Group Championships|2:33.90|496
2|Chiu, Briana|10|2007|VPSC|British Columbia|2018-11-09|ISC 2018 Bennett Cup|2:38.30|456
3|Clark, Maxine|10|2008|UCSC|Alberta|2018-12-15|JP Fiset Invitational|2:41.34|430
4|Greenfield, Riley|10|2008|ISC|British Columbia|2019-06-22|SUMMER AGE GROUP CHAMPIONSHIPS|2:45.67|397
5|Morgans, Alexia|10|2008|CDSC|British Columbia|2019-06-22|SUMMER AGE GROUP CHAMPIONSHIPS|2:45.70|397
6|Kryger, Madison|10|2008|GCAC|Ontario|2019-04-26|2019 Ontario Team Challenge|2:46.45|392
7|Du, Shu Tong|10|2008|RHAC|Ontario|2019-02-17|2019 Ontario Winter Festival Championships|2:46.53|391
8|Pobol, Emma|10|2008|ESWIM|Ontario|2018-12-21|2018 Trillium Cup|2:48.45|378
9|Taghavi, Shayda|10|2009|HYACK|British Columbia|2019-07-27|SKSC Summer Fest|2:48.86|375
10|Low, Naomi|10|2007|JDSS|Ontario|2018-12-07|Steeltown 2018|2:48.89|375
10|Tigert, Leah|10|2008|TSC|Ontario|2019-05-10|2019 TOP Cup SC|2:48.89|375
12|Ang, Gabriela|10|2009|CDSC|British Columbia|2019-06-22|SUMMER AGE GROUP CHAMPIONSHIPS|2:49.96|368
13|Weatherhead, Taryn|10|2008|SOSC|British Columbia|2019-02-23|Winter Age Group Championships|2:50.01|368
14|Gratton, Clara|10|2008|CAMO|Québec|2019-06-15|Championnat provincial 11-12 ans et Paranatation d'été|2:50.37|365
15|Hua, Jessie|10|2008|SFA|British Columbia|2019-07-27|SKSC Summer Fest|2:50.92|362
16|Rogers, Olive|10|2008|ESWIM|Ontario|2018-12-21|2018 Trillium Cup|2:51.31|359
17|Lowry, Isabel|10|2008|CPWD|Ontario|2019-01-05|Perth Stingrays Mike Brown Meet|2:51.51|358
18|O'Regan, Ridley|10|2007|ESWIM|Ontario|2018-12-21|2018 Trillium Cup|2:52.05|355
19|Liu, Ziyun|10|2008|VPSC|British Columbia|2019-06-22|SUMMER AGE GROUP CHAMPIONSHIPS|2:52.08|355
20|Okugawa, Hana|10|2007|SCAR|Ontario|2018-12-08|Border City Invitational|2:53.04|349
21|Burton, Isabelle|10|2008|LAC|Ontario|2018-11-23|LAC - Nothers Fall Invitational|2:53.58|346
22|Porter, Mutsuki|10|2009|CDSC|British Columbia|2019-06-22|SUMMER AGE GROUP CHAMPIONSHIPS|2:53.81|344
23|Logan, Quinlynn|10|2008|CW|Ontario|2019-02-17|2019 Ontario Winter Festival Championships|2:54.17|342
24|West, Halle|10|2008|SEALS|Manitoba|2019-02-22|Manitoba Open Junior Provincial|2:54.37|341
25|Leas, Ava|10|2007|SFNV|British Columbia|2018-10-28|VPSC Fall Invitational|2:54.82|338
26|Miksa, Adele|10|2008|NYAC|Ontario|2019-02-17|2019 Ontario Winter Festival Championships|2:55.21|336
27|Zhou, Angela|10|2007|WSC|British Columbia|2018-11-09|2018 Brad Reid Memorial Invitational|2:55.54|334
28|Gagne, Maude|10|2008|TORP|Québec|2019-06-09|BBQ Développement 2019|2:55.75|333
29|Piersic, Yuka|10|2008|HYACK|British Columbia|2019-01-12|2019 Hyack Icebreaker Classic|2:55.78|333
30|Rodgers, Sienna|10|2007|UCSC|Alberta|2018-12-15|JP Fiset Invitational|2:55.88|332
31|Jiang, Selina|10|2007|PSW|British Columbia|2018-12-14|Rapids Fast-Swim Classic|2:56.04|331
32|Lefrancois, Audrey|10|2008|CSLA|Québec|2019-04-06|Jeux de Montréal 2019|2:56.06|331
33|Gonzalez, Daniella|10|2009|CAMO|Québec|2019-02-15|Championnat provincial 11-12 ans et Paranatation - Hiver|2:56.38|329
34|Haringa, Kara|10|2008|WAAC|Ontario|2019-02-17|2019 Ontario Winter Festival Championships|2:56.45|329
35|Fournier, Zoé|10|2008|RL|Québec|2019-02-15|Championnat provincial 11-12 ans et Paranatation - Hiver|2:56.58|328
36|Dille, Sophia|10|2008|TRIT|Alberta|2019-01-19|Blue Bears 2019|2:56.87|327
37|Evans, Ava|9|2009|SPART|British Columbia|2019-06-22|SUMMER AGE GROUP CHAMPIONSHIPS|2:56.97|326
38|Hall, Violette|10|2008|CSLA|Québec|2018-11-25|Invitation provinciale de Montréal-Nord|2:56.99|326
39|Turton-Sugden, Emma|10|2008|OAK|Ontario|2019-02-17|2019 Ontario Winter Festival Championships|2:57.10|325
40|Mezei, Gemma|9|2009|BAD|Ontario|2019-02-17|2019 Ontario Winter Festival Championships|2:57.13|325
41|Opara, Adaora|10|2008|TORCH|Ontario|2019-02-17|2019 Ontario Winter Festival Championships|2:57.17|325
42|Thorne, Claire|10|2008|NEW|Ontario|2019-02-09|Central Region B Champs 2019|2:57.25|324
43|Vuong, Haillie|10|2008|MSSAC|Ontario|2019-02-09|Central Region B Champs 2019|2:57.44|323
44|Wang, Mackenzie|10|2007|HYACK|British Columbia|2018-10-14|PSW Fall Invitational|2:57.58|323
45|Saunders, Calli|10|2008|SPART|British Columbia|2019-01-26|SKSC Winter Fest|2:57.79|322
46|Gouglas, Danica|10|2008|EKSC|Alberta|2019-03-09|Silver Tide Invitational|2:57.83|321
47|Monsen, Marley|10|2008|GPP|Alberta|2019-04-06|2019 Spring Splash Invitational|2:57.88|321
48|Wyncoll, Siena|10|2008|ESWIM|Ontario|2018-12-08|Youth Cup|2:57.89|321
49|Sun, Cici|10|2008|WVOSC|British Columbia|2019-02-23|Winter Age Group Championships|2:57.98|320
50|Huang, Elina|10|2007|PSW|British Columbia|2018-10-14|PSW Fall Invitational|2:57.99|320