RANK|ATHLETES|AGE|YOB|CLUB|PROVINCE|DATE|MEET|TIME|FINA
1|Qi, Kelly|10|2008|WDSC|British Columbia|2019-03-17|DSSC March LMR Meet|37.61|441
2|Chiu, Briana|10|2007|VPSC|British Columbia|2018-10-28|VPSC Fall Invitational|38.82|401
3|Clark, Maxine|10|2008|UCSC|Alberta|2019-06-21|UCSC Team Champs|39.44|382
4|Hall, Violette|10|2008|CSLA|Québec|2018-11-24|Invitation provinciale de Montréal-Nord|39.78|373
5|Arhontoudis, Ava|10|2008|NYAC|Ontario|2019-02-16|2019 Ontario Winter Festival Championships|39.82|372
6|Leas, Ava|10|2007|SFNV|British Columbia|2018-10-28|VPSC Fall Invitational|40.22|361
7|Smith-Theriault, Alexa|10|2007|PCSC|Québec|2018-10-27|Régionale 1 ANLSL|40.42|355
8|Clark, Abigail|10|2008|CP|Alberta|2019-05-11|Fast & Furious Invitational|40.44|355
9|Beshry, Malak|10|2008|UCSC|Alberta|2019-05-25|Summer Festival South|40.54|352
10|Du, Shu Tong|10|2008|RHAC|Ontario|2018-10-20|2018 RHAC Fall Classic|40.66|349
11|Edgar, Victoria|10|2008|OAK|Ontario|2019-02-23|David Lawson Invitational|40.93|342
12|Okugawa, Hana|10|2007|SCAR|Ontario|2018-12-08|Border City Invitational|41.00|340
13|Miksa, Adele|10|2008|NYAC|Ontario|2019-02-09|Central Region B Champs 2019|41.36|332
14|Fournier, Zoé|10|2008|RL|Québec|2019-03-24|Invitation du printemps NSH|41.66|324
15|Jiang, Selina|10|2007|PSW|British Columbia|2018-11-11|ISC 2018 Bennett Cup|41.75|322
16|Haringa, Kara|10|2008|WAAC|Ontario|2019-02-16|2019 Ontario Winter Festival Championships|41.83|320
17|Taghavi, Shayda|10|2009|HYACK|British Columbia|2019-07-28|SKSC Summer Fest|41.90|319
18|Tigert, Leah|10|2008|TSC|Ontario|2019-03-02|Steve Kingston Memorial Swim Meet|41.94|318
19|Mezei, Gemma|9|2009|BAD|Ontario|2019-02-16|2019 Ontario Winter Festival Championships|42.17|313
20|Bouaziz, Dalia|10|2008|GO|Ontario|2019-01-19|GO Polar Bear Invitational12/Under SC 13/Over LC|42.33|309
21|Zhou, Angela|10|2007|WSC|British Columbia|2018-10-28|VPSC Fall Invitational|42.36|309
22|Momotiuk, Avery|10|2007|WEST|Ontario|2018-10-20|2018 RHAC Fall Classic|42.40|308
23|Logan, Quinlynn|10|2008|CW|Ontario|2019-02-02|2019 Western Region SC Champs|42.42|307
24|Bassermann, Emma|10|2009|DSC|Québec|2019-05-12|2019 TOP Cup SC|42.54|305
25|Elbard-Berkovski, Enye|10|2008|GHAC|Ontario|2019-02-16|2019 Ontario Winter Festival Championships|42.69|301
26|MORTON, ELIZABETH|10|2007|SSC|Alberta|2018-10-26|Tim Horton's Fall Invitational 2018|42.81|299
27|Gratton, Clara|10|2008|CAMO|Québec|2018-12-08|ANBM -Invitation régionale #2 2018-2019|42.87|298
28|Sun, Cici|10|2008|WVOSC|British Columbia|2019-04-13|Winskill Dolphins LMR|42.96|296
29|Robitaille, Florence|10|2008|ELITE|Québec|2019-06-01|Festival provincial développement - Ouest|42.97|296
30|Wei, Oprah|10|2008|RHSD|Ontario|2018-12-21|2018 Trillium Cup|43.02|295
31|Wyncoll, Siena|10|2008|ESWIM|Ontario|2018-12-21|2018 Trillium Cup|43.12|293
32|Robinson, Stella|10|2009|GPP|Alberta|2019-06-01|Summer Festival North|43.18|291
32|Pobol, Emma|10|2008|ESWIM|Ontario|2018-12-08|Youth Cup|43.18|291
34|Zou, Laura|10|2008|PSW|British Columbia|2018-11-11|ISC 2018 Bennett Cup|43.21|291
35|Anderson, Charlotte|10|2008|SWOTT|Ontario|2019-02-01|2019 Eastern Ontario Regional Championships (SC/LC)|43.29|289
36|Dille, Sophia|10|2008|TRIT|Alberta|2019-01-19|Blue Bears 2019|43.33|288
37|St-Pierre, Frédérique|10|2007|MEGO|Québec|2018-10-14|Coupe d'automne 2018|43.40|287
38|Hartway, Madyson|10|2008|OTTER|Ontario|2018-12-08|Youth Cup|43.45|286
39|Monsen, Marley|10|2008|GPP|Alberta|2019-06-01|Summer Festival North|43.53|284
40|Hauser, Taya|10|2009|FS|Saskatchewan|2019-03-09|2019 Junior Short Course Provincials|43.61|283
41|Beauchamp, Chloé|10|2007|NG|Québec|2018-10-20|Pentathlon octobre 2018|43.62|283
42|Audy, Delphine|10|2008|CAMO|Québec|2018-12-08|ANBM -Invitation régionale #2 2018-2019|43.68|281
42|Bergeron, Naomie|10|2007|RL|Québec|2018-10-14|Coupe d'automne 2018|43.68|281
44|Lefrancois, Audrey|10|2008|CSLA|Québec|2019-04-06|Jeux de Montréal 2019|43.72|281
45|Kruse, Jessie|10|2008|BAD|Ontario|2019-02-02|2019 Western Region SC Champs|43.84|278
46|Gauthier, Florence|9|2009|CASE|Québec|2019-06-01|Festival provincial développement - Ouest|43.85|278
47|Mason, Sara|10|2008|KBM|Ontario|2019-02-16|2019 Ontario Winter Festival Championships|43.90|277
48|Tchaptchet, Dafney|8|2010|ELITE|Québec|2019-06-01|Festival provincial développement - Ouest|44.08|274
49|Aylsworth, Isabella|10|2007|ROW|Ontario|2018-10-27|ROW Fall First Try Meet|44.19|272
50|Etrue, Leigh|10|2008|JDSS|Ontario|2019-05-12|2019 TOP Cup SC|44.22|271