RANK|ATHLETES|AGE|YOB|CLUB|PROVINCE|DATE|MEET|TIME|FINA
1|Jung, Justin|12|2006|HYACK|British Columbia|2019-02-24|Winter Age Group Championships|2:29.35|524
2|Zhang, Hao Sheng (Sunny)|12|2005|HYACK|British Columbia|2018-11-11|2018 Brad Reid Memorial Invitational|2:36.17|458
3|Su, Daniel|12|2006|SKSC|British Columbia|2019-06-23|SUMMER AGE GROUP CHAMPIONSHIPS|2:36.40|456
4|Alpajaro, Nathaniel|12|2006|CDNDG|Québec|2019-06-16|Championnat provincial 11-12 ans et Paranatation d'été|2:37.76|444
5|Totar, Victor|12|2006|RAMAC|Ontario|2019-02-16|2019 Ontario Winter Festival Championships|2:38.08|442
6|Nghiem, Andrew|12|2005|GOLD|Saskatchewan|2018-12-14|ManSask Championships Short Course Open Championships|2:38.28|440
7|Pan, Kane|12|2006|HYACK|British Columbia|2019-02-24|Winter Age Group Championships|2:40.92|419
8|Neder Serafini, Andrei|12|2006|KBM|Ontario|2018-11-11|42nd Cindy Nicholas Invitational|2:41.82|412
9|Harris, Aiden|12|2005|ESWIM|Ontario|2018-12-08|Youth Cup|2:42.72|405
10|MacDonald, Noah|12|2006|CDSC|British Columbia|2019-06-23|SUMMER AGE GROUP CHAMPIONSHIPS|2:43.22|401
11|Godden, Austin|12|2006|PCSC|Québec|2019-06-16|Championnat provincial 11-12 ans et Paranatation d'été|2:43.51|399
12|Vorona, Pavel|12|2006|BORC|Ontario|2018-12-10|Invitation provinciale AA-AAA Noël + Développement 11-12 ans CAMO|2:43.74|397
13|Wang, Sirius (Sirui)|12|2007|WVOSC|British Columbia|2019-07-28|SKSC Summer Fest|2:44.92|389
14|Litke, Ryder|12|2006|KCS|British Columbia|2019-02-24|Winter Age Group Championships|2:45.68|384
15|Yu, Isaac|12|2006|ISC|British Columbia|2019-06-23|SUMMER AGE GROUP CHAMPIONSHIPS|2:45.90|382
16|He, River|12|2006|RAPID|British Columbia|2019-06-23|SUMMER AGE GROUP CHAMPIONSHIPS|2:46.69|377
17|Daley, Elijah|12|2006|ESWIM|Ontario|2018-12-21|2018 Trillium Cup|2:46.70|377
18|Zhou, Oscar|12|2006|BORC|Ontario|2019-04-28|2019 Ontario Team Challenge|2:47.14|374
19|Bertrim, James|12|2006|SLSC|Ontario|2018-12-02|2018 Barrie Trojan Cup|2:47.19|373
20|Stewart, Benjamin|12|2006|ROD|Saskatchewan|2018-12-14|ManSask Championships Short Course Open Championships|2:47.26|373
21|VandeVooren, Jayden|12|2006|COBRA|Ontario|2019-01-13|2019 Etobicoke A-B Meet|2:47.50|371
22|Verjee, Cash|12|2006|UCSC|Alberta|2019-07-14|UCSC Western Finale|2:48.04|368
23|Chester, Michael|12|2006|MAC|Ontario|2019-02-16|2019 Ontario Winter Festival Championships|2:48.37|366
24|Ngo, Darin|12|2006|MSSAC|Ontario|2019-02-16|2019 Ontario Winter Festival Championships|2:48.38|365
25|Gui, Corey|12|2005|AAC|Ontario|2018-10-13|MAC Fall Fest Invitational|2:48.75|363
26|Ellefsen, Tom|12|2006|NG|Québec|2018-12-09|Gatineau Grand Prix|2:48.81|363
27|Wang, Derek|12|2006|ESWIM|Ontario|2019-02-16|2019 Ontario Winter Festival Championships|2:49.20|360
28|Sykes, Benji|12|2005|PICK|Ontario|2018-12-08|PICK Lisa Flood Christmas Classic 2018|2:49.32|359
29|Chen, Colin|12|2005|CNSL|Québec|2018-11-11|Festival provincial par équipe section 5 - Nord|2:49.58|358
30|Kwinter, Russell|12|2006|ESWIM|Ontario|2019-01-13|2019 Etobicoke A-B Meet|2:49.64|357
31|Zhou, Keaton|12|2006|GO|Ontario|2018-12-09|Gatineau Grand Prix|2:49.66|357
32|Fu, Brian|12|2006|SFA|British Columbia|2019-04-13|Winskill Dolphins LMR|2:49.75|357
33|Barakat, Yanis|12|2006|CDNDG|Québec|2019-04-14|ARENA Challenge du printemps Développement mixte 2019 CAMO|2:50.14|354
34|Cho, Wongeun|12|2006|VPSC|British Columbia|2019-02-24|Winter Age Group Championships|2:50.68|351
35|Senez, Logan|12|2006|CAMO|Québec|2019-06-16|Championnat provincial 11-12 ans et Paranatation d'été|2:51.01|349
36|Maibaum, David|12|2006|RAPID|British Columbia|2019-02-24|Winter Age Group Championships|2:51.09|348
37|St-Arnauld, Guillaume|12|2006|MUST|Québec|2019-02-16|Championnat provincial 11-12 ans et Paranatation - Hiver|2:51.34|347
38|Henriques, Frederico|12|2005|LAVAL|Québec|2018-11-11|Festival provincial par équipe section 5 - Ouest|2:51.43|346
39|Martin-Root, Westley|12|2006|WAAC|Ontario|2019-02-16|2019 Ontario Winter Festival Championships|2:52.03|343
40|Lai, Jonathan|12|2006|WSC|British Columbia|2019-06-23|SUMMER AGE GROUP CHAMPIONSHIPS|2:52.58|339
41|Soloviev, Victor|12|2006|RHAC|Ontario|2019-02-16|2019 Ontario Winter Festival Championships|2:53.09|336
42|Van Maren, Jasper Joost|12|2005|UVPCS|British Columbia|2018-11-09|ISC 2018 Bennett Cup|2:53.24|336
43|Yazedjian, Alexandre|12|2006|CDNDG|Québec|2018-12-10|Invitation provinciale AA-AAA Noël + Développement 11-12 ans CAMO|2:54.10|331
44|Cohen, Nathan|12|2006|NG|Québec|2019-02-16|Championnat provincial 11-12 ans et Paranatation - Hiver|2:54.13|330
45|Tang, Brayden|12|2006|SKSC|British Columbia|2019-06-23|SUMMER AGE GROUP CHAMPIONSHIPS|2:54.18|330
46|Lee, Jun|12|2006|HYACK|British Columbia|2019-06-23|SUMMER AGE GROUP CHAMPIONSHIPS|2:54.48|328
47|Johnson, Gavin|12|2007|VKSC|British Columbia|2019-06-23|SUMMER AGE GROUP CHAMPIONSHIPS|2:54.60|328
48|Nascimento, Edivaldo|12|2006|GCAC|Ontario|2018-11-25|Alex Baumann Invitational|2:54.64|328
49|Pawlak, Jacob|12|2006|ROCS|Ontario|2019-02-03|2019 Eastern Ontario Regional Championships (SC/LC)|2:54.75|327
50|Mak, Nathan|12|2006|ISC|British Columbia|2019-01-26|Vancouver Island Regional SC Championships|2:55.17|325