RANK|AGES|CLUB|TEAM|PROVINCE|DATE|MEET|TIME|FINA
1|12 - 12|Etobicoke Swim Club|ESWIMA|Ontario|2018-11-18|Youth Cup|4:00.02|445
2|12 - 12|North York Aquatic Club|NYAC A|Ontario|2018-12-08|Youth Cup|4:12.33|383
3|12 - 12|Hyack Swim Club|HYACKA|British Columbia|2018-12-13|JP Fiset Invitational|4:12.66|381
4|12 - 12|Club Aquatique Montreal|CAMO A|Québec|2018-11-02|Festival provincial par équipe section 1|4:20.24|349
5|12 - 12|Etobicoke Swim Club|ESWIMB|Ontario|2018-12-08|Youth Cup|4:20.80|347
6|12 - 12|Club aquatique CDN-NDG|CDND D|Québec|2018-11-09|Festival provincial par équipe section 4|4:27.85|320
7|12 - 12|Wilmot Aquatic Aces|WAAC A|Ontario|2019-02-17|2019 Ontario Winter Festival Championships|4:37.62|287
8|12 - 12|Rouge et Or/Université Laval|UL A|Québec|2018-11-02|Festival provincial par équipe section 1|4:47.64|258
9|12 - 12|Halifax Trojan Aquatic Club|HTAC B|Nova Scotia|2019-05-05|AA Age Group Development 3|4:52.76|245
10|12 - 12|C.N. du Haut-Richelieu|CNHR B|Québec|2018-11-09|Festival provincial par équipe section 4|4:58.88|230
11|12 - 12|Club Aquatique de l'Est de Montréal|CAEM B|Québec|2018-11-09|Festival provincial par équipe section 4|5:07.49|211
12|12 - 12|Port Hawkesbury Antigonish Swim Team|PHASTB|Nova Scotia|2019-03-31|AA Age Group Development Meet Two|5:07.96|210
13|12 - 12|C.N. Sherbrooke|SHER A|Québec|2018-11-09|Festival provincial par équipe section 2|5:23.98|181
14|12 - 12|Saint John Fundy Aquatic Club|TIDE A|New Brunswick|2018-10-20|Invitational #1|5:25.19|179