RANK|ATHLETES|AGE|YOB|CLUB|PROVINCE|DATE|MEET|TIME|FINA
1|Jung, Justin|12|2006|HYACK|British Columbia|2019-02-22|Winter Age Group Championships|2:04.12|513
2|Stewart, Benjamin|12|2006|ROD|Saskatchewan|2018-12-16|ManSask Championships Short Course Open Championships|2:06.52|484
3|Harris, Aiden|12|2005|ESWIM|Ontario|2018-12-07|Youth Cup|2:06.78|481
4|Zhang, Kevin|12|2005|ESWIM|Ontario|2018-11-09|2018 Age Group International SC|2:07.07|478
5|Fu, Brian|12|2006|SFA|British Columbia|2019-06-21|SUMMER AGE GROUP CHAMPIONSHIPS|2:07.19|476
6|Bertrim, James|12|2006|SLSC|Ontario|2019-02-16|2019 Ontario Winter Festival Championships|2:07.69|471
7|Yang, Paul|12|2006|NYAC|Ontario|2019-02-16|2019 Ontario Winter Festival Championships|2:07.72|470
8|Wang, Matthew|12|2006|HYACK|British Columbia|2019-06-21|SUMMER AGE GROUP CHAMPIONSHIPS|2:08.18|465
9|Gutierrez, Alonso|12|2006|UVPCS|British Columbia|2019-06-21|SUMMER AGE GROUP CHAMPIONSHIPS|2:08.36|463
10|Daley, Elijah|12|2006|ESWIM|Ontario|2019-02-16|2019 Ontario Winter Festival Championships|2:08.77|459
11|Chen, Albert|12|2005|VPSC|British Columbia|2018-11-10|ISC 2018 Bennett Cup|2:08.88|458
12|Song, Alvin Zhen|12|2006|NG|Québec|2019-02-17|Championnat provincial 11-12 ans et Paranatation - Hiver|2:09.41|452
13|Sykes, Benji|12|2005|PICK|Ontario|2018-12-09|PICK Lisa Flood Christmas Classic 2018|2:10.63|440
14|Lee, Dominic|12|2006|NYAC|Ontario|2018-12-07|Youth Cup|2:11.24|434
15|Zheng, Tianjun|12|2006|PSW|British Columbia|2018-12-07|16th Annual XMAS Cracker Invitational|2:11.50|431
16|Maher, Kevin|12|2006|ESWIM|Ontario|2019-01-13|2019 Etobicoke A-B Meet|2:11.69|429
17|Mercuri, Maurizio Jr|12|2006|CALAC|Québec|2019-02-17|Championnat provincial 11-12 ans et Paranatation - Hiver|2:11.70|429
18|Bérubé, Thomas|12|2006|RL|Québec|2019-04-13|ARENA Challenge du printemps Développement mixte 2019 CAMO|2:11.75|429
19|Row, Jaxson|12|2006|MPM|Newfoundland|2018-12-07|Invitation Provinciale AA-AAA Pointe-Claire 2018|2:11.78|428
20|MacDonald, Noah|12|2006|CDSC|British Columbia|2019-06-21|SUMMER AGE GROUP CHAMPIONSHIPS|2:11.87|427
21|Crisp, Nolan|12|2006|UVPCS|British Columbia|2019-06-21|SUMMER AGE GROUP CHAMPIONSHIPS|2:11.96|427
22|Taylor, Noah|12|2006|LSC|Ontario|2019-04-27|2019 Ontario Team Challenge|2:12.01|426
22|Kirk, Aiden|12|2007|KAJ|British Columbia|2019-06-21|SUMMER AGE GROUP CHAMPIONSHIPS|2:12.01|426
24|Vorona, Pavel|12|2006|BORC|Ontario|2018-12-07|Invitation provinciale AA-AAA Noël + Développement 11-12 ans CAMO|2:12.16|425
25|Orogo, Paul|12|2006|HYACK|British Columbia|2019-02-22|Winter Age Group Championships|2:12.31|423
26|Totar, Victor|12|2006|RAMAC|Ontario|2019-01-13|2019 Etobicoke A-B Meet|2:12.32|423
27|Alipio, Christopher|12|2006|CDNDG|Québec|2019-06-16|Championnat provincial 11-12 ans et Paranatation d'été|2:12.55|421
28|VandeVooren, Jayden|12|2006|COBRA|Ontario|2019-01-13|2019 Etobicoke A-B Meet|2:12.77|419
29|Slinn, Jeremy|12|2006|WDSC|British Columbia|2019-06-21|SUMMER AGE GROUP CHAMPIONSHIPS|2:13.10|416
29|Johnson, Niall|12|2006|SPART|British Columbia|2018-12-14|Rapids Fast-Swim Classic|2:13.10|416
31|Parisé, Zachary|12|2006|PCSC|Québec|2019-02-17|Championnat provincial 11-12 ans et Paranatation - Hiver|2:13.24|414
32|Duong, Kale|12|2006|ESWIM|Ontario|2019-02-16|2019 Ontario Winter Festival Championships|2:13.27|414
33|Butler, Darcy|12|2006|MPM|Newfoundland|2018-12-07|Invitation Provinciale AA-AAA Pointe-Claire 2018|2:13.43|413
34|Kwinter, Russell|12|2006|ESWIM|Ontario|2019-02-16|2019 Ontario Winter Festival Championships|2:13.52|412
35|Chen, Colin|12|2005|CNSL|Québec|2018-11-24|Invitation provinciale de Montréal-Nord|2:14.00|407
35|Shang, Henry|12|2006|OAK|Ontario|2019-02-16|2019 Ontario Winter Festival Championships|2:14.00|407
37|Foulds, Luke|12|2006|TBT|Ontario|2018-12-07|Youth Cup|2:14.03|407
38|Zhang, Hao Sheng (Sunny)|12|2005|HYACK|British Columbia|2018-11-10|2018 Brad Reid Memorial Invitational|2:14.18|406
39|Byrne, Thomas|12|2006|CP|Alberta|2019-01-19|Pugsley's Plunge 2019|2:14.23|405
40|Huddleston, Jordan|12|2006|EBSC|Ontario|2019-02-16|2019 Ontario Winter Festival Championships|2:14.38|404
41|Miao, Alex|12|2006|BORC|Ontario|2018-12-07|Invitation provinciale AA-AAA Noël + Développement 11-12 ans CAMO|2:14.44|403
42|Glazer, David|12|2006|ESWIM|Ontario|2019-01-13|2019 Etobicoke A-B Meet|2:14.56|402
43|Metwally, Reda|12|2006|PCSC|Québec|2019-06-16|Championnat provincial 11-12 ans et Paranatation d'été|2:14.76|400
43|Terrault, Alexis|12|2006|CARAT|Québec|2019-02-17|Championnat provincial 11-12 ans et Paranatation - Hiver|2:14.76|400
45|Winterborn, Benjamin|12|2006|KBM|Ontario|2019-02-03|2019 Eastern Ontario Regional Championships (SC/LC)|2:14.79|400
46|Fontaine, Justin|12|2006|PCSC|Québec|2019-06-16|Championnat provincial 11-12 ans et Paranatation d'été|2:14.92|399
47|Cortez, David|12|2007|CAMO|Québec|2019-04-13|ARENA Challenge du printemps Développement mixte 2019 CAMO|2:15.07|398
48|Cao, Ray|12|2006|PSW|British Columbia|2018-12-07|16th Annual XMAS Cracker Invitational|2:15.12|397
49|Zhang, Yichi|12|2006|NYAC|Ontario|2019-01-19|Audi Midtown Toronto Winter Classic-SC 12 & U (TPASC)|2:15.26|396
50|Yazedjian, Alexandre|12|2006|CDNDG|Québec|2018-10-06|Intra-Club 1|2:15.28|396