RANK|ATHLETES|AGE|YOB|CLUB|PROVINCE|DATE|MEET|TIME|FINA
1|Jung, Justin|12|2006|HYACK|British Columbia|2019-06-22|SUMMER AGE GROUP CHAMPIONSHIPS|57.21|484
2|Row, Jaxson|12|2006|MPM|Newfoundland|2019-06-07|2019 Summer Classic Invitational|57.54|476
3|Chen, Albert|12|2005|VPSC|British Columbia|2018-10-27|VPSC Fall Invitational|57.94|466
4|Mercuri, Maurizio Jr|12|2006|CALAC|Québec|2019-02-16|Championnat provincial 11-12 ans et Paranatation - Hiver|58.03|464
5|Zhang, Kevin|12|2005|ESWIM|Ontario|2018-11-11|2018 Age Group International SC|58.41|455
6|Wang, Matthew|12|2006|HYACK|British Columbia|2019-06-22|SUMMER AGE GROUP CHAMPIONSHIPS|58.57|451
7|Fu, Brian|12|2006|SFA|British Colum