RANK|AGES|CLUB|TEAM|PROVINCE|DATE|MEET|TIME|FINA
1|12 - 12|Hyack Swim Club|HYACKA|British Columbia|2018-12-14|Winter Age Group Championships|1:48.81|437
2|12 - 12|Etobicoke Swim Club|ESWIMA|Ontario|2018-11-10|Youth Cup|1:51.38|407
3|12 - 12|Calgary Patriots Swim Club|CP A|Alberta|2018-10-26|KSC SC Invitational 2018|1:53.16|388
4|12 - 12|Island Swimming Club|ISC A|British Columbia|2018-12-08|SUMMER AGE GROUP CHAMPIONSHIPS|1:53.35|386
5|12 - 12|Pacific Sea Wolves|PSW A|British Columbia|2019-01-20|Canadian Dolphin New Years Invitational 2019|1:53.94|380
6|12 - 12|University Of Calgary Swim Club|UCSC A|Alberta|2018-10-27|NCSA Fall Invitational 2018|1:54.96|370
6|12 - 12|University Of Calgary Swim Club|UCSC B|Alberta|2018-10-26|JP Fiset Invitational|1:54.96|370
8|12 - 12|Surrey Knights Swim Club|SKSC A|British Columbia|2019-02-24|Winter Age Group Championships|1:55.13|369
9|12 - 12|Hyack Swim Club|HYACKB|British Columbia|2019-06-23|SUMMER AGE GROUP CHAMPIONSHIPS|1:55.58|364
10|12 - 12|Etobicoke Swim Club|ESWIMC|Ontario|2018-11-10|2019 Ontario Winter Festival Championships|1:55.65|364
11|12 - 12|Etobicoke Swim Club|ESWIMB|Ontario|2018-11-10|Youth Cup|1:56.30|358
12|12 - 12|Club Aquatique Montreal|CAMO A|Québec|2018-12-10|Invitation provinciale AA-AAA Noël + Développement 11-12 ans CAMO|1:56.36|357
13|12 - 12|Saskatoon Goldfins Swim Club|GOLD A|Saskatchewan|2018-11-04|BKSC Winter Classic Invitational|1:56.84|353
14|12 - 12|Pacific Sea Wolves|PSW B|British Columbia|2018-11-09|Winter Age Group Championships|1:56.93|352
15|12 - 12|Kingston Blue Marlins|KBM A|Ontario|2019-02-03|2019 Eastern Ontario Regional Championships (SC/LC)|1:57.39|348
16|12 - 12|UVic Pacific Coast Swimming|UVPCSB|British Columbia|2019-06-23|SUMMER AGE GROUP CHAMPIONSHIPS|1:57.42|348
17|12 - 12|Kingston Blue Marlins|KBM A|Ontario|2018-12-07|Gatineau Grand Prix|1:57.94|343
18|12 - 12|Pointe-Claire Swim Club|PCSC A|Québec|2018-11-03|Festival provincial par équipe section 1|1:58.37|339
19|12 - 12|Oakville Aquatic Club|OAK A|Ontario|2018-11-03|LAC - Nothers Fall Invitational|1:58.61|337
20|12 - 12|Barrie Trojan Swim Club|BTSC A|Ontario|2019-02-02|2019 Huronia SC Regional Championships|1:59.67|328
21|12 - 12|Chena Swim Club|CHENAA|British Columbia|2018-10-14|SUMMER AGE GROUP CHAMPIONSHIPS|2:00.11|325
22|12 - 12|Nepean Kanata Barracudas|NKB A|Ontario|2018-11-10|2018 Age Group International SC|2:00.34|323
23|12 - 12|Island Swimming Club|ISC B|British Columbia|2019-02-24|Winter Age Group Championships|2:00.49|322
24|12 - 12|Pickering Swim Club|PICK A|Ontario|2018-10-28|PICK Sprint 2018|2:00.67|320
25|12 - 12|Canadian Dolphin Swim Club|CDSC B|British Columbia|2019-02-24|Winter Age Group Championships|2:00.68|320
26|12 - 12|West Vancouver Otters|WVOSCA|British Columbia|2019-06-23|SUMMER AGE GROUP CHAMPIONSHIPS|2:00.89|318
27|12 - 12|Natation Gatineau|NG A|Québec|2018-11-03|Festival provincial par équipe section 1|2:01.09|317
28|12 - 12|Killarney Swim Club|KSC A|Alberta|2018-11-17|KSC SC Invitational 2018|2:01.29|315
29|12 - 12|Kamloops Classic Swimming|KCS A|British Columbia|2018-11-04|Winter Age Group Championships|2:01.85|311
30|12 - 12|ROC Swimming|ROCS A|Ontario|2018-11-23|2019 Eastern Ontario Regional Championships (SC/LC)|2:01.87|311
31|12 - 12|Mount Pearl Marlins Swim Club|MPM A|Newfoundland|2018-11-02|Gander Fall Invitational|2:02.36|307
32|12 - 12|Cascade Swim Club|CASC A|Alberta|2018-12-16|Age Group Food Bank Challenge|2:02.51|306
33|12 - 12|Club aquatique CDN-NDG|CDND V|Québec|2018-11-10|Festival provincial par équipe section 4|2:02.62|305
34|12 - 12|Greater Ottawa Kingfish Swim Club|GO A|Ontario|2019-01-20|GO Polar Bear Invitational12/Under SC 13/Over LC|2:02.77|304
35|12 - 12|KISU Swim Club|KISU B|British Columbia|2018-11-17|2018 KAJ Fall Classic|2:02.80|304
36|12 - 12|Halton Hills Blue Fins|HHBF A|Ontario|2018-10-20|No Pain No Gain|2:02.81|304
37|12 - 12|C.N. Région de Québec|CNQ A|Québec|2019-06-15|Championnat provincial 11-12 ans et Paranatation d'été|2:02.93|303
38|12 - 12|Chena Swim Club|CHENAB|British Columbia|2018-10-14|Winter Age Group Championships|2:03.58|298
39|12 - 12|Richmond Rapids Swim Club|RAPIDA|British Columbia|2019-06-23|SUMMER AGE GROUP CHAMPIONSHIPS|2:03.59|298
40|12 - 12|Simon Fraser Aquatics|SFA B|British Columbia|2019-03-17|DSSC March LMR Meet|2:03.70|297
41|12 - 12|Kitimat Marlins|KMSC A|British Columbia|2019-06-01|Northwest Spring Invitational|2:04.01|295
42|12 - 12|C.N. Torpille Inc.|TORP T|Québec|2018-11-03|Festival provincial par équipe section 3|2:04.19|294
43|12 - 12|Lakeshore Swim Club|LSC A|Ontario|2018-10-28|York Invitational|2:04.21|294
44|12 - 12|Richmond Rapids Swim Club|RAPIDC|British Columbia|2019-02-23|Winter Age Group Championships|2:04.41|292
45|12 - 12|Wilmot Aquatic Aces|WAAC A|Ontario|2018-10-28|Joe Kerkhoven Memorial Walker Invitational|2:04.81|289
46|12 - 12|Clarington Swim Club|ROC A|Ontario|2019-05-05|ROC vs DUCKS Dual in the Pool|2:05.00|288
47|12 - 12|Ernestown Barracuda Swim Club|EBSC A|Ontario|2018-11-03|Heats and Finals SC Finale|2:05.16|287
48|12 - 12|Mississauga Aquatic Club|MSSACA|Ontario|2018-10-21|HARVEST/AUTUMN INVITATIONAL|2:05.24|286
49|12 - 12|Newmarket Stingrays Swim Club|NEW A|Ontario|2019-02-09|Central Region B Champs 2019|2:05.32|286
50|12 - 12|Aurora Ducks Swimming Club|DUCKSA|Ontario|2018-10-20|2018 RHAC Fall Classic|2:05.50|285