RANK|ATHLETES|AGE|YOB|CLUB|PROVINCE|DATE|MEET|TIME|FINA
1|Mercuri, Maurizio Jr|12|2006|CALAC|Québec|2019-02-16|Championnat provincial 11-12 ans et Paranatation - Hiver|26.47|448
2|Orogo, Paul|12|2006|HYACK|British Columbia|2019-02-24|Winter Age Group Championships|26.55|444
3|Zhang, Kevin|12|2005|ESWIM|Ontario|2018-11-10|2018 Age Group International SC|26.57|443
4|Jung, Justin|12|2006|HYACK|British Columbia|2019-06-23|SUMMER AGE GROUP CHAMPIONSHIPS|26.66|438
5|Lee, Dominic|12|2006|NYAC|Ontario|2018-12-08|Youth Cup|26.79|432
6|Nascimento, Edivaldo|12|2006|GCAC|Ontario|2018-11-24|Alex Baumann Invitational|26.85|429
7|Alipio, Christopher|12|2006|CDNDG|Québec|2019-06-15|Championnat provincial 11-12 ans et Paranatation d'été|26.87|428
8|Fu, Brian|12|2006|SFA|British Columbia|2019-06-23|SUMMER AGE GROUP CHAMPIONSHIPS|26.96|424
9|Taylor, Noah|12|2006|LSC|Ontario|2019-04-26|2019 Ontario Team Challenge|26.98|423
10|Chen, Albert|12|2005|VPSC|British Columbia|2018-10-28|VPSC Fall Invitational|27.03|421
11|Terrault, Alexis|12|2006|CARAT|Québec|2019-02-16|Championnat provincial 11-12 ans et Paranatation - Hiver|27.09|418
12|Parisé, Zachary|12|2006|PCSC|Québec|2019-02-16|Championnat provincial 11-12 ans et Paranatation - Hiver|27.14|415
13|Song, Alvin Zhen|12|2006|NG|Québec|2019-02-16|Championnat provincial 11-12 ans et Paranatation - Hiver|27.20|413
14|Zheng, Tianjun|12|2006|PSW|British Columbia|2018-12-08|16th Annual XMAS Cracker Invitational|27.28|409
15|Seddon, Jacob|12|2006|LAC|Ontario|2019-02-16|2019 Ontario Winter Festival Championships|27.31|408
16|Wang, Matthew|12|2006|HYACK|British Columbia|2019-06-23|SUMMER AGE GROUP CHAMPIONSHIPS|27.38|405
17|Zhang, Hao Sheng (Sunny)|12|2005|HYACK|British Columbia|2018-10-28|VPSC Fall Invitational|27.40|404
18|Daley, Elijah|12|2006|ESWIM|Ontario|2018-12-08|Youth Cup|27.41|403
19|Sykes, Benji|12|2005|PICK|Ontario|2018-12-07|PICK Lisa Flood Christmas Classic 2018|27.43|402
20|Row, Jaxson|12|2006|MPM|Newfoundland|2018-11-23|2018 Mount Pearl Marlins 3rd Annual Sink or Swim Invitiational|27.45|402
20|Bertrim, James|12|2006|SLSC|Ontario|2019-02-16|2019 Ontario Winter Festival Championships|27.45|402
22|Prévost, Anthonin|12|2006|ETM|Québec|2019-05-11|Invitation ETM 12 ans et moins / 13 ans et plus|27.48|400
23|VandeVooren, Jayden|12|2006|COBRA|Ontario|2019-02-16|2019 Ontario Winter Festival Championships|27.50|399
24|Lee, Yat Long|12|2006|SKSC|British Columbia|2019-02-24|Winter Age Group Championships|27.51|399
25|Chen, Colin|12|2005|CNSL|Québec|2018-11-18|Open Sprint SAMAK 2018|27.54|398
26|Yu, Isaac|12|2006|ISC|British Columbia|2019-06-23|SUMMER AGE GROUP CHAMPIONSHIPS|27.58|396
27|Harris, Aiden|12|2005|ESWIM|Ontario|2018-11-10|2018 Age Group International SC|27.59|395
28|Senez, Logan|12|2006|CAMO|Québec|2019-06-15|Championnat provincial 11-12 ans et Paranatation d'été|27.65|393
29|Avey, Matthew|12|2006|CP|Alberta|2019-05-12|Fast & Furious Invitational|27.68|392
30|Mann, Brayden|12|2006|WAAC|Ontario|2019-04-07|WRMS vs WAAC|27.71|390
30|MacDonald, Noah|12|2006|CDSC|British Columbia|2019-06-23|SUMMER AGE GROUP CHAMPIONSHIPS|27.71|390
32|Cao, Ray|12|2006|PSW|British Columbia|2019-02-24|Winter Age Group Championships|27.80|387
32|Bérubé, Thomas|12|2006|RL|Québec|2019-04-13|ARENA Challenge du printemps Développement mixte 2019 CAMO|27.80|387
34|Mountstevens, Rohin|12|2006|CHENA|British Columbia|2019-06-23|SUMMER AGE GROUP CHAMPIONSHIPS|27.82|386
35|Byrne, Thomas|12|2006|CP|Alberta|2018-11-18|KSC SC Invitational 2018|27.88|383
35|Kirk, Aiden|12|2007|KAJ|British Columbia|2019-06-23|SUMMER AGE GROUP CHAMPIONSHIPS|27.88|383
37|Nghiem, Andrew|12|2005|GOLD|Saskatchewan|2018-12-14|ManSask Championships Short Course Open Championships|27.95|380
38|Chan, Otis|12|2006|VPSC|British Columbia|2018-12-08|16th Annual XMAS Cracker Invitational|27.99|379
39|Trichilo, Keaton|12|2006|BTSC|Ontario|2019-02-02|2019 Huronia SC Regional Championships|28.02|378
39|Lee, Eugene|12|2005|TORCH|Ontario|2018-11-10|2018 Age Group International SC|28.02|378
41|Crisp, Nolan|12|2006|UVPCS|British Columbia|2018-11-10|ISC 2018 Bennett Cup|28.04|377
42|Neder Serafini, Andrei|12|2006|KBM|Ontario|2019-02-16|2019 Ontario Winter Festival Championships|28.06|376
43|Gutierrez, Alonso|12|2006|UVPCS|British Columbia|2019-06-23|SUMMER AGE GROUP CHAMPIONSHIPS|28.08|375
43|Stewart, Benjamin|12|2006|ROD|Saskatchewan|2018-12-14|ManSask Championships Short Course Open Championships|28.08|375
45|Butler, Darcy|12|2006|MPM|Newfoundland|2018-11-23|2018 Mount Pearl Marlins 3rd Annual Sink or Swim Invitiational|28.14|373
46|Vorona, Pavel|12|2006|BORC|Ontario|2018-12-21|2018 Trillium Cup|28.15|372
47|Sortland, Connor|12|2006|UCSC|Alberta|2018-10-27|Cascade Speed Meet|28.20|370
48|Vooro, Maximilian|12|2005|GHAC|Ontario|2018-12-09|Border City Invitational|28.23|369
49|Shang, Henry|12|2006|OAK|Ontario|2018-12-09|Border City Invitational|28.26|368
50|Zhang, Yichi|12|2006|NYAC|Ontario|2018-12-08|Youth Cup|28.30|366