RANK|ATHLETES|AGE|YOB|CLUB|PROVINCE|DATE|MEET|TIME|FINA
1|Zhang, Kevin|12|2005|ESWIM|Ontario|2018-11-11|2018 Age Group International SC|28.19|462
2|Jung, Justin|12|2006|HYACK|British Columbia|2019-06-08|Knights June Jamboree 2019|28.21|461
3|Taylor, Noah|12|2006|LSC|Ontario|2019-04-27|2019 Ontario Team Challenge|28.96|426
4|Daley, Elijah|12|2006|ESWIM|Ontario|2018-11-11|2018 Age Group International SC|29.13|419
5|Fu, Brian|12|2006|SFA|British Columbia|2019-05-11|SFU-SFA LMR Swim Meet|29.45|405
6|Orogo, Paul|12|2006|HYACK|British Columbia|2019-06-08|Knights June Jamboree 2019|29.50|403
7|Mercuri, Maurizio Jr|12|2006|CALAC|Québec|2018-11-10|Festival provincial par équipe section 5 - Nord|29.52|402
8|MacDonald, Noah|12|2006|CDSC|British Columbia|2019-07-27|SKSC Summer Fest|29.72|394
9|Byrne, Thomas|12|2006|CP|Alberta|2019-01-19|Pugsley's Plunge 2019|29.74|393
10|Sortland, Connor|12|2006|UCSC|Alberta|2018-12-16|JP Fiset Invitational|29.75|393
11|Row, Jaxson|12|2006|MPM|Newfoundland|2019-06-09|2019 Summer Classic Invitational|29.80|391
12|Duncan, Nicholas|12|2006|UCSC|Alberta|2018-12-16|JP Fiset Invitational|30.08|380
13|Sykes, Benji|12|2005|PICK|Ontario|2018-12-08|PICK Lisa Flood Christmas Classic 2018|30.29|372
14|Lacroix, Marc-Etienne|12|2006|SAMAK|Québec|2019-03-01|IntraClub SamaK Mars 2019|30.40|368
15|Avey, Matthew|12|2006|CP|Alberta|2018-12-16|JP Fiset Invitational|30.46|366
16|Wigginton, Lorne|12|2005|UCSC|Alberta|2018-10-28|Cascade Speed Meet|30.60|361
17|Senez, Logan|12|2006|CAMO|Québec|2019-04-14|ARENA Challenge du printemps Développement mixte 2019 CAMO|30.75|356
18|Harris, Aiden|12|2005|ESWIM|Ontario|2018-10-14|2018 Hall of Fame Meet|30.85|352
19|Shang, Henry|12|2006|OAK|Ontario|2019-02-24|David Lawson Invitational|30.88|351
20|VandeVooren, Jayden|12|2006|COBRA|Ontario|2019-03-02|COBRA Power|30.89|351
21|Zhang, Hao Sheng (Sunny)|12|2005|HYACK|British Columbia|2018-10-27|VPSC Fall Invitational|30.90|351
22|Govier, Tristan|12|2006|SFA|British Columbia|2018-12-15|Rapids Fast-Swim Classic|30.91|350
23|Terrault, Alexis|12|2006|CARAT|Québec|2019-01-26|Compétition Régional #2 ANAT|30.97|348
24|Tran, Jack|12|2007|BRANT|Ontario|2019-03-03|2019 BAD Spring Invitational|31.05|346
25|Chen, Albert|12|2005|VPSC|British Columbia|2018-10-27|VPSC Fall Invitational|31.20|341
26|Lee, Dominic|12|2006|NYAC|Ontario|2018-11-02|NYAC Cup|31.33|336
27|Lee, Yat Long|12|2006|SKSC|British Columbia|2019-01-12|2019 Hyack Icebreaker Classic|31.34|336
28|Glazer, David|12|2006|ESWIM|Ontario|2019-01-12|2019 Etobicoke A-B Meet|31.35|336
29|Nascimento, Edivaldo|12|2006|GCAC|Ontario|2018-10-20|HARVEST/AUTUMN INVITATIONAL|31.36|335
30|Trichilo, Keaton|12|2006|BTSC|Ontario|2019-02-03|2019 Huronia SC Regional Championships|31.39|334
31|Totar, Victor|12|2006|RAMAC|Ontario|2018-11-11|2018 Age Group International SC|31.42|334
32|Vilchez, Jordi|12|2005|BTSC|Ontario|2018-10-14|2018 Hall of Fame Meet|31.43|333
33|Maibaum, David|12|2006|RAPID|British Columbia|2019-01-19|Canadian Dolphin New Years Invitational 2019|31.53|330
34|Zhang, Yichi|12|2006|NYAC|Ontario|2018-11-02|NYAC Cup|31.60|328
35|Borden, Jace|12|2006|NKB|Ontario|2019-02-01|2019 Eastern Ontario Regional Championships (SC/LC)|31.66|326
35|Chen, Colin|12|2005|CNSL|Québec|2018-11-18|Open Sprint SAMAK 2018|31.66|326
37|Alaoui, Rayan|12|2006|CAMO|Québec|2019-04-14|ARENA Challenge du printemps Développement mixte 2019 CAMO|31.71|324
38|Viloria, Marcus Hugo|12|2006|DELTA|British Columbia|2019-01-26|SKSC Winter Fest|31.73|324
39|Maher, Kevin|12|2006|ESWIM|Ontario|2018-10-14|2018 Hall of Fame Meet|31.75|323
39|Spurrell, Cale|12|2006|COBRA|Ontario|2019-03-02|COBRA Power|31.75|323
41|Prévost, Anthonin|12|2006|ETM|Québec|2018-11-03|Festival provincial par équipe section 5 - Sud|31.85|320
42|Alipio, Christopher|12|2006|CDNDG|Québec|2018-11-10|Festival provincial par équipe section 4|31.86|320
43|Neder Serafini, Andrei|12|2006|KBM|Ontario|2018-11-09|42nd Cindy Nicholas Invitational|31.89|319
44|Simard, Colin|12|2006|CNMN|Québec|2019-03-24|Invitation Printanière AA et moins tous les âges|31.91|318
45|Mylonas, Demetrios|12|2006|UCSC|Alberta|2019-03-08|UCSC Team Champs|31.93|318
46|Kwok, Joshua|12|2006|WSC|British Columbia|2019-07-27|SKSC Summer Fest|31.94|317
47|Caruso, Thomas|12|2005|KISU|British Columbia|2018-10-14|KISU Triple Pentathlon 2018|31.95|317
47|George, Skyyler|12|2005|SCAR|Ontario|2018-12-09|Border City Invitational|31.95|317
49|McMayo, Jomo|12|2006|ESWIM|Ontario|2018-10-14|2018 Hall of Fame Meet|31.97|317
50|Bérubé, Thomas|12|2006|RL|Québec|2019-04-14|ARENA Challenge du printemps Développement mixte 2019 CAMO|31.98|316