RANK|ATHLETES|AGE|YOB|CLUB|PROVINCE|DATE|MEET|TIME|FINA
1|Zhang, Kevin|12|2005|ESWIM|Ontario|2018-11-10|2018 Age Group International SC|1:00.79|494
2|Jung, Justin|12|2006|HYACK|British Columbia|2019-06-21|SUMMER AGE GROUP CHAMPIONSHIPS|1:00.93|491
3|Mercuri, Maurizio Jr|12|2006|CALAC|Québec|2019-02-16|Championnat provincial 11-12 ans et Paranatation - Hiver|1:03.41|435
4|MacDonald, Noah|12|2006|CDSC|British Columbia|2019-06-21|SUMMER AGE GROUP CHAMPIONSHIPS|1:05.00|404
5|Orogo, Paul|12|2006|HYACK|British Columbia|2019-06-21|SUMMER AGE GROUP CHAMPIONSHIPS|1:05.01|404
6|Daley, Elijah|12|2006|ESWIM|Ontario|2019-02-16|2019 Ontario Winter Festival Championships|1:05.58|394
7|Zheng, Tianjun|12|2006|PSW|British Columbia|2018-12-09|16th Annual XMAS Cracker Invitational|1:05.68|392
8|Crisp, Nolan|12|2006|UVPCS|British Columbia|2019-06-21|SUMMER AGE GROUP CHAMPIONSHIPS|1:05.73|391
9|Fu, Brian|12|2006|SFA|British Columbia|2019-06-21|SUMMER AGE GROUP CHAMPIONSHIPS|1:05.74|391
10|Terrault, Alexis|12|2006|CARAT|Québec|2019-02-16|Championnat provincial 11-12 ans et Paranatation - Hiver|1:05.75|391
11|Row, Jaxson|12|2006|MPM|Newfoundland|2019-06-08|2019 Summer Classic Invitational|1:05.87|388
12|Alpajaro, Nathaniel|12|2006|CDNDG|Québec|2019-06-15|Championnat provincial 11-12 ans et Paranatation d'été|1:06.14|384
13|Senez, Logan|12|2006|CAMO|Québec|2019-06-15|Championnat provincial 11-12 ans et Paranatation d'été|1:06.33|380
14|Taylor, Noah|12|2006|LSC|Ontario|2019-02-16|2019 Ontario Winter Festival Championships|1:06.66|375
15|Kwinter, Russell|12|2006|ESWIM|Ontario|2019-02-16|2019 Ontario Winter Festival Championships|1:06.67|375
16|Zhang, Hao Sheng (Sunny)|12|2005|HYACK|British Columbia|2018-11-11|2018 Brad Reid Memorial Invitational|1:06.68|374
17|Sortland, Connor|12|2006|UCSC|Alberta|2018-10-26|Cascade Speed Meet|1:06.88|371
18|Shang, Henry|12|2006|OAK|Ontario|2019-02-16|2019 Ontario Winter Festival Championships|1:07.17|366
18|Wigginton, Lorne|12|2005|UCSC|Alberta|2018-10-26|Cascade Speed Meet|1:07.17|366
20|Byrne, Thomas|12|2006|CP|Alberta|2018-12-15|JP Fiset Invitational|1:07.36|363
21|Harris, Aiden|12|2005|ESWIM|Ontario|2018-10-13|2018 Hall of Fame Meet|1:07.38|363
22|Wang, Matthew|12|2006|HYACK|British Columbia|2019-06-21|SUMMER AGE GROUP CHAMPIONSHIPS|1:07.56|360
23|Song, Alvin Zhen|12|2006|NG|Québec|2019-02-16|Championnat provincial 11-12 ans et Paranatation - Hiver|1:07.77|357
24|He, River|12|2006|RAPID|British Columbia|2019-06-21|SUMMER AGE GROUP CHAMPIONSHIPS|1:07.89|355
25|Zanotti, Massimo|12|2006|NCSA|Alberta|2019-03-08|Silver Tide Invitational|1:07.92|354
26|Alipio, Christopher|12|2006|CDNDG|Québec|2019-06-15|Championnat provincial 11-12 ans et Paranatation d'été|1:08.06|352
27|Carson, Dayton|12|2006|RAPID|British Columbia|2019-03-15|Rapids TT #4|1:08.14|351
28|Miao, Alex|12|2006|BORC|Ontario|2018-12-07|Invitation provinciale AA-AAA Noël + Développement 11-12 ans CAMO|1:08.21|350
29|Avey, Matthew|12|2006|CP|Alberta|2019-05-12|Fast & Furious Invitational|1:08.26|349
30|Yazedjian, Alexandre|12|2006|CDNDG|Québec|2018-12-07|Invitation provinciale AA-AAA Noël + Développement 11-12 ans CAMO|1:08.29|348
31|Neder Serafini, Andrei|12|2006|KBM|Ontario|2019-02-02|2019 Eastern Ontario Regional Championships (SC/LC)|1:08.36|347
32|Parisé, Zachary|12|2006|PCSC|Québec|2019-02-16|Championnat provincial 11-12 ans et Paranatation - Hiver|1:08.37|347
33|Viloria, Marcus Hugo|12|2006|DELTA|British Columbia|2019-02-22|Winter Age Group Championships|1:08.54|345
34|Maher, Kevin|12|2006|ESWIM|Ontario|2018-12-22|2018 Trillium Cup|1:08.55|345
35|Glazer, David|12|2006|ESWIM|Ontario|2018-12-22|2018 Trillium Cup|1:08.79|341
36|Zhang, Yichi|12|2006|NYAC|Ontario|2018-12-08|Youth Cup|1:08.86|340
37|Maibaum, David|12|2006|RAPID|British Columbia|2019-02-22|Winter Age Group Championships|1:09.08|337
38|Lacroix, Marc-Etienne|12|2006|SAMAK|Québec|2019-02-16|Championnat provincial 11-12 ans et Paranatation - Hiver|1:09.15|336
39|Govier, Tristan|12|2006|SFA|British Columbia|2018-11-11|2018 Brad Reid Memorial Invitational|1:09.38|332
40|Totar, Victor|12|2006|RAMAC|Ontario|2018-11-10|2018 Age Group International SC|1:09.43|332
41|Sykes, Benji|12|2005|PICK|Ontario|2018-12-08|PICK Lisa Flood Christmas Classic 2018|1:09.57|330
42|Vorona, Pavel|12|2006|BORC|Ontario|2018-11-10|2018 Age Group International SC|1:09.68|328
43|Simard, Bodie|12|2006|CHENA|British Columbia|2019-06-21|SUMMER AGE GROUP CHAMPIONSHIPS|1:10.05|323
44|Barbeau, Timothé|12|2005|NN|Québec|2018-11-04|Festival provincial par équipe section 1|1:10.10|322
45|Alaoui, Rayan|12|2006|CAMO|Québec|2019-02-16|Championnat provincial 11-12 ans et Paranatation - Hiver|1:10.42|318
46|Zou, Ethan|12|2006|NYAC|Ontario|2019-02-16|2019 Ontario Winter Festival Championships|1:10.56|316
46|Pan, Kane|12|2006|HYACK|British Columbia|2019-01-27|SKSC Winter Fest|1:10.56|316
48|Wang, Daniel|12|2006|PSW|British Columbia|2019-02-22|Winter Age Group Championships|1:10.61|315
49|McMayo, Jomo|12|2006|ESWIM|Ontario|2019-02-16|2019 Ontario Winter Festival Championships|1:10.68|314
50|Rusu, Eduard-Daniel|12|2007|LAVAL|Québec|2019-04-14|ARENA Challenge du printemps Développement mixte 2019 CAMO|1:10.75|313