RANK|ATHLETES|AGE|YOB|CLUB|PROVINCE|DATE|MEET|TIME|FINA
1|Wang, Daniel|12|2006|OAK|Ontario|2019-05-25|HOBC Finale|25.77|940
2|Jung, Justin|12|2006|HYACK|British Columbia|2019-06-08|Knights June Jamboree 2019|32.51|468
3|Zhang, Hao Sheng (Sunny)|12|2005|HYACK|British Columbia|2018-11-09|2018 Brad Reid Memorial Invitational|33.41|431
4|Su, Daniel|12|2006|SKSC|British Columbia|2019-06-08|Knights June Jamboree 2019|33.78|417
5|VandeVooren, Jayden|12|2006|COBRA|Ontario|2019-03-02|COBRA Power|34.06|407
6|MacDonald, Noah|12|2006|CDSC|British Columbia|2019-07-28|SKSC Summer Fest|34.58|389
7|Totar, Victor|12|2006|RAMAC|Ontario|2018-11-10|2018 Age Group International SC|34.77|382
8|Nascimento, Edivaldo|12|2006|GCAC|Ontario|2018-11-24|Alex Baumann Invitational|34.86|380
9|Neder Serafini, Andrei|12|2006|KBM|Ontario|2018-12-07|Gatineau Grand Prix|34.95|377
10|Cohen, Nathan|12|2006|NG|Québec|2018-11-02|Festival provincial par équipe section 1|34.97|376
11|Nghiem, Andrew|12|2005|GOLD|Saskatchewan|2018-12-15|ManSask Championships Short Course Open Championships|35.08|372
12|Sykes, Benji|12|2005|PICK|Ontario|2018-12-09|PICK Lisa Flood Christmas Classic 2018|35.31|365
13|Ellefsen, Tom|12|2006|NG|Québec|2018-11-02|Festival provincial par équipe section 1|35.43|361
14|Chen, Colin|12|2005|CNSL|Québec|2018-11-18|Open Sprint SAMAK 2018|35.46|361
15|Ngo, Darin|12|2006|MSSAC|Ontario|2018-11-10|2018 Age Group International SC|35.55|358
16|Chui, Adrian|12|2006|MAC|Ontario|2019-04-28|2019 Ontario Team Challenge|35.62|356
17|Wang, Sirius (Sirui)|12|2007|WVOSC|British Columbia|2019-05-25|Whistler Seawolves Invitational|35.65|355
18|Wang, Derek|12|2006|ESWIM|Ontario|2018-11-10|2018 Age Group International SC|35.69|354
19|Verjee, Cash|12|2006|UCSC|Alberta|2019-07-14|UCSC Western Finale|35.84|349
20|He, River|12|2006|RAPID|British Columbia|2018-12-14|Rapids Fast-Swim Classic|35.92|347
21|Senez, Logan|12|2006|CAMO|Québec|2019-04-13|ARENA Challenge du printemps Développement mixte 2019 CAMO|35.97|345
22|Zhang, Kevin|12|2005|ESWIM|Ontario|2018-10-14|2018 Hall of Fame Meet|36.03|344
23|Alpajaro, Nathaniel|12|2006|CDNDG|Québec|2018-11-09|Festival provincial par équipe section 4|36.04|343
24|Daley, Elijah|12|2006|ESWIM|Ontario|2018-10-14|2018 Hall of Fame Meet|36.13|341
25|Zhou, Keaton|12|2006|GO|Ontario|2018-12-07|Gatineau Grand Prix|36.14|341
26|Gui, Corey|12|2005|AAC|Ontario|2018-10-12|MAC Fall Fest Invitational|36.28|337
27|Martin-Root, Westley|12|2006|WAAC|Ontario|2019-04-07|WRMS vs WAAC|36.30|336
28|St-Arnauld, Guillaume|12|2006|MUST|Québec|2019-02-03|Invitation Peter-Suen 2019|36.31|336
29|Zhou, Oscar|12|2006|BORC|Ontario|2019-04-28|2019 Ontario Team Challenge|36.32|336
30|Pan, Kane|12|2006|HYACK|British Columbia|2018-10-28|VPSC Fall Invitational|36.33|335
31|Lyon, Noah|12|2005|BAD|Ontario|2018-11-24|Alex Baumann Invitational|36.34|335
32|Vilchez, Jordi|12|2005|BTSC|Ontario|2018-10-14|2018 Hall of Fame Meet|36.39|334
33|Byrne, Thomas|12|2006|CP|Alberta|2018-11-18|KSC SC Invitational 2018|36.44|332
34|Cheung, Matthew|12|2006|UCSC|Alberta|2019-07-14|UCSC Western Finale|36.48|331
35|Terrault, Alexis|12|2006|CARAT|Québec|2019-01-26|Compétition Régional #2 ANAT|36.57|329
36|Lindfield, Adan|12|2006|HAC|Ontario|2019-02-02|2019 Western Region SC Champs|36.64|327
37|Vorona, Pavel|12|2006|BORC|Ontario|2018-11-10|2018 Age Group International SC|36.69|325
38|Chen, Albert|12|2005|VPSC|British Columbia|2018-10-28|VPSC Fall Invitational|36.77|323
39|Fu, Brian|12|2006|SFA|British Columbia|2019-04-13|Winskill Dolphins LMR|36.79|323
40|Litke, Ryder|12|2006|KCS|British Columbia|2018-11-02|VKSC Fall Invitational 2018|36.88|320
40|Kissi, Jad|12|2006|CNMN|Québec|2019-03-24|Invitation Printanière AA et moins tous les âges|36.88|320
42|Xu, Jialiang|12|2007|BORC|Ontario|2019-04-28|2019 Ontario Team Challenge|36.91|320
43|Carson, Dayton|12|2006|RAPID|British Columbia|2018-11-18|2018 PGBSC Medical Northern Invitational|36.92|319
44|Duncan, Nicholas|12|2006|UCSC|Alberta|2019-03-08|UCSC Team Champs|36.97|318
45|GAGNON, Gabriel|12|2006|RIKI|Québec|2019-01-26|Inter-provinciale LMRL 2019|37.08|315
46|Lai Meng, Andry|12|2005|NKB|Ontario|2018-11-10|2018 Age Group International SC|37.11|315
47|Erlikhman, Jake|12|2006|VAC|Ontario|2019-05-04|VAC - Intersquad Challenge 2019|37.15|313
48|Alipio, Christopher|12|2006|CDNDG|Québec|2018-11-09|Festival provincial par équipe section 4|37.17|313
49|Henriques, Frederico|12|2005|LAVAL|Québec|2018-10-27|Halloween U12|37.21|312
50|Byrne, Andrew|12|2006|CP|Alberta|2019-01-20|Pugsley's Plunge 2019|37.24|311