RANK|ATHLETES|AGE|YOB|CLUB|PROVINCE|DATE|MEET|TIME|FINA
1|Jung, Justin|12|2006|HYACK|British Columbia|2019-02-23|Winter Age Group Championships|2:16.88|513
2|Zhang, Kevin|12|2005|ESWIM|Ontario|2018-11-09|2018 Age Group International SC|2:19.97|480
3|Orogo, Paul|12|2006|HYACK|British Columbia|2019-06-22|SUMMER AGE GROUP CHAMPIONSHIPS|2:22.90|451
4|Bertrim, James|12|2006|SLSC|Ontario|2019-02-17|2019 Ontario Winter Festival Championships|2:23.37|447
5|Fu, Brian|12|2006|SFA|British Columbia|2019-06-22|SUMMER AGE GROUP CHAMPIONSHIPS|2:24.84|433
6|Chen, Albert|12|2005|VPSC|British Columbia|2018-10-28|VPSC Fall Invitational|2:25.23|430
7|Vorona, Pavel|12|2006|BORC|Ontario|2019-02-17|2019 Ontario Winter Festival Championships|2:25.29|429
8|Harris, Aiden|12|2005|ESWIM|Ontario|2018-11-09|2018 Age Group International SC|2:25.30|429
8|Alpajaro, Nathaniel|12|2006|CDNDG|Québec|2019-06-15|Championnat provincial 11-12 ans et Paranatation d'été|2:25.30|429
10|Daley, Elijah|12|2006|ESWIM|Ontario|2018-12-21|2018 Trillium Cup|2:25.59|426
11|Kwinter, Russell|12|2006|ESWIM|Ontario|2019-02-17|2019 Ontario Winter Festival Championships|2:25.82|424
12|Song, Alvin Zhen|12|2006|NG|Québec|2019-02-15|Championnat provincial 11-12 ans et Paranatation - Hiver|2:25.89|424
13|MacDonald, Noah|12|2006|CDSC|British Columbia|2019-06-22|SUMMER AGE GROUP CHAMPIONSHIPS|2:25.96|423
14|Zheng, Tianjun|12|2006|PSW|British Columbia|2018-12-07|16th Annual XMAS Cracker Invitational|2:26.41|419
15|Nghiem, Andrew|12|2005|GOLD|Saskatchewan|2018-12-15|ManSask Championships Short Course Open Championships|2:26.80|416
16|Zhang, Hao Sheng (Sunny)|12|2005|HYACK|British Columbia|2018-10-14|PSW Fall Invitational|2:26.87|415
17|Sykes, Benji|12|2005|PICK|Ontario|2018-12-09|PICK Lisa Flood Christmas Classic 2018|2:27.00|414
18|Crisp, Nolan|12|2006|UVPCS|British Columbia|2019-08-03|Mid-Summer Madness|2:27.04|414
19|Totar, Victor|12|2006|RAMAC|Ontario|2019-02-17|2019 Ontario Winter Festival Championships|2:27.27|412
20|Kirk, Aiden|12|2007|KAJ|British Columbia|2019-06-22|SUMMER AGE GROUP CHAMPIONSHIPS|2:27.37|411
21|Chen, Colin|12|2005|CNSL|Québec|2018-11-25|Invitation provinciale de Montréal-Nord|2:27.61|409
22|Su, Daniel|12|2006|SKSC|British Columbia|2019-06-22|SUMMER AGE GROUP CHAMPIONSHIPS|2:28.12|405
23|Wigginton, Lorne|12|2005|UCSC|Alberta|2018-10-27|Cascade Speed Meet|2:28.41|403
24|Pan, Kane|12|2006|HYACK|British Columbia|2019-02-23|Winter Age Group Championships|2:28.60|401
25|Senez, Logan|12|2006|CAMO|Québec|2019-06-15|Championnat provincial 11-12 ans et Paranatation d'été|2:28.63|401
26|Wang, Matthew|12|2006|PSW|British Columbia|2019-02-23|Winter Age Group Championships|2:28.82|399
27|Mountstevens, Rohin|12|2006|CHENA|British Columbia|2019-06-22|SUMMER AGE GROUP CHAMPIONSHIPS|2:28.84|399
28|Duong, Kale|12|2006|ESWIM|Ontario|2019-01-12|2019 Etobicoke A-B Meet|2:28.86|399
29|Maibaum, David|12|2006|RAPID|British Columbia|2019-04-14|Winskill Dolphins LMR|2:28.98|398
30|VandeVooren, Jayden|12|2006|COBRA|Ontario|2019-01-12|2019 Etobicoke A-B Meet|2:29.19|396
31|Yazedjian, Alexandre|12|2006|CDNDG|Québec|2018-11-09|Festival provincial par équipe section 4|2:29.40|395
32|Litke, Ryder|12|2006|KCS|British Columbia|2018-12-14|26th Annual MJB Law Classic SCM|2:29.54|394
33|Bérubé, Thomas|12|2006|RL|Québec|2019-04-13|ARENA Challenge du printemps Développement mixte 2019 CAMO|2:29.82|391
34|Parisé, Zachary|12|2006|PCSC|Québec|2019-02-15|Championnat provincial 11-12 ans et Paranatation - Hiver|2:30.06|389
35|Lee, Dominic|12|2006|NYAC|Ontario|2018-12-08|Youth Cup|2:30.15|389
36|Row, Jaxson|12|2006|MPM|Newfoundland|2018-12-09|Invitation Provinciale AA-AAA Pointe-Claire 2018|2:30.29|388
37|Gui, Corey|12|2005|AAC|Ontario|2018-10-13|MAC Fall Fest Invitational|2:30.33|387
38|Duong, Kaedin|12|2006|ESWIM|Ontario|2019-01-12|2019 Etobicoke A-B Meet|2:30.49|386
39|Carson, Dayton|12|2006|RAPID|British Columbia|2018-12-14|Rapids Fast-Swim Classic|2:30.71|384
40|Gutierrez, Alonso|12|2006|UVPCS|British Columbia|2019-06-22|SUMMER AGE GROUP CHAMPIONSHIPS|2:30.76|384
41|Zhang, Aidan|12|2006|OAK|Ontario|2019-02-17|2019 Ontario Winter Festival Championships|2:31.00|382
42|Taylor, Noah|12|2006|LSC|Ontario|2019-04-26|2019 Ontario Team Challenge|2:31.42|379
43|Johnson, Niall|12|2006|SPART|British Columbia|2018-12-08|2018 Spartan Santa LMR|2:31.73|377
44|Glazer, David|12|2006|ESWIM|Ontario|2018-12-08|Youth Cup|2:32.05|374
45|Avey, Matthew|12|2006|CP|Alberta|2019-05-11|Fast & Furious Invitational|2:32.22|373
46|Neder Serafini, Andrei|12|2006|KBM|Ontario|2019-02-17|2019 Ontario Winter Festival Championships|2:32.31|372
47|Rusu, Eduard-Daniel|12|2007|LAVAL|Québec|2019-06-15|Championnat provincial 11-12 ans et Paranatation d'été|2:32.58|370
48|Zhou, Keaton|12|2006|GO|Ontario|2018-12-07|Gatineau Grand Prix|2:32.59|370
49|Shang, Henry|12|2006|OAK|Ontario|2018-12-08|Border City Invitational|2:32.72|369
50|Vilchez, Jordi|12|2005|BTSC|Ontario|2018-10-13|2018 Hall of Fame Meet|2:32.86|368