RANK|ATHLETES|AGE|YOB|CLUB|PROVINCE|DATE|MEET|TIME|FINA
1|Gui, Corey|12|2005|AAC|Ontario|2018-10-12|MAC Fall Fest Invitational|1:08.42|407
2|Chen, Colin|12|2005|CNSL|Québec|2018-11-18|Open Sprint SAMAK 2018|1:08.98|397
3|Harris, Aiden|12|2005|ESWIM|Ontario|2018-10-27|Gus Ryder Memorial Cup|1:09.34|391
4|Neder Serafini, Andrei|12|2006|KBM|Ontario|2018-12-02|Distance and Development Challenge|1:10.04|379
5|Kwinter, Russell|12|2006|ESWIM|Ontario|2018-10-27|Gus Ryder Memorial Cup|1:10.56|371
6|Wigginton, Lorne|12|2005|UCSC|Alberta|2018-10-20|UCSC Fall Start Up|1:10.97|364
7|Duong, Kaedin|12|2006|ESWIM|Ontario|2018-10-27|Gus Ryder Memorial Cup|1:11.02|364
8|Nghiem, Andrew|12|2005|GOLD|Saskatchewan|2018-11-03|BKSC Winter Classic Invitational|1:11.12|362
9|Avey, Matthew|12|2006|CP|Alberta|2019-01-19|Pugsley's Plunge 2019|1:11.15|362
10|Byrne, Andrew|12|2006|CP|Alberta|2019-01-19|Pugsley's Plunge 2019|1:11.22|360
11|MacDonald, Noah|12|2006|CDSC|British Columbia|2019-01-20|Canadian Dolphin New Years Invitational 2019|1:11.55|356
12|Duong, Kale|12|2006|ESWIM|Ontario|2018-10-27|Gus Ryder Memorial Cup|1:11.71|353
13|Nascimento, Edivaldo|12|2006|GCAC|Ontario|2018-11-03|2018 BAD Fall Invitational|1:11.84|351
14|Glazer, David|12|2006|ESWIM|Ontario|2018-10-27|Gus Ryder Memorial Cup|1:12.35|344
15|Stewart, Benjamin|12|2006|ROD|Saskatchewan|2018-11-11|NCSA Fall Invitational 2018|1:12.76|338
16|Duncan, Nicholas|12|2006|UCSC|Alberta|2019-03-08|UCSC Team Champs|1:12.92|336
17|Monminie, Zachary|12|2006|LLST|Ontario|2019-04-27|2019 Seal Championships|1:13.07|334
18|Maher, Kevin|12|2006|ESWIM|Ontario|2018-12-07|Youth Cup|1:13.12|333
19|Kissi, Jad|12|2006|CNMN|Québec|2019-04-13|Grand prix de Montréal Invitation 12 ans et moins|1:13.41|329
20|Parisé, Zachary|12|2006|PCSC|Québec|2018-10-13|ARENA Challenge Automne 2018|1:13.47|328
21|Terrault, Alexis|12|2006|CARAT|Québec|2018-11-17|Invitation régionale Amos|1:13.71|325
22|Wang, Derek|12|2006|ESWIM|Ontario|2018-12-07|Youth Cup|1:13.81|324
23|Caruso, Thomas|12|2005|KISU|British Columbia|2018-10-14|KISU Triple Pentathlon 2018|1:13.86|323
24|Huddleston, Jordan|12|2006|EBSC|Ontario|2019-04-13|EBSC Dive Into Spring Swim Meet|1:14.02|321
25|THOMOPOULOS, GAVIN|12|2006|KMSC|British Columbia|2019-05-10|Northwest Regional Championship|1:14.05|321
26|GAGNON, Gabriel|12|2006|RIKI|Québec|2019-01-27|Inter-provinciale LMRL 2019|1:14.06|321
27|Zanotti, Massimo|12|2006|NCSA|Alberta|2019-03-10|Silver Tide Invitational|1:14.15|319
28|Norman, Aiden|12|2006|UCSC|Alberta|2019-03-08|UCSC Team Champs|1:14.19|319
29|Taylor, Noah|12|2006|LSC|Ontario|2018-10-13|MMST Dash for Cash|1:14.20|319
30|Angus, Max|12|2006|CASC|Alberta|2019-03-09|Wild Hair FCM|1:14.34|317
31|Murphy, Keton|12|2006|MAVS|Alberta|2019-03-03|Provincials - Short Course|1:14.39|316
32|Zheng, Tianjun|12|2006|PSW|British Columbia|2019-01-20|Canadian Dolphin New Years Invitational 2019|1:14.58|314
33|Emmerton, Drew|12|2006|MMST|Ontario|2019-03-02|2019 BAD Spring Invitational|1:14.93|309
34|Grant, Myles|12|2006|RDCSC|Alberta|2019-03-03|Provincials - Short Course|1:15.00|309
35|Zhou, Oscar|12|2006|BORC|Ontario|2019-05-11|Rally for Regionals|1:15.03|308
36|Pilieci, Alex|12|2006|NKB|Ontario|2018-12-01|Neptune International (CSPO 25m)|1:15.09|307
37|Cao, Ray|12|2006|PSW|British Columbia|2019-01-20|Canadian Dolphin New Years Invitational 2019|1:15.21|306
38|Prévost, Anthonin|12|2006|ETM|Québec|2018-12-01|Invitation provinciale 2018|1:15.24|306
39|Taylor, Michael|12|2005|WEST|Ontario|2018-11-04|SEAL November 2018 - Leamington|1:15.28|305
40|Fontaine, Justin|12|2006|PCSC|Québec|2018-11-24|Bluefins- Invitation Provinciale 11 ans et plus|1:15.38|304
41|Philippe Bezeau, Lou|12|2006|CPC|Québec|2019-02-01|CPC Intra-Club fevrier 2019|1:15.40|304
42|Lortie, Justin|12|2007|CNQ|Québec|2019-05-04|Invitation du Printemps|1:15.59|301
43|Hartal, Ronnie|12|2006|CSLA|Québec|2018-12-09|Invitation provinciale des fêtes CSLA|1:15.67|300
44|Eusanio, Cameron|12|2006|TRIT|Alberta|2019-01-26|SPSC Neil Lepps Memorial 2019|1:15.71|300
45|Rusconi, Grayden|12|2005|KMSC|British Columbia|2018-11-16|2018 PGBSC Medical Northern Invitational|1:15.74|300
46|Baker, Reelan|12|2006|SLN|Alberta|2018-10-26|Tim Horton's Fall Invitational 2018|1:15.87|298
47|Zhou, Keaton|12|2006|GO|Ontario|2018-10-13|GO Kingfish Blue and Orange Pentathlon|1:15.88|298
48|Feng, Zi Chen|12|2006|CDSC|British Columbia|2019-01-20|Canadian Dolphin New Years Invitational 2019|1:15.90|298
49|Sortland, Connor|12|2006|UCSC|Alberta|2018-10-20|UCSC Fall Start Up|1:16.22|294
50|Sheu, Anthony|12|2005|RHAC|Ontario|2018-11-25|Alex Baumann Invitational|1:16.73|288