RANK|ATHLETES|AGE|YOB|CLUB|PROVINCE|DATE|MEET|TIME|FINA
1|Harris, Aiden|12|2005|ESWIM|Ontario|2018-12-09|Youth Cup|17:12.55|554
2|Jung, Justin|12|2006|HYACK|British Columbia|2018-12-13|JP Fiset Invitational|17:23.14|537
3|Stewart, Benjamin|12|2006|ROD|Saskatchewan|2018-12-13|ManSask Championships Short Course Open Championships|17:24.63|535
4|Kwinter, Russell|12|2006|ESWIM|Ontario|2018-11-08|2018 Age Group International SC|18:06.06|476
5|Powalowski, Mateusz|12|2006|MSSAC|Ontario|2018-11-08|2018 Age Group International SC|18:10.60|470
6|Duong, Kale|12|2006|ESWIM|Ontario|2019-01-11|2019 Etobicoke A-B Meet|18:16.02|463
7|Yazedjian, Alexandre|12|2006|CDNDG|Québec|2018-11-11|Festival provincial par équipe section 4|18:17.24|461
8|Foulds, Luke|12|2006|TBT|Ontario|2018-12-09|Youth Cup|18:19.98|458
9|Johnson, Niall|12|2006|SPART|British Columbia|2019-01-13|2019 Hyack Icebreaker Classic|18:22.20|455
10|Orogo, Paul|12|2006|HYACK|British Columbia|2018-12-13|JP Fiset Invitational|18:30.42|445
11|Zhang, Aidan|12|2006|OAK|Ontario|2018-12-07|Border City Invitational|18:30.48|445
12|Norman, Aiden|12|2006|UCSC|Alberta|2018-12-13|JP Fiset Invitational|18:34.96|440
13|Yang, Paul|12|2006|NYAC|Ontario|2018-12-09|Youth Cup|18:37.99|436
14|Glazer, David|12|2006|ESWIM|Ontario|2018-11-08|2018 Age Group International SC|18:40.24|433
15|Gutierrez, Alonso|12|2006|UVPCS|British Columbia|2019-01-25|Vancouver Island Regional SC Championships|18:40.59|433
16|Zhou, Keaton|12|2006|GO|Ontario|2018-11-23|Alex Baumann Invitational|18:43.76|429
17|Bérubé, Thomas|12|2006|RL|Québec|2018-11-30|Invitation provinciale 2018|18:44.83|428
18|Su, Daniel|12|2006|SKSC|British Columbia|2019-07-28|SKSC Summer Fest|18:48.42|424
19|Fu, Brian|12|2006|SFA|British Columbia|2019-04-14|Winskill Dolphins LMR|18:50.50|422
20|Duong, Kaedin|12|2006|ESWIM|Ontario|2019-01-11|2019 Etobicoke A-B Meet|18:51.93|420
21|Rusu, Eduard-Daniel|12|2007|LAVAL|Québec|2019-06-08|Invitation Super Splash|18:53.37|418
22|Row, Jaxson|12|2006|MPM|Newfoundland|2018-11-22|2018 Mount Pearl Marlins 3rd Annual Sink or Swim Invitiational|18:57.26|414
23|Slinn, Jeremy|12|2006|WDSC|British Columbia|2019-04-14|Winskill Dolphins LMR|18:57.93|413
24|Shang, Henry|12|2006|OAK|Ontario|2018-12-07|Border City Invitational|19:00.45|411
25|Maher, Kevin|12|2006|ESWIM|Ontario|2018-12-09|Youth Cup|19:09.85|401
26|Viloria, Marcus Hugo|12|2006|DELTA|British Columbia|2019-04-13|2019 Spartan 11 and Under and LMR Distance|19:19.08|391
27|Neder Serafini, Andrei|12|2006|KBM|Ontario|2019-02-24|Heats and Finals SC Finale|19:21.37|389
28|Lortie, Justin|12|2007|CNQ|Québec|2019-05-03|Invitation du Printemps|19:21.98|388
29|Labayen, Dalen|12|2005|ESWIM|Ontario|2018-11-08|2018 Age Group International SC|19:25.48|385
30|Mitchell, James|12|2006|MUSAC|Ontario|2019-05-11|Distance Time Trial|19:30.95|379
31|Morgans, Yannick|12|2006|CDSC|British Columbia|2019-04-13|2019 Spartan 11 and Under and LMR Distance|19:32.24|378
32|D'Amour, Louis-Thomas|12|2006|CAMO|Québec|2018-12-07|Invitation provinciale AA-AAA Noël + Développement 11-12 ans CAMO|19:32.37|378
33|Daubois, Timothée|12|2006|CNHR|Québec|2018-12-07|Invitation provinciale AA-AAA Noël + Développement 11-12 ans CAMO|19:38.64|372
34|Cole, Tanner|12|2006|EKSC|Alberta|2019-01-18|Blue Bears 2019|19:44.19|367
35|Leblanc, Olivier|12|2006|CAMO|Québec|2018-12-07|Invitation provinciale AA-AAA Noël + Développement 11-12 ans CAMO|19:45.45|366
36|Debroux, William|12|2005|BTSC|Ontario|2018-11-02|2018 Barrie Aquafest|19:45.55|366
37|Huddleston, Jordan|12|2006|EBSC|Ontario|2018-11-23|BYST Fall Invitational|19:45.57|366
38|Lai, Jonathan|12|2006|WSC|British Columbia|2019-04-13|2019 Spartan 11 and Under and LMR Distance|19:48.43|363
39|Panos, Alexandros|12|2005|VPSC|British Columbia|2018-12-13|JP Fiset Invitational|19:49.18|362
40|Purdy, Nicholas|12|2006|NG|Québec|2018-11-04|Festival provincial par équipe section 1|19:49.24|362
41|Hodson, Evan|12|2006|CW|Ontario|2018-12-09|Youth Cup|19:52.50|359
42|Messier, Nolan|12|2006|ROD|Saskatchewan|2018-12-13|ManSask Championships Short Course Open Championships|19:53.69|358
43|Bouwman, Theodore|12|2006|PICK|Ontario|2019-04-05|PICK Rainbow Classic 2019|19:53.79|358
44|Wang, Derek|12|2006|ESWIM|Ontario|2018-12-09|Youth Cup|19:57.84|354
45|Paré, Jean-Manuel|12|2005|NN|Québec|2018-10-21|Invitation de l'automne Neptune (CSPO 25m)|19:59.50|353
46|Yalikun, Bilali|12|2006|ESWIM|Ontario|2018-11-08|2018 Age Group International SC|19:59.95|353
47|Pritchett, Benjamin|12|2006|SJL|Newfoundland|2018-11-22|2018 Mount Pearl Marlins 3rd Annual Sink or Swim Invitiational|20:01.29|351
48|Pineiro, Enzo|12|2005|CAMO|Québec|2018-12-07|Invitation provinciale AA-AAA Noël + Développement 11-12 ans CAMO|20:01.64|351
49|Nygard, Joshua|12|2006|RAPID|British Columbia|2018-11-04|Rapids Distance meet|20:01.82|351
50|THOMOPOULOS, GAVIN|12|2006|KMSC|British Columbia|2019-01-25|Rio Tinto Northern Lights|20:03.24|350