RANK|ATHLETES|AGE|YOB|CLUB|PROVINCE|DATE|MEET|TIME|FINA
1|Jung, Justin|12|2006|HYACK|British Columbia|2019-02-22|Winter Age Group Championships|4:48.64|543
2|Zhang, Kevin|12|2005|ESWIM|Ontario|2018-11-10|2018 Age Group International SC|4:51.52|527
3|Vorona, Pavel|12|2006|BORC|Ontario|2019-02-16|2019 Ontario Winter Festival Championships|5:03.23|468
4|Wang, Matthew|12|2006|HYACK|British Columbia|2019-06-21|SUMMER AGE GROUP CHAMPIONSHIPS|5:03.36|467
5|Kirk, Aiden|12|2007|KAJ|British Columbia|2019-06-21|SUMMER AGE GROUP CHAMPIONSHIPS|5:04.83|461
6|Nghiem, Andrew|12|2005|GOLD|Saskatchewan|2018-12-16|ManSask Championships Short Course Open Championships|5:06.84|452
7|Harris, Aiden|12|2005|ESWIM|Ontario|2018-11-10|2018 Age Group International SC|5:07.97|447
8|Alpajaro, Nathaniel|12|2006|CDNDG|Québec|2019-06-16|Championnat provincial 11-12 ans et Paranatation d'été|5:08.66|444
9|Zhang, Hao Sheng (Sunny)|12|2005|HYACK|British Columbia|2018-11-10|2018 Brad Reid Memorial Invitational|5:09.51|440
10|Kwinter, Russell|12|2006|ESWIM|Ontario|2018-12-07|Youth Cup|5:10.14|437
11|Stewart, Benjamin|12|2006|ROD|Saskatchewan|2018-12-16|ManSask Championships Short Course Open Championships|5:11.69|431
12|Daley, Elijah|12|2006|ESWIM|Ontario|2018-11-10|2018 Age Group International SC|5:12.07|429
13|Totar, Victor|12|2006|RAMAC|Ontario|2019-01-13|2019 Etobicoke A-B Meet|5:12.82|426
14|Orogo, Paul|12|2006|HYACK|British Columbia|2019-02-22|Winter Age Group Championships|5:13.02|425
15|Litke, Ryder|12|2006|KCS|British Columbia|2018-12-16|26th Annual MJB Law Classic SCM|5:14.56|419
16|Duong, Kaedin|12|2006|ESWIM|Ontario|2019-02-16|2019 Ontario Winter Festival Championships|5:15.51|415
17|Duong, Kale|12|2006|ESWIM|Ontario|2019-02-16|2019 Ontario Winter Festival Championships|5:16.42|412
18|Parisé, Zachary|12|2006|PCSC|Québec|2019-02-16|Championnat provincial 11-12 ans et Paranatation - Hiver|5:16.61|411
19|Fu, Brian|12|2006|SFA|British Columbia|2019-03-17|DSSC March LMR Meet|5:17.49|408
20|Cortez, David|12|2007|CAMO|Québec|2019-02-16|Championnat provincial 11-12 ans et Paranatation - Hiver|5:17.55|407
21|Sykes, Benji|12|2005|PICK|Ontario|2018-12-08|PICK Lisa Flood Christmas Classic 2018|5:17.79|406
22|Yazedjian, Alexandre|12|2006|CDNDG|Québec|2018-11-10|Festival provincial par équipe section 4|5:18.41|404
23|Bérubé, Thomas|12|2006|RL|Québec|2019-02-16|Championnat provincial 11-12 ans et Paranatation - Hiver|5:18.86|402
24|Maibaum, David|12|2006|RAPID|British Columbia|2018-12-15|Rapids Fast-Swim Classic|5:18.97|402
25|Rusu, Eduard-Daniel|12|2007|LAVAL|Québec|2019-06-16|Championnat provincial 11-12 ans et Paranatation d'été|5:19.61|400
26|Su, Daniel|12|2006|SKSC|British Columbia|2019-06-08|Knights June Jamboree 2019|5:19.84|399
27|MacDonald, Noah|12|2006|CDSC|British Columbia|2019-02-22|Winter Age Group Championships|5:20.03|398
28|Johnson, Niall|12|2006|SPART|British Columbia|2018-12-15|Rapids Fast-Swim Classic|5:20.25|397
29|Glazer, David|12|2006|ESWIM|Ontario|2019-02-16|2019 Ontario Winter Festival Championships|5:21.06|394
30|Pan, Kane|12|2006|HYACK|British Columbia|2019-02-22|Winter Age Group Championships|5:21.21|394
31|Yang, Paul|12|2006|NYAC|Ontario|2018-12-07|Youth Cup|5:22.14|390
32|Slinn, Jeremy|12|2006|WDSC|British Columbia|2019-06-21|SUMMER AGE GROUP CHAMPIONSHIPS|5:22.40|389
33|Zhang, Aidan|12|2006|OAK|Ontario|2018-12-09|Border City Invitational|5:23.45|385
34|Song, Alvin Zhen|12|2006|NG|Québec|2018-12-09|Gatineau Grand Prix|5:23.46|385
35|Zhou, Keaton|12|2006|GO|Ontario|2019-02-02|2019 Eastern Ontario Regional Championships (SC/LC)|5:23.55|385
36|Gutierrez, Alonso|12|2006|UVPCS|British Columbia|2019-01-26|Vancouver Island Regional SC Championships|5:23.87|384
37|Neder Serafini, Andrei|12|2006|KBM|Ontario|2018-11-11|42nd Cindy Nicholas Invitational|5:24.48|382
38|Row, Jaxson|12|2006|MPM|Newfoundland|2019-01-26|2019 MPM Junior invitiational|5:24.86|380
39|Zhao, Yiming|12|2007|PCSC|Québec|2019-06-16|Championnat provincial 11-12 ans et Paranatation d'été|5:25.75|377
40|Barbeau, Timothé|12|2005|NN|Québec|2018-11-03|Festival provincial par équipe section 1|5:25.77|377
41|Chen, Colin|12|2005|CNSL|Québec|2018-11-10|Festival provincial par équipe section 5 - Nord|5:27.05|373
42|He, River|12|2006|RAPID|British Columbia|2019-06-21|SUMMER AGE GROUP CHAMPIONSHIPS|5:27.12|373
42|Miao, Alex|12|2006|BORC|Ontario|2018-12-07|Invitation provinciale AA-AAA Noël + Développement 11-12 ans CAMO|5:27.12|373
44|Shang, Henry|12|2006|OAK|Ontario|2018-12-09|Border City Invitational|5:27.88|370
45|Senez, Logan|12|2006|CAMO|Québec|2019-06-16|Championnat provincial 11-12 ans et Paranatation d'été|5:28.06|369
46|Raschkowan, Kristofer|12|2006|PCSC|Québec|2019-06-16|Championnat provincial 11-12 ans et Paranatation d'été|5:28.08|369
47|Cheung, Matthew|12|2006|UCSC|Alberta|2019-07-14|UCSC Western Finale|5:28.27|369
48|Viloria, Marcus Hugo|12|2006|DELTA|British Columbia|2019-03-17|DSSC March LMR Meet|5:28.32|369
49|Avey, Matthew|12|2006|CP|Alberta|2019-01-18|Pugsley's Plunge 2019|5:28.38|368
50|Henriques, Frederico|12|2005|LAVAL|Québec|2018-11-10|Festival provincial par équipe section 5 - Ouest|5:28.54|368