RANK|ATHLETES|AGE|YOB|CLUB|PROVINCE|DATE|MEET|TIME|FINA
1|Crisp, Nolan|12|2006|UVPCS|British Columbia|2019-08-04|Mid-Summer Madness|2:13.43|496
2|Orogo, Paul|12|2006|HYACK|British Columbia|2019-06-23|SUMMER AGE GROUP CHAMPIONSHIPS|2:15.68|471
3|Harris, Aiden|12|2005|ESWIM|Ontario|2018-12-09|Youth Cup|2:20.11|428
4|Norman, Aiden|12|2006|UCSC|Alberta|2018-12-15|JP Fiset Invitational|2:20.74|422
5|Jung, Justin|12|2006|HYACK|British Columbia|2019-06-23|SUMMER AGE GROUP CHAMPIONSHIPS|2:21.09|419
6|Duong, Kale|12|2006|ESWIM|Ontario|2019-02-17|2019 Ontario Winter Festival Championships|2:23.47|399
7|Duong, Kaedin|12|2006|ESWIM|Ontario|2019-02-17|2019 Ontario Winter Festival Championships|2:23.87|395
8|Song, Alvin Zhen|12|2006|NG|Québec|2019-02-16|Championnat provincial 11-12 ans et Paranatation - Hiver|2:24.47|390
9|Chen, Albert|12|2005|VPSC|British Columbia|2018-11-09|ISC 2018 Bennett Cup|2:24.68|389
10|Franklin, Will|12|2006|CVAC|New Brunswick|2018-12-02|Premier #2 Sackville|2:24.90|387
11|Row, Jaxson|12|2006|MPM|Newfoundland|2018-12-08|Invitation Provinciale AA-AAA Pointe-Claire 2018|2:25.11|385
12|Bérubé, Thomas|12|2006|RL|Québec|2019-04-14|ARENA Challenge du printemps Développement mixte 2019 CAMO|2:25.19|385
13|Daley, Elijah|12|2006|ESWIM|Ontario|2018-12-22|2018 Trillium Cup|2:25.28|384
14|Fu, Brian|12|2006|SFA|British Columbia|2019-06-23|SUMMER AGE GROUP CHAMPIONSHIPS|2:25.53|382
15|Alpajaro, Nathaniel|12|2006|CDNDG|Québec|2019-06-15|Championnat provincial 11-12 ans et Paranatation d'été|2:26.01|378
16|Mountstevens, Rohin|12|2006|CHENA|British Columbia|2019-02-24|Winter Age Group Championships|2:26.33|376
17|Fontaine, Justin|12|2006|PCSC|Québec|2019-06-15|Championnat provincial 11-12 ans et Paranatation d'été|2:26.57|374
18|Yang, Paul|12|2006|NYAC|Ontario|2019-02-17|2019 Ontario Winter Festival Championships|2:26.59|374
19|Kwinter, Russell|12|2006|ESWIM|Ontario|2019-01-13|2019 Etobicoke A-B Meet|2:26.68|373
20|Nghiem, Andrew|12|2005|GOLD|Saskatchewan|2018-12-15|ManSask Championships Short Course Open Championships|2:27.47|367
21|Vorona, Pavel|12|2006|BORC|Ontario|2018-12-22|2018 Trillium Cup|2:27.58|366
22|Avey, Matthew|12|2006|CP|Alberta|2019-05-12|Fast & Furious Invitational|2:28.42|360
23|Yang, Chengqiu|12|2006|RAPID|British Columbia|2019-06-23|SUMMER AGE GROUP CHAMPIONSHIPS|2:28.93|356
24|Slinn, Jeremy|12|2006|WDSC|British Columbia|2019-06-23|SUMMER AGE GROUP CHAMPIONSHIPS|2:29.12|355
25|Lee, Dominic|12|2006|NYAC|Ontario|2018-12-09|Youth Cup|2:29.19|354
26|Viloria, Marcus Hugo|12|2006|DELTA|British Columbia|2019-02-24|Winter Age Group Championships|2:29.35|353
27|Bailey, Damien|12|2006|NYAC|Ontario|2019-02-17|2019 Ontario Winter Festival Championships|2:29.45|353
28|Gutierrez, Alonso|12|2006|UVPCS|British Columbia|2019-06-23|SUMMER AGE GROUP CHAMPIONSHIPS|2:29.61|351
29|Cho, Wongeun|12|2006|VPSC|British Columbia|2019-02-24|Winter Age Group Championships|2:30.17|348
30|McDougall-Vick, Ryland|12|2005|DDO|Québec|2018-11-03|Festival provincial par équipe section 3|2:30.26|347
31|Yazedjian, Alexandre|12|2006|CDNDG|Québec|2018-12-08|Invitation provinciale AA-AAA Noël + Développement 11-12 ans CAMO|2:30.27|347
32|Huddleston, Jordan|12|2006|EBSC|Ontario|2019-06-08|Season extender|2:31.23|340
33|Reyes, Javier|12|2006|BAD|Ontario|2018-11-25|Alex Baumann Invitational|2:31.31|340
34|Arango, Juan|12|2006|HANEY|British Columbia|2019-02-24|Winter Age Group Championships|2:31.61|338
35|Verjee, Cash|12|2006|UCSC|Alberta|2019-07-13|UCSC Western Finale|2:31.83|336
36|Chen, Colin|12|2005|CNSL|Québec|2018-11-10|Festival provincial par équipe section 5 - Nord|2:31.98|335
37|Zhang, Hao Sheng (Sunny)|12|2005|HYACK|British Columbia|2018-11-09|2018 Brad Reid Memorial Invitational|2:32.01|335
38|Zheng, Tianjun|12|2006|PSW|British Columbia|2018-12-08|16th Annual XMAS Cracker Invitational|2:32.05|335
39|Govier, Tristan|12|2006|SFA|British Columbia|2018-12-08|2018 Spartan Santa LMR|2:32.16|334
40|Foulds, Luke|12|2006|TBT|Ontario|2018-12-09|Youth Cup|2:32.45|332
41|Philippe Bezeau, Lou|12|2006|CPC|Québec|2018-12-09|Défi Nez-Rouge 2018|2:32.60|331
42|Fedorko, Adam|12|2006|NCSA|Alberta|2019-03-02|Provincials - Short Course|2:32.72|330
43|Maibaum, David|12|2006|RAPID|British Columbia|2018-12-15|Rapids Fast-Swim Classic|2:32.94|329
44|Cortez, David|12|2007|CAMO|Québec|2019-02-16|Championnat provincial 11-12 ans et Paranatation - Hiver|2:32.97|329
45|Brock, Holden|12|2006|NYAC|Ontario|2019-02-17|2019 Ontario Winter Festival Championships|2:33.27|327
46|Wang, Matthew|12|2006|PSW|British Columbia|2019-01-19|Canadian Dolphin New Years Invitational 2019|2:33.36|326
47|MOLDOVAN, BALAZS|12|2006|KSC|Alberta|2019-03-02|Provincials - Short Course|2:33.37|326
48|Mann, Brayden|12|2006|WAAC|Ontario|2018-11-18|Expressway Lincoln Fall Invitational|2:33.42|326
49|Carson, Dayton|12|2006|RAPID|British Columbia|2018-12-15|Rapids Fast-Swim Classic|2:33.43|326
50|Parisé, Zachary|12|2006|PCSC|Québec|2019-01-19|Intra-club PCSC janvier 2019|2:33.57|325