RANK|ATHLETES|AGE|YOB|CLUB|PROVINCE|DATE|MEET|TIME|FINA
1|Crisp, Nolan|12|2006|UVPCS|British Columbia|2019-08-03|Mid-Summer Madness|29.25|438
2|Orogo, Paul|12|2006|HYACK|British Columbia|2019-06-21|SUMMER AGE GROUP CHAMPIONSHIPS|29.83|413
3|VandeVooren, Jayden|12|2006|COBRA|Ontario|2019-02-17|2019 Ontario Winter Festival Championships|30.25|396
4|Harris, Aiden|12|2005|ESWIM|Ontario|2018-11-18|York Invitational|30.83|374
5|Byrne, Thomas|12|2006|CP|Alberta|2019-01-19|Pugsley's Plunge 2019|31.02|367
6|Avey, Matthew|12|2006|CP|Alberta|2018-12-14|JP Fiset Invitational|31.14|363
7|Row, Jaxson|12|2006|MPM|Newfoundland|2018-11-24|2018 Mount Pearl Marlins 3rd Annual Sink or Swim Invitiational|31.18|361
8|Chen, Albert|12|2005|VPSC|British Columbia|2018-10-28|VPSC Fall Invitational|31.33|356
9|Norman, Aiden|12|2006|UCSC|Alberta|2018-12-15|JP Fiset Invitational|31.69|344
10|Mountstevens, Rohin|12|2006|CHENA|British Columbia|2019-06-21|SUMMER AGE GROUP CHAMPIONSHIPS|31.77|342
11|Taylor, Noah|12|2006|LSC|Ontario|2018-12-08|Dash for Cash|31.80|341
11|Bérubé, Thomas|12|2006|RL|Québec|2019-04-13|ARENA Challenge du printemps Développement mixte 2019 CAMO|31.80|341
13|Song, Alvin Zhen|12|2006|NG|Québec|2018-11-02|Festival provincial par équipe section 1|32.01|334
14|Lee, Yat Long|12|2006|SKSC|British Columbia|2019-02-24|Winter Age Group Championships|32.04|333
15|Sykes, Benji|12|2005|PICK|Ontario|2018-11-04|2018 Barrie Aquafest|32.20|328
15|Duncan, Nicholas|12|2006|UCSC|Alberta|2018-11-18|KSC SC Invitational 2018|32.20|328
15|Jung, Justin|12|2006|HYACK|British Columbia|2018-10-28|VPSC Fall Invitational|32.20|328
18|Viloria, Marcus Hugo|12|2006|DELTA|British Columbia|2019-03-16|DSSC March LMR Meet|32.25|327
19|Chen, Colin|12|2005|CNSL|Québec|2018-11-09|Festival provincial par équipe section 5 - Nord|32.30|325
20|Wang, Matthew|12|2006|PSW|British Columbia|2019-02-24|Winter Age Group Championships|32.32|324
20|Verjee, Cash|12|2006|UCSC|Alberta|2019-07-13|UCSC Western Finale|32.32|324
22|Zhang, Kevin|12|2005|ESWIM|Ontario|2018-10-13|2018 Hall of Fame Meet|32.35|324
23|Daley, Elijah|12|2006|ESWIM|Ontario|2018-10-13|2018 Hall of Fame Meet|32.40|322
24|Mann, Brayden|12|2006|WAAC|Ontario|2019-02-10|Aqua 7 - STJJ vs WAAC|32.50|319
25|Wendt, Kade|12|2006|CP|Alberta|2018-10-27|Cascade Speed Meet|32.51|319
26|Duong, Kale|12|2006|ESWIM|Ontario|2019-02-17|2019 Ontario Winter Festival Championships|32.52|318
27|Slinn, Jeremy|12|2006|WDSC|British Columbia|2019-06-23|SUMMER AGE GROUP CHAMPIONSHIPS|32.58|317
28|Maibaum, David|12|2006|RAPID|British Columbia|2018-12-16|Rapids Fast-Swim Classic|32.68|314
29|Soloviev, Victor|12|2006|RHAC|Ontario|2019-02-17|2019 Ontario Winter Festival Championships|32.70|313
30|Duong, Kaedin|12|2006|ESWIM|Ontario|2019-02-17|2019 Ontario Winter Festival Championships|32.72|313
31|Fu, Brian|12|2006|SFA|British Columbia|2019-03-16|DSSC March LMR Meet|32.74|312
32|Senez, Logan|12|2006|CAMO|Québec|2019-04-13|ARENA Challenge du printemps Développement mixte 2019 CAMO|32.75|312
33|Zhang, Hao Sheng (Sunny)|12|2005|HYACK|British Columbia|2018-10-28|VPSC Fall Invitational|32.79|311
34|Parisé, Zachary|12|2006|PCSC|Québec|2018-10-14|ARENA Challenge Automne 2018|32.81|310
35|MOLDOVAN, BALAZS|12|2006|KSC|Alberta|2019-03-01|Provincials - Short Course|32.85|309
36|Philippe Bezeau, Lou|12|2006|CPC|Québec|2018-11-09|Festival provincial par équipe section 4|32.88|308
37|Terrault, Alexis|12|2006|CARAT|Québec|2018-12-07|Gatineau Grand Prix|32.91|307
38|Yang, Paul|12|2006|NYAC|Ontario|2018-12-07|Youth Cup|32.92|307
39|Carson, Dayton|12|2006|RAPID|British Columbia|2018-12-14|Rapids Fast-Swim Classic|32.99|305
40|Feng, Zi Chen|12|2006|CDSC|British Columbia|2018-12-16|Rapids Fast-Swim Classic|33.02|304
41|Govier, Tristan|12|2006|UNBC|British Columbia|2019-01-19|Canadian Dolphin New Years Invitational 2019|33.03|304
42|Byrne, Andrew|12|2006|CP|Alberta|2018-12-14|JP Fiset Invitational|33.05|303
43|Vilchez, Jordi|12|2005|BTSC|Ontario|2018-10-13|2018 Hall of Fame Meet|33.18|300
44|Caruso, Thomas|12|2005|KISU|British Columbia|2018-11-02|VKSC Fall Invitational 2018|33.19|300
44|Fontaine, Justin|12|2006|PCSC|Québec|2019-02-16|Championnat provincial 11-12 ans et Paranatation - Hiver|33.19|300
46|Gutierrez, Alonso|12|2006|UVPCS|British Columbia|2019-02-24|Winter Age Group Championships|33.20|299
47|Butler, Blayke|12|2006|VKSC|British Columbia|2018-12-16|26th Annual MJB Law Classic SCM|33.26|298
48|Wolff, Jaxon|12|2006|KSC|Alberta|2018-12-14|JP Fiset Invitational|33.28|297
49|Prévost, Anthonin|12|2006|ETM|Québec|2018-11-02|Festival provincial par équipe section 5 - Sud|33.36|295
50|Kwinter, Russell|12|2006|ESWIM|Ontario|2018-10-13|2018 Hall of Fame Meet|33.38|294