RANK|AGES|CLUB|TEAM|PROVINCE|DATE|MEET|TIME|FINA
1|12 - 12|Hyack Swim Club|HYACKA|British Columbia|2018-12-15|SUMMER AGE GROUP CHAMPIONSHIPS|2:01.33|415
2|12 - 12|Etobicoke Swim Club|ESWIMA|Ontario|2018-11-11|Youth Cup|2:02.75|400
3|12 - 12|UVic Pacific Coast Swimming|UVPCSA|British Columbia|2018-12-07|Vancouver Island Regional SC Championships|2:04.06|388
4|12 - 12|Hyack Swim Club|HYACKB|British Columbia|2019-02-24|Winter Age Group Championships|2:06.67|364
5|12 - 12|Calgary Patriots Swim Club|CP A|Alberta|2018-10-27|KSC SC Invitational 2018|2:06.70|364
6|12 - 12|Pacific Sea Wolves|PSW A|British Columbia|2019-01-18|Winter Age Group Championships|2:07.97|353
7|12 - 12|University Of Calgary Swim Club|UCSC A|Alberta|2018-10-26|KSC SC Invitational 2018|2:08.40|350
8|12 - 12|Delta Sungod Swim Club|DELTAA|British Columbia|2019-02-24|Winter Age Group Championships|2:08.76|347
9|12 - 12|Etobicoke Swim Club|ESWIMC|Ontario|2018-11-11|2019 Ontario Winter Festival Championships|2:09.29|343
10|12 - 12|Kingston Blue Marlins|KBM A|Ontario|2019-02-01|2019 Eastern Ontario Regional Championships (SC/LC)|2:10.87|330
11|12 - 12|Canadian Dolphin Swim Club|CDSC A|British Columbia|2019-01-18|SUMMER AGE GROUP CHAMPIONSHIPS|2:10.91|330
12|12 - 12|Etobicoke Swim Club|ESWIMB|Ontario|2018-11-11|Youth Cup|2:10.92|330
13|12 - 12|North York Aquatic Club|NYAC A|Ontario|2018-12-07|Youth Cup|2:11.38|326
14|12 - 12|UVic Pacific Coast Swimming|UVPCSB|British Columbia|2019-02-24|Winter Age Group Championships|2:11.80|323
15|12 - 12|Nose Creek Swim Association|NCSA C|Alberta|2019-02-09|NCSA John Timmermans Memorial Invitational 2019|2:12.25|320
16|12 - 12|Kingston Blue Marlins|KBM A|Ontario|2018-12-07|Gatineau Grand Prix|2:12.26|320
17|12 - 12|Winskill Dolphins|WDSC A|British Columbia|2019-03-16|Winskill Dolphins LMR|2:12.60|318
18|12 - 12|Pointe-Claire Swim Club|PCSC A|Québec|2018-11-02|Festival provincial par équipe section 1|2:12.64|317
19|12 - 12|University Of Calgary Swim Club|UCSC B|Alberta|2018-10-26|Cascade Speed Meet|2:12.88|316
20|12 - 12|Pickering Swim Club|PICK A|Ontario|2018-11-04|2018 Barrie Aquafest|2:14.30|306
21|12 - 12|Island Swimming Club|ISC A|British Columbia|2019-01-25|Vancouver Island Regional SC Championships|2:14.50|304
22|12 - 12|Surrey Knights Swim Club|SKSC B|British Columbia|2018-11-10|Winter Age Group Championships|2:14.64|303
23|12 - 12|Kitimat Marlins|KMSC B|British Columbia|2019-06-02|Northwest Spring Invitational|2:15.04|301
24|12 - 12|Club Aquatique Montreal|CAMO A|Québec|2019-04-13|ARENA Challenge du printemps Développement mixte 2019 CAMO|2:15.20|300
25|12 - 12|Nepean Kanata Barracudas|NKB A|Ontario|2018-11-11|Heats and Finals SC Finale|2:15.31|299
26|12 - 12|Club aquatique CDN-NDG|CDND J|Québec|2018-11-09|Festival provincial par équipe section 4|2:15.71|296
27|12 - 12|Wilmot Aquatic Aces|WAAC A|Ontario|2018-11-18|Expressway Lincoln Fall Invitational|2:16.05|294
28|12 - 12|Island Swimming Club|ISC B|British Columbia|2019-02-24|Winter Age Group Championships|2:16.44|291
29|12 - 12|ROC Swimming|ROCS A|Ontario|2018-11-24|2019 Ontario Winter Festival Championships|2:16.74|290
30|12 - 12|Richmond Rapids Swim Club|RAPIDB|British Columbia|2019-02-24|Winter Age Group Championships|2:16.80|289
31|12 - 12|UVic Pacific Coast Swimming|UVPCSD|British Columbia|2019-02-24|Winter Age Group Championships|2:16.95|288
32|12 - 12|Pacific Sea Wolves|PSW B|British Columbia|2019-02-24|Winter Age Group Championships|2:17.00|288
33|12 - 12|Mississauga Aquatic Club|MSSACA|Ontario|2018-10-20|HARVEST/AUTUMN INVITATIONAL|2:17.09|287
34|12 - 12|Hyack Swim Club|HYACKD|British Columbia|2019-02-24|Winter Age Group Championships|2:17.17|287
35|12 - 12|Langley Olympians Swim Club|LOSC B|British Columbia|2019-02-24|Winter Age Group Championships|2:17.32|286
36|12 - 12|Barrie Trojan Swim Club|BTSC A|Ontario|2019-02-01|2019 Huronia SC Regional Championships|2:17.66|284
37|12 - 12|Mount Pearl Marlins Swim Club|MPM A|Newfoundland|2018-11-03|Gander Fall Invitational|2:17.87|282
38|12 - 12|Sault Surge Aquatic Team|SSAT C|Ontario|2018-11-10|2018 Sault Surge Pentathlon|2:18.23|280
39|12 - 12|Kamloops Classic Swimming|KCS B|British Columbia|2019-06-23|SUMMER AGE GROUP CHAMPIONSHIPS|2:18.87|276
40|12 - 12|Newmarket Stingrays Swim Club|NEW A|Ontario|2019-02-10|Central Region B Champs 2019|2:19.78|271
41|12 - 12|Killarney Swim Club|KSC A|Alberta|2018-10-21|KSC SC Invitational 2018|2:19.91|270
42|12 - 12|Simon Fraser Aquatics|SFA B|British Columbia|2019-03-16|DSSC March LMR Meet|2:19.95|270
43|12 - 12|Vancouver Pacific Swim Club|VPSC C|British Columbia|2018-11-11|ISC 2018 Bennett Cup|2:20.05|269
44|12 - 12|Scarborough Swim Club|SCAR A|Ontario|2018-12-08|Border City Invitational|2:20.40|267
45|12 - 12|Haney Seahorse Swim Club|HANEYA|British Columbia|2019-02-24|Winter Age Group Championships|2:20.95|264
46|12 - 12|Barrie Trojan Swim Club|BTSC B|Ontario|2019-02-03|2019 Huronia SC Regional Championships|2:21.06|264
47|12 - 12|Oakville Aquatic Club|OAK B|Ontario|2019-02-24|David Lawson Invitational|2:21.26|263
48|12 - 12|Langley Olympians Swim Club|LOSC C|British Columbia|2019-06-23|SUMMER AGE GROUP CHAMPIONSHIPS|2:21.42|262
49|12 - 12|Alberta Marlin Aquatic Club|AMAC A|Alberta|2018-10-26|Provincials - Short Course|2:21.72|260
50|12 - 12|Lakeshore Swim Club|LSC A|Ontario|2018-10-27|MSSAC Open|2:22.88|254