RANK|ATHLETES|AGE|YOB|CLUB|PROVINCE|DATE|MEET|TIME|FINA
1|Crisp, Nolan|12|2006|UVPCS|British Columbia|2019-08-03|Mid-Summer Madness|1:01.75|497
2|Orogo, Paul|12|2006|HYACK|British Columbia|2019-06-21|SUMMER AGE GROUP CHAMPIONSHIPS|1:03.54|456
3|Harris, Aiden|12|2005|ESWIM|Ontario|2018-12-07|Youth Cup|1:06.38|400
4|Chen, Albert|12|2005|VPSC|British Columbia|2018-11-10|ISC 2018 Bennett Cup|1:06.41|399
5|Norman, Aiden|12|2006|UCSC|Alberta|2018-12-16|JP Fiset Invitational|1:06.45|399
6|Jung, Justin|12|2006|HYACK|British Columbia|2019-06-21|SUMMER AGE GROUP CHAMPIONSHIPS|1:06.61|396
7|Row, Jaxson|12|2006|MPM|Newfoundland|2018-12-07|Invitation Provinciale AA-AAA Pointe-Claire 2018|1:06.76|393
8|Daley, Elijah|12|2006|ESWIM|Ontario|2019-02-16|2019 Ontario Winter Festival Championships|1:06.98|389
9|Fu, Brian|12|2006|SFA|British Columbia|2019-06-21|SUMMER AGE GROUP CHAMPIONSHIPS|1:07.19|385
10|Song, Alvin Zhen|12|2006|NG|Québec|2019-02-17|Championnat provincial 11-12 ans et Paranatation - Hiver|1:07.23|385
11|Byrne, Thomas|12|2006|CP|Alberta|2018-12-16|JP Fiset Invitational|1:07.36|383
12|VandeVooren, Jayden|12|2006|COBRA|Ontario|2019-02-16|2019 Ontario Winter Festival Championships|1:07.49|380
13|Yang, Paul|12|2006|NYAC|Ontario|2019-02-16|2019 Ontario Winter Festival Championships|1:07.65|378
14|Mountstevens, Rohin|12|2006|CHENA|British Columbia|2019-06-21|SUMMER AGE GROUP CHAMPIONSHIPS|1:07.78|375
15|Duong, Kale|12|2006|ESWIM|Ontario|2019-02-16|2019 Ontario Winter Festival Championships|1:07.97|372
16|Viloria, Marcus Hugo|12|2006|DELTA|British Columbia|2019-03-17|DSSC March LMR Meet|1:08.06|371
17|Fontaine, Justin|12|2006|PCSC|Québec|2019-06-16|Championnat provincial 11-12 ans et Paranatation d'été|1:08.17|369
18|Taylor, Noah|12|2006|LSC|Ontario|2019-02-16|2019 Ontario Winter Festival Championships|1:08.23|368
19|Wang, Matthew|12|2006|PSW|British Columbia|2019-02-22|Winter Age Group Championships|1:08.31|367
20|Alpajaro, Nathaniel|12|2006|CDNDG|Québec|2019-06-16|Championnat provincial 11-12 ans et Paranatation d'été|1:08.34|366
21|Avey, Matthew|12|2006|CP|Alberta|2018-12-16|JP Fiset Invitational|1:08.35|366
22|Kwinter, Russell|12|2006|ESWIM|Ontario|2019-02-16|2019 Ontario Winter Festival Championships|1:08.54|363
23|Chen, Colin|12|2005|CNSL|Québec|2018-11-11|Festival provincial par équipe section 5 - Nord|1:08.56|363
24|Bérubé, Thomas|12|2006|RL|Québec|2018-11-04|Festival provincial par équipe section 3|1:08.57|363
25|Duong, Kaedin|12|2006|ESWIM|Ontario|2019-02-16|2019 Ontario Winter Festival Championships|1:08.61|362
26|Lee, Dominic|12|2006|NYAC|Ontario|2018-11-03|NYAC Cup|1:08.67|361
27|Parisé, Zachary|12|2006|PCSC|Québec|2019-02-17|Championnat provincial 11-12 ans et Paranatation - Hiver|1:08.88|358
28|Zhang, Kevin|12|2005|ESWIM|Ontario|2018-10-14|2018 Hall of Fame Meet|1:08.91|357
29|Gutierrez, Alonso|12|2006|UVPCS|British Columbia|2019-06-21|SUMMER AGE GROUP CHAMPIONSHIPS|1:09.04|355
30|McDougall-Vick, Ryland|12|2005|DDO|Québec|2018-11-04|Festival provincial par équipe section 3|1:09.05|355
31|Trichilo, Keaton|12|2006|BTSC|Ontario|2019-04-27|2019 Ontario Team Challenge|1:09.10|354
32|Kirk, Aiden|12|2007|KAJ|British Columbia|2019-06-21|SUMMER AGE GROUP CHAMPIONSHIPS|1:09.21|353
33|Vorona, Pavel|12|2006|BORC|Ontario|2018-12-21|2018 Trillium Cup|1:09.57|347
34|Duncan, Nicholas|12|2006|UCSC|Alberta|2018-11-18|KSC SC Invitational 2018|1:09.79|344
35|Foulds, Luke|12|2006|TBT|Ontario|2018-12-07|Youth Cup|1:09.82|343
36|Brock, Holden|12|2006|NYAC|Ontario|2019-02-16|2019 Ontario Winter Festival Championships|1:09.83|343
37|Verjee, Cash|12|2006|UCSC|Alberta|2019-07-14|UCSC Western Finale|1:09.86|343
38|Bailey, Damien|12|2006|NYAC|Ontario|2019-02-16|2019 Ontario Winter Festival Championships|1:10.05|340
39|Mann, Brayden|12|2006|WAAC|Ontario|2019-02-16|2019 Ontario Winter Festival Championships|1:10.11|339
40|Zhang, Yichi|12|2006|NYAC|Ontario|2019-01-19|Audi Midtown Toronto Winter Classic-SC 12 & U (TPASC)|1:10.17|338
40|Wigginton, Lorne|12|2005|UCSC|Alberta|2018-10-20|UCSC Fall Start Up|1:10.17|338
42|Reyes, Javier|12|2006|BAD|Ontario|2018-12-15|Team Showdown 2018|1:10.22|338
43|Philippe Bezeau, Lou|12|2006|CPC|Québec|2018-11-11|Festival provincial par équipe section 4|1:10.32|336
43|Slinn, Jeremy|12|2006|WDSC|British Columbia|2019-06-08|Knights June Jamboree 2019|1:10.32|336
45|Maibaum, David|12|2006|RAPID|British Columbia|2019-02-22|Winter Age Group Championships|1:10.41|335
46|Terrault, Alexis|12|2006|CARAT|Québec|2019-02-17|Championnat provincial 11-12 ans et Paranatation - Hiver|1:10.48|334
47|Carson, Dayton|12|2006|RAPID|British Columbia|2018-11-18|2018 PGBSC Medical Northern Invitational|1:10.49|334
48|Yang, Chengqiu|12|2006|RAPID|British Columbia|2019-06-21|SUMMER AGE GROUP CHAMPIONSHIPS|1:10.70|331
49|Gui, Corey|12|2005|AAC|Ontario|2018-11-03|Newmarket Stingrays Fall Invitational|1:10.79|330
50|Cho, Wongeun|12|2006|VPSC|British Columbia|2018-12-09|16th Annual XMAS Cracker Invitational|1:10.83|329