RANK|ATHLETES|AGE|YOB|CLUB|PROVINCE|DATE|MEET|TIME|FINA
1|Jung, Justin|12|2006|HYACK|British Columbia|2019-01-13|2019 Hyack Icebreaker Classic|9:04.39|540
2|Stewart, Benjamin|12|2006|ROD|Saskatchewan|2018-12-15|ManSask Championships Short Course Open Championships|9:06.99|532
3|Yang, Paul|12|2006|NYAC|Ontario|2019-02-16|2019 Ontario Winter Festival Championships|9:14.21|512
4|Crisp, Nolan|12|2006|UVPCS|British Columbia|2019-08-04|Mid-Summer Madness|9:19.15|498
5|Vorona, Pavel|12|2006|BORC|Ontario|2019-02-16|2019 Ontario Winter Festival Championships|9:19.71|497
6|Nghiem, Andrew|12|2005|GOLD|Saskatchewan|2018-11-23|Goldfins Invitational|9:20.51|495
7|Cortez, David|12|2007|CAMO|Québec|2019-06-15|Championnat provincial 11-12 ans et Paranatation d'été|9:21.41|492
8|Kwinter, Russell|12|2006|ESWIM|Ontario|2018-12-20|2018 Trillium Cup|9:28.80|473
9|Orogo, Paul|12|2006|HYACK|British Columbia|2019-01-13|2019 Hyack Icebreaker Classic|9:30.02|470
10|Johnson, Niall|12|2006|SPART|British Columbia|2019-01-27|SKSC Winter Fest|9:34.91|458
11|Duong, Kale|12|2006|ESWIM|Ontario|2018-12-20|2018 Trillium Cup|9:35.17|458
12|Gutierrez, Alonso|12|2006|UVPCS|British Columbia|2019-08-04|Mid-Summer Madness|9:37.17|453
13|Zhou, Keaton|12|2006|GO|Ontario|2019-02-03|2019 Eastern Ontario Regional Championships (SC/LC)|9:40.73|445
14|Rusu, Eduard-Daniel|12|2007|LAVAL|Québec|2019-06-15|Championnat provincial 11-12 ans et Paranatation d'été|9:41.68|442
15|Chen, Colin|12|2005|CNSL|Québec|2018-11-23|Invitation provinciale de Montréal-Nord|9:42.45|441
16|Bérubé, Thomas|12|2006|RL|Québec|2019-04-13|ARENA Challenge du printemps Développement mixte 2019 CAMO|9:42.98|440
17|Song, Alvin Zhen|12|2006|NG|Québec|2019-02-16|Championnat provincial 11-12 ans et Paranatation - Hiver|9:43.63|438
18|Row, Jaxson|12|2006|MPM|Newfoundland|2018-12-06|Invitation Provinciale AA-AAA Pointe-Claire 2018|9:44.62|436
19|Daley, Elijah|12|2006|ESWIM|Ontario|2018-12-20|2018 Trillium Cup|9:45.54|434
20|Zhao, Yiming|12|2007|PCSC|Québec|2019-06-15|Championnat provincial 11-12 ans et Paranatation d'été|9:46.47|432
21|Maher, Kevin|12|2006|ESWIM|Ontario|2019-01-11|2019 Etobicoke A-B Meet|9:46.67|431
22|Zhang, Aidan|12|2006|OAK|Ontario|2018-12-07|Border City Invitational|9:47.54|429
23|Glazer, David|12|2006|ESWIM|Ontario|2018-12-20|2018 Trillium Cup|9:50.09|424
24|Sykes, Benji|12|2005|PICK|Ontario|2018-11-02|2018 Barrie Aquafest|9:50.22|424
25|Zou, Ethan|12|2006|NYAC|Ontario|2019-02-16|2019 Ontario Winter Festival Championships|9:50.86|422
26|Govier, Tristan|12|2006|UNBC|British Columbia|2019-01-18|Canadian Dolphin New Years Invitational 2019|9:51.56|421
27|Duong, Kaedin|12|2006|ESWIM|Ontario|2018-12-20|2018 Trillium Cup|9:52.75|418
28|Huddleston, Jordan|12|2006|EBSC|Ontario|2019-02-03|2019 Eastern Ontario Regional Championships (SC/LC)|9:52.81|418
29|Norman, Aiden|12|2006|UCSC|Alberta|2018-10-28|Cascade Speed Meet|9:53.64|416
30|Daubois, Timothée|12|2006|CNHR|Québec|2019-02-16|Championnat provincial 11-12 ans et Paranatation - Hiver|9:55.50|412
31|Brock, Holden|12|2006|NYAC|Ontario|2019-02-16|2019 Ontario Winter Festival Championships|9:55.71|412
32|VandeVooren, Jayden|12|2006|COBRA|Ontario|2019-01-11|2019 Etobicoke A-B Meet|9:57.61|408
33|Alaoui, Rayan|12|2006|CAMO|Québec|2019-06-15|Championnat provincial 11-12 ans et Paranatation d'été|9:57.76|408
34|Purdy, Nicholas|12|2006|NG|Québec|2019-02-16|Championnat provincial 11-12 ans et Paranatation - Hiver|10:00.03|403
35|Fontaine, Justin|12|2006|PCSC|Québec|2019-02-16|Championnat provincial 11-12 ans et Paranatation - Hiver|10:01.85|399
36|Wang, Matthew|12|2006|PSW|British Columbia|2018-11-04|Rapids Distance meet|10:01.91|399
37|Lortie, Justin|12|2007|CNQ|Québec|2019-04-13|ARENA Challenge du printemps Développement mixte 2019 CAMO|10:03.81|396
38|Shang, Henry|12|2006|OAK|Ontario|2018-12-07|Border City Invitational|10:03.83|396
39|MacDonald, Noah|12|2006|CDSC|British Columbia|2019-01-18|Canadian Dolphin New Years Invitational 2019|10:03.92|395
40|Hodson, Evan|12|2006|CW|Ontario|2019-02-16|2019 Ontario Winter Festival Championships|10:04.51|394
41|Powalowski, Mateusz|12|2006|MSSAC|Ontario|2018-12-09|Dash for Cash|10:04.62|394
42|Lee, Dominic|12|2006|NYAC|Ontario|2018-11-04|NYAC Cup|10:04.66|394
43|Henriques, Frederico|12|2005|LAVAL|Québec|2018-11-23|Invitation provinciale de Montréal-Nord|10:05.57|392
44|Winterborn, Benjamin|12|2006|KBM|Ontario|2019-02-03|2019 Eastern Ontario Regional Championships (SC/LC)|10:07.69|388
45|Viloria, Marcus Hugo|12|2006|DELTA|British Columbia|2018-12-02|DSSC Distance LMR|10:07.85|388
46|Clawson-Honeyman, Finn|12|2007|NG|Québec|2019-06-15|Championnat provincial 11-12 ans et Paranatation d'été|10:08.43|387
47|Barakat, Yanis|12|2006|CDNDG|Québec|2019-03-02|Intra-Club 3|10:10.78|382
48|Metwally, Reda|12|2006|PCSC|Québec|2019-06-15|Championnat provincial 11-12 ans et Paranatation d'été|10:12.21|379
49|Alipio, Christopher|12|2006|CDNDG|Québec|2019-06-15|Championnat provincial 11-12 ans et Paranatation d'été|10:13.18|378
50|Savard, Xavier|12|2006|CNCI|Québec|2019-06-15|Championnat provincial 11-12 ans et Paranatation d'été|10:15.33|374