RANK|ATHLETES|AGE|YOB|CLUB|PROVINCE|DATE|MEET|TIME|FINA
1|Zhang, Kevin|12|2005|ESWIM|Ontario|2018-11-09|2018 Age Group International SC|2:14.12|530
2|Jung, Justin|12|2006|HYACK|British Columbia|2019-02-24|Winter Age Group Championships|2:19.14|474
3|MacDonald, Noah|12|2006|CDSC|British Columbia|2019-06-23|SUMMER AGE GROUP CHAMPIONSHIPS|2:23.64|431
4|Daley, Elijah|12|2006|ESWIM|Ontario|2019-02-17|2019 Ontario Winter Festival Championships|2:23.75|430
5|Kwinter, Russell|12|2006|ESWIM|Ontario|2019-02-17|2019 Ontario Winter Festival Championships|2:24.36|425
6|Kirk, Aiden|12|2007|KAJ|British Columbia|2019-06-23|SUMMER AGE GROUP CHAMPIONSHIPS|2:26.19|409
7|Orogo, Paul|12|2006|HYACK|British Columbia|2019-06-08|Knights June Jamboree 2019|2:26.77|404
8|Yang, Paul|12|2006|NYAC|Ontario|2019-02-17|2019 Ontario Winter Festival Championships|2:27.95|395
9|Vorona, Pavel|12|2006|BORC|Ontario|2019-02-17|2019 Ontario Winter Festival Championships|2:28.07|394
10|Harris, Aiden|12|2005|ESWIM|Ontario|2018-11-09|2018 Age Group International SC|2:28.12|393
11|Zhang, Hao Sheng (Sunny)|12|2005|HYACK|British Columbia|2018-11-09|2018 Brad Reid Memorial Invitational|2:28.52|390
12|Row, Jaxson|12|2006|MPM|Newfoundland|2019-06-09|2019 Summer Classic Invitational|2:29.31|384
13|Alpajaro, Nathaniel|12|2006|CDNDG|Québec|2019-06-15|Championnat provincial 11-12 ans et Paranatation d'été|2:29.35|384
14|Song, Alvin Zhen|12|2006|NG|Québec|2019-02-15|Championnat provincial 11-12 ans et Paranatation - Hiver|2:29.37|383
15|Maibaum, David|12|2006|RAPID|British Columbia|2019-02-24|Winter Age Group Championships|2:29.67|381
16|Wigginton, Lorne|12|2005|UCSC|Alberta|2018-10-28|Cascade Speed Meet|2:29.81|380
17|Rusu, Eduard-Daniel|12|2007|LAVAL|Québec|2019-06-15|Championnat provincial 11-12 ans et Paranatation d'été|2:29.88|379
18|Miao, Alex|12|2006|BORC|Ontario|2018-12-10|Invitation provinciale AA-AAA Noël + Développement 11-12 ans CAMO|2:30.16|377
19|Terrault, Alexis|12|2006|CARAT|Québec|2019-02-15|Championnat provincial 11-12 ans et Paranatation - Hiver|2:30.60|374
20|He, River|12|2006|RAPID|British Columbia|2019-06-23|SUMMER AGE GROUP CHAMPIONSHIPS|2:30.81|373
21|Maher, Kevin|12|2006|ESWIM|Ontario|2019-01-12|2019 Etobicoke A-B Meet|2:30.97|371
22|Shang, Henry|12|2006|OAK|Ontario|2019-02-24|David Lawson Invitational|2:32.17|363
23|Taylor, Noah|12|2006|LSC|Ontario|2019-04-27|2019 Ontario Team Challenge|2:32.32|362
24|Yazedjian, Alexandre|12|2006|CDNDG|Québec|2018-11-09|Festival provincial par équipe section 4|2:33.45|354
25|Alaoui, Rayan|12|2006|CAMO|Québec|2019-06-15|Championnat provincial 11-12 ans et Paranatation d'été|2:33.71|352
26|Senez, Logan|12|2006|CAMO|Québec|2019-02-15|Championnat provincial 11-12 ans et Paranatation - Hiver|2:33.74|352
27|Wang, Daniel|12|2006|PSW|British Columbia|2019-02-24|Winter Age Group Championships|2:34.33|348
28|Barbeau, Timothé|12|2005|NN|Québec|2018-11-02|Festival provincial par équipe section 1|2:34.97|343
29|Govier, Tristan|12|2006|SFA|British Columbia|2018-12-14|Rapids Fast-Swim Classic|2:35.89|337
30|Fu, Brian|12|2006|SFA|British Columbia|2018-12-09|2018 Spartan Santa LMR|2:36.01|336
31|Zhang, Yichi|12|2006|NYAC|Ontario|2018-12-09|Youth Cup|2:36.25|335
32|Zhang, Aidan|12|2006|OAK|Ontario|2018-12-07|Border City Invitational|2:36.67|332
33|Glazer, David|12|2006|ESWIM|Ontario|2019-02-17|2019 Ontario Winter Festival Championships|2:37.28|328
34|Pilieci, Alex|12|2006|NKB|Ontario|2019-01-20|2019 NKB Winter Invitational|2:37.50|327
35|Van Maren, Jasper Joost|12|2005|UVPCS|British Columbia|2018-11-10|ISC 2018 Bennett Cup|2:37.65|326
36|Loewen, Jack|12|2006|CREST|Ontario|2019-04-27|2019 Ontario Team Challenge|2:37.82|325
37|Boulaajoul, Malik|12|2006|CAMO|Québec|2019-01-27|Invitation Provinciale Pré-Championnat 2019 Finales directes 11-17ans|2:37.99|324
38|Cortez, David|12|2007|CAMO|Québec|2019-02-15|Championnat provincial 11-12 ans et Paranatation - Hiver|2:38.70|320
39|Wang, Matthew|12|2006|HYACK|British Columbia|2019-06-08|Knights June Jamboree 2019|2:38.86|319
40|Carson, Dayton|12|2006|RAPID|British Columbia|2018-12-14|Rapids Fast-Swim Classic|2:39.51|315
41|Deschambault, Noah|12|2007|VPSC|British Columbia|2019-06-23|SUMMER AGE GROUP CHAMPIONSHIPS|2:39.71|314
42|Simard, Bodie|12|2006|CHENA|British Columbia|2019-06-23|SUMMER AGE GROUP CHAMPIONSHIPS|2:39.89|313
43|Kwok, Joshua|12|2006|WSC|British Columbia|2019-07-27|SKSC Summer Fest|2:39.91|312
44|Duong, Kale|12|2006|ESWIM|Ontario|2018-12-21|2018 Trillium Cup|2:40.36|310
45|Sortland, Connor|12|2006|UCSC|Alberta|2019-02-01|UCSC Grand Prix|2:40.53|309
46|Duncan, Nicholas|12|2006|UCSC|Alberta|2019-02-01|UCSC Grand Prix|2:40.62|308
47|Arango, Juan|12|2006|HANEY|British Columbia|2019-02-24|Winter Age Group Championships|2:41.39|304
48|Morgans, Yannick|12|2006|CDSC|British Columbia|2019-06-23|SUMMER AGE GROUP CHAMPIONSHIPS|2:41.75|302
49|Zou, Ethan|12|2006|NYAC|Ontario|2019-02-17|2019 Ontario Winter Festival Championships|2:41.92|301
50|Lacroix, Marc-Etienne|12|2006|SAMAK|Québec|2019-02-15|Championnat provincial 11-12 ans et Paranatation - Hiver|2:42.60|297