RANK|ATHLETES|AGE|YOB|CLUB|PROVINCE|DATE|MEET|TIME|FINA
1|Stewart, Benjamin|12|2006|ROD|Saskatchewan|2018-12-14|ManSask Championships Short Course Open Championships|4:24.36|517
2|Jung, Justin|12|2006|HYACK|British Columbia|2019-02-23|Winter Age Group Championships|4:25.11|513
3|Harris, Aiden|12|2005|ESWIM|Ontario|2018-12-08|Youth Cup|4:25.36|511
4|Zhang, Kevin|12|2005|ESWIM|Ontario|2018-11-11|2018 Age Group International SC|4:26.80|503
5|Yang, Paul|12|2006|NYAC|Ontario|2019-02-17|2019 Ontario Winter Festival Championships|4:30.11|485
6|Sykes, Benji|12|2005|PICK|Ontario|2018-12-07|PICK Lisa Flood Christmas Classic 2018|4:30.49|483
7|Nghiem, Andrew|12|2005|GOLD|Saskatchewan|2018-12-14|ManSask Championships Short Course Open Championships|4:31.79|476
8|Gutierrez, Alonso|12|2006|UVPCS|British Columbia|2019-06-22|SUMMER AGE GROUP CHAMPIONSHIPS|4:32.18|474
9|Vorona, Pavel|12|2006|BORC|Ontario|2018-12-10|Invitation provinciale AA-AAA Noël + Développement 11-12 ans CAMO|4:32.44|472
10|Crisp, Nolan|12|2006|UVPCS|British Columbia|2019-06-22|SUMMER AGE GROUP CHAMPIONSHIPS|4:32.56|472
11|Johnson, Niall|12|2006|SPART|British Columbia|2018-12-16|Rapids Fast-Swim Classic|4:35.26|458
12|Kwinter, Russell|12|2006|ESWIM|Ontario|2019-01-12|2019 Etobicoke A-B Meet|4:37.48|447
13|Wang, Matthew|12|2006|HYACK|British Columbia|2019-06-22|SUMMER AGE GROUP CHAMPIONSHIPS|4:37.66|446
14|Neder Serafini, Andrei|12|2006|KBM|Ontario|2019-02-01|2019 Eastern Ontario Regional Championships (SC/LC)|4:38.14|444
15|Duong, Kale|12|2006|ESWIM|Ontario|2019-01-12|2019 Etobicoke A-B Meet|4:38.38|443
16|Parisé, Zachary|12|2006|PCSC|Québec|2019-02-15|Championnat provincial 11-12 ans et Paranatation - Hiver|4:38.63|442
17|Song, Alvin Zhen|12|2006|NG|Québec|2019-02-15|Championnat provincial 11-12 ans et Paranatation - Hiver|4:38.76|441
18|Cortez, David|12|2007|CAMO|Québec|2019-06-15|Championnat provincial 11-12 ans et Paranatation d'été|4:39.69|437
19|Slinn, Jeremy|12|2006|WDSC|British Columbia|2019-06-22|SUMMER AGE GROUP CHAMPIONSHIPS|4:39.83|436
20|Foulds, Luke|12|2006|TBT|Ontario|2018-12-08|Youth Cup|4:40.36|433
21|Totar, Victor|12|2006|RAMAC|Ontario|2019-02-17|2019 Ontario Winter Festival Championships|4:42.67|423
22|Powalowski, Mateusz|12|2006|MSSAC|Ontario|2018-10-19|HARVEST/AUTUMN INVITATIONAL|4:43.03|421
23|Zhou, Keaton|12|2006|GO|Ontario|2018-12-08|Gatineau Grand Prix|4:43.18|421
24|Fontaine, Justin|12|2006|PCSC|Québec|2019-06-15|Championnat provincial 11-12 ans et Paranatation d'été|4:43.24|420
25|Zhang, Aidan|12|2006|OAK|Ontario|2019-02-17|2019 Ontario Winter Festival Championships|4:43.34|420
26|Norman, Aiden|12|2006|UCSC|Alberta|2018-11-16|KSC SC Invitational 2018|4:43.46|419
27|Bérubé, Thomas|12|2006|RL|Québec|2019-02-15|Championnat provincial 11-12 ans et Paranatation - Hiver|4:44.34|415
28|Mercuri, Maurizio Jr|12|2006|CALAC|Québec|2019-02-15|Championnat provincial 11-12 ans et Paranatation - Hiver|4:44.59|414
29|Butler, Darcy|12|2006|MPM|Newfoundland|2018-12-08|Invitation Provinciale AA-AAA Pointe-Claire 2018|4:44.73|414
30|Daley, Elijah|12|2006|ESWIM|Ontario|2018-12-21|2018 Trillium Cup|4:44.91|413
31|Wigginton, Lorne|12|2005|UCSC|Alberta|2018-10-27|Cascade Speed Meet|4:44.99|413
32|Duong, Kaedin|12|2006|ESWIM|Ontario|2019-02-17|2019 Ontario Winter Festival Championships|4:45.36|411
33|Zhao, Yiming|12|2007|PCSC|Québec|2019-06-15|Championnat provincial 11-12 ans et Paranatation d'été|4:45.37|411
34|Cao, Ray|12|2006|PSW|British Columbia|2019-02-23|Winter Age Group Championships|4:45.52|410
35|Lee, Dominic|12|2006|NYAC|Ontario|2019-01-20|Audi Midtown Toronto Winter Classic-SC 12 & U (TPASC)|4:45.55|410
36|Metwally, Reda|12|2006|PCSC|Québec|2019-06-15|Championnat provincial 11-12 ans et Paranatation d'été|4:45.57|410
37|Brock, Holden|12|2006|NYAC|Ontario|2019-02-17|2019 Ontario Winter Festival Championships|4:45.66|410
38|Huddleston, Jordan|12|2006|EBSC|Ontario|2019-02-17|2019 Ontario Winter Festival Championships|4:46.31|407
39|Chen, Colin|12|2005|CNSL|Québec|2018-11-09|Festival provincial par équipe section 5 - Nord|4:46.36|407
40|Zou, Ethan|12|2006|NYAC|Ontario|2019-02-17|2019 Ontario Winter Festival Championships|4:46.45|406
41|Yazedjian, Alexandre|12|2006|CDNDG|Québec|2018-12-10|Invitation provinciale AA-AAA Noël + Développement 11-12 ans CAMO|4:47.33|403
42|Alipio, Christopher|12|2006|CDNDG|Québec|2019-06-15|Championnat provincial 11-12 ans et Paranatation d'été|4:47.71|401
43|Orogo, Paul|12|2006|HYACK|British Columbia|2018-12-16|JP Fiset Invitational|4:47.83|400
44|Lee, Eugene|12|2005|TORCH|Ontario|2018-11-11|2018 Age Group International SC|4:48.26|399
45|Maher, Kevin|12|2006|ESWIM|Ontario|2018-12-21|2018 Trillium Cup|4:48.59|397
46|Bertrim, James|12|2006|SLSC|Ontario|2018-12-02|2018 Barrie Trojan Cup|4:48.89|396
47|VandeVooren, Jayden|12|2006|COBRA|Ontario|2019-01-18|PICK Winter Swim Fest 2019|4:49.24|395
47|MOLDOVAN, BALAZS|12|2006|KSC|Alberta|2019-03-01|Provincials - Short Course|4:49.24|395
49|Taylor, Noah|12|2006|LSC|Ontario|2019-04-28|2019 Ontario Team Challenge|4:49.57|393
50|Su, Daniel|12|2006|SKSC|British Columbia|2019-06-22|SUMMER AGE GROUP CHAMPIONSHIPS|4:49.58|393