RANK|AGES|CLUB|TEAM|PROVINCE|DATE|MEET|TIME|FINA
1|12 - 12|Calgary Patriots Swim Club|CP A|Alberta|2018-12-16|JP Fiset Invitational|4:41.64|353
2|12 - 12|Pointe-Claire Swim Club|PCSC A|Québec|2018-11-03|Festival provincial par équipe section 1|4:52.43|315
3|12 - 12|Club Aquatique Montreal|CAMO A|Québec|2018-11-03|Festival provincial par équipe section 1|4:56.31|303
4|12 - 12|ROC Swimming|ROCS A|Ontario|2019-02-16|2019 Ontario Winter Festival Championships|5:00.12|292
5|12 - 12|Club aquatique CDN-NDG|CDND P|Québec|2018-11-10|Festival provincial par équipe section 4|5:02.66|284
6|12 - 12|Natation Gatineau|NG A|Québec|2018-11-03|Festival provincial par équipe section 1|5:03.74|281
7|12 - 12|Rouge et Or/Université Laval|UL A|Québec|2018-11-03|Festival provincial par équipe section 1|5:22.51|235
8|12 - 12|Wolfville Tritons Swim Club|WTSC B|Nova Scotia|2019-06-19|WTSC Time Trial One|5:34.87|210
9|12 - 12|C.N. du Haut-Richelieu|CNHR L|Québec|2018-11-10|Festival provincial par équipe section 4|5:36.48|207
10|12 - 12|C.N. Sherbrooke|SHER A|Québec|2018-11-10|Festival provincial par équipe section 2|5:40.32|200
11|12 - 12|Club Aquatique de l'Est de Montréal|CAEM F|Québec|2018-11-10|Festival provincial par équipe section 4|6:00.97|167
12|12 - 12|Bathurst BLAST|BLASTA|New Brunswick|2019-04-28|Ellen Waters Memorial Meet|6:11.44|154