RANK|AGES|CLUB|TEAM|PROVINCE|DATE|MEET|TIME|FINA
1|13 - 13|Oakville Aquatic Club|OAK A|Ontario|2012-03-04|2012 SC Junior & PARA Provincials|3:55.19|473
2|13 - 13|Mississauga Aquatic Club|MSSA A|Ontario|2012-03-04|2012 SC Junior & PARA Provincials|3:57.12|461
3|13 - 13|North York Aquatic Club|NYAC A|Ontario|2012-03-04|2012 SC Junior & PARA Provincials|4:04.51|421
4|13 - 13|Newmarket Stingrays Swim Club|NEW A|Ontario|2012-03-04|2012 SC Junior & PARA Provincials|4:08.67|400
5|13 - 13|University Of Calgary Swim Club|UCSC C|Alberta|2012-03-09|2012 Speedo Alberta Age Group Championships|4:35.40|294
6|13 - 13|KISU Swim Club|KISU C|British Columbia|2012-05-05|NWAC Triple Pentathlon Swim Meet|4:52.67|360