RANK|AGES|CLUB|TEAM|PROVINCE|DATE|MEET|TIME|FINA
1|13 - 13|Hyack Swim Club|HYAC A|British Columbia|2012-03-01|2012 TAS SwimBC SC AAA Championships|4:23.51|431
2|13 - 13|Mississauga Aquatic Club|MSSA A|Ontario|2012-03-03|2012 SC Junior & PARA Provincials|4:24.53|426
3|13 - 13|Oakville Aquatic Club|OAK A|Ontario|2012-03-03|2012 SC Junior & PARA Provincials|4:29.28|404
4|13 - 13|North York Aquatic Club|NYAC A|Ontario|2012-03-03|2012 SC Junior & PARA Provincials|4:30.57|398
5|13 - 13|Newmarket Stingrays Swim Club|NEW A|Ontario|2012-03-03|2012 SC Junior & PARA Provincials|4:35.33|378