RANK|ATHLETES|AGE|YOB|CLUB|PROVINCE|DATE|MEET|TIME|FINA
1|Li, Zixuan|13|1998|DS|Ontario|2011-12-16|Invitation provinciale P1-P2 de Noël 2011|25.03|533
2|Acevedo, Javier|13|1998|AJAX|Ontario|2011-12-17|Invitation Pointe-Claire Provincial 2 2011|25.21|522
3|Calkins, Stephen|13|1998|UCSC|Alberta|2012-03-10|2012 Speedo Alberta Age Group Championships|25.23|520
4|Marinov, Martin|13|1997|MMST|Ontario|2012-03-06|OFSAA 2012 Swim Championship|25.24|520
5|Boily-Dufour, Samuel|13|1998|SR|Ontario|2012-08-17|2012 Ontario Summer Games|25.71|492
6|Mayer, Warren|13|1998|PICK|Ontario|2012-03-02|2012 SC Junior & PARA Provincials|25.72|491
7|Paradis, Vincent|13|1998|MEGO|Québec|2012-02-24|Championnat provincial AQUAM groupes d'âge|25.80|487
8|Stromberg, Adam|13|1998|FFAST|Ontario|2012-03-02|2012 SC Junior & PARA Provincials|25.87|483
9|Norg, Aaron|13|1998|WEST|Ontario|2011-12-10|Team Aquatic Supplies Dash for Cash|25.94|479
10|Young, John|13|1998|DS|Ontario|2011-12-16|Invitation provinciale P1-P2 de Noël 2011|26.02|474
11|Salmon, Lucas|13|1998|HTAC|Nova Scotia|2012-03-02|East Coast Short Course Championship|26.03|474
12|Mac, Matthew|13|1998|OAK|Ontario|2011-12-02|Youth Cup|26.17|466
13|Goin, Adrian|13|1998|DDO|Québec|2011-12-16|Invitation Pointe-Claire Provincial 2 2011|26.20|465
14|Kerr, Skyeler|13|1998|CONNU|British Columbia|2012-03-02|2012 TAS SwimBC SC AAA Championships|26.27|461
15|Cholette, Vincent|13|1998|SAMAK|Québec|2011-12-02|11e INVITATION P1 & P2 avec Finales A & B|26.35|457
15|Jun, Joseph|13|1998|NYAC|Ontario|2011-12-03|Youth Cup|26.35|457
17|Deneault, Ethan|13|1998|TORCH|Ontario|2012-04-20|Division 2 Team Championships|26.40|454
17|Cardeau, Anthony-Hubert|13|1998|CSQ|Québec|2012-02-24|Championnat provincial AQUAM groupes d'âge|26.40|454
19|Cusimano, Sam|13|1998|GGST|Ontario|2012-04-20|Division 1 Team Champs|26.52|448
20|Ferland, Nic|13|1998|NKB|Ontario|2012-02-04|2012 EOSA SC Regional Championships|26.53|447
21|Pak, Haydn|13|1998|HYACK|British Columbia|2012-03-03|2012 TAS SwimBC SC AAA Championships|26.57|445
22|Mackinnon, Ian|13|1998|GHAC|Ontario|2012-03-02|2012 SC Junior & PARA Provincials|26.64|442
23|Palaschuk, Brian|13|1998|ROD|Saskatchewan|2011-12-18|Invitation de Noël P1-P2|26.67|440
24|Bertrand, Kevin|13|1999|PCSC|Québec|2012-02-24|Championnat provincial AQUAM groupes d'âge|26.73|438
25|Bilodeau-Chagnon, Félix|13|1999|ELITE|Québec|2012-04-20|Section 1 - Championnat par équipe|26.79|435
26|Chatelain-Laflamme, Antoine|13|1998|NG|Québec|2012-02-26|Championnat provincial AQUAM groupes d'âge|26.83|433
27|Villalobos, Rodrigo|13|1998|ESWIM|Ontario|2012-03-02|2012 SC Junior & PARA Provincials|26.84|432
27|Tong, Ryan|13|1998|NYAC|Ontario|2012-03-02|2012 SC Junior & PARA Provincials|26.84|432
29|Roberton, Kevin|13|1998|WS|Ontario|2012-03-02|2012 SC Junior & PARA Provincials|26.86|431
30|Dubord, Marshal|13|1998|PPO|Québec|2012-02-26|Championnat provincial AQUAM groupes d'âge|26.87|431
30|Dundas, Tom|13|1998|CP|Alberta|2012-06-24|Team Champs|26.87|431
32|Duan, Harry Ting Hui|13|1998|WSC|British Columbia|2012-03-02|2012 TAS SwimBC SC AAA Championships|26.88|430
33|Tomic, Luka|13|1998|OAK|Ontario|2012-03-02|2012 SC Junior & PARA Provincials|26.91|429
34|Kmyta, Lee|13|1998|KLAC|Ontario|2012-03-02|2012 SC Junior & PARA Provincials|26.92|428
35|Jiwa, Shakil|13|1998|BBST|Ontario|2012-01-07|MAC 27th Winter Invitational 2012|26.93|428
36|Muizelaar, Mitchell|13|1997|MSSAC|Ontario|2012-03-06|OFSAA 2012 Swim Championship|26.94|427
36|Knibb, Parker|13|1997|CBACW|Alberta|2011-11-19|AMAC Fall Invitational|26.94|427
38|Liem, Brett|13|1998|DCSC|Nova Scotia|2012-03-02|East Coast Short Course Championship|26.96|426
39|Farmer, Gregory|13|1997|EKSC|Alberta|2011-12-02|JP Fiset International|26.97|426
40|Goin, Emil|13|1999|DDO|Québec|2012-05-26|Finale régionale des Jeux du Québec- Lac St-Louis|27.02|424
40|Dalla Bona, Nicolas|13|1998|WEST|Ontario|2012-04-20|Division 1 Team Champs|27.02|424
42|Gilbert, Colin|13|1998|KCS|British Columbia|2012-03-03|2012 TAS SwimBC SC AAA Championships|27.05|422
42|Lachapelle, Jean-François|13|1998|DDO|Québec|2011-12-16|Invitation Pointe-Claire Provincial 2 2011|27.05|422
44|How, Alfie|13|1998|NEW|Ontario|2012-03-02|2012 SC Junior & PARA Provincials|27.06|422
45|Fuller, Mathew|13|1998|EKSC|Alberta|2012-03-10|2012 Speedo Alberta Age Group Championships|27.10|420
46|Eby, Jacob|13|1998|KBM|Ontario|2012-03-02|2012 SC Junior & PARA Provincials|27.11|419
47|Pispidikis, Ted|13|1997|DUCKS|Ontario|2011-12-03|Youth Cup|27.12|419
47|Wist, Kade|13|1998|CASC|Alberta|2012-03-10|2012 Speedo Alberta Age Group Championships|27.12|419
47|Zhou, Frank|13|1998|WSC|British Columbia|2011-12-02|FastSwim Classic|27.12|419
50|Duke, Nicolas|13|1998|CHENA|British Columbia|2012-03-02|2012 TAS SwimBC SC AAA Championships|27.14|418