RANK|ATHLETES|AGE|YOB|CLUB|PROVINCE|DATE|MEET|TIME|FINA
1|Mac, Matthew|13|1998|OAK|Ontario|2011-12-03|Youth Cup|28.72|487
2|Acevedo, Javier|13|1998|AJAX|Ontario|2011-12-18|Invitation Pointe-Claire Provincial 2 2011|28.74|486
3|Li, Zixuan|13|1998|DS|Ontario|2011-12-17|Invitation provinciale P1-P2 de Noël 2011|29.60|445
4|Iliouchetchev, Anthony|13|1997|MM|Manitoba|2011-10-29|Celebrate Swimming Invitational 2011|29.68|442
5|Klein, Anders|13|1997|OSC|Alberta|2011-09-24|Home Opener|29.69|441
6|Jones, Bryce|13|1998|KSS|Ontario|2011-12-01|Prairie Winter International|29.70|441
7|Norg, Aaron|13|1998|WEST|Ontario|2011-12-18|Alex Baumann Invitational 2011|29.92|431
8|Duanshi, Steven Tian Run|13|1998|WSC|British Columbia|2011-12-03|FastSwim Classic|30.19|420
9|Young, John|13|1998|DS|Ontario|2011-12-17|Invitation provinciale P1-P2 de Noël 2011|30.21|419
10|Veregin, Liam|13|1998|GO|Ontario|2012-02-04|2012 EOSA SC Regional Championships|30.23|418
11|Goin, Emil|13|1999|DDO|Québec|2012-04-22|Section 2 - Championnat par équipe|30.42|410
12|How, Alfie|13|1998|NEW|Ontario|2012-03-01|2012 SC Junior & PARA Provincials|30.45|409
13|Love, Scott|13|1998|OAK|Ontario|2012-03-01|2012 SC Junior & PARA Provincials|30.48|408
14|Morin, Raphael|13|1998|TORP|Québec|2012-02-24|Championnat provincial AQUAM groupes d'âge|30.49|407
14|Goin, Adrian|13|1998|DDO|Québec|2011-12-18|Invitation Pointe-Claire Provincial 2 2011|30.49|407
16|Meier, Simon|13|1998|MM|Manitoba|2012-01-21|New Year's Invitational|30.55|405
17|Tomic, Luka|13|1998|OAK|Ontario|2012-03-01|2012 SC Junior & PARA Provincials|30.62|402
18|Zhang, Mike|13|1998|RAPID|British Columbia|2011-12-03|FastSwim Classic|30.81|395
19|Paradis, Vincent|13|1998|MEGO|Québec|2011-12-03|11e INVITATION P1 & P2 avec Finales A & B|30.85|393
20|Schaffler, Maximilian|13|1998|RAPID|British Columbia|2012-03-02|2012 TAS SwimBC SC AAA Championships|30.87|392
21|Dolynny, Bronson|13|1998|YKPB|Northwest Territories|2011-12-02|JP Fiset International|30.89|392
21|Assameur, Yassine|13|1998|SAMAK|Québec|2012-02-24|Championnat provincial AQUAM groupes d'âge|30.89|392
21|Paré, Mikael|13|1998|ETM|Québec|2012-08-03|Finale provinciale des Jeux du Québec 2012|30.89|392
24|Law, Clement|13|1998|RHAC|Ontario|2012-02-12|2012 Central Region SC Champs|30.96|389
25|Boily-Dufour, Samuel|13|1998|SR|Ontario|2011-11-25|Nothers Fall Invitational 2011|31.01|387
26|Heather, Marcel|13|1998|ROW|Ontario|2011-12-17|Invitation de Noël P1-P2|31.06|385
27|Duke, Nicolas|13|1998|CHENA|British Columbia|2012-03-02|2012 TAS SwimBC SC AAA Championships|31.09|384
28|Li, Terry|13|1998|MSSAC|Ontario|2012-02-12|2012 Central Region SC Champs|31.10|384
29|Au, Jeremy|13|1998|HYACK|British Columbia|2012-03-02|2012 TAS SwimBC SC AAA Championships|31.12|383
30|Bilodeau-Chagnon, Félix|13|1999|ELITE|Québec|2012-02-24|Championnat provincial AQUAM groupes d'âge|31.21|380
31|Gilbert, Colin|13|1998|KCS|British Columbia|2012-03-02|2012 TAS SwimBC SC AAA Championships|31.23|379
32|Swinton, Nathan|13|1998|STSC|Alberta|2012-03-11|2012 Speedo Alberta Age Group Championships|31.24|379
33|Pak, Haydn|13|1998|HYACK|British Columbia|2011-10-29|2011 VPSC Invitational|31.31|376
34|Zakala, Josh|13|1998|KAJ|British Columbia|2011-11-27|KAJ FAll Classic 2011|31.40|373
35|Ha, Eun Soo|13|1998|RHAC|Ontario|2012-03-01|2012 SC Junior & PARA Provincials|31.45|371
36|Calkins, Stephen|13|1998|UCSC|Alberta|2012-03-18|Man/Sask Short Course Provincial Championships|31.46|371
37|Kamminga, Frederik|13|1998|OSC|Alberta|2012-03-11|2012 Speedo Alberta Age Group Championships|31.48|370
38|Powers, Robert|13|1998|UL|Québec|2012-02-24|Championnat provincial AQUAM groupes d'âge|31.49|370
39|Chatelain-Laflamme, Antoine|13|1998|NG|Québec|2012-02-25|Championnat provincial AQUAM groupes d'âge|31.50|369
39|Voudouris, Matthew|13|1997|NYAC|Ontario|2011-12-03|Youth Cup|31.50|369
41|Somers, Colm|13|1998|HWAC|Nova Scotia|2012-02-05|Championnat du NB en Bassin Court - NB Short Course Open Championship|31.51|369
42|Maina, Kimani|13|1997|OSC|Alberta|2011-10-28|Kenya National Age Group Championships|31.54|368
43|Fortier-Morisset, Louis|13|1998|STEFOY|Québec|2012-02-24|Championnat provincial AQUAM groupes d'âge|31.57|367
44|Henger, Benjamin|13|1998|WTSC|Nova Scotia|2011-10-16|Dal Pentathlon Meet|31.58|366
45|Wist, Kade|13|1998|CASC|Alberta|2012-01-21|Pugsley's Plunge|31.64|364
46|Thomson, Timothy|13|1998|CASC|Alberta|2011-12-18|Invitation Pointe-Claire Provincial 2 2011|31.71|362
46|Telford, Ryan|13|1998|NKB|Ontario|2012-02-03|2012 EOSA SC Regional Championships|31.71|362
48|Mykitiuk10910, Micah|13|1998|TSC|Ontario|2011-12-17|Invitation provinciale P1-P2 de Noël 2011|31.76|360
49|Williams, Xavier|13|1999|CNSH|Québec|2012-06-03|Finale régionale Jeux du Québec 2012|31.83|358
50|Dubord, Marshal|13|1998|PPO|Québec|2012-01-29|Nouvelle année P1-P2 (25m) sans finales AM|31.85|357