RANK|ATHLETES|AGE|YOB|CLUB|PROVINCE|DATE|MEET|TIME|FINA
1|Baker, Chris|13|1998|HYACK|British Columbia|2012-03-03|2012 TAS SwimBC SC AAA Championships|1:01.32|494
2|Li, Zixuan|13|1998|DS|Ontario|2011-11-06|Bolzano International - Italy|1:01.40|492
3|Mac, Matthew|13|1998|OAK|Ontario|2011-12-04|Youth Cup|1:01.47|490
4|Schramm, Justin|13|1998|LOSC|British Columbia|2011-12-11|2011 PCS Xmas Cracker Invitational|1:01.55|488
5|Henger, Benjamin|13|1998|WTSC|Nova Scotia|2011-12-10|Nova Scotia Team Champs|1:01.57|488
6|Calkins, Stephen|13|1998|UCSC|Alberta|2012-03-16|Man/Sask Short Course Provincial Championships|1:01.76|483
7|Wist, Kade|13|1998|CASC|Alberta|2012-03-11|2012 Speedo Alberta Age Group Championships|1:03.14|452
8|Duke, Nicolas|13|1998|CHENA|British Columbia|2012-03-03|2012 TAS SwimBC SC AAA Championships|1:03.15|452
9|Telford, Ryan|13|1998|NKB|Ontario|2012-08-18|2012 Ontario Summer Games|1:03.17|452
10|Gilbert, Colin|13|1998|KCS|British Columbia|2012-03-03|2012 TAS SwimBC SC AAA Championships|1:03.71|440
11|Lau, Stuart|13|1998|EKSC|Alberta|2012-03-11|2012 Speedo Alberta Age Group Championships|1:03.72|440
12|Paradis, Vincent|13|1998|MEGO|Québec|2012-02-24|Championnat provincial AQUAM groupes d'âge|1:03.73|440
13|Paulins, Sebastian|13|1998|BRANT|Ontario|2012-03-01|2012 SC Junior & PARA Provincials|1:04.12|432
14|Allon, Joshua|13|1999|WRMS|Ontario|2012-03-01|2012 SC Junior & PARA Provincials|1:04.13|432
15|Tong, Ryan|13|1998|NYAC|Ontario|2012-03-01|2012 SC Junior & PARA Provincials|1:04.24|429
16|How, Alfie|13|1998|NEW|Ontario|2012-03-01|2012 SC Junior & PARA Provincials|1:04.29|428
17|Cardeau, Anthony-Hubert|13|1998|CSQ|Québec|2012-02-24|Championnat provincial AQUAM groupes d'âge|1:04.63|422
17|Korpan, Jacob|13|1998|ROD|Saskatchewan|2012-03-16|Man/Sask Short Course Provincial Championships|1:04.63|422
19|Kerr, Skyeler|13|1998|CONNU|British Columbia|2012-03-03|2012 TAS SwimBC SC AAA Championships|1:04.64|421
20|Ahmad, Abdullah|13|1998|ESWIM|Ontario|2012-03-01|2012 SC Junior & PARA Provincials|1:04.66|421
21|Cusimano, Sam|13|1998|GGST|Ontario|2012-04-20|Division 1 Team Champs|1:04.68|421
22|Harrison, Ethan|13|1999|AJAX|Ontario|2012-03-01|2012 SC Junior & PARA Provincials|1:04.73|420
23|Acevedo, Javier|13|1998|AJAX|Ontario|2011-11-12|Swim International|1:04.84|417
24|Sljuka, Vincenzo|13|1998|LASC|Alberta|2011-12-11|2011 PCS Xmas Cracker Invitational|1:05.31|409
25|Somers, Colm|13|1998|HWAC|Nova Scotia|2011-12-10|Nova Scotia Team Champs|1:05.63|403
26|Guest, Patrick|13|1998|PCSC|Québec|2012-02-24|Championnat provincial AQUAM groupes d'âge|1:05.67|402
27|Chua, Arvin|13|1999|RAPID|British Columbia|2012-07-21|BC Summer Games|1:05.71|401
27|Salmon, Lucas|13|1998|HTAC|Nova Scotia|2012-03-04|East Coast Short Course Championship|1:05.71|401
29|Kmyta, Lee|13|1998|KLAC|Ontario|2012-03-01|2012 SC Junior & PARA Provincials|1:05.86|398
30|Pispidikis, Ted|13|1997|DUCKS|Ontario|2011-11-05|2011 Barrie Aquafest|1:05.89|398
31|Liu, Jerry|13|1998|RAPID|British Columbia|2012-03-03|2012 TAS SwimBC SC AAA Championships|1:05.94|397
32|Pan, Spencer|13|1998|UCSC|Alberta|2011-11-06|Cascade Speed Meet "BLUE"|1:05.95|397
33|Pak, Haydn|13|1998|HYACK|British Columbia|2011-10-29|2011 VPSC Invitational|1:06.01|396
34|Barrette, Simon|13|1997|CNHR|Québec|2011-10-30|Invitation provinciale Halloween P1-P2, 2011|1:06.08|394
35|Lai, Evans|13|1998|RHAC|Ontario|2012-01-21|RHAC Winter Invitational|1:06.14|393
36|Guo, Aaron|13|1998|MAC|Ontario|2012-03-01|2012 SC Junior & PARA Provincials|1:06.21|392
37|Fuller, Mathew|13|1998|EKSC|Alberta|2012-03-11|2012 Speedo Alberta Age Group Championships|1:06.33|390
38|Gilchrist, Alexander|13|1998|AJAX|Ontario|2012-03-01|2012 SC Junior & PARA Provincials|1:06.60|385
39|Crawford, Brandon|13|1997|RAPID|British Columbia|2011-12-03|FastSwim Classic|1:06.75|383
40|Nguyen, Andrew|13|1998|MSSAC|Ontario|2012-03-01|2012 SC Junior & PARA Provincials|1:06.77|382
41|Roberton, Kevin|13|1998|WS|Ontario|2012-03-01|2012 SC Junior & PARA Provincials|1:06.87|381
42|Voudouris, Matthew|13|1997|NYAC|Ontario|2011-12-04|Youth Cup|1:06.89|380
43|Mackinnon, Ian|13|1998|GHAC|Ontario|2012-03-01|2012 SC Junior & PARA Provincials|1:06.90|380
44|Papangelakis, Panagiotis|13|1998|DS|Ontario|2012-06-09|DS June 2012 Time Trials|1:06.91|380
45|Farmer, Gregory|13|1997|EKSC|Alberta|2011-12-03|JP Fiset International|1:06.99|379
46|Ouyang, Leon|13|1998|WEST|Ontario|2012-04-20|Division 1 Team Champs|1:07.08|377
47|Wadden, Bryan|13|1998|CBSB|Newfoundland|2012-03-17|SHORT COURSE CHAMPIONSHIPS|1:07.11|376
48|Li, Yi Wen|13|1997|PCSC|Québec|2011-12-04|11e INVITATION P1 & P2 avec Finales A & B|1:07.17|375
49|Oliver, Nicholas|13|1998|NEW|Ontario|2012-03-01|2012 SC Junior & PARA Provincials|1:07.20|375
50|Duan, Harry Ting Hui|13|1998|WSC|British Columbia|2012-03-03|2012 TAS SwimBC SC AAA Championships|1:07.34|373