RANK|ATHLETES|AGE|YOB|CLUB|PROVINCE|DATE|MEET|TIME|FINA
1|Young, John|13|1998|DS|Ontario|2011-12-16|Invitation provinciale P1-P2 de Noël 2011|32.32|476
2|Meier, Simon|13|1998|MM|Manitoba|2012-02-16|2012 Speedo Western Canadian Championships|32.55|466
3|Gauvreau, Xavier|13|1998|CAO|Québec|2012-02-25|Championnat provincial AQUAM groupes d'âge|32.67|461
4|Farmer, Gregory|13|1997|EKSC|Alberta|2011-12-03|JP Fiset International|33.07|445
5|Ackermann, Carel|13|1997|KCS|British Columbia|2011-12-09|KCS MJB Law Ice Classic|33.30|435
6|Li, Zixuan|13|1998|DS|Ontario|2011-11-06|Bolzano International - Italy|33.34|434
7|Feng, Li Bob|13|1998|PCSC|Québec|2011-12-16|Invitation Pointe-Claire Provincial 2 2011|33.35|434
8|Gingras, Tristan|13|1998|ENC|Québec|2012-06-03|Finale régionale Jeux du Québec 2012|33.42|431
9|Cusimano, Sam|13|1998|GGST|Ontario|2011-12-16|Invitation Pointe-Claire Provincial 2 2011|33.48|428
10|Bidrman, Oliver|13|1998|UCSC|Alberta|2012-03-09|2012 Speedo Alberta Age Group Championships|33.52|427
11|Palaschuk, Brian|13|1998|ROD|Saskatchewan|2011-12-18|Invitation de Noël P1-P2|33.96|411
12|Dubord, Marshal|13|1998|PPO|Québec|2012-01-29|Nouvelle année P1-P2 (25m) sans finales AM|33.98|410
13|Selmanovic, Din|13|1998|MSSAC|Ontario|2011-12-16|Invitation provinciale P1-P2 de Noël 2011|34.05|407
14|Korpan, Jacob|13|1998|ROD|Saskatchewan|2011-12-18|Invitation de Noël P1-P2|34.13|404
15|Lebel, Simon|13|1998|BBF|Québec|2011-12-16|Invitation Pointe-Claire Provincial 2 2011|34.23|401
16|Bertrand, Kevin|13|1999|PCSC|Québec|2012-04-21|Section 1 - Championnat par équipe|34.46|393
17|Lai, Evans|13|1998|RHAC|Ontario|2011-11-13|Metro Stores Fall Invitational|34.54|390
18|Dauphin - Laprise, Alexandre|13|1998|CNSF|Québec|2012-08-01|Section 5 EST - Championnat par équipe|34.63|387
19|Isings, Connor|13|1998|BBF|Québec|2012-04-21|Section 2 - Championnat par équipe|34.91|378
20|Khaireddine, Houssem|13|1998|ELITE|Québec|2012-02-25|Championnat provincial AQUAM groupes d'âge|35.01|375
21|Cardeau, Anthony-Hubert|13|1998|CSQ|Québec|2012-04-21|Section 1 - Championnat par équipe|35.15|370
22|Khristoforov, Denis|13|1998|BWSC|Ontario|2012-05-26|Newmarket Stingrays Invitational|35.23|368
23|Graham, James|13|1998|OSC|Alberta|2012-03-09|2012 Speedo Alberta Age Group Championships|35.29|366
24|Lee, Jong Hoon|13|1998|APEX|Ontario|2011-10-16|2011 Hall of Fame Meet|35.32|365
25|Addison, Matthew|13|1998|CBAC|Prince-Edward-Island|2012-03-04|East Coast Short Course Championship|35.46|361
26|Kerr, Skyeler|13|1998|CONNU|British Columbia|2012-01-14|Steamers 16th Annual Invitational|35.49|360
27|Stromberg, Adam|13|1998|FFAST|Ontario|2012-02-03|NWO REGIONAL CHAMPS 2012|35.51|359
28|Wong, Michael|13|1997|CDSC|British Columbia|2011-10-29|2011 VPSC Invitational|35.54|358
29|Lasinski, Samuel|13|1999|KISU|British Columbia|2012-05-04|NWAC Triple Pentathlon Swim Meet|35.55|358
30|Schramm, Justin|13|1998|LOSC|British Columbia|2011-10-29|2011 VPSC Invitational|35.57|357
30|Rezk, Sherief|13|1998|NYAC|Ontario|2011-12-18|Alex Baumann Invitational 2011|35.57|357
32|Mayer, Warren|13|1998|PICK|Ontario|2011-12-11|Team Aquatic Supplies Dash for Cash|35.58|357
33|Wainman, Erik|13|1997|NCA|Ontario|2011-11-25|Nothers Fall Invitational 2011|35.66|355
33|Papangelakis, George|13|1998|DS|Ontario|2011-12-16|Invitation provinciale P1-P2 de Noël 2011|35.66|355
33|Giric, Norbert|13|1998|ESWIM|Ontario|2011-10-16|2011 Hall of Fame Meet|35.66|355
36|Murphy-Després, Adrien|13|1998|UL|Québec|2011-12-03|Défi UL P1-P2 2011|35.67|354
37|Baker, Chris|13|1998|HYACK|British Columbia|2011-10-29|2011 VPSC Invitational|35.75|352
38|Paradis, Vincent|13|1998|MEGO|Québec|2012-01-29|Nouvelle année P1-P2 (25m) sans finales AM|35.78|351
39|Freihammer, Max|13|1998|MANTA|Manitoba|2012-03-17|Man/Sask Short Course Provincial Championships|35.82|350
40|Freund, Kaelan|13|1998|LASC|Alberta|2012-01-15|UCSC Grand Prix|35.88|348
40|Duong, Carlton|13|1997|CDSC|British Columbia|2011-10-29|2011 VPSC Invitational|35.88|348
42|Dehaan, Michael|13|1998|CP|Alberta|2011-12-03|JP Fiset International|35.97|345
43|Pak, Haydn|13|1998|HYACK|British Columbia|2011-10-29|2011 VPSC Invitational|35.99|345
44|Balbuena, Paulo|13|1998|UCSC|Alberta|2012-03-09|2012 Speedo Alberta Age Group Championships|36.00|345
45|Press-Boily, Alexandre|13|1998|NORAC|Ontario|2011-10-22|NORAC 2011 Fall Invitational|36.06|343
45|Ciobanu, Nikita|13|1998|CALAC|Québec|2012-04-28|Section 3 - Championnat par équipe|36.06|343
45|Meng, Eric|13|1998|FAST|New Brunswick|2011-12-17|Invitation BLAST Invitational|36.06|343
48|Smith, Colin|13|1998|SJL|Newfoundland|2011-12-16|Invitation Pointe-Claire Provincial 2 2011|36.09|342
49|Kamaldin, Adam|13|1998|NYAC|Ontario|2011-12-18|Alex Baumann Invitational 2011|36.11|341
49|Sauvageau-Solano, Gabriel|13|1998|LLOU|Québec|2012-05-05|Section 5 OUEST - Championnat par équipe|36.11|341