RANK|ATHLETES|AGE|YOB|CLUB|PROVINCE|DATE|MEET|TIME|FINA
1|Li, Zixuan|13|1998|DS|Ontario|2011-11-06|Bolzano International - Italy|53.49|593
2|Acevedo, Javier|13|1998|AJAX|Ontario|2012-01-21|2012 A-B Meet|55.39|534
3|Salmon, Lucas|13|1998|HTAC|Nova Scotia|2012-03-04|East Coast Short Course Championship|56.09|514
4|Kerr, Skyeler|13|1998|CONNU|British Columbia|2012-03-03|2012 TAS SwimBC SC AAA Championships|56.39|506
5|Calkins, Stephen|13|1998|UCSC|Alberta|2012-03-17|Man/Sask Short Course Provincial Championships|56.40|505
6|Mayer, Warren|13|1998|PICK|Ontario|2012-03-03|2012 SC Junior & PARA Provincials|56.56|501
7|Stromberg, Adam|13|1998|FFAST|Ontario|2012-03-03|2012 SC Junior & PARA Provincials|56.59|500
8|Norg, Aaron|13|1998|WEST|Ontario|2012-01-22|RHAC Winter Invitational|56.61|500
9|Boily-Dufour, Samuel|13|1998|SR|Ontario|2012-08-19|2012 Ontario Summer Games|56.83|494
10|Chatelain-Laflamme, Antoine|13|1998|NG|Québec|2012-02-25|Championnat provincial AQUAM groupes d'âge|57.03|489
11|Baki, Ali|13|1998|OAK|Ontario|2012-03-03|2012 SC Junior & PARA Provincials|57.04|489
12|Mac, Matthew|13|1998|OAK|Ontario|2011-12-02|Youth Cup|57.07|488
13|Cardeau, Anthony-Hubert|13|1998|CSQ|Québec|2012-02-25|Championnat provincial AQUAM groupes d'âge|57.15|486
14|Jun, Joseph|13|1998|NYAC|Ontario|2011-12-04|Youth Cup|57.24|483
15|Meier, Simon|13|1998|MM|Manitoba|2012-03-17|Man/Sask Short Course Provincial Championships|57.38|480
16|Pak, Haydn|13|1998|HYACK|British Columbia|2012-03-03|2012 TAS SwimBC SC AAA Championships|57.53|476
17|Duke, Nicolas|13|1998|CHENA|British Columbia|2012-03-03|2012 TAS SwimBC SC AAA Championships|57.55|476
18|Palaschuk, Brian|13|1998|ROD|Saskatchewan|2011-11-20|AMAC Fall Invitational|57.73|471
18|Mackinnon, Ian|13|1998|GHAC|Ontario|2012-03-03|2012 SC Junior & PARA Provincials|57.73|471
20|Liem, Brett|13|1998|DCSC|Nova Scotia|2012-03-04|East Coast Short Course Championship|57.80|470
21|Young, John|13|1998|DS|Ontario|2011-11-06|Bolzano International - Italy|58.02|464
22|Lau, Stuart|13|1998|EKSC|Alberta|2012-02-17|2012 Speedo Western Canadian Championships|58.05|463
23|Pan, Spencer|13|1998|UCSC|Alberta|2012-03-09|2012 Speedo Alberta Age Group Championships|58.07|463
24|Ferland, Nic|13|1998|NKB|Ontario|2012-03-03|2012 SC Junior & PARA Provincials|58.10|462
25|Min, Michael|13|1997|APEX|Ontario|2011-10-16|2011 Hall of Fame Meet|58.14|461
26|Tomic, Luka|13|1998|OAK|Ontario|2012-03-03|2012 SC Junior & PARA Provincials|58.16|461
27|Gilbert, Colin|13|1998|KCS|British Columbia|2012-03-03|2012 TAS SwimBC SC AAA Championships|58.19|460
28|Maina, Kimani|13|1997|OSC|Alberta|2011-10-28|Kenya National Age Group Championships|58.44|454
29|Villalobos, Rodrigo|13|1998|ESWIM|Ontario|2011-12-04|Youth Cup|58.57|451
30|Pispidikis, Ted|13|1997|DUCKS|Ontario|2011-12-04|Youth Cup|58.62|450
31|Lee, Jong Hoon|13|1998|APEX|Ontario|2012-01-21|2012 A-B Meet|58.71|448
32|Lai, Evans|13|1998|RHAC|Ontario|2012-03-04|2012 SC Junior & PARA Provincials|58.72|448
33|Atkinson, Joseph|13|1998|NYAC|Ontario|2012-03-03|2012 SC Junior & PARA Provincials|58.75|447
34|Schramm, Justin|13|1998|LOSC|British Columbia|2011-12-10|2011 PCS Xmas Cracker Invitational|58.79|446
35|Dapat, Eman|13|1998|VPSC|British Columbia|2012-03-03|2012 TAS SwimBC SC AAA Championships|58.84|445
36|Cholette, Vincent|13|1998|SAMAK|Québec|2011-11-12|Open Sprint Samak 2011 (P1-P2)|58.95|443
37|Dundas, Tom|13|1998|CP|Alberta|2012-06-24|Team Champs|59.05|440
38|Kmyta, Lee|13|1998|KLAC|Ontario|2012-04-22|Division 2 Team Championships|59.08|440
39|Katelnikoff, Justin|13|1998|CASC|Alberta|2012-03-09|2012 Speedo Alberta Age Group Championships|59.09|439
40|Deneault, Ethan|13|1998|TORCH|Ontario|2012-03-03|2012 SC Junior & PARA Provincials|59.19|437
41|Heather, Marcel|13|1998|ROW|Ontario|2012-03-03|2012 SC Junior & PARA Provincials|59.29|435
42|Tong, Ryan|13|1998|NYAC|Ontario|2012-03-03|2012 SC Junior & PARA Provincials|59.30|435
43|Eby, Jacob|13|1998|KBM|Ontario|2012-03-03|2012 SC Junior & PARA Provincials|59.39|433
44|Baker, Chris|13|1998|HYACK|British Columbia|2012-03-03|2012 TAS SwimBC SC AAA Championships|59.40|433
45|Horeth, August|13|1998|TYEE|British Columbia|2012-03-03|2012 TAS SwimBC SC AAA Championships|59.45|431
46|Laing, Eric|13|1998|TRENT|Ontario|2012-03-03|2012 SC Junior & PARA Provincials|59.52|430
47|Cusimano, Sam|13|1998|GGST|Ontario|2012-04-22|Division 1 Team Champs|59.53|430
48|Fung, Brandon|13|1998|LSC|Ontario|2012-04-22|Division 1 Team Champs|59.57|429
49|Mccabe, Cameron|13|1998|MSSAC|Ontario|2012-03-03|2012 SC Junior & PARA Provincials|59.61|428
49|Henger, Benjamin|13|1998|WTSC|Nova Scotia|2012-01-14|Acadia Senior Meet 2012|59.61|428