RANK|ATHLETES|AGE|YOB|CLUB|PROVINCE|DATE|MEET|TIME|FINA
1|Mac, Matthew|13|1998|OAK|Ontario|2011-12-04|Youth Cup|2:13.37|503
2|Jones, Bryce|13|1998|KSS|Ontario|2011-12-04|Prairie Winter International|2:15.12|484
3|Li, Zixuan|13|1998|DS|Ontario|2011-12-16|Invitation provinciale P1-P2 de Noël 2011|2:15.34|481
4|Veregin, Liam|13|1998|GO|Ontario|2012-03-04|2012 SC Junior & PARA Provincials|2:15.88|476
5|Acevedo, Javier|13|1998|AJAX|Ontario|2011-12-17|Invitation Pointe-Claire Provincial 2 2011|2:16.49|469
6|Tomic, Luka|13|1998|OAK|Ontario|2012-03-04|2012 SC Junior & PARA Provincials|2:17.65|458
7|Duke, Nicolas|13|1998|CHENA|British Columbia|2012-03-04|2012 TAS SwimBC SC AAA Championships|2:17.75|457
8|Zhang, Mike|13|1998|RAPID|British Columbia|2011-12-10|2011 PCS Xmas Cracker Invitational|2:18.60|448
9|Henger, Benjamin|13|1998|WTSC|Nova Scotia|2011-12-09|Nova Scotia Team Champs|2:18.87|446
10|Young, John|13|1998|DS|Ontario|2011-12-16|Invitation provinciale P1-P2 de Noël 2011|2:19.24|442
11|Norg, Aaron|13|1998|WEST|Ontario|2011-12-10|Team Aquatic Supplies Dash for Cash|2:19.64|438
12|Assameur, Yassine|13|1998|SAMAK|Québec|2012-02-26|Championnat provincial AQUAM groupes d'âge|2:20.03|435
13|Chatelain-Laflamme, Antoine|13|1998|NG|Québec|2012-02-26|Championnat provincial AQUAM groupes d'âge|2:20.06|434
14|Schaffler, Maximilian|13|1998|RAPID|British Columbia|2012-03-04|2012 TAS SwimBC SC AAA Championships|2:20.24|433
15|Boily-Dufour, Samuel|13|1998|SR|Ontario|2012-08-18|2012 Ontario Summer Games|2:20.35|432
16|Neufeld, Ben|13|1999|COMOX|British Columbia|2012-07-20|BC Summer Games|2:20.68|429
16|Laing, Eric|13|1998|TRENT|Ontario|2012-03-04|2012 SC Junior & PARA Provincials|2:20.68|429
18|Dapat, Eman|13|1998|VPSC|British Columbia|2012-03-04|2012 TAS SwimBC SC AAA Championships|2:21.21|424
19|Pak, Haydn|13|1998|HYACK|British Columbia|2012-03-04|2012 TAS SwimBC SC AAA Championships|2:21.27|423
20|Kamminga, Frederik|13|1998|OSC|Alberta|2012-03-10|2012 Speedo Alberta Age Group Championships|2:21.76|419
21|Zakala, Josh|13|1998|KAJ|British Columbia|2012-03-04|2012 TAS SwimBC SC AAA Championships|2:21.85|418
22|Gibson, Connor|13|1997|BRANT|Ontario|2011-11-12|Swim International|2:21.89|418
23|Li, Terry|13|1998|MSSAC|Ontario|2012-03-04|2012 SC Junior & PARA Provincials|2:22.00|417
24|Iliouchetchev, Anthony|13|1997|MM|Manitoba|2011-10-30|Celebrate Swimming Invitational 2011|2:22.18|415
25|Law, Clement|13|1998|RHAC|Ontario|2012-02-12|2012 Central Region SC Champs|2:22.47|413
26|Guo, Aaron|13|1998|MAC|Ontario|2012-03-04|2012 SC Junior & PARA Provincials|2:22.96|408
27|Roberton, Kevin|13|1998|WS|Ontario|2012-03-04|2012 SC Junior & PARA Provincials|2:22.98|408
28|Robinson, Tanner|13|1997|BRANT|Ontario|2011-11-12|Swim International|2:23.06|408
29|Lozano, Omar|13|1998|OAK|Ontario|2012-03-04|2012 SC Junior & PARA Provincials|2:23.21|406
30|Swinton, Nathan|13|1998|STSC|Alberta|2012-03-10|2012 Speedo Alberta Age Group Championships|2:23.29|406
31|Harrison, Ethan|13|1999|AJAX|Ontario|2012-03-04|2012 SC Junior & PARA Provincials|2:23.31|405
32|Meier, Simon|13|1998|MM|Manitoba|2012-01-21|New Year's Invitational|2:23.33|405
33|Thomson, Timothy|13|1998|CASC|Alberta|2011-12-17|Invitation Pointe-Claire Provincial 2 2011|2:23.46|404
34|Duanshi, Steven Tian Run|13|1998|WSC|British Columbia|2011-12-04|FastSwim Classic|2:23.63|403
35|Fortier-Morisset, Louis|13|1998|STEFOY|Québec|2012-02-26|Championnat provincial AQUAM groupes d'âge|2:23.77|402
36|Day, Jared|13|1998|CAO|Québec|2011-12-17|Invitation de Noël P1-P2|2:23.99|400
37|Ha, Eun Soo|13|1998|RHAC|Ontario|2012-03-04|2012 SC Junior & PARA Provincials|2:24.13|399
38|Lau, Stuart|13|1998|EKSC|Alberta|2012-01-14|Blue Bears|2:24.18|398
39|Breton, Jean-Christophe|13|1997|REG|Québec|2011-10-28|Coupe d'automne (P1-P2)|2:24.20|398
40|Morin, Raphael|13|1998|TORP|Québec|2012-05-26|Finale régionale des Jeux du Québec - Laurentides|2:24.49|396
40|Lasinski, Samuel|13|1999|KISU|British Columbia|2012-07-20|BC Summer Games|2:24.49|396
42|Maina, Kimani|13|1997|OSC|Alberta|2011-10-28|Kenya National Age Group Championships|2:24.78|393
43|Bidrman, Oliver|13|1998|UCSC|Alberta|2012-03-10|2012 Speedo Alberta Age Group Championships|2:24.93|392
44|Love, Scott|13|1998|OAK|Ontario|2012-03-04|2012 SC Junior & PARA Provincials|2:25.19|390
44|Dubord, Marshal|13|1998|PPO|Québec|2012-01-28|Nouvelle année P1-P2 (25m) sans finales AM|2:25.19|390
46|Selmanovic, Din|13|1998|MSSAC|Ontario|2012-02-19|20th Annual BDO Challenge|2:25.33|389
47|Wist, Kade|13|1998|CASC|Alberta|2012-03-10|2012 Speedo Alberta Age Group Championships|2:25.34|389
48|Freund, Kaelan|13|1998|LASC|Alberta|2012-03-10|2012 Speedo Alberta Age Group Championships|2:25.35|389
49|Puelles, Gerson|13|1998|CASO|Québec|2012-05-05|Section 4 - Championnat par équipe|2:25.62|386
50|Sljuka, Vincenzo|13|1998|LASC|Alberta|2011-12-10|2011 PCS Xmas Cracker Invitational|2:25.67|386