RANK|ATHLETES|AGE|YOB|CLUB|PROVINCE|DATE|MEET|TIME|FINA
1|Mac, Matthew|13|1998|OAK|Ontario|2011-12-03|Youth Cup|1:01.48|504
2|Jones, Bryce|13|1998|KSS|Ontario|2011-12-02|Prairie Winter International|1:01.93|493
3|Boily-Dufour, Samuel|13|1998|SR|Ontario|2012-08-19|2012 Ontario Summer Games|1:02.15|488
4|Love, Scott|13|1998|OAK|Ontario|2012-03-01|2012 SC Junior & PARA Provincials|1:03.05|467
5|Acevedo, Javier|13|1998|AJAX|Ontario|2011-12-02|Youth Cup|1:03.29|462
6|Henger, Benjamin|13|1998|WTSC|Nova Scotia|2012-01-14|Acadia Senior Meet 2012|1:03.30|462
6|Norg, Aaron|13|1998|WEST|Ontario|2012-01-21|RHAC Winter Invitational|1:03.30|462
8|Li, Zixuan|13|1998|DS|Ontario|2011-11-06|Bolzano International - Italy|1:03.40|459
9|Tomic, Luka|13|1998|OAK|Ontario|2012-03-03|2012 SC Junior & PARA Provincials|1:03.60|455
10|Veregin, Liam|13|1998|GO|Ontario|2012-03-01|2012 SC Junior & PARA Provincials|1:04.09|445
11|Herron, Tyler|13|1997|NORAC|Ontario|2012-03-07|OFSAA 2012 Swim Championship|1:04.34|440
12|Gilbert, Colin|13|1998|KCS|British Columbia|2012-03-02|2012 TAS SwimBC SC AAA Championships|1:04.50|436
13|Duke, Nicolas|13|1998|CHENA|British Columbia|2012-03-02|2012 TAS SwimBC SC AAA Championships|1:04.54|436
14|Zhang, Mike|13|1998|RAPID|British Columbia|2011-12-02|FastSwim Classic|1:04.76|431
15|Iliouchetchev, Anthony|13|1997|MM|Manitoba|2011-10-29|Celebrate Swimming Invitational 2011|1:04.86|429
16|Schaffler, Maximilian|13|1998|RAPID|British Columbia|2012-03-02|2012 TAS SwimBC SC AAA Championships|1:05.38|419
17|Pak, Haydn|13|1998|HYACK|British Columbia|2011-10-30|2011 VPSC Invitational|1:05.48|417
17|Law, Clement|13|1998|RHAC|Ontario|2012-02-11|2012 Central Region SC Champs|1:05.48|417
19|Roberton, Kevin|13|1998|WS|Ontario|2012-03-01|2012 SC Junior & PARA Provincials|1:05.51|416
20|Min, Michael|13|1997|APEX|Ontario|2011-10-16|2011 Hall of Fame Meet|1:05.64|414
21|Li, Terry|13|1998|MSSAC|Ontario|2012-03-01|2012 SC Junior & PARA Provincials|1:05.78|411
22|Kerr, Skyeler|13|1998|CONNU|British Columbia|2012-03-02|2012 TAS SwimBC SC AAA Championships|1:05.86|410
23|Meier, Simon|13|1998|MM|Manitoba|2012-03-16|Man/Sask Short Course Provincial Championships|1:05.97|408
24|Duanshi, Steven Tian Run|13|1998|WSC|British Columbia|2011-12-02|FastSwim Classic|1:06.07|406
25|Harrison, Ethan|13|1999|AJAX|Ontario|2012-03-01|2012 SC Junior & PARA Provincials|1:06.13|405
26|Mathieson, Craig|13|1998|LLSC|British Columbia|2012-03-02|2012 TAS SwimBC SC AAA Championships|1:06.20|404
27|Mackinnon, Ian|13|1998|GHAC|Ontario|2012-03-01|2012 SC Junior & PARA Provincials|1:06.33|401
28|Kamminga, Frederik|13|1998|OSC|Alberta|2012-03-09|2012 Speedo Alberta Age Group Championships|1:06.41|400
29|Heather, Marcel|13|1998|ROW|Ontario|2012-03-01|2012 SC Junior & PARA Provincials|1:06.50|398
30|Lasinski, Samuel|13|1999|KISU|British Columbia|2012-07-21|BC Summer Games|1:06.58|397
31|Deneault, Ethan|13|1998|TORCH|Ontario|2011-12-02|Youth Cup|1:06.62|396
32|Fortier-Morisset, Louis|13|1998|STEFOY|Québec|2012-02-25|Championnat provincial AQUAM groupes d'âge|1:06.71|394
33|Young, John|13|1998|DS|Ontario|2011-10-16|2011 Hall of Fame Meet|1:06.74|394
33|Ha, Eun Soo|13|1998|RHAC|Ontario|2012-03-01|2012 SC Junior & PARA Provincials|1:06.74|394
33|Dapat, Eman|13|1998|VPSC|British Columbia|2012-03-02|2012 TAS SwimBC SC AAA Championships|1:06.74|394
36|Voudouris, Matthew|13|1997|NYAC|Ontario|2011-12-03|Youth Cup|1:06.83|392
37|Lacsamana, Jason|13|1997|MMST|Ontario|2012-03-07|OFSAA 2012 Swim Championship|1:06.84|392
38|Paré, Mikael|13|1998|ETM|Québec|2012-02-25|Championnat provincial AQUAM groupes d'âge|1:06.90|391
38|Laing, Eric|13|1998|TRENT|Ontario|2012-02-05|Huronia Region Short Course Regionals|1:06.90|391
40|Guo, Aaron|13|1998|MAC|Ontario|2012-03-01|2012 SC Junior & PARA Provincials|1:06.97|390
41|Assameur, Yassine|13|1998|SAMAK|Québec|2012-02-25|Championnat provincial AQUAM groupes d'âge|1:07.00|389
42|Freund, Kaelan|13|1998|LASC|Alberta|2012-03-09|2012 Speedo Alberta Age Group Championships|1:07.28|384
43|Morin, Raphael|13|1998|TORP|Québec|2012-02-25|Championnat provincial AQUAM groupes d'âge|1:07.37|383
44|Calkins, Stephen|13|1998|UCSC|Alberta|2012-03-16|Man/Sask Short Course Provincial Championships|1:07.40|382
45|Zakala, Josh|13|1998|KAJ|British Columbia|2012-01-21|KAJ SnowFest Meet|1:07.43|382
46|Lozano, Omar|13|1998|OAK|Ontario|2012-03-01|2012 SC Junior & PARA Provincials|1:07.51|380
47|Gibson, Connor|13|1997|BRANT|Ontario|2011-11-13|Swim International|1:07.86|375
48|Brown, Mac|13|1998|VPSC|British Columbia|2012-03-01|2012 TAS SwimBC SC AAA Championships|1:07.87|374
49|Thomson, Timothy|13|1998|CASC|Alberta|2012-03-09|2012 Speedo Alberta Age Group Championships|1:07.88|374
50|Read, Jonah|13|1997|CW|Ontario|2012-03-07|OFSAA 2012 Swim Championship|1:07.97|373