RANK|ATHLETES|AGE|YOB|CLUB|PROVINCE|DATE|MEET|TIME|FINA
1|Schramm, Justin|13|1998|LOSC|British Columbia|2012-01-22|CDSC New Years Invitational|2:14.30|536
2|Dubord, Marshal|13|1998|PPO|Québec|2011-12-16|Invitation Pointe-Claire Provincial 2 2011|2:15.92|517
3|Baker, Chris|13|1998|HYACK|British Columbia|2012-03-04|2012 TAS SwimBC SC AAA Championships|2:16.13|514
4|Telford, Ryan|13|1998|NKB|Ontario|2012-08-17|2012 Ontario Summer Games|2:16.47|511
5|Duke, Nicolas|13|1998|CHENA|British Columbia|2012-03-04|2012 TAS SwimBC SC AAA Championships|2:16.93|505
6|Lau, Stuart|13|1998|EKSC|Alberta|2012-03-09|2012 Speedo Alberta Age Group Championships|2:17.34|501
7|Paulins, Sebastian|13|1998|BRANT|Ontario|2012-03-03|2012 SC Junior & PARA Provincials|2:17.62|498
8|Mac, Matthew|13|1998|OAK|Ontario|2011-12-03|Youth Cup|2:18.40|489
9|Goin, Emil|13|1999|DDO|Québec|2012-04-20|Section 2 - Championnat par équipe|2:18.75|486
10|Lee, Jong Hoon|13|1998|APEX|Ontario|2012-03-03|2012 SC Junior & PARA Provincials|2:18.98|483
11|Harrison, Ethan|13|1999|AJAX|Ontario|2012-03-03|2012 SC Junior & PARA Provincials|2:19.47|478
12|Li, Zixuan|13|1998|DS|Ontario|2012-06-09|DS June 2012 Time Trials|2:19.74|476
13|Pan, Spencer|13|1998|UCSC|Alberta|2012-01-27|2012 Speedo Alberta Provincial Championships SC|2:19.84|475
14|Gilbert, Colin|13|1998|KCS|British Columbia|2011-12-09|KCS MJB Law Ice Classic|2:20.42|469
15|How, Alfie|13|1998|NEW|Ontario|2012-03-03|2012 SC Junior & PARA Provincials|2:20.89|464
16|Henger, Benjamin|13|1998|WTSC|Nova Scotia|2011-12-11|Nova Scotia Team Champs|2:21.68|456
17|Ahmad, Abdullah|13|1998|ESWIM|Ontario|2012-03-03|2012 SC Junior & PARA Provincials|2:21.86|455
18|Paradis, Vincent|13|1998|MEGO|Québec|2012-04-20|Section 2 - Championnat par équipe|2:21.97|453
19|Guest, Patrick|13|1998|PCSC|Québec|2011-12-16|Invitation Pointe-Claire Provincial 2 2011|2:22.77|446
20|Somers, Colm|13|1998|HWAC|Nova Scotia|2011-12-11|Nova Scotia Team Champs|2:23.25|441
21|Wist, Kade|13|1998|CASC|Alberta|2012-03-09|2012 Speedo Alberta Age Group Championships|2:23.30|441
22|Sljuka, Vincenzo|13|1998|LASC|Alberta|2011-12-10|2011 PCS Xmas Cracker Invitational|2:23.60|438
23|Korpan, Jacob|13|1998|ROD|Saskatchewan|2012-03-17|Man/Sask Short Course Provincial Championships|2:25.84|418
24|Oliver, Nicholas|13|1998|NEW|Ontario|2012-03-03|2012 SC Junior & PARA Provincials|2:25.87|418
25|Li, Yi Wen|13|1997|PCSC|Québec|2011-12-03|11e INVITATION P1 & P2 avec Finales A & B|2:25.89|418
26|Fournier, Maxime|13|1999|RED|Québec|2012-07-31|Finale provinciale des Jeux du Québec 2012|2:25.95|417
27|Choi, Derek|13|1999|APEX|Ontario|2012-08-17|2012 Ontario Summer Games|2:27.24|406
28|Guo, Aaron|13|1998|MAC|Ontario|2012-03-03|2012 SC Junior & PARA Provincials|2:27.55|404
29|Beaumont-Valdés, François-Xavier|13|1997|CSQ|Québec|2011-12-03|11e INVITATION P1 & P2 avec Finales A & B|2:27.59|404
30|Nguyen, Andrew|13|1998|MSSAC|Ontario|2012-03-03|2012 SC Junior & PARA Provincials|2:27.85|401
31|Gilchrist, Alexander|13|1998|AJAX|Ontario|2012-03-03|2012 SC Junior & PARA Provincials|2:27.88|401
32|Waterous, Kieran|13|1998|KCS|British Columbia|2012-07-20|BC Summer Games|2:27.98|400
33|Lashley, Tariq|13|1998|MMST|Ontario|2012-03-03|2012 SC Junior & PARA Provincials|2:28.70|395
34|Pak, Haydn|13|1998|HYACK|British Columbia|2012-01-14|Hyack Icebreaker Classic 2012|2:28.84|393
35|Bélanger, Édouard|13|1998|CSQ|Québec|2012-04-20|Section 1 - Championnat par équipe|2:29.10|391
36|Crawford, Brandon|13|1997|RAPID|British Columbia|2011-12-04|FastSwim Classic|2:29.54|388
37|Kerr, Skyeler|13|1998|CONNU|British Columbia|2011-10-30|Fort St. John Inconnu Swim Meet|2:29.63|387
38|Burns, Mark|13|1999|AJAX|Ontario|2012-03-03|2012 SC Junior & PARA Provincials|2:29.76|386
39|Voudouris, Matthew|13|1997|NYAC|Ontario|2011-12-03|Youth Cup|2:29.89|385
40|Ha, Eun Soo|13|1998|RHAC|Ontario|2012-03-03|2012 SC Junior & PARA Provincials|2:29.92|385
41|Wadden, Bryan|13|1998|CBSB|Newfoundland|2012-03-18|SHORT COURSE CHAMPIONSHIPS|2:29.95|385
42|Hildebrand, Walker|13|1999|MANTA|Manitoba|2012-03-17|Man/Sask Short Course Provincial Championships|2:29.96|385
43|Ouyang, Leon|13|1998|WEST|Ontario|2012-04-21|Division 1 Team Champs|2:29.97|385
44|Lai, Evans|13|1998|RHAC|Ontario|2011-11-12|Metro Stores Fall Invitational|2:30.47|381
45|Bilodeau-Chagnon, Félix|13|1999|ELITE|Québec|2012-01-29|Nouvelle année P1-P2 (25m) sans finales AM|2:30.48|381
46|Szentmiklossy, Adrian|13|1999|||2012-07-28|Alberta Summer Games|2:30.71|379
47|Hollands, John|13|1998|HST|British Columbia|2012-03-04|2012 TAS SwimBC SC AAA Championships|2:30.90|378
48|Papangelakis, Panagiotis|13|1998|DS|Ontario|2012-06-09|DS June 2012 Time Trials|2:31.19|375
49|Desjardins-Labelle, Samuel|13|1998|NG|Québec|2012-02-25|Championnat provincial AQUAM groupes d'âge|2:31.21|375
50|Morley, William|13|1998|TSC|Ontario|2011-12-18|Invitation provinciale P1-P2 de Noël 2011|2:31.23|375