RANK|ATHLETES|AGE|YOB|CLUB|PROVINCE|DATE|MEET|TIME|FINA
1|Gauvreau, Xavier|13|1998|CAO|Québec|2012-02-24|Championnat provincial AQUAM groupes d'âge|2:28.88|532
2|Duan, Harry Ting Hui|13|1998|WSC|British Columbia|2012-03-03|2012 TAS SwimBC SC AAA Championships|2:29.06|530
3|Meier, Simon|13|1998|MM|Manitoba|2012-03-16|Man/Sask Short Course Provincial Championships|2:30.06|519
4|Telford, Ryan|13|1998|NKB|Ontario|2012-08-19|2012 Ontario Summer Games|2:30.76|512
5|Young, John|13|1998|DS|Ontario|2011-12-17|Invitation provinciale P1-P2 de Noël 2011|2:30.81|512
6|Lau, Stuart|13|1998|EKSC|Alberta|2011-12-04|JP Fiset International|2:32.25|497
7|Dubord, Marshal|13|1998|PPO|Québec|2011-12-17|Invitation Pointe-Claire Provincial 2 2011|2:32.35|496
8|Lai, Evans|13|1998|RHAC|Ontario|2012-03-01|2012 SC Junior & PARA Provincials|2:32.36|496
9|Feng, Li Bob|13|1998|PCSC|Québec|2012-02-24|Championnat provincial AQUAM groupes d'âge|2:32.92|491
10|Cusimano, Sam|13|1998|GGST|Ontario|2012-03-01|2012 SC Junior & PARA Provincials|2:33.07|489
11|Somers, Colm|13|1998|HWAC|Nova Scotia|2012-03-02|East Coast Short Course Championship|2:34.05|480
12|Selmanovic, Din|13|1998|MSSAC|Ontario|2012-04-22|Division 1 Team Champs|2:34.66|474
13|Mayer, Warren|13|1998|PICK|Ontario|2012-03-01|2012 SC Junior & PARA Provincials|2:36.26|460
14|Ackermann, Carel|13|1997|KCS|British Columbia|2011-12-09|KCS MJB Law Ice Classic|2:37.82|447
15|Bertrand, Kevin|13|1999|PCSC|Québec|2012-02-24|Championnat provincial AQUAM groupes d'âge|2:38.52|441
16|Bidrman, Oliver|13|1998|UCSC|Alberta|2011-12-09|KCS MJB Law Ice Classic|2:39.56|432
17|Goodwin, Mackenzie|13|1998|CW|Ontario|2012-03-01|2012 SC Junior & PARA Provincials|2:39.93|429
18|Farmer, Gregory|13|1997|EKSC|Alberta|2011-12-04|JP Fiset International|2:40.10|428
19|Korpan, Jacob|13|1998|ROD|Saskatchewan|2012-03-16|Man/Sask Short Course Provincial Championships|2:40.36|426
20|Lee, Jong Hoon|13|1998|APEX|Ontario|2011-12-10|PICK Lisa Flood Christmas Classic 2011|2:40.57|424
21|Jones, Bryce|13|1998|KSS|Ontario|2011-12-03|Prairie Winter International|2:41.04|420
22|Lasinski, Samuel|13|1999|KISU|British Columbia|2012-07-21|BC Summer Games|2:41.21|419
23|Wang, Paul Zhaoxun|13|1998|WSC|British Columbia|2011-12-03|FastSwim Classic|2:41.26|419
24|Zakala, Josh|13|1998|KAJ|British Columbia|2012-03-03|2012 TAS SwimBC SC AAA Championships|2:41.70|415
25|Freund, Kaelan|13|1998|LASC|Alberta|2012-03-11|2012 Speedo Alberta Age Group Championships|2:42.17|411
26|Pak, Haydn|13|1998|HYACK|British Columbia|2012-01-15|Hyack Icebreaker Classic 2012|2:42.58|408
27|Whitla, Nicholas|13|1998|NEW|Ontario|2012-03-01|2012 SC Junior & PARA Provincials|2:42.90|406
28|Bernard, Derek|13|1998|EPMJ|Québec|2012-02-24|Championnat provincial AQUAM groupes d'âge|2:43.00|405
29|Mathieson, Craig|13|1998|LLSC|British Columbia|2012-03-03|2012 TAS SwimBC SC AAA Championships|2:43.11|404
30|Schramm, Justin|13|1998|LOSC|British Columbia|2012-01-15|Hyack Icebreaker Classic 2012|2:43.14|404
31|Choi, Jesper|13|1998|APEX|Ontario|2011-11-06|2011 Harvest Invitational|2:43.24|403
32|Kamaldin, Adam|13|1998|NYAC|Ontario|2012-03-01|2012 SC Junior & PARA Provincials|2:44.16|397
33|Li, Yi Wen|13|1997|PCSC|Québec|2011-12-04|11e INVITATION P1 & P2 avec Finales A & B|2:44.20|396
34|Isings, Connor|13|1998|BBF|Québec|2012-02-24|Championnat provincial AQUAM groupes d'âge|2:44.36|395
35|Beaumont-Valdés, François-Xavier|13|1997|CSQ|Québec|2011-12-04|11e INVITATION P1 & P2 avec Finales A & B|2:44.80|392
36|Ha, Eun Soo|13|1998|RHAC|Ontario|2012-03-01|2012 SC Junior & PARA Provincials|2:44.92|391
37|Khaireddine, Houssem|13|1998|ELITE|Québec|2011-12-16|Invitation de Noël P1-P2|2:44.99|391
38|Wist, Kade|13|1998|CASC|Alberta|2012-03-11|2012 Speedo Alberta Age Group Championships|2:45.15|390
39|McKiel, Branden|13|1998|CVAC|New Brunswick|2012-03-02|East Coast Short Course Championship|2:45.32|388
40|Di Fiore, Thomas|13|1997|PCSC|Québec|2011-10-30|Invitation provinciale Halloween P1-P2, 2011|2:45.44|388
41|Joanis, Devon|13|1998|HYACK|British Columbia|2012-03-03|2012 TAS SwimBC SC AAA Championships|2:45.67|386
42|Kamminga, Frederik|13|1998|OSC|Alberta|2011-12-11|2011 PCS Xmas Cracker Invitational|2:45.69|386
43|Papangelakis, George|13|1998|DS|Ontario|2011-12-17|Invitation provinciale P1-P2 de Noël 2011|2:46.00|384
44|Szabo, Marcus|13|1998|CHENA|British Columbia|2012-07-21|BC Summer Games|2:46.02|383
45|Lashley, Tariq|13|1998|MMST|Ontario|2012-03-01|2012 SC Junior & PARA Provincials|2:46.34|381
46|Timbro-leclaire, Mathieu|13|1998|PCSC|Québec|2012-02-24|Championnat provincial AQUAM groupes d'âge|2:46.48|380
47|Giric, Norbert|13|1998|ESWIM|Ontario|2011-12-02|Youth Cup|2:46.53|380
48|Gilchrist, Alexander|13|1998|AJAX|Ontario|2011-12-17|Invitation Pointe-Claire Provincial 2 2011|2:47.12|376
49|Quosai, Willem|13|1997|GMAC|Ontario|2011-11-12|Swim International|2:47.30|375
50|Morley, William|13|1998|TSC|Ontario|2012-01-21|25th Annual Oakville Invitational|2:47.44|374