RANK|ATHLETES|AGE|YOB|CLUB|PROVINCE|DATE|MEET|TIME|FINA
1|Li, Zixuan|13|1998|DS|Ontario|2011-12-16|Invitation provinciale P1-P2 de Noël 2011|1:57.24|608
2|Lee, Jong Hoon|13|1998|APEX|Ontario|2012-03-02|2012 SC Junior & PARA Provincials|2:01.11|552
3|Dubord, Marshal|13|1998|PPO|Québec|2011-12-18|Invitation Pointe-Claire Provincial 2 2011|2:01.30|549
4|Palaschuk, Brian|13|1998|ROD|Saskatchewan|2011-12-18|Invitation de Noël P1-P2|2:01.46|547
5|Acevedo, Javier|13|1998|AJAX|Ontario|2011-12-18|Invitation Pointe-Claire Provincial 2 2011|2:02.11|538
6|Mayer, Warren|13|1998|PICK|Ontario|2012-03-02|2012 SC Junior & PARA Provincials|2:02.51|533
7|Schramm, Justin|13|1998|LOSC|British Columbia|2011-12-09|2011 PCS Xmas Cracker Invitational|2:02.64|531
8|Duke, Nicolas|13|1998|CHENA|British Columbia|2012-03-02|2012 TAS SwimBC SC AAA Championships|2:02.96|527
9|Pak, Haydn|13|1998|HYACK|British Columbia|2012-03-02|2012 TAS SwimBC SC AAA Championships|2:02.99|527
10|Chatelain-Laflamme, Antoine|13|1998|NG|Québec|2012-02-26|Championnat provincial AQUAM groupes d'âge|2:03.36|522
11|Muizelaar, Mitchell|13|1997|MSSAC|Ontario|2012-03-06|OFSAA 2012 Swim Championship|2:03.82|516
12|Mac, Matthew|13|1998|OAK|Ontario|2011-11-11|Swim International|2:03.96|515
13|Somers, Colm|13|1998|HWAC|Nova Scotia|2012-03-03|East Coast Short Course Championship|2:04.41|509
14|Mackinnon, Ian|13|1998|GHAC|Ontario|2012-03-02|2012 SC Junior & PARA Provincials|2:04.85|504
15|Baki, Ali|13|1998|OAK|Ontario|2012-03-02|2012 SC Junior & PARA Provincials|2:05.00|502
16|Ahmad, Abdullah|13|1998|ESWIM|Ontario|2012-03-02|2012 SC Junior & PARA Provincials|2:05.24|499
17|Lau, Stuart|13|1998|EKSC|Alberta|2011-10-29|Saskatoon Goldfins Invitational|2:05.31|498
18|Young, John|13|1998|DS|Ontario|2011-12-16|Invitation provinciale P1-P2 de Noël 2011|2:05.34|498
19|Trudeau, Alexander|13|1997|MSSAC|Ontario|2012-03-06|OFSAA 2012 Swim Championship|2:05.38|497
20|Meier, Simon|13|1998|MM|Manitoba|2012-03-18|Man/Sask Short Course Provincial Championships|2:05.51|496
21|Gilbert, Colin|13|1998|KCS|British Columbia|2012-03-02|2012 TAS SwimBC SC AAA Championships|2:05.52|496
22|Boily-Dufour, Samuel|13|1998|SR|Ontario|2012-08-18|2012 Ontario Summer Games|2:05.53|496
23|How, Alfie|13|1998|NEW|Ontario|2012-03-02|2012 SC Junior & PARA Provincials|2:06.15|488
24|Paradis, Vincent|13|1998|MEGO|Québec|2012-02-26|Championnat provincial AQUAM groupes d'âge|2:06.39|485
25|Lai, Evans|13|1998|RHAC|Ontario|2011-10-21|Rhac fall Classic|2:06.78|481
26|Cardeau, Anthony-Hubert|13|1998|CSQ|Québec|2012-04-21|Section 1 - Championnat par équipe|2:06.83|480
27|Paulins, Sebastian|13|1998|BRANT|Ontario|2011-12-02|Youth Cup|2:06.87|480
28|Salmon, Lucas|13|1998|HTAC|Nova Scotia|2012-03-03|East Coast Short Course Championship|2:07.14|477
29|Cholette, Vincent|13|1998|SAMAK|Québec|2011-12-03|11e INVITATION P1 & P2 avec Finales A & B|2:07.16|477
30|Kerr, Skyeler|13|1998|CONNU|British Columbia|2011-12-02|JP Fiset International|2:07.34|475
31|Min, Michael|13|1997|APEX|Ontario|2011-10-16|2011 Hall of Fame Meet|2:07.40|474
32|Ackermann, Carel|13|1997|KCS|British Columbia|2011-12-11|KCS MJB Law Ice Classic|2:07.53|473
33|Zakala, Josh|13|1998|KAJ|British Columbia|2012-03-02|2012 TAS SwimBC SC AAA Championships|2:07.68|471
34|Pan, Spencer|13|1998|UCSC|Alberta|2011-12-11|KCS MJB Law Ice Classic|2:07.72|470
35|Norg, Aaron|13|1998|WEST|Ontario|2012-01-21|RHAC Winter Invitational|2:07.74|470
36|Selezen, Matvei|13|1997|ESWIM|Ontario|2011-11-11|Swim International|2:07.77|470
37|Katelnikoff, Justin|13|1998|CASC|Alberta|2011-12-18|Invitation Pointe-Claire Provincial 2 2011|2:08.02|467
37|Villalobos, Rodrigo|13|1998|ESWIM|Ontario|2011-12-04|Youth Cup|2:08.02|467
39|Telford, Ryan|13|1998|NKB|Ontario|2012-04-21|Division 1 Team Champs|2:08.08|467
40|Morin, Raphael|13|1998|TORP|Québec|2012-05-26|Finale régionale des Jeux du Québec - Laurentides|2:08.23|465
41|Selmanovic, Din|13|1998|MSSAC|Ontario|2012-03-02|2012 SC Junior & PARA Provincials|2:08.28|464
42|Gauvreau, Xavier|13|1998|CAO|Québec|2011-12-18|Invitation de Noël P1-P2|2:08.62|461
43|Jones, Bryce|13|1998|KSS|Ontario|2011-12-02|Prairie Winter International|2:08.68|460
44|Schaffler, Maximilian|13|1998|RAPID|British Columbia|2012-03-02|2012 TAS SwimBC SC AAA Championships|2:08.79|459
45|Ferland, Nic|13|1998|NKB|Ontario|2012-02-04|2012 EOSA SC Regional Championships|2:08.91|458
46|Lozano, Omar|13|1998|OAK|Ontario|2012-03-02|2012 SC Junior & PARA Provincials|2:09.00|457
47|Tomic, Luka|13|1998|OAK|Ontario|2012-01-22|25th Annual Oakville Invitational|2:09.04|456
48|Di Fiore, Thomas|13|1997|PCSC|Québec|2011-10-30|Invitation provinciale Halloween P1-P2, 2011|2:09.14|455
49|Eby, Jacob|13|1998|KBM|Ontario|2012-03-02|2012 SC Junior & PARA Provincials|2:09.16|455
50|Love, Scott|13|1998|OAK|Ontario|2012-03-02|2012 SC Junior & PARA Provincials|2:09.17|455