RANK|AGES|CLUB|TEAM|PROVINCE|DATE|MEET|TIME|FINA
1|13 - 13|Oakville Aquatic Club|OAK A|Ontario|2012-03-02|2012 SC Junior & PARA Provincials|1:48.14|416
2|13 - 13|Hyack Swim Club|HYAC A|British Columbia|2012-03-03|2012 TAS SwimBC SC AAA Championships|1:48.38|413
3|13 - 13|Dolphins Swim Club|DS A|Ontario|2011-12-18|Invitation provinciale P1-P2 de Noël 2011|1:49.56|400
4|13 - 13|North York Aquatic Club|NYAC A|Ontario|2012-02-11|2012 SC Junior & PARA Provincials|1:50.21|393
5|13 - 13|Mississauga Aquatic Club|MSSA A|Ontario|2012-02-11|2012 SC Junior & PARA Provincials|1:50.23|393
6|13 - 13|Pointe-Claire Swim Club|PCSC A|Québec|2012-02-26|Championnat provincial AQUAM groupes d'âge|1:50.26|393
7|13 - 13|Kamloops Classic Swimming|KCS A|British Columbia|2011-12-09|KCS MJB Law Ice Classic|1:53.01|365
8|13 - 13|Brantford Aquatic Club|BRAN A|Ontario|2011-10-22|Swim International|1:53.34|361
9|13 - 13|Manta Swim Club|MANT A|Manitoba|2012-03-02|Manitoba Junior and 10&U Provincial SC Championships|1:53.44|360
10|13 - 13|Oakville Aquatic Club|OAK B|Ontario|2011-11-12|Swim International|1:54.13|354
11|13 - 13|Regina Optimist Dolphin Swim Team|ROD A|Saskatchewan|2011-10-15|Saskatoon Goldfins Invitational|1:54.20|353
12|13 - 13|Club de Natation CSQ|CSQ A|Québec|2012-02-26|Championnat provincial AQUAM groupes d'âge|1:54.23|353
13|13 - 13|Regina Optimist Dolphin Swim Team|ROD C|Saskatchewan|2012-05-25|3rd Annual Michelle Moore Invitational|1:54.47|351
14|13 - 13|Vancouver Pacific Swim Club|VPSC B|British Columbia|2011-12-09|KCS MJB Law Ice Classic|1:56.04|337
15|13 - 13|E.N. Cowansville|ENC A|Québec|2011-12-17|Nouvelle année P1-P2 (25m) sans finales AM|1:56.99|329
16|13 - 13|Beaconsfield Bluefins|BBF A|Québec|2011-12-03|Invitation Pointe-Claire Provincial 2 2011|1:57.52|324
17|13 - 13|Cascade Swim Club|CASC B|Alberta|2012-03-10|2012 Speedo Alberta Age Group Championships|1:58.01|320
18|13 - 13|North York Aquatic Club|NYAC C|Ontario|2011-11-06|2011 Harvest Invitational|2:00.74|299
19|13 - 13|Codiac Vikings Aquatic Club|CVAC A|New Brunswick|2011-11-20|Fall Splash Invitational|2:00.90|298
20|13 - 13|Mtl Nord Natation|CNMN A|Québec|2011-12-18|Invitation provinciale P1-P2 de Noël 2011|2:01.57|293
21|13 - 13|Saskatoon Goldfins Swim Club|GOLD A|Saskatchewan|2011-10-15|ROD VS GOLDFIN Class II Time Trial|2:02.65|285
22|13 - 13|University Of Calgary Swim Club|UCSC C|Alberta|2011-10-16|UCSC Fall Start Up|2:02.98|283
23|13 - 13|Lakeshore Swim Club|LSC A|Ontario|2011-10-22|Brad Townsend Fall Classic 2011|2:03.44|280
24|13 - 13|Trent Swim Club|TREN A|Ontario|2011-12-17|Invitation de Noël P1-P2|2:03.47|279
25|13 - 13|Edmonton Keyano Swim Club|EKSC A|Alberta|2012-02-24|2012 Team Aquatic Supplies Alberta Age Group Trials|2:06.18|262
26|13 - 13|Sault Ste Marie Aquatic Club|SSMA B|Ontario|2011-10-22|SSMAC Invitational 2011|2:06.23|261
27|13 - 13|Victoria Amateur Swim Club|IS C|British Columbia|2011-12-10|2011 PCS Xmas Cracker Invitational|2:06.45|260
28|13 - 13|Club aquatique CDN-NDG|CDND E|Québec|2012-02-11|Festival 7 Hiver MON-LSLO|2:06.63|259
29|13 - 13|Victoria Amateur Swim Club|IS B|British Columbia|2011-11-11|Island Pacific Cup|2:06.88|257
30|13 - 13|Pictou County Mariners|PCM B|Nova Scotia|2012-06-10|Tri-County Time Trial|2:07.27|393
31|13 - 13|Chena Swim Club|CHENAA|British Columbia|2012-05-12|SFU-SFA LMR swim meet|2:07.65|389
32|13 - 13|C.N. PPO|PPO O|Québec|2011-11-20|BBF P1-P2 Invitational Nov 2011|2:09.80|240
33|13 - 13|C.N. Bois-Francs|CNBF D|Québec|2012-06-02|Finale régionale Jeux du Québec 2012|2:11.38|232
34|13 - 13|Oakville Aquatic Club|OAK C|Ontario|2011-11-06|2011 Autumn Invitational|2:13.05|223
35|13 - 13|C.N. Bois-Francs|CNBF C|Québec|2012-04-21|Section 5 SUD - Championnat par équipe|2:15.25|212
36|13 - 13|St. Johns Legends Swim Club|SJL D|Newfoundland|2011-11-12|Fall Classic 2011|2:17.11|204
37|13 - 13|C.N. des Chutes-de-la-Chaudière|NCC A|Québec|2012-01-29|Invitation Provincial Développement UNIK|2:17.27|203
38|13 - 13|KISU Swim Club|KISU C|British Columbia|2012-05-06|NWAC Triple Pentathlon Swim Meet|2:17.66|310
39|13 - 13|Markham Aquatic Club|MAC E|Ontario|2011-11-19|York Invitational|2:18.29|199
40|13 - 13|Mississauga Aquatic Club|MSSA D|Ontario|2011-12-17|2011 Mississauga Open|2:18.86|196
41|13 - 13|Ernestown Barracuda Swim Club|EBSC A|Ontario|2011-11-12|EBSC Fall Invitational Swim Meet|2:20.77|188
42|13 - 13|Surrey Knights Swim Club|SKSC A|British Columbia|2012-05-12|SFU-SFA LMR swim meet|2:21.50|286
43|13 - 13|Mississauga Aquatic Club|MSSACC|Ontario|2012-01-22|35th Annual Cindy Nicholas Swim Classic|2:24.31|269
44|13 - 13|North Bay Y Titans|NBYT C|Ontario|2012-02-26|NBYT Invitational|2:25.05|172
45|13 - 13|Club aquatique Pointe de l'Ile|CAPI B|Québec|2012-03-25|Invitation provinciale P1 et P2|2:25.17|172
46|13 - 13|Calgary Winter Club|CWC A|Alberta|2011-11-06|NCSA Fall Invitational 2011|2:28.03|162
47|13 - 13|Toronto Swim Club|TSC A|Ontario|2011-12-17|2011 Mississauga Open|2:32.92|147
48|13 - 13|Oakville Aquatic Club|OAK C|Ontario|2012-06-02|2012 HOBB's Finale|2:36.09|213
49|13 - 13|Leamington Lasers Swim Team|LLST B|Ontario|2012-04-28|2012 Year-End S.E.A.L. Meet|2:36.51|211
50|13 - 13|Edson Orcas Swim Club|EDSO A|Alberta|2011-10-23|Edson Orcas' 20th Annual Invitational|2:36.74|136