RANK|AGES|CLUB|TEAM|PROVINCE|DATE|MEET|TIME|FINA
1|13 - 13|Wayland Swim Club|WSC A|British Columbia|2011-12-03|FastSwim Classic|2:00.31|444
2|13 - 13|Hyack Swim Club|HYAC A|British Columbia|2012-03-02|2012 TAS SwimBC SC AAA Championships|2:00.44|442
3|13 - 13|Mississauga Aquatic Club|MSSA A|Ontario|2012-02-12|2012 SC Junior & PARA Provincials|2:01.43|432
4|13 - 13|Pointe-Claire Swim Club|PCSC A|Québec|2012-02-25|Championnat provincial AQUAM groupes d'âge|2:02.12|424
5|13 - 13|Oakville Aquatic Club|OAK A|Ontario|2012-02-12|2012 SC Junior & PARA Provincials|2:03.03|415
6|13 - 13|Dolphins Swim Club|DS A|Ontario|2011-12-17|Invitation provinciale P1-P2 de Noël 2011|2:04.30|402
7|13 - 13|Manta Swim Club|MANT A|Manitoba|2012-03-03|Manitoba Junior and 10&U Provincial SC Championships|2:05.72|389
8|13 - 13|Regina Optimist Dolphin Swim Team|ROD A|Saskatchewan|2011-10-15|Saskatoon Goldfins Invitational|2:06.16|385
9|13 - 13|Kamloops Classic Swimming|KCS A|British Columbia|2011-12-10|KCS MJB Law Ice Classic|2:06.65|380
10|13 - 13|Newmarket Stingrays Swim Club|NEW A|Ontario|2012-03-01|2012 SC Junior & PARA Provincials|2:06.90|378
11|13 - 13|Etobicoke Swim Club|ESWI A|Ontario|2011-11-13|Swim International|2:07.04|377
12|13 - 13|E.N. Cowansville|ENC A|Québec|2011-12-18|Section 5 SUD - Championnat par équipe|2:08.51|364
13|13 - 13|Beaconsfield Bluefins|BBF A|Québec|2011-12-18|Invitation Pointe-Claire Provincial 2 2011|2:09.56|355
14|13 - 13|Brantford Aquatic Club|BRAN A|Ontario|2011-10-23|Swim International|2:09.92|352
15|13 - 13|Club de Natation CSQ|CSQ D|Québec|2012-02-25|Championnat provincial AQUAM groupes d'âge|2:11.19|342
16|13 - 13|Oakville Aquatic Club|OAK B|Ontario|2011-11-13|Swim International|2:11.99|336
16|13 - 13|Oakville Aquatic Club|OAK A|Ontario|2012-07-29|2012 Canadian Age Group Championships|2:11.99|336
18|13 - 13|Club de Natation CSQ|CSQ H|Québec|2011-12-04|11e INVITATION P1 & P2 avec Finales A & B|2:14.08|320
19|13 - 13|Mtl Nord Natation|CNMN A|Québec|2011-12-17|Invitation provinciale P1-P2 de Noël 2011|2:15.74|309
20|13 - 13|Oakville Aquatic Club|OAK D|Ontario|2011-10-23|Brad Townsend Fall Classic 2011|2:15.94|307
21|13 - 13|Milton Marlin Swim Team|MMST A|Ontario|2012-06-23|The Rich Davis Shield (4 Way)|2:18.31|292
22|13 - 13|Trent Swim Club|TREN A|Ontario|2011-10-23|Pro-Tech Pool & Spa Challenge|2:19.27|286
23|13 - 13|Club aquatique CDN-NDG|CDND H|Québec|2012-02-12|Festival 7 Hiver MON-LSLO|2:23.44|262
24|13 - 13|Edmonton Keyano Swim Club|EKSC A|Alberta|2012-02-25|2012 Team Aquatic Supplies Alberta Age Group Trials|2:24.65|255
25|13 - 13|C.N. PPO|PPO J|Québec|2011-11-19|BBF P1-P2 Invitational Nov 2011|2:28.54|236
26|13 - 13|Sault Ste Marie Aquatic Club|SSMA B|Ontario|2011-10-23|SSMAC Invitational 2011|2:29.44|231
27|13 - 13|C.N. Dollard-Des-Ormeaux|DDO A|Québec|2012-03-25|Invitation provinciale 17e Challenge P1-P2|2:29.52|231
28|13 - 13|Red Deer Catalina Swim Club|RDCS A|Alberta|2012-02-12|Catalina Valentine Invitational|2:30.07|228
29|13 - 13|Club Aquatique de l'Est de Montréal|CAEM A|Québec|2012-05-06|Section 5 OUEST - Championnat par équipe|2:31.06|224
30|13 - 13|C.N. Bois-Francs|CNBF E|Québec|2012-04-22|Section 5 SUD - Championnat par équipe|2:32.31|218
31|13 - 13|Victoria Amateur Swim Club|IS C|British Columbia|2011-11-12|Island Pacific Cup|2:32.67|217
32|13 - 13|Killarney Swim Club|KSC B|Alberta|2011-10-29|Saskatoon Goldfins Invitational|2:34.16|211
33|13 - 13|C.N. Bois-Francs|CNBF G|Québec|2012-06-03|Finale régionale Jeux du Québec 2012|2:35.63|205
34|13 - 13|C.N. St-Laurent|CNSL A|Québec|2012-03-24|Invitation provinciale P1 et P2|2:38.07|195
35|13 - 13|Club aquatique Pointe de l'Ile|CAPI B|Québec|2012-03-24|Invitation provinciale P1 et P2|2:39.66|190
36|13 - 13|KISU Swim Club|KISU C|British Columbia|2012-05-06|NWAC Triple Pentathlon Swim Meet|2:40.23|258
37|13 - 13|Edson Orcas Swim Club|EDSONA|Alberta|2012-03-17|39th Annual Mountain Spring Meet|2:42.86|246
38|13 - 13|Ernestown Barracuda Swim Club|EBSC A|Ontario|2011-11-13|EBSC Fall Invitational Swim Meet|2:45.28|171
39|13 - 13|North Bay Y Titans|NBYT C|Ontario|2012-02-25|NBYT Invitational|2:50.03|157
40|13 - 13|Calgary Winter Club|CWC A|Alberta|2011-11-05|NCSA Fall Invitational 2011|2:55.50|143
41|13 - 13|Uxbridge Swim Club|USC A|Ontario|2012-05-26|Oshawa Aquatic Club - GTA 4|2:57.19|191
42|13 - 13|Oakville Aquatic Club|OAK G|Ontario|2012-05-13|HOBBS OAK @ HHBF|2:58.38|187
43|13 - 13|Whitby Swimming|WD A|Ontario|2012-01-22|Jesse Coward Winterlude Meet|2:59.07|134
44|13 - 13|Sarnia Rapids Swim Club|SR A|Ontario|2012-04-28|2012 Year-End S.E.A.L. Meet|2:59.25|184
45|13 - 13|Leamington Lasers Swim Team|LLST B|Ontario|2012-04-28|2012 Year-End S.E.A.L. Meet|3:03.17|173
46|13 - 13|Aylmer Optimist Arrows|AOA A|Ontario|2012-04-28|2012 Year-End S.E.A.L. Meet|3:10.75|153