RANK|ATHLETES|AGE|YOB|CLUB|PROVINCE|DATE|MEET|TIME|FINA
1|Li, Zixuan|13|1998|DS|Ontario|2011-11-06|Bolzano International - Italy|1:01.92|550
2|Gray, Kurtis|13|1997|ROW|Ontario|2012-03-07|OFSAA 2012 Swim Championship|1:05.25|470
3|Dubord, Marshal|13|1998|PPO|Québec|2012-04-15|finale régionale Jeux du Québec Montréal-Concordia|1:05.46|466
4|Klein, Anders|13|1997|OSC|Alberta|2011-09-24|Home Opener|1:06.42|446
5|Pak, Haydn|13|1998|HYACK|British Columbia|2011-10-30|2011 VPSC Invitational|1:06.50|444
6|Goin, Emil|13|1999|DDO|Québec|2012-05-27|Finale régionale des Jeux du Québec- Lac St-Louis|1:07.45|426
7|Herron, Tyler|13|1997|NORAC|Ontario|2012-03-07|OFSAA 2012 Swim Championship|1:07.51|425
8|Dapat, Eman|13|1998|VPSC|British Columbia|2012-01-28|VPSC Dash For Cash|1:07.62|422
9|Korpan, Jacob|13|1998|ROD|Saskatchewan|2011-10-15|ROD VS GOLDFIN Class II Time Trial|1:07.86|418
10|Young, John|13|1998|DS|Ontario|2011-11-06|Bolzano International - Italy|1:08.06|414
11|Cardeau, Anthony-Hubert|13|1998|CSQ|Québec|2012-03-25|Invitation provinciale P1-P2|1:08.35|409
12|Cholette, Vincent|13|1998|SAMAK|Québec|2011-12-03|11e INVITATION P1 & P2 avec Finales A & B|1:08.41|408
13|Palaschuk, Brian|13|1998|ROD|Saskatchewan|2011-10-15|ROD VS GOLDFIN Class II Time Trial|1:08.53|406
14|Zakala, Josh|13|1998|KAJ|British Columbia|2012-03-11|KISU Spring Triple Pentathlon|1:08.57|405
15|Schramm, Justin|13|1998|LOSC|British Columbia|2011-10-30|2011 VPSC Invitational|1:08.71|403
16|Jones, Bryce|13|1998|KSS|Ontario|2011-11-12|KSS Fall Invitational Swim Meet 2011|1:08.73|402
17|Gingras, Tristan|13|1998|ENC|Québec|2012-06-02|Finale régionale Jeux du Québec 2012|1:08.84|400
18|Assameur, Yassine|13|1998|SAMAK|Québec|2011-12-03|11e INVITATION P1 & P2 avec Finales A & B|1:09.12|396
19|Somers, Colm|13|1998|HWAC|Nova Scotia|2011-10-16|Dal Pentathlon Meet|1:09.16|395
20|Calkins, Stephen|13|1998|UCSC|Alberta|2012-03-11|2012 Speedo Alberta Age Group Championships|1:09.20|394
21|Read, Jonah|13|1997|CW|Ontario|2012-03-07|OFSAA 2012 Swim Championship|1:09.22|394
22|Crawford, Brandon|13|1997|RAPID|British Columbia|2011-10-30|2011 VPSC Invitational|1:09.27|393
23|Baker, Chris|13|1998|HYACK|British Columbia|2011-10-30|2011 VPSC Invitational|1:09.32|392
24|McKiel, Branden|13|1998|CVAC|New Brunswick|2012-04-29|2nd Annual Fast N Furious|1:09.36|391
25|Knibb, Parker|13|1997|CBACW|Alberta|2011-11-20|AMAC Fall Invitational|1:09.89|383
26|Salmon, Lucas|13|1998|HTAC|Nova Scotia|2012-01-29|HTAC TT #4|1:09.90|382
27|Ackermann, Carel|13|1997|KCS|British Columbia|2011-11-12|Vernon Fall Invitational|1:10.12|379
28|Morin, Raphael|13|1998|TORP|Québec|2011-12-03|11e INVITATION P1 & P2 avec Finales A & B|1:10.13|379
29|Sljuka, Vincenzo|13|1998|LASC|Alberta|2011-11-20|AMAC Fall Invitational|1:10.49|373
30|Paulins, Sebastian|13|1998|BRANT|Ontario|2011-12-11|Steeltown Invitational|1:10.69|370
31|Williams, Xavier|13|1999|CNSH|Québec|2012-06-02|Finale régionale Jeux du Québec 2012|1:10.71|369
32|Fortier-Morisset, Louis|13|1998|STEFOY|Québec|2011-11-27|Rencontre provinciale P1-P2|1:10.85|367
33|Paré, Mikael|13|1998|ETM|Québec|2012-05-26|Sélection des Jeux du Québec (Chaudière-Appalaches)|1:10.95|366
34|Lasinski, Samuel|13|1999|KISU|British Columbia|2012-05-04|NWAC Triple Pentathlon Swim Meet|1:10.98|365
35|Maina, Kimani|13|1997|OSC|Alberta|2011-09-24|Home Opener|1:11.05|364
36|Meng, Eric|13|1998|FAST|New Brunswick|2011-11-20|FAST Invitational|1:11.23|361
37|Keller, Sean|13|1998|UCSC|Alberta|2012-03-11|2012 Speedo Alberta Age Group Championships|1:11.31|360
38|Gilbert, Colin|13|1998|KCS|British Columbia|2011-11-12|Vernon Fall Invitational|1:11.32|360
39|Isings, Connor|13|1998|BBF|Québec|2012-06-10|Invitation P1P2 BBF extérieur|1:11.41|359
40|Laing, Eric|13|1998|TRENT|Ontario|2012-01-22|PICK Winter Swim Fest 2012|1:11.57|356
41|Zhang, Mike|13|1998|RAPID|British Columbia|2011-10-30|2011 VPSC Invitational|1:11.63|355
42|Mathieson, Craig|13|1998|LLSC|British Columbia|2011-11-12|Vernon Fall Invitational|1:11.75|354
43|Henger, Benjamin|13|1998|WTSC|Nova Scotia|2011-10-16|Dal Pentathlon Meet|1:11.84|352
44|Pouliot, Michael|13|1998|ENC|Québec|2012-06-02|Finale régionale Jeux du Québec 2012|1:12.06|349
45|Fortin-Beaudry, Loïc|13|1998|CNSH|Québec|2012-04-14|Intra Club 1 - 2012|1:12.22|347
46|Timbro-leclaire, Mathieu|13|1998|PCSC|Québec|2011-12-03|11e INVITATION P1 & P2 avec Finales A & B|1:12.29|346
47|Shortall, Gabriel|13|1997|SJL|Newfoundland|2011-12-02|PSC Provincial Heats and Finals Invitational|1:12.35|345
48|Duke, Nicolas|13|1998|CHENA|British Columbia|2011-10-30|2011 VPSC Invitational|1:12.49|343
49|Wadden, Bryan|13|1998|CBSB|Newfoundland|2012-03-16|SHORT COURSE CHAMPIONSHIPS|1:12.52|342
49|Choi, James|13|1998|VPSC|British Columbia|2011-10-30|2011 VPSC Invitational|1:12.52|342