RANK|ATHLETES|AGE|YOB|CLUB|PROVINCE|DATE|MEET|TIME|FINA
1|Li, Zixuan|13|1998|DS|Ontario|2011-12-17|Invitation provinciale P1-P2 de Noël 2011|2:11.67|584
2|Lau, Stuart|13|1998|EKSC|Alberta|2011-12-09|2011 PCS Xmas Cracker Invitational|2:15.98|530
3|Somers, Colm|13|1998|HWAC|Nova Scotia|2012-03-04|East Coast Short Course Championship|2:16.16|528
4|Webb, David|13|1997|GMAC|Ontario|2012-03-07|OFSAA 2012 Swim Championship|2:16.42|525
5|Dubord, Marshal|13|1998|PPO|Québec|2012-02-25|Championnat provincial AQUAM groupes d'âge|2:17.43|513
5|Duan, Harry Ting Hui|13|1998|WSC|British Columbia|2012-03-02|2012 TAS SwimBC SC AAA Championships|2:17.43|513
7|Pak, Haydn|13|1998|HYACK|British Columbia|2012-03-02|2012 TAS SwimBC SC AAA Championships|2:17.85|509
8|Lee, Jong Hoon|13|1998|APEX|Ontario|2012-03-03|2012 SC Junior & PARA Provincials|2:18.47|502
9|Mac, Matthew|13|1998|OAK|Ontario|2011-12-04|Youth Cup|2:18.65|500
10|Lai, Evans|13|1998|RHAC|Ontario|2012-03-03|2012 SC Junior & PARA Provincials|2:19.11|495
11|Meier, Simon|13|1998|MM|Manitoba|2012-03-15|Man/Sask Short Course Provincial Championships|2:19.15|495
12|Telford, Ryan|13|1998|NKB|Ontario|2012-08-17|2012 Ontario Summer Games|2:19.61|490
13|Jones, Bryce|13|1998|KSS|Ontario|2011-12-03|Prairie Winter International|2:20.93|476
14|Mayer, Warren|13|1998|PICK|Ontario|2012-03-03|2012 SC Junior & PARA Provincials|2:21.00|475
15|Acevedo, Javier|13|1998|AJAX|Ontario|2011-12-18|Invitation Pointe-Claire Provincial 2 2011|2:21.30|472
16|Baker, Chris|13|1998|HYACK|British Columbia|2012-03-02|2012 TAS SwimBC SC AAA Championships|2:21.62|469
17|Pispidikis, Ted|13|1997|DUCKS|Ontario|2011-12-04|Youth Cup|2:21.71|468
18|Ackermann, Carel|13|1997|KCS|British Columbia|2011-12-09|KCS MJB Law Ice Classic|2:21.87|467
19|Korpan, Jacob|13|1998|ROD|Saskatchewan|2012-03-15|Man/Sask Short Course Provincial Championships|2:22.20|463
20|Norg, Aaron|13|1998|WEST|Ontario|2012-01-22|RHAC Winter Invitational|2:22.42|461
21|Dapat, Eman|13|1998|VPSC|British Columbia|2012-03-02|2012 TAS SwimBC SC AAA Championships|2:22.63|459
22|Paradis, Vincent|13|1998|MEGO|Québec|2012-02-25|Championnat provincial AQUAM groupes d'âge|2:22.78|458
23|Freund, Kaelan|13|1998|LASC|Alberta|2012-03-10|2012 Speedo Alberta Age Group Championships|2:22.85|457
24|Wist, Kade|13|1998|CASC|Alberta|2012-03-10|2012 Speedo Alberta Age Group Championships|2:23.01|456
25|Harrison, Ethan|13|1999|AJAX|Ontario|2012-03-03|2012 SC Junior & PARA Provincials|2:23.05|455
26|Selmanovic, Din|13|1998|MSSAC|Ontario|2012-03-03|2012 SC Junior & PARA Provincials|2:23.06|455
27|Hill, Bryan|13|1998|CHENA|British Columbia|2012-03-02|2012 TAS SwimBC SC AAA Championships|2:23.18|454
28|Khaireddine, Houssem|13|1998|ELITE|Québec|2012-02-25|Championnat provincial AQUAM groupes d'âge|2:23.23|453
29|Goin, Emil|13|1999|DDO|Québec|2012-04-20|Section 2 - Championnat par équipe|2:23.51|451
30|Zakala, Josh|13|1998|KAJ|British Columbia|2012-03-02|2012 TAS SwimBC SC AAA Championships|2:23.56|450
31|Schramm, Justin|13|1998|LOSC|British Columbia|2011-12-09|2011 PCS Xmas Cracker Invitational|2:23.81|448
32|Palaschuk, Brian|13|1998|ROD|Saskatchewan|2011-10-28|Saskatoon Goldfins Invitational|2:23.89|447
33|Gauvreau, Xavier|13|1998|CAO|Québec|2012-02-25|Championnat provincial AQUAM groupes d'âge|2:23.91|447
34|Cardeau, Anthony-Hubert|13|1998|CSQ|Québec|2012-04-20|Section 1 - Championnat par équipe|2:24.00|446
35|Chatelain-Laflamme, Antoine|13|1998|NG|Québec|2011-12-16|Invitation de Noël P1-P2|2:24.16|445
36|How, Alfie|13|1998|NEW|Ontario|2011-12-17|Invitation provinciale P1-P2 de Noël 2011|2:24.30|443
36|Veregin, Liam|13|1998|GO|Ontario|2012-03-03|2012 SC Junior & PARA Provincials|2:24.30|443
38|Voudouris, Matthew|13|1997|NYAC|Ontario|2011-12-04|Youth Cup|2:24.31|443
39|Morley, William|13|1998|TSC|Ontario|2011-12-17|Invitation provinciale P1-P2 de Noël 2011|2:24.39|443
40|Goodwin, Mackenzie|13|1998|CW|Ontario|2012-03-03|2012 SC Junior & PARA Provincials|2:24.57|441
41|Roberton, Kevin|13|1998|WS|Ontario|2012-03-03|2012 SC Junior & PARA Provincials|2:25.27|435
42|Cusimano, Sam|13|1998|GGST|Ontario|2012-01-21|2012 A-B Meet|2:25.31|434
43|Feng, Li Bob|13|1998|PCSC|Québec|2012-02-25|Championnat provincial AQUAM groupes d'âge|2:26.01|428
44|Sljuka, Vincenzo|13|1998|LASC|Alberta|2011-12-09|2011 PCS Xmas Cracker Invitational|2:26.12|427
45|Maina, Kimani|13|1997|OSC|Alberta|2011-10-28|Kenya National Age Group Championships|2:26.32|425
46|Ha, Eun Soo|13|1998|RHAC|Ontario|2011-12-04|Youth Cup|2:26.68|422
47|Mackinnon, Ian|13|1998|GHAC|Ontario|2012-03-03|2012 SC Junior & PARA Provincials|2:26.69|422
48|Boily-Dufour, Samuel|13|1998|SR|Ontario|2012-03-03|2012 SC Junior & PARA Provincials|2:26.76|421
49|Fortier-Morisset, Louis|13|1998|STEFOY|Québec|2012-02-25|Championnat provincial AQUAM groupes d'âge|2:26.81|421
50|Lashley, Tariq|13|1998|MMST|Ontario|2012-03-03|2012 SC Junior & PARA Provincials|2:27.20|418