RANK|ATHLETES|AGE|YOB|CLUB|PROVINCE|DATE|MEET|TIME|FINA
1|Duan, Harry Ting Hui|13|1998|WSC|British Columbia|2012-03-04|2012 TAS SwimBC SC AAA Championships|1:08.69|530
2|Mayer, Warren|13|1998|PICK|Ontario|2012-03-04|2012 SC Junior & PARA Provincials|1:08.91|525
3|Cusimano, Sam|13|1998|GGST|Ontario|2012-04-21|Division 1 Team Champs|1:10.13|498
4|Meier, Simon|13|1998|MM|Manitoba|2012-02-19|2012 Speedo Western Canadian Championships|1:10.29|495
5|Gauvreau, Xavier|13|1998|CAO|Québec|2012-02-26|Championnat provincial AQUAM groupes d'âge|1:10.66|487
6|Li, Zixuan|13|1998|DS|Ontario|2011-11-06|Bolzano International - Italy|1:10.75|485
7|Webb, David|13|1997|GMAC|Ontario|2012-03-06|OFSAA 2012 Swim Championship|1:10.90|482
8|Selmanovic, Din|13|1998|MSSAC|Ontario|2012-03-04|2012 SC Junior & PARA Provincials|1:11.35|473
9|Farmer, Gregory|13|1997|EKSC|Alberta|2011-12-02|JP Fiset International|1:11.51|470
10|Telford, Ryan|13|1998|NKB|Ontario|2012-08-17|2012 Ontario Summer Games|1:11.70|466
11|Lai, Evans|13|1998|RHAC|Ontario|2012-03-04|2012 SC Junior & PARA Provincials|1:12.31|454
12|Lau, Stuart|13|1998|EKSC|Alberta|2011-12-10|2011 PCS Xmas Cracker Invitational|1:12.40|453
13|Kerr, Skyeler|13|1998|CONNU|British Columbia|2012-03-04|2012 TAS SwimBC SC AAA Championships|1:12.42|452
14|Goodwin, Mackenzie|13|1998|CW|Ontario|2012-03-04|2012 SC Junior & PARA Provincials|1:12.61|449
15|Feng, Li Bob|13|1998|PCSC|Québec|2012-02-26|Championnat provincial AQUAM groupes d'âge|1:12.86|444
16|Bidrman, Oliver|13|1998|UCSC|Alberta|2012-03-10|2012 Speedo Alberta Age Group Championships|1:13.29|436
17|Wang, Paul Zhaoxun|13|1998|WSC|British Columbia|2011-12-04|FastSwim Classic|1:13.56|432
18|Young, John|13|1998|DS|Ontario|2011-11-06|Bolzano International - Italy|1:13.59|431
19|Ackermann, Carel|13|1997|KCS|British Columbia|2011-12-10|KCS MJB Law Ice Classic|1:14.11|422
20|Wong, Michael|13|1997|CDSC|British Columbia|2011-11-20|LOSC 5th Annual Short Course Invitational|1:14.21|420
21|Trudeau, Alexander|13|1997|MSSAC|Ontario|2012-03-06|OFSAA 2012 Swim Championship|1:14.68|412
22|Jones, Bryce|13|1998|KSS|Ontario|2011-12-04|Prairie Winter International|1:14.84|410
23|Freund, Kaelan|13|1998|LASC|Alberta|2012-01-28|2012 Speedo Alberta Provincial Championships SC|1:14.98|407
24|Schramm, Justin|13|1998|LOSC|British Columbia|2011-10-29|2011 VPSC Invitational|1:15.11|405
25|Lee, Jong Hoon|13|1998|APEX|Ontario|2011-12-11|PICK Lisa Flood Christmas Classic 2011|1:15.62|397
26|Mathieson, Craig|13|1998|LLSC|British Columbia|2012-03-04|2012 TAS SwimBC SC AAA Championships|1:15.71|396
27|Palaschuk, Brian|13|1998|ROD|Saskatchewan|2011-11-19|AMAC Fall Invitational|1:15.86|393
28|Isings, Connor|13|1998|BBF|Québec|2012-02-26|Championnat provincial AQUAM groupes d'âge|1:15.98|392
28|Joanis, Devon|13|1998|HYACK|British Columbia|2012-06-25|Hyack End-of-June Time Trial|1:15.98|392
30|Giric, Norbert|13|1998|ESWIM|Ontario|2012-01-21|2012 A-B Meet|1:16.13|389
30|Korpan, Jacob|13|1998|ROD|Saskatchewan|2011-10-29|Saskatoon Goldfins Invitational|1:16.13|389
32|Choi, Jesper|13|1998|APEX|Ontario|2011-12-11|PICK Lisa Flood Christmas Classic 2011|1:16.16|389
33|Allon, Joshua|13|1999|WRMS|Ontario|2012-05-05|Aqua 7 Finals|1:16.20|388
34|Khaireddine, Houssem|13|1998|ELITE|Québec|2012-02-26|Championnat provincial AQUAM groupes d'âge|1:16.31|387
35|Addison, Matthew|13|1998|CBAC|Prince-Edward-Island|2012-03-03|East Coast Short Course Championship|1:16.49|384
36|Graham, James|13|1998|OSC|Alberta|2012-06-23|OSC Blue vs. White|1:16.54|383
37|Pak, Haydn|13|1998|HYACK|British Columbia|2012-01-14|Hyack Icebreaker Classic 2012|1:16.61|382
38|Lamb, Adrian|13|1998|PGB|British Columbia|2012-07-20|BC Summer Games|1:16.66|381
39|Pispidikis, Ted|13|1997|DUCKS|Ontario|2011-12-03|Youth Cup|1:16.76|380
40|Khristoforov, Denis|13|1998|BWSC|Ontario|2012-05-27|Newmarket Stingrays Invitational|1:16.81|379
41|Kamaldin, Adam|13|1998|NYAC|Ontario|2012-03-04|2012 SC Junior & PARA Provincials|1:16.95|377
42|Somers, Colm|13|1998|HWAC|Nova Scotia|2011-11-12|2011 Dartmouth Invitational|1:16.97|377
43|Lebel, Simon|13|1998|BBF|Québec|2011-11-13|Swim International|1:17.02|376
44|McDonald, Sam|13|1998|KAJ|British Columbia|2012-03-04|2012 TAS SwimBC SC AAA Championships|1:17.05|375
45|Stromberg, Adam|13|1998|FFAST|Ontario|2012-03-04|2012 SC Junior & PARA Provincials|1:17.18|374
46|Whitla, Nicholas|13|1998|NEW|Ontario|2012-02-12|2012 Central Region SC Champs|1:17.52|369
47|Lasinski, Samuel|13|1999|KISU|British Columbia|2012-05-05|NWAC Triple Pentathlon Swim Meet|1:17.58|368
48|Deneault, Ethan|13|1998|TORCH|Ontario|2012-03-04|2012 SC Junior & PARA Provincials|1:17.63|367
49|Hill, Bryan|13|1998|CHENA|British Columbia|2012-03-04|2012 TAS SwimBC SC AAA Championships|1:17.64|367
50|Di Fiore, Thomas|13|1997|PCSC|Québec|2011-10-29|Invitation provinciale Halloween P1-P2, 2011|1:17.65|367