RANK|ATHLETES|AGE|YOB|CLUB|PROVINCE|DATE|MEET|TIME|FINA
1|Dubord, Marshal|13|1998|PPO|Québec|2012-02-16|2012 Speedo Eastern Canadian Championships|8:39.88|620
2|Lee, Jong Hoon|13|1998|APEX|Ontario|2012-03-01|2012 SC Junior & PARA Provincials|8:45.11|602
3|Ahmad, Abdullah|13|1998|ESWIM|Ontario|2012-01-20|2012 A-B Meet|8:54.15|572
4|Chatelain-Laflamme, Antoine|13|1998|NG|Québec|2012-02-16|2012 Speedo Eastern Canadian Championships|8:55.35|568
5|Li, Zixuan|13|1998|DS|Ontario|2012-06-09|DS June 2012 Time Trials|8:56.34|565
6|Somers, Colm|13|1998|HWAC|Nova Scotia|2012-03-01|East Coast Short Course Championship|8:57.31|562
7|Gilbert, Colin|13|1998|KCS|British Columbia|2012-01-15|Hyack Icebreaker Classic 2012|8:59.09|556
8|Palaschuk, Brian|13|1998|ROD|Saskatchewan|2011-11-19|AMAC Fall Invitational|9:03.85|542
9|Paradis, Vincent|13|1998|MEGO|Québec|2011-12-07|Intra-Club Mégophias 2|9:04.22|540
10|Baki, Ali|13|1998|OAK|Ontario|2012-03-01|2012 SC Junior & PARA Provincials|9:05.73|536
11|Villalobos, Rodrigo|13|1998|ESWIM|Ontario|2012-03-01|2012 SC Junior & PARA Provincials|9:06.80|533
12|Lai, Evans|13|1998|RHAC|Ontario|2012-01-20|RHAC Winter Invitational|9:07.84|530
13|Pan, Spencer|13|1998|UCSC|Alberta|2012-01-27|2012 Speedo Alberta Provincial Championships SC|9:09.20|526
14|Norg, Aaron|13|1998|WEST|Ontario|2011-12-18|Alex Baumann Invitational 2011|9:15.80|507
15|Paulins, Sebastian|13|1998|BRANT|Ontario|2012-03-01|2012 SC Junior & PARA Provincials|9:17.11|504
16|Katelnikoff, Justin|13|1998|CASC|Alberta|2012-03-09|2012 Speedo Alberta Age Group Championships|9:17.21|503
17|Carmichael, Jordan|13|1998|MM|Manitoba|2012-03-17|Man/Sask Short Course Provincial Championships|9:17.54|503
17|Cusimano, Sam|13|1998|GGST|Ontario|2012-01-20|2012 A-B Meet|9:17.54|503
19|Love, Scott|13|1998|OAK|Ontario|2012-03-01|2012 SC Junior & PARA Provincials|9:17.80|502
20|Veregin, Liam|13|1998|GO|Ontario|2012-03-01|2012 SC Junior & PARA Provincials|9:18.53|500
21|Crocker, Gregory|13|1998|CASC|Alberta|2012-03-09|2012 Speedo Alberta Age Group Championships|9:20.89|494
22|Mac, Matthew|13|1998|OAK|Ontario|2011-11-04|2011 Harvest Invitational|9:21.24|493
23|Bernard, Derek|13|1998|EPMJ|Québec|2012-02-26|Championnat provincial AQUAM groupes d'âge|9:22.61|489
24|Desjardins-Labelle, Samuel|13|1998|NG|Québec|2012-02-26|Championnat provincial AQUAM groupes d'âge|9:22.72|489
25|Selezen, Matvei|13|1997|ESWIM|Ontario|2011-11-04|2011 Harvest Invitational|9:22.90|488
26|Papangelakis, Panagiotis|13|1998|DS|Ontario|2012-06-09|DS June 2012 Time Trials|9:22.98|488
27|Vallee, Andrew|13|1998|BRANT|Ontario|2011-12-11|Steeltown Invitational|9:23.77|486
28|Telford, Ryan|13|1998|NKB|Ontario|2012-03-01|2012 SC Junior & PARA Provincials|9:24.92|483
29|Mayer, Warren|13|1998|PICK|Ontario|2012-01-20|PICK Winter Swim Fest 2012|9:24.99|483
30|Assameur, Yassine|13|1998|SAMAK|Québec|2012-01-14|Invitation Provinciale "Peter-Suen" - P1-P2|9:25.38|482
31|Morin, Raphael|13|1998|TORP|Québec|2012-02-26|Championnat provincial AQUAM groupes d'âge|9:26.29|480
32|Taylor, Liam|13|1998|GOLD|Saskatchewan|2012-03-17|Man/Sask Short Course Provincial Championships|9:27.76|476
33|Wilson, Daniel|13|1998|AJAX|Ontario|2012-03-01|2012 SC Junior & PARA Provincials|9:27.91|476
34|Boily-Dufour, Samuel|13|1998|SR|Ontario|2012-03-01|2012 SC Junior & PARA Provincials|9:29.38|472
35|Taylor, Steven|13|1997|AJAX|Ontario|2011-11-04|2011 Harvest Invitational|9:29.50|472
36|Whitla, Nicholas|13|1998|NEW|Ontario|2012-01-20|2012 A-B Meet|9:30.58|469
37|How, Alfie|13|1998|NEW|Ontario|2012-01-20|2012 A-B Meet|9:31.08|468
38|Schramm, Justin|13|1998|LOSC|British Columbia|2011-11-05|SFU Clan Cup International|9:32.60|464
39|Young, John|13|1998|DS|Ontario|2011-12-10|DS December Time Trial|9:33.75|461
40|Morley, William|13|1998|TSC|Ontario|2012-05-07|May 7 2012 Class II Time Trial|9:34.02|460
41|Selmanovic, Din|13|1998|MSSAC|Ontario|2012-01-21|MMST Winter Dash for Cash|9:34.16|460
42|Laperle, Vincent|13|1998|PPO|Québec|2012-02-26|Championnat provincial AQUAM groupes d'âge|9:35.14|458
43|Whitford, Jack|13|1998|MMST|Ontario|2012-03-01|2012 SC Junior & PARA Provincials|9:35.40|457
44|Bannatyne, William|13|1998|CASC|Alberta|2012-03-09|2012 Speedo Alberta Age Group Championships|9:36.01|456
45|Howe, Justin|13|1997|UVPCS|British Columbia|2011-12-11|2011 PCS Xmas Cracker Invitational|9:36.76|454
46|Freund, Kaelan|13|1998|LASC|Alberta|2011-10-27|Saskatoon Goldfins Invitational|9:37.00|453
47|Mccabe, Cameron|13|1998|MSSAC|Ontario|2012-03-01|2012 SC Junior & PARA Provincials|9:37.47|452
48|Li, Terry|13|1998|MSSAC|Ontario|2012-03-01|2012 SC Junior & PARA Provincials|9:39.44|448
49|Thompson, Nicholas|13|1998|BAD|Ontario|2012-01-21|MMST Winter Dash for Cash|9:39.79|447
50|Goodwin, Mackenzie|13|1998|CW|Ontario|2012-03-01|2012 SC Junior & PARA Provincials|9:40.52|445