RANK|ATHLETES|AGE|YOB|CLUB|PROVINCE|DATE|MEET|TIME|FINA
1|Calkins, Stephen|13|1998|UCSC|Alberta|2012-03-10|2012 Speedo Alberta Age Group Championships|27.18|515
2|Li, Zixuan|13|1998|DS|Ontario|2011-12-16|Invitation provinciale P1-P2 de Noël 2011|27.26|511
3|Goin, Adrian|13|1998|DDO|Québec|2011-12-17|Invitation Pointe-Claire Provincial 2 2011|28.07|468
4|Korpan, Jacob|13|1998|ROD|Saskatchewan|2012-03-18|Man/Sask Short Course Provincial Championships|28.11|466
5|Wist, Kade|13|1998|CASC|Alberta|2012-03-10|2012 Speedo Alberta Age Group Championships|28.26|459
6|Acevedo, Javier|13|1998|AJAX|Ontario|2012-01-21|2012 A-B Meet|28.32|456
7|Kerr, Skyeler|13|1998|CONNU|British Columbia|2012-04-14|Fort St. John Inconnu Spring Meet|28.40|452
8|Goin, Emil|13|1999|DDO|Québec|2012-04-22|Section 2 - Championnat par équipe|28.47|448
9|Salmon, Lucas|13|1998|HTAC|Nova Scotia|2012-03-02|East Coast Short Course Championship|28.68|439
10|Paradis, Vincent|13|1998|MEGO|Québec|2011-12-04|11e INVITATION P1 & P2 avec Finales A & B|28.71|437
11|Knibb, Parker|13|1997|CBACW|Alberta|2011-11-20|AMAC Fall Invitational|28.82|432
12|Somers, Colm|13|1998|HWAC|Nova Scotia|2012-02-03|NB Short Course Champs Semi finals|28.96|426
13|Cusimano, Sam|13|1998|GGST|Ontario|2011-12-17|Invitation Pointe-Claire Provincial 2 2011|29.16|417
14|Henger, Benjamin|13|1998|WTSC|Nova Scotia|2011-11-11|2011 Dartmouth Invitational|29.17|417
14|Dolynny, Bronson|13|1998|YKPB|Northwest Territories|2011-12-04|JP Fiset International|29.17|417
16|Keller, Sean|13|1998|UCSC|Alberta|2012-03-18|Man/Sask Short Course Provincial Championships|29.24|414
17|Bertrand, Kevin|13|1999|PCSC|Québec|2012-02-26|Championnat provincial AQUAM groupes d'âge|29.25|413
18|Dubord, Marshal|13|1998|PPO|Québec|2012-01-28|Nouvelle année P1-P2 (25m) sans finales AM|29.31|411
19|Fuller, Mathew|13|1998|EKSC|Alberta|2012-03-10|2012 Speedo Alberta Age Group Championships|29.32|411
20|Cardeau, Anthony-Hubert|13|1998|CSQ|Québec|2012-04-22|Section 1 - Championnat par équipe|29.33|410
20|Duan, Harry Ting Hui|13|1998|WSC|British Columbia|2011-12-04|FastSwim Classic|29.33|410
22|Baker, Chris|13|1998|HYACK|British Columbia|2012-01-21|WDSC LMR Meet|29.35|409
23|Lasinski, Samuel|13|1999|KISU|British Columbia|2012-06-09|KISU June Time Trial|29.42|406
24|Bilodeau-Chagnon, Félix|13|1999|ELITE|Québec|2012-04-22|Section 1 - Championnat par équipe|29.46|405
25|Gilbert, Colin|13|1998|KCS|British Columbia|2011-12-10|KCS MJB Law Ice Classic|29.59|399
26|Pak, Haydn|13|1998|HYACK|British Columbia|2011-10-30|2011 VPSC Invitational|29.64|397
26|Lai, Evans|13|1998|RHAC|Ontario|2011-10-23|Rhac fall Classic|29.64|397
28|Fournier, Maxime|13|1999|RED|Québec|2012-08-01|Finale provinciale des Jeux du Québec 2012|29.66|397
29|Schramm, Justin|13|1998|LOSC|British Columbia|2011-10-30|2011 VPSC Invitational|29.68|396
30|Pan, Spencer|13|1998|UCSC|Alberta|2011-12-10|KCS MJB Law Ice Classic|29.77|392
31|Morin, Raphael|13|1998|TORP|Québec|2011-12-16|Invitation provinciale P1-P2 de Noël 2011|29.91|387
31|Wadden, Bryan|13|1998|CBSB|Newfoundland|2012-03-02|East Coast Short Course Championship|29.91|387
33|Ferland, Nic|13|1998|NKB|Ontario|2011-12-16|Invitation de Noël P1-P2|29.93|386
34|Carrier, Marc Antoine|13|1999|BBF|Québec|2012-04-22|Section 2 - Championnat par équipe|30.00|383
35|Lee, Jong Hoon|13|1998|APEX|Ontario|2012-01-21|2012 A-B Meet|30.01|383
35|Allon, Joshua|13|1999|WRMS|Ontario|2012-05-05|Aqua 7 Finals|30.01|383
37|Guest, Patrick|13|1998|PCSC|Québec|2012-04-22|Section 1 - Championnat par équipe|30.10|379
38|Lau, Stuart|13|1998|EKSC|Alberta|2011-10-30|Saskatoon Goldfins Invitational|30.11|379
39|Zakala, Josh|13|1998|KAJ|British Columbia|2012-03-11|KISU Spring Triple Pentathlon|30.14|378
40|Perreault, Alexandre|13|1998|OTTSC|Ontario|2011-12-16|Invitation de Noël P1-P2|30.16|377
41|Pouliot, Michael|13|1998|ENC|Québec|2012-06-03|Finale régionale Jeux du Québec 2012|30.17|377
42|Powers, Robert|13|1998|UL|Québec|2012-05-27|Sélection des Jeux du Québec (Capitale-Nationale)|30.19|376
43|Glatz, Zander|13|1998|NCSA|Alberta|2012-03-10|2012 Speedo Alberta Age Group Championships|30.23|375
44|Cholette, Vincent|13|1998|SAMAK|Québec|2011-11-12|Open Sprint Samak 2011 (P1-P2)|30.29|372
45|Crawford, Brandon|13|1997|RAPID|British Columbia|2011-12-04|FastSwim Classic|30.31|372
46|Duanshi, Steven Tian Run|13|1998|WSC|British Columbia|2011-12-04|FastSwim Classic|30.33|371
46|Sljuka, Vincenzo|13|1998|LASC|Alberta|2011-12-09|2011 PCS Xmas Cracker Invitational|30.33|371
48|Gilchrist, Alexander|13|1998|AJAX|Ontario|2011-12-17|Invitation Pointe-Claire Provincial 2 2011|30.36|370
49|Kmyta, Lee|13|1998|KLAC|Ontario|2012-02-05|Dave Kensit Memorial Championship Meet|30.48|365
50|Hildebrand, Walker|13|1999|MANTA|Manitoba|2012-03-18|Man/Sask Short Course Provincial Championships|30.49|365