RANK|ATHLETES|AGE|YOB|CLUB|PROVINCE|DATE|MEET|TIME|FINA
1|Dubord, Marshal|13|1998|PPO|Québec|2012-02-25|Championnat provincial AQUAM groupes d'âge|4:12.37|599
2|Palaschuk, Brian|13|1998|ROD|Saskatchewan|2011-12-16|Invitation de Noël P1-P2|4:16.21|572
3|Lee, Jong Hoon|13|1998|APEX|Ontario|2012-03-04|2012 SC Junior & PARA Provincials|4:17.93|561
4|Telford, Ryan|13|1998|NKB|Ontario|2012-08-19|2012 Ontario Summer Games|4:18.28|559
5|Lau, Stuart|13|1998|EKSC|Alberta|2011-12-10|2011 PCS Xmas Cracker Invitational|4:18.51|557
6|Chatelain-Laflamme, Antoine|13|1998|NG|Québec|2012-02-25|Championnat provincial AQUAM groupes d'âge|4:19.19|553
7|Somers, Colm|13|1998|HWAC|Nova Scotia|2012-02-18|2012 Speedo Eastern Canadian Championships|4:20.12|547
8|Gilbert, Colin|13|1998|KCS|British Columbia|2012-03-04|2012 TAS SwimBC SC AAA Championships|4:20.67|543
9|Acevedo, Javier|13|1998|AJAX|Ontario|2012-01-21|2012 A-B Meet|4:21.21|540
10|Ahmad, Abdullah|13|1998|ESWIM|Ontario|2012-03-04|2012 SC Junior & PARA Provincials|4:21.55|538
11|Schramm, Justin|13|1998|LOSC|British Columbia|2012-01-22|CDSC New Years Invitational|4:22.61|531
12|Pan, Spencer|13|1998|UCSC|Alberta|2012-01-28|2012 Speedo Alberta Provincial Championships SC|4:22.94|529
13|Mac, Matthew|13|1998|OAK|Ontario|2011-12-03|Youth Cup|4:23.76|524
14|Pak, Haydn|13|1998|HYACK|British Columbia|2012-03-04|2012 TAS SwimBC SC AAA Championships|4:24.02|523
15|Baki, Ali|13|1998|OAK|Ontario|2012-03-04|2012 SC Junior & PARA Provincials|4:24.15|522
16|Paradis, Vincent|13|1998|MEGO|Québec|2011-12-02|11e INVITATION P1 & P2 avec Finales A & B|4:24.32|521
17|Bertrand, Kevin|13|1999|PCSC|Québec|2012-02-25|Championnat provincial AQUAM groupes d'âge|4:25.50|514
18|Mayer, Warren|13|1998|PICK|Ontario|2012-03-04|2012 SC Junior & PARA Provincials|4:25.99|511
19|Morin, Raphael|13|1998|TORP|Québec|2012-04-20|Section 2 - Championnat par équipe|4:27.81|501
20|Paulins, Sebastian|13|1998|BRANT|Ontario|2012-03-04|2012 SC Junior & PARA Provincials|4:27.94|500
21|Zakala, Josh|13|1998|KAJ|British Columbia|2012-03-04|2012 TAS SwimBC SC AAA Championships|4:28.81|495
22|Morley, William|13|1998|TSC|Ontario|2012-04-20|Division 1 Team Champs|4:28.82|495
23|Ackermann, Carel|13|1997|KCS|British Columbia|2011-12-10|KCS MJB Law Ice Classic|4:28.99|494
24|How, Alfie|13|1998|NEW|Ontario|2012-03-04|2012 SC Junior & PARA Provincials|4:29.08|494
25|Dapat, Eman|13|1998|VPSC|British Columbia|2012-03-04|2012 TAS SwimBC SC AAA Championships|4:29.25|493
26|Lai, Evans|13|1998|RHAC|Ontario|2012-03-04|2012 SC Junior & PARA Provincials|4:29.67|491
27|Katelnikoff, Justin|13|1998|CASC|Alberta|2012-03-10|2012 Speedo Alberta Age Group Championships|4:29.72|490
28|Villalobos, Rodrigo|13|1998|ESWIM|Ontario|2012-03-04|2012 SC Junior & PARA Provincials|4:29.78|490
29|Boily-Dufour, Samuel|13|1998|SR|Ontario|2012-08-19|2012 Ontario Summer Games|4:29.99|489
30|Vallee, Andrew|13|1998|BRANT|Ontario|2011-12-03|Youth Cup|4:30.42|487
31|Selmanovic, Din|13|1998|MSSAC|Ontario|2012-04-20|Division 1 Team Champs|4:30.98|484
32|Young, John|13|1998|DS|Ontario|2011-12-10|DS December Time Trial|4:31.06|483
33|Day, Jared|13|1998|CAO|Québec|2011-12-16|Invitation de Noël P1-P2|4:31.37|481
34|Duke, Nicolas|13|1998|CHENA|British Columbia|2011-12-10|KCS MJB Law Ice Classic|4:31.59|480
35|Norg, Aaron|13|1998|WEST|Ontario|2011-11-12|Swim International|4:31.64|480
36|Li, Zixuan|13|1998|DS|Ontario|2011-12-18|Invitation provinciale P1-P2 de Noël 2011|4:34.17|467
37|Beaumont-Valdés, François-Xavier|13|1997|CSQ|Québec|2011-12-04|11e INVITATION P1 & P2 avec Finales A & B|4:34.37|466
38|Selezen, Matvei|13|1997|ESWIM|Ontario|2011-11-12|Swim International|4:34.98|463
39|Wilkes, Jordan|13|1998|GOLD|Saskatchewan|2012-02-05|2012 ROD Winter Invitational|4:35.00|463
40|Veregin, Liam|13|1998|GO|Ontario|2012-03-04|2012 SC Junior & PARA Provincials|4:35.27|461
41|Mackinnon, Ian|13|1998|GHAC|Ontario|2012-03-04|2012 SC Junior & PARA Provincials|4:35.50|460
42|Crocker, Gregory|13|1998|CASC|Alberta|2011-12-17|Invitation Pointe-Claire Provincial 2 2011|4:35.59|460
43|Taylor, Liam|13|1998|GOLD|Saskatchewan|2012-03-16|Man/Sask Short Course Provincial Championships|4:35.69|459
43|Cholette, Vincent|13|1998|SAMAK|Québec|2011-12-02|11e INVITATION P1 & P2 avec Finales A & B|4:35.69|459
45|Assameur, Yassine|13|1998|SAMAK|Québec|2011-12-02|11e INVITATION P1 & P2 avec Finales A & B|4:35.84|458
46|Whitford, Jack|13|1998|MMST|Ontario|2012-04-20|Division 2 Team Championships|4:36.17|457
47|Freund, Kaelan|13|1998|LASC|Alberta|2011-12-10|2011 PCS Xmas Cracker Invitational|4:36.60|455
48|Longcroft-Harris, Aiden|13|1998|TYEE|British Columbia|2012-07-21|BC Summer Games|4:36.72|454
49|Schaffler, Maximilian|13|1998|RAPID|British Columbia|2012-03-04|2012 TAS SwimBC SC AAA Championships|4:36.82|454
50|Isings, Connor|13|1998|BBF|Québec|2012-04-20|Section 2 - Championnat par équipe|4:37.26|451