RANK|ATHLETES|AGE|YOB|CLUB|PROVINCE|DATE|MEET|TIME|FINA
1|Li, Zixuan|13|1998|DS|Ontario|2011-12-18|Invitation provinciale P1-P2 de Noël 2011|4:42.24|580
2|Lau, Stuart|13|1998|EKSC|Alberta|2011-12-11|2011 PCS Xmas Cracker Invitational|4:43.18|575
3|Dubord, Marshal|13|1998|PPO|Québec|2012-02-26|Championnat provincial AQUAM groupes d'âge|4:45.55|560
4|Telford, Ryan|13|1998|NKB|Ontario|2012-08-18|2012 Ontario Summer Games|4:46.24|556
5|Lee, Jong Hoon|13|1998|APEX|Ontario|2012-03-02|2012 SC Junior & PARA Provincials|4:52.15|523
6|Somers, Colm|13|1998|HWAC|Nova Scotia|2012-03-03|East Coast Short Course Championship|4:52.87|519
7|Lai, Evans|13|1998|RHAC|Ontario|2012-03-02|2012 SC Junior & PARA Provincials|4:55.74|504
8|Pak, Haydn|13|1998|HYACK|British Columbia|2012-03-03|2012 TAS SwimBC SC AAA Championships|4:55.88|504
9|Mac, Matthew|13|1998|OAK|Ontario|2011-11-11|Swim International|4:56.96|498
10|Schaffler, Maximilian|13|1998|RAPID|British Columbia|2012-03-03|2012 TAS SwimBC SC AAA Championships|4:57.49|496
11|Harrison, Ethan|13|1999|AJAX|Ontario|2012-03-02|2012 SC Junior & PARA Provincials|4:57.52|495
12|Norg, Aaron|13|1998|WEST|Ontario|2012-01-20|RHAC Winter Invitational|4:57.53|495
13|Korpan, Jacob|13|1998|ROD|Saskatchewan|2012-03-18|Man/Sask Short Course Provincial Championships|4:59.08|488
14|Paradis, Vincent|13|1998|MEGO|Québec|2012-04-21|Section 2 - Championnat par équipe|4:59.57|485
15|Paulins, Sebastian|13|1998|BRANT|Ontario|2012-03-02|2012 SC Junior & PARA Provincials|4:59.59|485
16|Zakala, Josh|13|1998|KAJ|British Columbia|2012-03-03|2012 TAS SwimBC SC AAA Championships|4:59.97|483
17|Schramm, Justin|13|1998|LOSC|British Columbia|2012-01-21|CDSC New Years Invitational|5:00.17|482
18|Freund, Kaelan|13|1998|LASC|Alberta|2012-03-09|2012 Speedo Alberta Age Group Championships|5:01.69|475
19|Jones, Bryce|13|1998|KSS|Ontario|2011-12-02|Prairie Winter International|5:01.89|474
20|Goin, Emil|13|1999|DDO|Québec|2012-04-21|Section 2 - Championnat par équipe|5:02.23|473
21|Selmanovic, Din|13|1998|MSSAC|Ontario|2012-03-02|2012 SC Junior & PARA Provincials|5:02.82|470
22|Bertrand, Kevin|13|1999|PCSC|Québec|2012-02-26|Championnat provincial AQUAM groupes d'âge|5:03.72|466
23|Feng, Li Bob|13|1998|PCSC|Québec|2012-02-26|Championnat provincial AQUAM groupes d'âge|5:03.97|465
24|Sljuka, Vincenzo|13|1998|LASC|Alberta|2011-12-11|2011 PCS Xmas Cracker Invitational|5:04.00|464
25|Guest, Patrick|13|1998|PCSC|Québec|2012-02-26|Championnat provincial AQUAM groupes d'âge|5:05.52|457
26|Hill, Bryan|13|1998|CHENA|British Columbia|2012-03-03|2012 TAS SwimBC SC AAA Championships|5:06.21|454
27|Duan, Harry Ting Hui|13|1998|WSC|British Columbia|2012-01-15|Hyack Icebreaker Classic 2012|5:06.47|453
28|Beaumont-Valdés, François-Xavier|13|1997|CSQ|Québec|2011-12-03|11e INVITATION P1 & P2 avec Finales A & B|5:07.53|449
29|Cusimano, Sam|13|1998|GGST|Ontario|2012-03-02|2012 SC Junior & PARA Provincials|5:07.69|448
30|Meier, Simon|13|1998|MM|Manitoba|2012-01-15|UCSC Grand Prix|5:08.36|445
31|Li, Yi Wen|13|1997|PCSC|Québec|2011-12-03|11e INVITATION P1 & P2 avec Finales A & B|5:08.62|444
32|Roberton, Kevin|13|1998|WS|Ontario|2012-03-02|2012 SC Junior & PARA Provincials|5:08.69|444
33|Wilson, Daniel|13|1998|AJAX|Ontario|2012-03-02|2012 SC Junior & PARA Provincials|5:08.93|442
34|Choi, Derek|13|1999|APEX|Ontario|2012-08-18|2012 Ontario Summer Games|5:09.68|439
35|Gilbert, Colin|13|1998|KCS|British Columbia|2012-01-15|Hyack Icebreaker Classic 2012|5:09.69|439
36|Ha, Eun Soo|13|1998|RHAC|Ontario|2012-03-02|2012 SC Junior & PARA Provincials|5:09.94|438
37|Veregin, Liam|13|1998|GO|Ontario|2012-02-05|2012 EOSA SC Regional Championships|5:10.02|438
38|Timbro-leclaire, Mathieu|13|1998|PCSC|Québec|2012-02-26|Championnat provincial AQUAM groupes d'âge|5:10.13|437
39|Villalobos, Rodrigo|13|1998|ESWIM|Ontario|2012-03-02|2012 SC Junior & PARA Provincials|5:10.15|437
40|Ackermann, Carel|13|1997|KCS|British Columbia|2011-12-11|KCS MJB Law Ice Classic|5:10.24|437
41|Morley, William|13|1998|TSC|Ontario|2011-12-18|Invitation provinciale P1-P2 de Noël 2011|5:10.39|436
42|Chatelain-Laflamme, Antoine|13|1998|NG|Québec|2012-01-15|Invitation d'hive P1-P2|5:10.89|434
43|How, Alfie|13|1998|NEW|Ontario|2011-12-18|Invitation provinciale P1-P2 de Noël 2011|5:11.00|434
44|Desjardins-Labelle, Samuel|13|1998|NG|Québec|2012-04-21|Section 2 - Championnat par équipe|5:11.02|434
45|Kerr, Skyeler|13|1998|CONNU|British Columbia|2011-12-02|JP Fiset International|5:11.08|433
46|Henger, Benjamin|13|1998|WTSC|Nova Scotia|2011-12-09|Nova Scotia Team Champs|5:11.44|432
47|Bidrman, Oliver|13|1998|UCSC|Alberta|2012-03-09|2012 Speedo Alberta Age Group Championships|5:11.73|431
48|Carmichael, Jordan|13|1998|MM|Manitoba|2012-03-18|Man/Sask Short Course Provincial Championships|5:11.99|430
49|Mayer, Warren|13|1998|PICK|Ontario|2011-11-11|Swim International|5:12.04|429
50|Baki, Ali|13|1998|OAK|Ontario|2012-03-02|2012 SC Junior & PARA Provincials|5:12.17|429