RANK|ATHLETES|AGE|YOB|CLUB|PROVINCE|DATE|MEET|TIME|FINA
1|Dubord, Marshal|13|1998|PPO|Québec|2012-02-24|Championnat provincial AQUAM groupes d'âge|16:41.56|611
2|Palaschuk, Brian|13|1998|ROD|Saskatchewan|2011-12-16|Invitation de Noël P1-P2|16:48.58|598
3|Lau, Stuart|13|1998|EKSC|Alberta|2012-01-13|Blue Bears|16:52.87|591
4|Gilbert, Colin|13|1998|KCS|British Columbia|2012-01-20|KAJ SnowFest Meet|16:55.81|586
5|Chatelain-Laflamme, Antoine|13|1998|NG|Québec|2012-02-19|2012 Speedo Eastern Canadian Championships|16:56.67|584
6|Paradis, Vincent|13|1998|MEGO|Québec|2012-04-22|Section 2 - Championnat par équipe|17:06.07|568
7|Zakala, Josh|13|1998|KAJ|British Columbia|2012-03-01|2012 TAS SwimBC SC AAA Championships|17:13.53|556
8|Ahmad, Abdullah|13|1998|ESWIM|Ontario|2012-04-22|Division 1 Team Champs|17:22.47|542
9|Villalobos, Rodrigo|13|1998|ESWIM|Ontario|2012-01-20|2012 A-B Meet|17:23.11|541
10|Morin, Raphael|13|1998|TORP|Québec|2012-04-22|Section 2 - Championnat par équipe|17:30.39|530
11|Lee, Jong Hoon|13|1998|APEX|Ontario|2011-12-09|PICK Lisa Flood Christmas Classic 2011|17:30.68|529
12|Day, Jared|13|1998|CAO|Québec|2011-12-16|Invitation de Noël P1-P2|17:32.98|526
13|Mac, Matthew|13|1998|OAK|Ontario|2011-12-01|Youth Cup|17:33.52|525
14|Pan, Spencer|13|1998|UCSC|Alberta|2012-01-29|2012 Speedo Alberta Provincial Championships SC|17:35.61|522
15|Schramm, Justin|13|1998|LOSC|British Columbia|2011-12-09|2011 PCS Xmas Cracker Invitational|17:40.62|514
16|Vallee, Andrew|13|1998|BRANT|Ontario|2011-12-01|Youth Cup|17:41.71|513
17|Baki, Ali|13|1998|OAK|Ontario|2011-12-01|Youth Cup|17:42.60|512
18|Taylor, Liam|13|1998|GOLD|Saskatchewan|2012-03-15|Man/Sask Short Course Provincial Championships|17:43.71|510
19|Crocker, Gregory|13|1998|CASC|Alberta|2012-03-11|2012 Speedo Alberta Age Group Championships|17:44.04|509
20|Freund, Kaelan|13|1998|LASC|Alberta|2012-03-11|2012 Speedo Alberta Age Group Championships|17:45.04|508
21|Lai, Evans|13|1998|RHAC|Ontario|2011-12-01|Youth Cup|17:46.49|506
22|Desjardins-Labelle, Samuel|13|1998|NG|Québec|2012-02-24|Championnat provincial AQUAM groupes d'âge|17:49.51|502
23|Morley, William|13|1998|TSC|Ontario|2012-04-22|Division 1 Team Champs|17:50.14|501
24|Bernard, Derek|13|1998|EPMJ|Québec|2012-02-24|Championnat provincial AQUAM groupes d'âge|17:51.56|499
25|Paulins, Sebastian|13|1998|BRANT|Ontario|2011-12-01|Youth Cup|17:52.66|497
26|Assameur, Yassine|13|1998|SAMAK|Québec|2012-04-22|Section 1 - Championnat par équipe|17:54.15|495
27|Pak, Haydn|13|1998|HYACK|British Columbia|2012-01-15|Hyack Icebreaker Classic 2012|17:55.54|493
28|Dapat, Eman|13|1998|VPSC|British Columbia|2012-03-01|2012 TAS SwimBC SC AAA Championships|17:55.55|493
29|Kay, Philip|13|1999|AJAX|Ontario|2012-06-17|Ajax Season Ender Time Trial|17:57.57|490
30|Burns, Mark|13|1999|AJAX|Ontario|2012-06-17|Ajax Season Ender Time Trial|17:57.67|490
31|Bélanger, Édouard|13|1998|CSQ|Québec|2012-04-22|Section 1 - Championnat par équipe|17:59.82|487
32|Sljuka, Vincenzo|13|1998|LASC|Alberta|2011-12-09|2011 PCS Xmas Cracker Invitational|18:00.54|486
33|Phillips, Ethan|13|1999|KCS|British Columbia|2012-07-22|BC Summer Games|18:01.31|485
34|Wilkes, Jordan|13|1998|GOLD|Saskatchewan|2012-02-03|2012 ROD Winter Invitational|18:03.17|483
35|Beaumont-Valdés, François-Xavier|13|1997|CSQ|Québec|2011-12-02|11e INVITATION P1 & P2 avec Finales A & B|18:03.27|483
36|Isings, Connor|13|1998|BBF|Québec|2012-04-22|Section 2 - Championnat par équipe|18:03.36|483
37|Robinson, Bryner|13|1998|EKSC|Alberta|2011-12-01|JP Fiset International|18:05.00|480
38|Korpan, Jacob|13|1998|ROD|Saskatchewan|2011-12-16|Invitation de Noël P1-P2|18:05.48|480
39|Laperle, Vincent|13|1998|PPO|Québec|2012-02-24|Championnat provincial AQUAM groupes d'âge|18:05.66|480
40|Voudouris, Matthew|13|1997|NYAC|Ontario|2011-12-01|Youth Cup|18:06.29|479
41|Papangelakis, Panagiotis|13|1998|DS|Ontario|2012-06-09|DS June 2012 Time Trials|18:06.61|478
42|Dundas, Tom|13|1998|CP|Alberta|2012-03-11|2012 Speedo Alberta Age Group Championships|18:07.25|477
43|Fisher, Stephen|13|1998|GOLD|Saskatchewan|2012-03-15|Man/Sask Short Course Provincial Championships|18:08.68|476
44|Kerr, Skyeler|13|1998|CONNU|British Columbia|2012-04-14|Fort St. John Inconnu Spring Meet|18:12.01|471
45|Carmichael, Jordan|13|1998|MM|Manitoba|2012-03-15|Man/Sask Short Course Provincial Championships|18:13.80|469
46|Schaffler, Maximilian|13|1998|RAPID|British Columbia|2012-03-01|2012 TAS SwimBC SC AAA Championships|18:14.77|468
47|Freihammer, Max|13|1998|MANTA|Manitoba|2012-03-15|Man/Sask Short Course Provincial Championships|18:16.06|466
48|Choi, Derek|13|1999|APEX|Ontario|2012-08-17|2012 Ontario Summer Games|18:16.65|465
49|Thibodeau, Christophe|13|1999|CNHR|Québec|2012-04-20|Section 5 NORD - Championnat par équipe|18:19.97|461
50|Carrière, Marc-Antoine|13|1998|CNCB|Québec|2012-02-24|Championnat provincial AQUAM groupes d'âge|18:20.08|461