RANK|AGES|CLUB|TEAM|PROVINCE|DATE|MEET|TIME|FINA
1|10 - 10|Summerland Orca Swim Club|SOSC A|British Columbia|2018-11-17|2018 KAJ Fall Classic|2:07.68|402
2|10 - 10|Pacific Sea Wolves|PSW D|British Columbia|2019-06-23|SUMMER AGE GROUP CHAMPIONSHIPS|2:10.74|374
3|10 - 10|Canadian Dolphin Swim Club|CDSC A|British Columbia|2019-06-22|SUMMER AGE GROUP CHAMPIONSHIPS|2:12.97|355
4|10 - 10|University Of Calgary Swim Club|UCSC A|Alberta|2018-10-20|UCSC Holiday Classic|2:13.45|352
5|10 - 10|Hyack Swim Club|HYACKA|British Columbia|2019-06-22|SUMMER AGE GROUP CHAMPIONSHIPS|2:14.14|346
6|10 - 10|Toronto Swim Club|TSC A|Ontario|2018-11-17|Youth Cup|2:14.40|344
7|10 - 10|Etobicoke Swim Club|ESWIMA|Ontario|2018-12-09|Youth Cup|2:14.49|344
8|10 - 10|North York Aquatic Club|NYAC A|Ontario|2018-12-09|Youth Cup|2:14.66|342
9|10 - 10|Natation Gatineau|NG A|Québec|2018-11-24|2019 TOP Cup SC|2:16.53|328
10|10 - 10|Calgary Patriots Swim Club|CP A|Alberta|2018-10-13|Jack Frost 2018|2:17.69|320
11|10 - 10|Club Aquatique Montreal|CAMO C|Québec|2019-04-13|ARENA Challenge du printemps Développement mixte 2019 CAMO|2:18.02|318
12|10 - 10|Côte St-Luc Aquatics|CSLA E|Québec|2018-11-25|Invitation provinciale de Montréal-Nord|2:18.17|317
13|10 - 10|Charlottetown Bluephins Aquatic Club|CBAC B|Prince-Edward-Island|2018-12-15|PEI's U10 Winterfest Meet|2:18.20|317
14|10 - 10|Sussex Swordfish|SWRD A|New Brunswick|2019-02-09|February Fun Meet Sussex NB|2:18.32|316
15|10 - 10|Richmond Rapids Swim Club|RAPIDA|British Columbia|2019-02-23|Winter Age Group Championships|2:18.51|314
16|10 - 10|St. James Seals|SEALSA|Manitoba|2019-02-22|Manitoba Open Junior Provincials|2:19.67|307
17|10 - 10|Club Aquatique Montreal|CAMO A|Québec|2019-03-31|Inter club U12|2:20.47|301
18|10 - 10|Saskatoon Goldfins Swim Club|GOLD F|Saskatchewan|2018-11-04|BKSC Winter Classic Invitational|2:20.85|299
19|10 - 10|Richmond Hill Aquatic Club|RHAC A|Ontario|2018-10-20|Alex Baumann Invitational|2:21.02|298
20|10 - 10|Etobicoke Swim Club|ESWIMB|Ontario|2018-11-10|2019 TOP Cup SC|2:22.21|291
21|10 - 10|Newmarket Stingrays Swim Club|NEW A|Ontario|2019-02-09|Central Region B Champs 2019|2:23.02|286
22|10 - 10|C.N. Région de Québec|CNQ A|Québec|2019-04-13|ARENA Challenge du printemps Développement mixte 2019 CAMO|2:23.28|284
23|10 - 10|Oakville Aquatic Club|OAK A|Ontario|2018-11-25|West International|2:23.32|284
24|10 - 10|London Aquatic Club|LAC A|Ontario|2018-11-25|LAC - Nothers Fall Invitational|2:23.61|282
25|10 - 10|C.A. Régional de l'Abitibi-Témiscamingue|CARATA|Québec|2019-05-05|Barrie Devo Meet|2:23.66|282
26|10 - 10|Toronto Swim Club|TSC B|Ontario|2018-11-17|York Invitational|2:24.33|278
27|10 - 10|Greater Ottawa Kingfish Swim Club|GO A|Ontario|2018-11-24|2018 CSL Snowflake Invitational|2:24.38|278
28|10 - 10|Pointe-Claire Swim Club|PCSC A|Québec|2018-11-24|2019 TOP Cup SC|2:24.57|276
29|10 - 10|Côte St-Luc Aquatics|CSLA A|Québec|2018-12-01|Lac St-Louis Regional #5|2:24.69|276
30|10 - 10|Côte St-Luc Aquatics|CSLA B|Québec|2018-10-27|Régionale 1 ANLSL|2:24.97|274
31|10 - 10|Nepean Kanata Barracudas|NKB A|Ontario|2018-12-01|Heats and Finals SC Finale|2:25.08|274
32|10 - 10|Windsor Aquatic Club|WAC A|Ontario|2018-12-09|Border City Invitational|2:25.12|273
33|10 - 10|Cobra Swim Club|COBRAA|Ontario|2018-11-03|Newmarket Stingrays Fall Invitational|2:25.17|273
34|10 - 10|Calgary Patriots Swim Club|CP E|Alberta|2019-02-02|Maverick Madness 2019|2:25.19|273
35|10 - 10|Club aquatique CDN-NDG|CDND A|Québec|2019-04-06|Jeux de Montréal 2019|2:25.67|270
36|10 - 10|Club de Natation SAMAK|SAMA F|Québec|2018-12-01|Neptune International (CSPO 25m)|2:26.37|266
37|10 - 10|Mississauga Aquatic Club|MSSACA|Ontario|2018-11-24|Alex Baumann Invitational|2:26.83|264
38|10 - 10|Club Aquatique Montreal|CAMO B|Québec|2019-03-31|Inter club U12|2:28.34|256
39|10 - 10|Mississauga Aquatic Club|MSSACB|Ontario|2018-11-24|Future Stars|2:28.35|256
40|10 - 10|Wilmot Aquatic Aces|WAAC A|Ontario|2018-11-17|LAC - 12 and Under Celebration|2:28.52|255
41|10 - 10|Oakville Aquatic Club|OAK B|Ontario|2018-10-13|HOBC Finale|2:28.86|253
42|10 - 10|E.N. Longueuil|ELITEA|Québec|2019-05-11|2019 TOP Cup SC|2:28.97|253
43|10 - 10|Barrie Trojan Swim Club|BTSC A|Ontario|2019-02-02|2019 Huronia SC Regional Championships|2:29.10|252
44|10 - 10|Delta Sungod Swim Club|DELTAA|British Columbia|2019-02-09|LMR Championships|2:29.22|251
45|10 - 10|Cascade Swim Club|CASC A|Alberta|2019-02-02|Maverick Madness 2019|2:29.27|251
46|10 - 10|Mount Pearl Marlins Swim Club|MPM A|Newfoundland|2018-10-21|PSC Rock the Block 2018|2:29.75|249
47|10 - 10|Dorval Swim Club|DSC K|Québec|2019-05-11|2019 TOP Cup SC|2:29.77|249
48|10 - 10|Richmond Hill Aquatic Club|RHAC B|Ontario|2018-10-20|Newmarket Stingrays Fall Invitational|2:30.43|245
49|10 - 10|Dorval Swim Club|DSC A|Québec|2018-10-27|Régionale ANLSL Pointe-Claire|2:30.56|245
50|10 - 10|Clarington Swim Club|ROC A|Ontario|2019-05-05|ROC vs DUCKS Dual in the Pool|2:30.62|244