RANK|ATHLETES|AGE|YOB|CLUB|PROVINCE|DATE|MEET|TIME|FINA
1|Qi, Kelly|10|2008|WDSC|British Columbia|2019-02-23|Winter Age Group Championships|1:19.62|480
2|Chiu, Briana|10|2007|VPSC|British Columbia|2018-10-27|VPSC Fall Invitational|1:22.28|435
3|Clark, Maxine|10|2008|UCSC|Alberta|2019-05-26|Summer Festival South|1:25.21|391
4|Du, Shu Tong|10|2008|RHAC|Ontario|2019-02-17|2019 Ontario Winter Festival Championships|1:25.28|390
5|Arhontoudis, Ava|10|2008|NYAC|Ontario|2019-02-17|2019 Ontario Winter Festival Championships|1:26.50|374
6|Edgar, Victoria|10|2008|OAK|Ontario|2019-01-20|Audi Midtown Toronto Winter Classic-SC 12 & U (TPASC)|1:27.35|363
7|Haringa, Kara|10|2008|WAAC|Ontario|2019-02-17|2019 Ontario Winter Festival Championships|1:27.57|361
8|Okugawa, Hana|10|2007|SCAR|Ontario|2018-12-09|Border City Invitational|1:27.68|359
9|Leas, Ava|10|2007|SFNV|British Columbia|2018-10-27|VPSC Fall Invitational|1:28.07|355
10|Hall, Violette|10|2008|CSLA|Québec|2018-10-27|Régionale 1 ANLSL|1:28.51|349
11|Taghavi, Shayda|10|2009|HYACK|British Columbia|2019-06-22|SUMMER AGE GROUP CHAMPIONSHIPS|1:28.65|348
12|Jiang, Selina|10|2007|PSW|British Columbia|2018-11-10|ISC 2018 Bennett Cup|1:28.95|344
13|Wei, Oprah|10|2008|RHSD|Ontario|2018-12-22|2018 Trillium Cup|1:29.29|340
14|Beshry, Malak|10|2008|UCSC|Alberta|2019-05-26|Summer Festival South|1:29.34|340
15|Wyncoll, Siena|10|2008|ESWIM|Ontario|2018-12-22|2018 Trillium Cup|1:29.68|336
16|Clark, Abigail|10|2008|CP|Alberta|2019-05-12|Fast & Furious Invitational|1:29.80|334
17|Momotiuk, Avery|10|2007|WEST|Ontario|2018-10-20|2018 RHAC Fall Classic|1:29.87|334
18|Hua, Jessie|10|2008|SFA|British Columbia|2019-07-27|SKSC Summer Fest|1:30.16|330
19|Bouaziz, Dalia|10|2008|GO|Ontario|2019-02-03|2019 Eastern Ontario Regional Championships (SC/LC)|1:30.36|328
20|Pobol, Emma|10|2008|ESWIM|Ontario|2018-12-22|2018 Trillium Cup|1:30.46|327
21|Tigert, Leah|10|2008|TSC|Ontario|2019-03-03|Steve Kingston Memorial Swim Meet|1:30.61|325
22|Zhou, Angela|10|2007|WSC|British Columbia|2018-11-10|2018 Brad Reid Memorial Invitational|1:30.63|325
23|Gratton, Clara|10|2008|CAMO|Québec|2019-06-16|Championnat provincial 11-12 ans et Paranatation d'été|1:30.88|323
24|Bassermann, Emma|10|2009|DSC|Québec|2019-05-11|2019 TOP Cup SC|1:31.59|315
25|Smith-Theriault, Alexa|10|2007|PCSC|Québec|2018-10-27|Régionale 1 ANLSL|1:32.01|311
26|Logan, Quinlynn|10|2008|CW|Ontario|2019-03-03|Wilmot Aces Team Challenge Cup|1:32.31|308
27|Miksa, Adele|10|2008|NYAC|Ontario|2019-02-10|Central Region B Champs 2019|1:32.69|304
28|Elbard-Berkovski, Enye|10|2008|GHAC|Ontario|2019-02-17|2019 Ontario Winter Festival Championships|1:32.74|304
29|Kruse, Jessie|10|2008|BAD|Ontario|2018-12-15|Team Showdown 2018|1:32.86|302
30|Robinson, Stella|10|2009|GPP|Alberta|2019-06-23|Summer Sizzler|1:32.89|302
31|Fournier, Zoé|10|2008|RL|Québec|2019-02-17|Championnat provincial 11-12 ans et Paranatation - Hiver|1:32.90|302
32|Anderson, Charlotte|10|2008|SWOTT|Ontario|2019-02-17|2019 Ontario Winter Festival Championships|1:33.18|299
33|Revenberg, Julia|10|2007|COMOX|British Columbia|2018-11-10|ISC 2018 Bennett Cup|1:33.34|298
34|Weatherhead, Taryn|10|2008|SOSC|British Columbia|2019-02-23|Winter Age Group Championships|1:33.46|297
34|Sun, Cici|10|2008|WVOSC|British Columbia|2019-04-14|Winskill Dolphins LMR|1:33.46|297
36|Du, Cindy|10|2008|RAPID|British Columbia|2019-06-22|SUMMER AGE GROUP CHAMPIONSHIPS|1:33.80|293
37|Gonzalez, Daniella|10|2009|CAMO|Québec|2019-04-13|ARENA Challenge du printemps Développement mixte 2019 CAMO|1:34.55|286
38|Hartway, Madyson|10|2008|OTTER|Ontario|2018-12-09|Youth Cup|1:34.57|286
39|Zou, Laura|10|2008|PSW|British Columbia|2018-12-15|Rapids Fast-Swim Classic|1:34.82|284
39|Tang, Sonia|10|2007|NYAC|Ontario|2018-11-04|NYAC Cup|1:34.82|284
41|James, Katie|10|2008|DST|British Columbia|2019-05-05|Sharks 10 & Under Challenge|1:34.86|284
42|Kalmakoff, Maya|10|2008|CWC|Alberta|2019-03-01|Provincials - Short Course|1:34.95|283
43|Piersic, Yuka|10|2008|HYACK|British Columbia|2019-02-23|Winter Age Group Championships|1:35.01|282
44|Greenfield, Riley|10|2008|ISC|British Columbia|2019-05-05|Sharks 10 & Under Challenge|1:35.02|282
45|Ritchie, Avery|10|2007|RAPID|British Columbia|2018-12-15|Rapids Fast-Swim Classic|1:35.12|281
46|Timpug, Ava|10|2008|SEALS|Manitoba|2019-02-24|Manitoba Open Junior Provincial|1:35.24|280
47|Thorne, Claire|10|2008|NEW|Ontario|2019-02-17|2019 Ontario Winter Festival Championships|1:35.27|280
48|Aylsworth, Isabella|10|2007|ROW|Ontario|2018-12-02|Neptune International (CSPO 25m)|1:35.46|278
49|Chistyakova, Sofiya|10|2008|BBSC|Manitoba|2019-02-24|Manitoba Open Junior Provincial|1:35.50|278
50|Blake, Noemi|10|2008|BTSC|Ontario|2019-02-02|2019 Huronia SC Regional Championships|1:35.51|278