RANK|ATHLETES|AGE|YOB|CLUB|PROVINCE|DATE|MEET|TIME|FINA
1|Meawasige, Madelyn|10|2008|ELAC|Ontario|2019-04-07|2019 Top Fish #3 South|55.40|980
2|Clark, Maxine|10|2008|UCSC|Alberta|2019-05-25|Summer Festival South|1:14.49|403
3|Kryger, Madison|10|2008|GCAC|Ontario|2019-04-27|2019 Ontario Team Challenge|1:15.18|392
4|Qi, Kelly|10|2008|WDSC|British Columbia|2019-01-18|Canadian Dolphin New Years Invitational 2019|1:15.20|391
5|Rogers, Olive|10|2008|ESWIM|Ontario|2019-02-16|2019 Ontario Winter Festival Championships|1:15.92|380
6|Tigert, Leah|10|2008|TSC|Ontario|2019-05-12|2019 TOP Cup SC|1:15.93|380
7|West, Halle|10|2008|SEALS|Manitoba|2019-06-08|Manitoba Open Junior Provincials|1:16.00|379
8|Chiu, Briana|10|2007|VPSC|British Columbia|2018-10-27|VPSC Fall Invitational|1:16.06|378
9|Du, Shu Tong|10|2008|RHAC|Ontario|2019-02-16|2019 Ontario Winter Festival Championships|1:17.53|357
10|Joseph, Anna|10|2008|CP|Alberta|2018-12-16|Age Group Food Bank Challenge|1:18.22|348
11|Hua, Jessie|10|2008|SFA|British Columbia|2019-07-28|SKSC Summer Fest|1:18.25|347
12|Turton-Sugden, Emma|10|2008|OAK|Ontario|2019-02-16|2019 Ontario Winter Festival Championships|1:18.49|344
12|Greenfield, Riley|10|2008|ISC|British Columbia|2019-06-21|SUMMER AGE GROUP CHAMPIONSHIPS|1:18.49|344
14|Pobol, Emma|10|2008|ESWIM|Ontario|2019-05-12|2019 TOP Cup SC|1:18.59|343
15|Zou, Laura|10|2008|PSW|British Columbia|2019-01-18|Canadian Dolphin New Years Invitational 2019|1:18.77|340
16|Gagne, Maude|10|2008|TORP|Québec|2019-06-08|BBQ Développement 2019|1:18.94|338
17|Rambalie, Ava|10|2009|COBRA|Ontario|2019-06-15|2019 GHAC June Super Fun Invitational|1:19.01|337
18|Lambert, Jessie|10|2008|CNQ|Québec|2019-02-17|Championnat provincial 11-12 ans et Paranatation - Hiver|1:19.56|330
19|Soulliere, Sophia|10|2008|WEST|Ontario|2019-02-16|2019 Ontario Winter Festival Championships|1:19.74|328
20|Okugawa, Hana|10|2007|SCAR|Ontario|2018-12-07|Border City Invitational|1:19.80|327
21|Mcclay, Grier|10|2008|GLEN|Alberta|2018-12-16|Age Group Food Bank Challenge|1:19.98|325
22|Norman, Julia|10|2008|CP|Alberta|2019-03-03|Provincials - Short Course|1:20.48|319
23|Kyer, Alivia|10|2007|CSL|Ontario|2018-11-03|NYAC Cup|1:20.51|319
24|O'Regan, Ridley|10|2007|ESWIM|Ontario|2018-12-21|2018 Trillium Cup|1:20.58|318
25|Rachmielowski, Tekla|10|2008|OSC|Alberta|2019-03-03|Provincials - Short Course|1:20.61|318
26|Baker, Calleigh|10|2007|WAC|Ontario|2018-12-07|Border City Invitational|1:20.68|317
27|Hasiuk, Julianna|10|2008|MST~|Ontario|2019-06-05|Mallards June In House Competition|1:20.77|316
28|Revenberg, Julia|10|2007|COMOX|British Columbia|2018-10-27|2018 NRST Fall Invitational|1:20.79|316
29|Momotiuk, Avery|10|2007|WEST|Ontario|2018-10-20|2018 RHAC Fall Classic|1:20.90|314
30|Edgar, Victoria|10|2008|OAK|Ontario|2019-02-16|2019 Ontario Winter Festival Championships|1:21.00|313
31|Miksa, Adele|10|2008|NYAC|Ontario|2019-02-16|2019 Ontario Winter Festival Championships|1:21.03|313
32|Fournier, Zoé|10|2008|RL|Québec|2019-02-17|Championnat provincial 11-12 ans et Paranatation - Hiver|1:21.06|312
33|Porter, Mutsuki|10|2009|CDSC|British Columbia|2019-06-21|SUMMER AGE GROUP CHAMPIONSHIPS|1:21.09|312
34|Evans, Bridget|10|2008|EKSC|Alberta|2019-01-19|Blue Bears 2019|1:21.30|310
35|Dille, Sophia|10|2008|TRIT|Alberta|2018-12-01|Winter Festival North|1:21.58|306
36|Sun, Cici|10|2008|WVOSC|British Columbia|2019-02-22|Winter Age Group Championships|1:21.69|305
37|Huang, Elina|10|2007|PSW|British Columbia|2018-10-13|PSW Fall Invitational|1:21.96|302
38|Lawrence, Alissa|10|2008|ESWIM|Ontario|2019-02-16|2019 Ontario Winter Festival Championships|1:21.98|302
39|Janzen, Zoey|10|2008|UCSC|Alberta|2019-04-13|UCSC Dino Cup|1:22.09|301
40|Wang, Mackenzie|10|2007|HYACK|British Columbia|2018-10-13|PSW Fall Invitational|1:22.13|300
41|Hollo, Annika|10|2008|GO|Ontario|2019-02-01|2019 Eastern Ontario Regional Championships (SC/LC)|1:22.14|300
42|Tomic, Mia|10|2008|WAAC|Ontario|2019-05-05|Aqua 7 Finals|1:22.22|299
43|Cheung, Luna|10|2008|HYACK|British Columbia|2019-06-21|SUMMER AGE GROUP CHAMPIONSHIPS|1:22.33|298
44|Dubois, Raphaelle|10|2008|CAMO|Québec|2019-03-31|Inter club U12|1:22.36|298
45|Opara, Adaora|10|2008|TORCH|Ontario|2018-11-11|2018 Age Group International SC|1:22.40|297
46|Krauss, Ellie|10|2008|NG|Québec|2019-05-12|2019 TOP Cup SC|1:22.43|297
47|Blumel, Ruby|10|2007|CDSC|British Columbia|2018-10-13|PSW Fall Invitational|1:22.50|296
48|Jiang, Selina|10|2007|PSW|British Columbia|2018-10-13|PSW Fall Invitational|1:22.77|293
49|Saunders, Calli|10|2008|SPART|British Columbia|2019-01-27|SKSC Winter Fest|1:22.88|292
50|McNabb, Sara|10|2008|FAST|New Brunswick|2019-06-22|East Coast Games QPlex Splash into summer|1:22.97|291