RANK|ATHLETES|AGE|YOB|CLUB|PROVINCE|DATE|MEET|TIME|FINA
1|Chiu, Briana|10|2007|VPSC|British Columbia|2018-11-10|ISC 2018 Bennett Cup|2:41.97|402
2|Clark, Maxine|10|2008|UCSC|Alberta|2018-12-14|JP Fiset Invitational|2:46.75|369
3|Morgans, Alexia|10|2008|CDSC|British Columbia|2019-06-23|SUMMER AGE GROUP CHAMPIONSHIPS|2:50.42|345
3|Qi, Kelly|10|2008|WDSC|British Columbia|2019-02-03|Burnaby Dynamo LMR & 20 Years Anniversary Invitational|2:50.42|345
5|Kryger, Madison|10|2008|GCAC|Ontario|2018-11-24|Alex Baumann Invitational|3:01.89|284
6|Piersic, Yuka|10|2008|HYACK|British Columbia|2019-06-23|SUMMER AGE GROUP CHAMPIONSHIPS|3:05.02|270
7|Logan, Quinlynn|10|2008|CW|Ontario|2019-03-02|Wilmot Aces Team Challenge Cup|3:05.04|270
8|Weatherhead, Taryn|10|2008|SOSC|British Columbia|2019-06-16|Nolan's Pharmasave Invitational|3:05.71|267
9|Row, Jorja|10|2008|MPM|Newfoundland|2019-04-05|Bluefins Spring Invitational|3:06.12|265
10|Gonzalez, Daniella|10|2009|CAMO|Québec|2019-04-13|ARENA Challenge du printemps Développement mixte 2019 CAMO|3:08.19|256
11|Monsen, Marley|10|2008|GPP|Alberta|2019-04-07|2019 Spring Splash Invitational|3:08.92|253
12|Raffai, Sophia|10|2008|RAPID|British Columbia|2019-04-13|Winskill Dolphins LMR|3:10.71|246
13|Zhou, Angela|10|2007|WSC|British Columbia|2018-11-09|2018 Brad Reid Memorial Invitational|3:11.47|243
14|Etrue, Leigh|10|2008|JDSS|Ontario|2018-11-24|Alex Baumann Invitational|3:13.06|237
15|Gratton, Clara|10|2008|CAMO|Québec|2019-04-13|ARENA Challenge du printemps Développement mixte 2019 CAMO|3:13.17|237
16|Saunders, Calli|10|2008|SPART|British Columbia|2018-10-13|KISU Triple Pentathlon 2018|3:14.24|233
17|Dille, Sophia|10|2008|TRIT|Alberta|2019-07-14|Pirate Extreme Challenge|3:14.54|232
18|Norman, Julia|10|2008|CP|Alberta|2019-02-03|Maverick Madness 2019|3:16.23|226
19|Robinson, Stella|10|2009|GPP|Alberta|2019-04-07|2019 Spring Splash Invitational|3:16.55|225
20|Carlson, Amya|10|2008|SPART|British Columbia|2019-06-23|SUMMER AGE GROUP CHAMPIONSHIPS|3:17.29|222
21|Andrian, Emily|10|2008|CAMO|Québec|2019-06-15|Championnat provincial 11-12 ans et Paranatation d'été|3:17.84|220
22|McNabb, Sara|10|2008|FAST|New Brunswick|2019-01-20|Distance Qualifier 2019|3:21.68|208
23|Laurin, Mikayla|10|2008|GPP|Alberta|2019-04-07|2019 Spring Splash Invitational|3:22.11|207
24|GAGNE, KAELAH|10|2009|SFNV|British Columbia|2019-06-23|SUMMER AGE GROUP CHAMPIONSHIPS|3:22.17|207
25|Ferrell, Hailey|10|2008|PSW|British Columbia|2019-03-17|DSSC March LMR Meet|3:23.47|203
26|Dong, Rebecca|10|2009|RAPID|British Columbia|2019-07-27|SKSC Summer Fest|3:24.17|201
27|Ritchie, Avery|10|2007|RAPID|British Columbia|2018-12-07|Rapids TT #1|3:24.92|198
28|Zeng, Melissa|10|2008|GATOR|British Columbia|2019-06-23|SUMMER AGE GROUP CHAMPIONSHIPS|3:25.91|196
29|Soroke, Rebecca|10|2009|DELTA|British Columbia|2019-05-11|SFU-SFA LMR Swim Meet|3:25.96|195
30|Kudinov, Catherine|10|2009|CDNDG|Québec|2019-04-13|ARENA Challenge du printemps Développement mixte 2019 CAMO|3:27.90|190
31|Lee, Janine|10|2008|GATOR|British Columbia|2019-06-02|LMR Championships|3:27.97|190
32|Porter, Mutsuki|10|2009|CDSC|British Columbia|2019-01-19|Canadian Dolphin New Years Invitational 2019|3:30.52|183
33|Milz, Mikayla|10|2007|OLDS|Alberta|2018-11-03|Jack Frost 2018|3:31.27|181
34|Zou, Laura|10|2008|PSW|British Columbia|2019-01-19|Canadian Dolphin New Years Invitational 2019|3:32.28|178
35|Lebel, Alex|10|2008|NES|New Brunswick|2018-11-18|BLAST INVITATIONAL|3:33.09|176
36|Harlos, Macy|10|2009|ROD|Saskatchewan|2019-03-08|2019 Junior Short Course Provincials|3:33.42|176
37|Lutz, Addison|10|2008|NWN|Ontario|2018-12-01|Northwest Narwhal's Massaro Construction LTD Invitational|3:33.67|175
38|Zhang, Mofan|10|2008|PSW|British Columbia|2018-11-10|ISC 2018 Bennett Cup|3:36.70|168
39|Fassina, Madeline|10|2009|CHENA|British Columbia|2019-06-02|LMR Championships|3:39.44|161
40|Jay, Monica|10|2008|TIDE|New Brunswick|2019-02-09|February Fun Meet Sussex NB|3:42.21|155
41|Klinker, Mackenzie|10|2009|FAST|New Brunswick|2019-05-25|Premier Festival Edmundston NB|3:42.36|155
42|McMullen, Katie|10|2007|CREST|Ontario|2018-12-07|Border City Invitational|3:44.64|150
43|Hudon, Madeleine|10|2008|NRST|British Columbia|2019-02-24|Winter Age Group Championships|3:46.27|147
44|Tutschka, Morgan|10|2008|TIDE|New Brunswick|2019-02-09|February Fun Meet Sussex NB|3:47.65|145
45|Morine, Anne|10|2009|TCSC|Nova Scotia|2019-05-05|AA Age Group Development 3|3:48.56|143
46|Ouellette, Olivia|10|2008|FAST|New Brunswick|2018-11-17|2018 Fall Splash Invitational|3:49.10|142
47|Wang, Celina|10|2008|SKSC|British Columbia|2019-02-24|Winter Age Group Championships|3:49.30|141
48|Muxlow, Kaytlin|10|2009|SPART|British Columbia|2019-06-02|LMR Championships|3:49.64|141
49|Smith, Leah|10|2008|SJL|Newfoundland|2019-06-09|2019 Summer Classic Invitational|3:50.99|138
50|Krauss, Ellie|10|2008|NG|Québec|2019-06-15|Championnat provincial 11-12 ans et Paranatation d'été|3:52.66|135