RANK|AGES|CLUB|TEAM|PROVINCE|DATE|MEET|TIME|FINA
1|10 - 10|Richmond Rapids Swim Club|RAPIDC|British Columbia|2019-02-24|Winter Age Group Championships|2:17.28|425
2|10 - 10|Vancouver Pacific Swim Club|VPSC F|British Columbia|2019-06-23|SUMMER AGE GROUP CHAMPIONSHIPS|2:18.07|418
3|10 - 10|Canadian Dolphin Swim Club|CDSC C|British Columbia|2019-06-23|SUMMER AGE GROUP CHAMPIONSHIPS|2:21.57|388
4|10 - 10|Etobicoke Swim Club|ESWIMA|Ontario|2018-12-07|Youth Cup|2:29.60|328
5|10 - 10|Canadian Dolphin Swim Club|CDSC A|British Columbia|2019-02-22|Winter Age Group Championships|2:30.15|325
5|10 - 10|Canadian Dolphin Swim Club|CDSC D|British Columbia|2019-06-23|SUMMER AGE GROUP CHAMPIONSHIPS|2:30.15|325
5|10 - 10|Hyack Swim Club|HYACKA|British Columbia|2019-06-21|SUMMER AGE GROUP CHAMPIONSHIPS|2:30.15|325
8|10 - 10|North York Aquatic Club|NYAC A|Ontario|2018-12-07|Youth Cup|2:31.54|316
9|10 - 10|Canadian Dolphin Swim Club|CDSC E|British Columbia|2019-02-24|Winter Age Group Championships|2:32.63|309
10|10 - 10|Summerland Orca Swim Club|KWIC C|British Columbia|2019-02-24|Winter Age Group Championships|2:33.32|305
11|10 - 10|Toronto Swim Club|TSC A|Ontario|2018-11-18|Youth Cup|2:33.63|303
12|10 - 10|Calgary Patriots Swim Club|CP A|Alberta|2018-10-13|Canmore Pentathlon|2:33.65|303
13|10 - 10|Windsor-Essex Swim Team|WEST A|Ontario|2018-10-21|2018 RHAC Fall Classic|2:34.00|301
14|10 - 10|Vancouver Pacific Swim Club|VPSC B|British Columbia|2019-01-18|Canadian Dolphin New Years Invitational 2019|2:34.69|297
15|10 - 10|University Of Calgary Swim Club|UCSC A|Alberta|2019-04-26|EVDSC 2019 Annual Invitational Swim Meet|2:36.85|285
16|10 - 10|Winskill Dolphins|WDSC B|British Columbia|2018-10-13|SFU-SFA LMR Swim Meet|2:36.95|284
17|10 - 10|Pointe-Claire Swim Club|PCSC A|Québec|2019-05-12|2019 TOP Cup SC|2:39.55|271
18|10 - 10|Newmarket Stingrays Swim Club|NEW A|Ontario|2019-02-10|Central Region B Champs 2019|2:39.87|269
19|10 - 10|Club Aquatique Montreal|CAMO A|Québec|2019-04-13|ARENA Challenge du printemps Développement mixte 2019 CAMO|2:40.03|268
20|10 - 10|Regina Optimist Dolphin Swim Team|ROD A|Saskatchewan|2019-03-09|2019 Junior Short Course Provincials|2:40.09|268
21|10 - 10|St. James Seals|SEALSA|Manitoba|2019-02-23|Manitoba Open Junior Provincials|2:40.29|267
22|10 - 10|Toronto Swim Club|TSC B|Ontario|2018-11-18|York Invitational|2:40.40|266
23|10 - 10|Greater Ottawa Kingfish Swim Club|GO A|Ontario|2019-02-01|2019 Eastern Ontario Regional Championships (SC/LC)|2:40.53|266
24|10 - 10|Comox Valley Aquatic Club|COMOXA|British Columbia|2018-11-11|ISC 2018 Bennett Cup|2:41.30|262
25|10 - 10|Dorval Swim Club|DSC K|Québec|2019-05-12|2019 TOP Cup SC|2:41.89|259
26|10 - 10|Côte St-Luc Aquatics|CSLA B|Québec|2018-11-24|Invitation provinciale de Montréal-Nord|2:42.01|258
27|10 - 10|Etobicoke Swim Club|ESWIMB|Ontario|2018-11-11|2019 TOP Cup SC|2:42.31|257
28|10 - 10|Surrey Knights Swim Club|SKSC A|British Columbia|2018-10-13|SFU-SFA LMR Swim Meet|2:43.63|251
29|10 - 10|Olympian Swim Club|OSC A|Alberta|2019-01-19|Blue Bears 2019|2:43.85|250
30|10 - 10|UVic Pacific Coast Swimming|UVPCSA|British Columbia|2019-01-25|Vancouver Island Regional SC Championships|2:43.98|249
31|10 - 10|C.N. Région de Québec|CNQ A|Québec|2019-04-13|ARENA Challenge du printemps Développement mixte 2019 CAMO|2:44.02|249
32|10 - 10|Summerland Orca Swim Club|SOSC A|British Columbia|2018-11-18|2019 3rd Annual Winter Regional A Championships|2:44.08|249
33|10 - 10|Richmond Hill Aquatic Club|RHAC A|Ontario|2018-10-21|Newmarket Stingrays Fall Invitational|2:44.12|249
34|10 - 10|Windsor Aquatic Club|WAC A|Ontario|2018-12-08|Border City Invitational|2:44.94|245
35|10 - 10|Oakville Aquatic Club|OAK A|Ontario|2018-10-14|LAC - Nothers Fall Invitational|2:45.24|244
36|10 - 10|Toronto Olympian Swim Team|TORCHA|Ontario|2018-11-03|MAC Rising Star #1|2:45.42|243
37|10 - 10|E.N. Longueuil|ELITEA|Québec|2019-05-12|2019 TOP Cup SC|2:46.58|238
38|10 - 10|Pacific Sea Wolves|PSW B|British Columbia|2018-11-11|ISC 2018 Bennett Cup|2:46.80|237
39|10 - 10|Cobra Swim Club|COBRAC|Ontario|2019-05-12|2019 TOP Cup SC|2:46.87|237
40|10 - 10|Mississauga Aquatic Club|MSSACA|Ontario|2018-11-25|Alex Baumann Invitational|2:46.97|236
41|10 - 10|Pacific Sea Wolves|PSW C|British Columbia|2019-01-19|Canadian Dolphin New Years Invitational 2019|2:47.83|232
42|10 - 10|Island Swimming Club|ISC A|British Columbia|2019-01-26|Vancouver Island Regional SC Championships|2:48.31|230
43|10 - 10|Nepean Kanata Barracudas|NKB A|Ontario|2019-02-01|2019 Eastern Ontario Regional Championships (SC/LC)|2:48.64|229
44|10 - 10|University Of Calgary Swim Club|UCSC B|Alberta|2018-12-15|UCSC Holiday Classic|2:49.30|226
45|10 - 10|Wilmot Aquatic Aces|WAAC A|Ontario|2018-11-18|LAC - 12 and Under Celebration|2:49.41|226
46|10 - 10|Halifax Trojan Aquatic Club|HTAC B|Nova Scotia|2019-03-30|AA Age Group Development Meet Two|2:50.17|223
47|10 - 10|Club aquatique CDN-NDG|CDNDGE|Québec|2019-05-12|2019 TOP Cup SC|2:50.43|222
48|10 - 10|Simon Fraser Aquatics|SFA A|British Columbia|2019-03-16|Winskill Dolphins LMR|2:50.71|221
49|10 - 10|St. Stephen Aquatic Club|SSAC A|New Brunswick|2018-12-01|Premier #2 Saint John|2:51.60|217
50|10 - 10|Killarney Swim Club|KSC A|Alberta|2018-10-21|Fall Challenge|2:51.68|217