RANK|ATHLETES|AGE|YOB|CLUB|PROVINCE|DATE|MEET|TIME|FINA
1|Clark, Maxine|10|2008|UCSC|Alberta|2019-06-21|UCSC Team Champs|1:12.69|501
2|West, Halle|10|2008|SEALS|Manitoba|2019-06-08|Manitoba Open Junior Provincials|1:16.01|438
3|Du, Shu Tong|10|2008|RHAC|Ontario|2019-02-16|2019 Ontario Winter Festival Championships|1:16.04|437
4|Kryger, Madison|10|2008|GCAC|Ontario|2019-02-16|2019 Ontario Winter Festival Championships|1:18.62|396
5|Tigert, Leah|10|2008|TSC|Ontario|2019-02-16|2019 Ontario Winter Festival Championships|1:19.68|380
6|Logan, Quinlynn|10|2008|CW|Ontario|2019-02-16|2019 Ontario Winter Festival Championships|1:19.88|377
7|Fournier, Zoé|10|2008|RL|Québec|2019-03-23|Invitation du printemps NSH|1:20.40|370
8|Pobol, Emma|10|2008|ESWIM|Ontario|2018-12-07|Youth Cup|1:21.20|359
9|Dille, Sophia|10|2008|TRIT|Alberta|2019-07-13|Pirate Extreme Challenge|1:21.72|352
10|McNabb, Sara|10|2008|FAST|New Brunswick|2019-06-22|East Coast Games QPlex Splash into summer|1:21.86|350
11|Okugawa, Hana|10|2007|SCAR|Ontario|2018-10-13|MAC Fall Fest Invitational|1:22.05|348
12|chong, erica|10|2008|RHSD|Ontario|2019-02-16|2019 Ontario Winter Festival Championships|1:22.06|348
13|Rogers, Olive|10|2008|ESWIM|Ontario|2018-10-13|2018 Hall of Fame Meet|1:22.54|342
14|Haringa, Kara|10|2008|WAAC|Ontario|2019-02-16|2019 Ontario Winter Festival Championships|1:22.68|340
15|Monsen, Marley|10|2008|GPP|Alberta|2019-06-01|Summer Festival North|1:22.85|338
16|Janzen, Zoey|10|2008|UCSC|Alberta|2019-05-25|Summer Festival South|1:22.88|338
16|Miksa, Adele|10|2008|NYAC|Ontario|2018-12-07|Youth Cup|1:22.88|338
18|Barnes, Madeline|10|2008|TSC|Ontario|2019-02-16|2019 Ontario Winter Festival Championships|1:22.90|337
19|Rodgers, Sienna|10|2007|UCSC|Alberta|2018-10-20|UCSC Fall Start Up|1:22.96|337
20|Smith-Theriault, Alexa|10|2007|PCSC|Québec|2018-10-13|ARENA Challenge Automne 2018|1:23.00|336
21|Kyer, Alivia|10|2007|CSL|Ontario|2018-11-02|NYAC Cup|1:23.11|335
22|Burton, Isabelle|10|2008|LAC|Ontario|2018-10-21|LAC - Fall Startup Part 2|1:23.25|333
23|Evans, Bridget|10|2008|EKSC|Alberta|2019-03-10|Silver Tide Invitational|1:23.29|333
24|Li, Janelle|10|2008|OYO|Ontario|2019-02-16|2019 Ontario Winter Festival Championships|1:23.38|332
25|Felx, Lily|10|2008|ELITE|Québec|2019-06-02|Festival provincial développement - Ouest|1:23.39|331
26|Safa, Jade|10|2008|GGST|Ontario|2019-02-16|2019 Ontario Winter Festival Championships|1:23.64|328
27|Lambert, Jessie|10|2008|CNQ|Québec|2019-02-09|Aquafête 2019|1:23.68|328
28|Mcclay, Grier|10|2008|GLEN|Alberta|2019-03-03|Provincials - Short Course|1:23.72|328
29|Revenberg, Julia|10|2007|COMOX|British Columbia|2018-10-14|Sharks Thanksgiving Challenge|1:23.93|325
29|Opara, Adaora|10|2008|TORCH|Ontario|2019-02-16|2019 Ontario Winter Festival Championships|1:23.93|325
31|Mason, Sara|10|2008|KBM|Ontario|2019-02-16|2019 Ontario Winter Festival Championships|1:23.97|325
31|Tomic, Mia|10|2008|WAAC|Ontario|2019-02-16|2019 Ontario Winter Festival Championships|1:23.97|325
33|O'Regan, Ridley|10|2007|ESWIM|Ontario|2018-10-13|2018 Hall of Fame Meet|1:23.98|325
34|Joseph, Anna|10|2008|CP|Alberta|2018-11-03|Jack Frost 2018|1:24.00|324
35|Le Clair-Haddad, Okyana|10|2008|GO|Ontario|2019-02-16|2019 Ontario Winter Festival Championships|1:24.07|323
36|Wyncoll, Siena|10|2008|ESWIM|Ontario|2018-12-07|Youth Cup|1:24.38|320
37|Robinson, Stella|10|2009|GPP|Alberta|2019-06-01|Summer Festival North|1:24.50|319
38|Hollo, Annika|10|2008|GO|Ontario|2019-02-03|2019 Eastern Ontario Regional Championships (SC/LC)|1:24.52|318
39|Etrue, Leigh|10|2008|JDSS|Ontario|2019-04-27|2019 Ontario Team Challenge|1:24.63|317
40|Blake, Noemi|10|2008|BTSC|Ontario|2019-02-16|2019 Ontario Winter Festival Championships|1:24.65|317
41|Robichaud, Amelie|10|2008|ESWIM|Ontario|2018-12-07|Youth Cup|1:24.71|316
42|Beshry, Malak|10|2008|UCSC|Alberta|2019-05-25|Summer Festival South|1:24.76|316
43|Baker, Calleigh|10|2007|WAC|Ontario|2018-12-16|AOA S.E.A.L. at Sarnia Rapids|1:24.94|314
44|Grossi, Bianca|10|2008|LLST|Ontario|2019-04-27|2019 Seal Championships|1:25.07|312
45|Robitaille, Florence|10|2008|ELITE|Québec|2019-06-02|Festival provincial développement - Ouest|1:25.11|312
46|Begum, Amira|10|2008|PGB|British Columbia|2019-03-03|Cariboo Dental Frost Fest|1:25.58|307
47|Stefels, Torrin|10|2008|GCAC|Ontario|2019-04-27|2019 Ontario Team Challenge|1:25.60|306
48|Cheung, Eunice|10|2008|NEW|Ontario|2019-02-10|Central Region B Champs 2019|1:25.63|306
49|Wei, Oprah|10|2008|RHSD|Ontario|2018-12-22|2018 Trillium Cup|1:25.66|306
50|Dong, Dorothy|10|2008|NCA|Ontario|2019-02-16|2019 Ontario Winter Festival Championships|1:25.69|305