RANK|ATHLETES|AGE|YOB|CLUB|PROVINCE|DATE|MEET|TIME|FINA
1|Qi, Kelly|10|2008|WDSC|British Columbia|2019-02-23|Winter Age Group Championships|4:52.66|514
2|Clark, Maxine|10|2008|UCSC|Alberta|2018-12-16|JP Fiset Invitational|5:03.77|460
3|Kryger, Madison|10|2008|GCAC|Ontario|2019-04-26|2019 Ontario Team Challenge|5:06.31|448
4|Pobol, Emma|10|2008|ESWIM|Ontario|2019-05-10|2019 TOP Cup SC|5:07.62|443
5|Tigert, Leah|10|2008|TSC|Ontario|2019-05-10|2019 TOP Cup SC|5:09.49|435
6|Morgans, Alexia|10|2008|CDSC|British Columbia|2019-06-22|SUMMER AGE GROUP CHAMPIONSHIPS|5:13.42|418
7|Chiu, Briana|10|2007|VPSC|British Columbia|2018-11-11|ISC 2018 Bennett Cup|5:14.33|415
8|Dille, Sophia|10|2008|TRIT|Alberta|2018-12-16|JP Fiset Invitational|5:17.54|402
9|Gratton, Clara|10|2008|CAMO|Québec|2019-06-15|Championnat provincial 11-12 ans et Paranatation d'été|5:22.69|383
10|Krauss, Ellie|10|2008|NG|Québec|2019-05-10|2019 TOP Cup SC|5:22.95|382
11|Wilson, Victoria|10|2008|LSC|Ontario|2019-01-13|MSSAC Open|5:24.81|376
12|Turton-Sugden, Emma|10|2008|OAK|Ontario|2019-02-17|2019 Ontario Winter Festival Championships|5:24.92|376
13|chong, erica|10|2008|RHSD|Ontario|2019-02-17|2019 Ontario Winter Festival Championships|5:25.13|375
14|O'Regan, Ridley|10|2007|ESWIM|Ontario|2018-12-21|2018 Trillium Cup|5:25.61|373
15|Smith-Theriault, Alexa|10|2007|PCSC|Québec|2018-11-25|2018 CSL Snowflake Invitational|5:25.62|373
16|Peng, XinYao|10|2008|UCSC|Alberta|2019-03-01|Provincials - Short Course|5:25.83|372
17|Low, Naomi|10|2007|JDSS|Ontario|2018-12-08|Steeltown 2018|5:26.19|371
18|Weatherhead, Taryn|10|2008|SOSC|British Columbia|2019-02-23|Winter Age Group Championships|5:28.02|365
19|Greenfield, Riley|10|2008|ISC|British Columbia|2019-06-22|SUMMER AGE GROUP CHAMPIONSHIPS|5:28.09|365
20|Sun, Cici|10|2008|WVOSC|British Columbia|2019-02-23|Winter Age Group Championships|5:28.28|364
21|Ironside, Sophie|10|2008|MSSAC|Ontario|2019-02-17|2019 Ontario Winter Festival Championships|5:28.57|363
22|Opara, Adaora|10|2008|TORCH|Ontario|2018-12-08|Border City Invitational|5:31.45|354
23|Wyncoll, Siena|10|2008|ESWIM|Ontario|2018-12-08|Youth Cup|5:31.98|352
24|Camps, Ava|10|2008|TSC|Ontario|2019-05-10|2019 TOP Cup SC|5:32.46|351
25|Kyer, Alivia|10|2007|CSL|Ontario|2018-11-03|NYAC Cup|5:33.11|348
26|Rutten, Hannah|10|2008|KISU|British Columbia|2019-06-22|SUMMER AGE GROUP CHAMPIONSHIPS|5:34.22|345
27|Logan, Quinlynn|10|2008|CW|Ontario|2019-02-17|2019 Ontario Winter Festival Championships|5:35.06|342
28|Lawrence, Alissa|10|2008|ESWIM|Ontario|2019-05-10|2019 TOP Cup SC|5:35.25|342
29|Rogers, Olive|10|2008|ESWIM|Ontario|2018-12-08|Youth Cup|5:35.39|341
30|Ferrell, Hailey|10|2008|PSW|British Columbia|2019-06-22|SUMMER AGE GROUP CHAMPIONSHIPS|5:35.44|341
31|Robichaud, Amelie|10|2008|ESWIM|Ontario|2019-05-10|2019 TOP Cup SC|5:35.97|340
31|Guadalupe, Itzel|10|2009|CAEM|Québec|2019-06-15|Championnat provincial 11-12 ans et Paranatation d'été|5:35.97|340
33|Burton, Isabelle|10|2008|LAC|Ontario|2018-11-23|LAC - Nothers Fall Invitational|5:36.47|338
34|Gagne, Maude|10|2008|TORP|Québec|2019-06-09|BBQ Développement 2019|5:36.61|338
35|Jiang, Selina|10|2007|PSW|British Columbia|2018-12-14|Rapids Fast-Swim Classic|5:37.26|336
36|Du, Shu Tong|10|2008|RHAC|Ontario|2019-02-08|Central Region B Champs 2019|5:37.28|336
37|Haringa, Kara|10|2008|WAAC|Ontario|2019-02-17|2019 Ontario Winter Festival Championships|5:37.34|335
38|Grossi, Bianca|10|2008|LLST|Ontario|2019-02-17|2019 Ontario Winter Festival Championships|5:38.85|331
39|Stepanoff, Paige|10|2009|TORCH|Ontario|2019-06-01|PICK Last Gasp 2019|5:40.13|327
40|Revenberg, Julia|10|2007|COMOX|British Columbia|2018-11-11|ISC 2018 Bennett Cup|5:40.41|326
41|Edgar, Victoria|10|2008|OAK|Ontario|2019-02-08|Central Region B Champs 2019|5:40.69|326
42|Kitay, Lara|10|2008|NG|Québec|2019-05-10|2019 TOP Cup SC|5:40.85|325
43|Robinson, Amy|10|2008|PCSC|Québec|2018-11-25|2018 CSL Snowflake Invitational|5:41.40|324
44|Gonzalez, Daniella|10|2009|CAMO|Québec|2019-04-14|ARENA Challenge du printemps Développement mixte 2019 CAMO|5:41.61|323
45|Tomic, Mia|10|2008|WAAC|Ontario|2019-02-17|2019 Ontario Winter Festival Championships|5:42.38|321
46|Joseph, Anna|10|2008|CP|Alberta|2018-12-09|Distance & IM Challenge|5:42.59|320
47|Bhangu, Jannat|10|2008|DELTA|British Columbia|2019-07-27|SKSC Summer Fest|5:43.01|319
48|Vuong, Haillie|10|2008|MSSAC|Ontario|2019-02-08|Central Region B Champs 2019|5:44.33|315
49|Audy, Delphine|10|2008|CAMO|Québec|2019-02-02|ANBM 3 et Préliminaire des jeux de Montréal MHM 2019|5:44.35|315
50|Barnes, Madeline|10|2008|TSC|Ontario|2018-12-08|Youth Cup|5:45.74|312