RANK|ATHLETES|AGE|YOB|CLUB|PROVINCE|DATE|MEET|TIME|FINA
1|Clark, Maxine|10|2008|UCSC|Alberta|2019-05-26|Summer Festival South|31.12|480
2|Rodgers, Sienna|10|2007|UCSC|Alberta|2018-12-16|JP Fiset Invitational|31.32|471
3|Qi, Kelly|10|2008|WDSC|British Columbia|2019-04-13|Winskill Dolphins LMR|32.91|406
4|Chiu, Briana|10|2007|VPSC|British Columbia|2018-10-27|VPSC Fall Invitational|33.79|375
5|GIGOVIC, MATEA|10|2008|KSC|Alberta|2019-05-26|Summer Festival South|33.87|372
6|Opara, Adaora|10|2008|TORCH|Ontario|2019-02-17|2019 Ontario Winter Festival Championships|34.26|360
7|Logan, Quinlynn|10|2008|CW|Ontario|2019-02-17|2019 Ontario Winter Festival Championships|34.29|359
8|Du, Shu Tong|10|2008|RHAC|Ontario|2018-10-20|2018 RHAC Fall Classic|34.42|355
8|Rachmielowski, Tekla|10|2008|OSC|Alberta|2019-03-02|Provincials - Short Course|34.42|355
10|Row, Jorja|10|2008|MPM|Newfoundland|2019-06-09|2019 Summer Classic Invitational|34.52|352
11|Fournier, Zoé|10|2008|RL|Québec|2019-03-24|Invitation du printemps NSH|34.71|346
12|Hall, Violette|10|2008|CSLA|Québec|2018-10-27|Régionale 1 ANLSL|34.92|340
13|Joseph, Anna|10|2008|CP|Alberta|2018-12-16|Age Group Food Bank Challenge|34.96|339
14|Norman, Julia|10|2008|CP|Alberta|2019-05-11|Fast & Furious Invitational|35.09|335
15|O'Regan, Ridley|10|2007|ESWIM|Ontario|2018-12-21|2018 Trillium Cup|35.15|333
16|Dille, Sophia|10|2008|TRIT|Alberta|2019-03-02|Provincials - Short Course|35.28|330
17|Janzen, Zoey|10|2008|UCSC|Alberta|2019-05-26|Summer Festival South|35.36|327
18|Okugawa, Hana|10|2007|SCAR|Ontario|2018-10-14|MAC Fall Fest Invitational|35.38|327
19|Monsen, Marley|10|2008|GPP|Alberta|2019-06-02|Summer Festival North|35.42|326
20|Sun, Cici|10|2008|WVOSC|British Columbia|2019-04-13|Winskill Dolphins LMR|35.73|317
21|Taghavi, Shayda|10|2009|HYACK|British Columbia|2019-07-27|SKSC Summer Fest|35.76|316
22|Morgans, Alexia|10|2008|CDSC|British Columbia|2019-05-11|SFU-SFA LMR Swim Meet|35.77|316
23|Barnes, Madeline|10|2008|TSC|Ontario|2019-02-17|2019 Ontario Winter Festival Championships|35.82|315
23|Burton, Isabelle|10|2008|LAC|Ontario|2018-10-21|LAC - Fall Startup Part 1|35.82|315
25|Baker, Calleigh|10|2007|WAC|Ontario|2018-12-09|Border City Invitational|35.86|314
26|McNabb, Sara|10|2008|FAST|New Brunswick|2019-04-14|FAST Flying Fins 10 & Under|35.87|313
27|West, Halle|10|2008|SEALS|Manitoba|2018-12-16|ManSask Championships Short Course Open Championships|35.93|312
28|Safa, Jade|10|2008|GGST|Ontario|2019-02-17|2019 Ontario Winter Festival Championships|35.97|311
29|Tigert, Leah|10|2008|TSC|Ontario|2019-01-20|Audi Midtown Toronto Winter Classic-SC 12 & U (TPASC)|36.07|308
29|Drouin, Pénélope|10|2008|CAMO|Québec|2018-12-08|ANBM -Invitation régionale #2 2018-2019|36.07|308
31|Johnson, Mya|10|2008|HTAC|Nova Scotia|2019-06-09|AA Spring Champs|36.39|300
32|Beshry, Malak|10|2008|UCSC|Alberta|2019-05-26|Summer Festival South|36.42|299
33|Leas, Ava|10|2007|SFNV|British Columbia|2018-10-27|VPSC Fall Invitational|36.44|299
34|Pobol, Emma|10|2008|ESWIM|Ontario|2019-02-17|2019 Ontario Winter Festival Championships|36.45|299
35|Pham, Angie|10|2008|RAPID|British Columbia|2019-04-13|Winskill Dolphins LMR|36.47|298
36|Robichaud, Amelie|10|2008|ESWIM|Ontario|2019-05-11|2019 TOP Cup SC|36.51|297
37|Mason, Sara|10|2008|KBM|Ontario|2019-02-01|2019 Eastern Ontario Regional Championships (SC/LC)|36.57|296
38|Smith, Niara|10|2008|DCSC|Nova Scotia|2018-12-16|Age Group Development Meet|36.62|295
39|Rogers, Olive|10|2008|ESWIM|Ontario|2018-12-21|2018 Trillium Cup|36.67|293
40|Edgar, Victoria|10|2008|OAK|Ontario|2019-02-24|David Lawson Invitational|36.93|287
41|Weatherhead, Taryn|10|2008|SOSC|British Columbia|2018-11-18|2018 KAJ Fall Classic|36.94|287
42|Mcclay, Grier|10|2008|GLEN|Alberta|2018-12-16|Age Group Food Bank Challenge|36.98|286
43|Rashotte-Garcia, Paige|10|2008|PCSC|Québec|2019-05-11|2019 TOP Cup SC|37.01|285
44|Miksa, Adele|10|2008|NYAC|Ontario|2019-02-17|2019 Ontario Winter Festival Championships|37.04|285
45|Wilson, Victoria|10|2008|LSC|Ontario|2019-01-13|MSSAC Open|37.09|284
46|Thorne, Claire|10|2008|NEW|Ontario|2019-02-17|2019 Ontario Winter Festival Championships|37.11|283
47|Li, Janelle|10|2008|OYO|Ontario|2019-02-01|2019 Eastern Ontario Regional Championships (SC/LC)|37.14|282
48|McKegney, Saoirse|10|2009|UCSC|Alberta|2019-05-26|Summer Festival South|37.20|281
49|Simic, Danica|10|2008|WEST|Ontario|2019-02-17|2019 Ontario Winter Festival Championships|37.23|280
50|Lefrancois, Audrey|10|2008|CSLA|Québec|2019-04-06|Jeux de Montréal 2019|37.28|279