RANK|ATHLETES|AGE|YOB|CLUB|PROVINCE|DATE|MEET|TIME|FINA
1|Qi, Kelly|10|2008|WDSC|British Columbia|2019-04-14|Winskill Dolphins LMR|19:48.54|463
2|Morgans, Alexia|10|2008|CDSC|British Columbia|2019-04-13|2019 Spartan 11 and Under and LMR Distance|21:06.75|382
3|Jiang, Selina|10|2007|PSW|British Columbia|2018-12-02|DSSC Distance LMR|21:37.81|355
4|Turton-Sugden, Emma|10|2008|OAK|Ontario|2019-02-15|OAK Time Trial|22:20.87|322
5|Muntean, Alexandra|10|2008|CITA|Québec|2019-01-05|Intra polaire|23:00.71|295
6|McNabb, Sara|10|2008|FAST|New Brunswick|2019-01-19|Distance Qualifier 2019|23:17.96|284
7|Lebel, Alex|10|2008|NES|New Brunswick|2018-12-14|Championat par équipe Marianne Limpert|23:54.19|263
8|Zou, Laura|10|2008|PSW|British Columbia|2018-12-02|DSSC Distance LMR|23:57.06|262
9|Blake, Noemi|10|2008|BTSC|Ontario|2019-03-03|Trojan Pentathlon|24:15.18|252
10|Begum, Amira|10|2008|PGB|British Columbia|2018-10-27|PGBSC - TT 400 Free/1500 Free|24:55.80|232
11|Heckendorn, Katie|10|2008|CATS|Ontario|2019-05-05|Time Trial 1500|27:41.21|169
12|Murguly, Jocelyn|10|2008|PGB|British Columbia|2018-10-27|PGBSC - TT 400 Free/1500 Free|29:14.36|144
13|Luo, Michelle|10|2007|PGB|British Columbia|2018-10-27|PGBSC - TT 400 Free/1500 Free|29:23.24|141
14|Dittmar, Alexis|10|2008|PGB|British Columbia|2018-10-27|PGBSC - TT 400 Free/1500 Free|29:36.43|138