RANK|ATHLETES|AGE|YOB|CLUB|PROVINCE|DATE|MEET|TIME|FINA
1|Clark, Maxine|10|2008|UCSC|Alberta|2019-06-21|UCSC Team Champs|28.67|532
2|Qi, Kelly|10|2008|WDSC|British Columbia|2019-04-14|Winskill Dolphins LMR|29.97|466
3|West, Halle|10|2008|SEALS|Manitoba|2018-12-14|ManSask Championships Short Course Open Championships|30.10|460
4|Hilgersom, Maggie|10|2008|SOSC|British Columbia|2018-11-17|2018 KAJ Fall Classic|30.21|455
5|Hall, Violette|10|2008|CSLA|Québec|2018-12-08|Invitation provinciale des fêtes CSLA|30.69|434
6|Miksa, Adele|10|2008|NYAC|Ontario|2019-02-16|2019 Ontario Winter Festival Championships|30.82|428
7|Chiu, Briana|10|2007|VPSC|British Columbia|2018-11-09|ISC 2018 Bennett Cup|30.97|422
8|GIGOVIC, MATEA|10|2008|KSC|Alberta|2019-05-25|Summer Festival South|31.02|420
9|Rodgers, Sienna|10|2007|UCSC|Alberta|2018-11-24|Winter Festival South|31.04|419
10|Joseph, Anna|10|2008|CP|Alberta|2018-12-15|Age Group Food Bank Challenge|31.13|416
11|Tigert, Leah|10|2008|TSC|Ontario|2019-03-02|Steve Kingston Memorial Swim Meet|31.46|403
12|Weatherhead, Taryn|10|2008|SOSC|British Columbia|2019-02-24|Winter Age Group Championships|31.55|399
13|Kryger, Madison|10|2008|GCAC|Ontario|2019-04-27|2019 Ontario Team Challenge|31.57|398
14|Ang, Gabriela|10|2009|CDSC|British Columbia|2019-06-23|SUMMER AGE GROUP CHAMPIONSHIPS|31.58|398
15|Dille, Sophia|10|2008|TRIT|Alberta|2019-03-01|Provincials - Short Course|31.75|392
16|Hua, Jessie|10|2008|SFA|British Columbia|2019-07-28|SKSC Summer Fest|31.87|387
17|Logan, Quinlynn|10|2008|CW|Ontario|2019-02-16|2019 Ontario Winter Festival Championships|31.94|385
18|Wang, Mackenzie|10|2007|HYACK|British Columbia|2018-10-14|PSW Fall Invitational|31.99|383
19|Norman, Julia|10|2008|CP|Alberta|2019-07-13|UCSC Western Finale|32.01|382
20|Mason, Sara|10|2008|KBM|Ontario|2019-02-02|2019 Eastern Ontario Regional Championships (SC/LC)|32.03|381
21|Okugawa, Hana|10|2007|SCAR|Ontario|2018-12-09|Border City Invitational|32.07|380
22|Porter, Mutsuki|10|2009|CDSC|British Columbia|2019-06-23|SUMMER AGE GROUP CHAMPIONSHIPS|32.09|379
23|Rogers, Olive|10|2008|ESWIM|Ontario|2019-02-16|2019 Ontario Winter Festival Championships|32.10|379
24|Pobol, Emma|10|2008|ESWIM|Ontario|2019-05-11|2019 TOP Cup SC|32.11|379
25|Leas, Ava|10|2007|SFNV|British Columbia|2018-10-28|VPSC Fall Invitational|32.18|376
26|Evans, Bridget|10|2008|EKSC|Alberta|2019-03-10|Silver Tide Invitational|32.19|376
27|Wilson, Victoria|10|2008|LSC|Ontario|2019-01-12|MSSAC Open|32.22|375
28|Janzen, Zoey|10|2008|UCSC|Alberta|2019-05-25|Summer Festival South|32.23|374
29|Haringa, Kara|10|2008|WAAC|Ontario|2019-02-16|2019 Ontario Winter Festival Championships|32.24|374
30|Zeng, Melissa|10|2008|GATOR|British Columbia|2019-06-23|SUMMER AGE GROUP CHAMPIONSHIPS|32.25|374
31|Mcclay, Grier|10|2008|GLEN|Alberta|2018-12-15|Age Group Food Bank Challenge|32.32|371
32|Beshry, Malak|10|2008|UCSC|Alberta|2019-05-25|Summer Festival South|32.34|371
33|Row, Jorja|10|2008|MPM|Newfoundland|2019-06-08|2019 Summer Classic Invitational|32.35|370
34|Low, Naomi|10|2007|JDSS|Ontario|2018-11-03|Newmarket Stingrays Fall Invitational|32.39|369
35|Hollo, Annika|10|2008|GO|Ontario|2019-02-02|2019 Eastern Ontario Regional Championships (SC/LC)|32.47|366
36|Bee, Ella|10|2007|MS|Ontario|2018-11-09|Swim International 2018|32.57|363
37|Krauss, Ellie|10|2008|NG|Québec|2019-05-12|2019 TOP Cup SC|32.62|361
38|Edgar, Victoria|10|2008|OAK|Ontario|2019-02-23|David Lawson Invitational|32.65|360
39|Lothian, Calyn|10|2008|LASC|Alberta|2019-05-25|Summer Festival South|32.79|356
40|Zou, Laura|10|2008|PSW|British Columbia|2018-11-10|ISC 2018 Bennett Cup|32.81|355
41|Du, Shu Tong|10|2008|RHAC|Ontario|2018-11-03|Newmarket Stingrays Fall Invitational|32.82|355
42|Lambert, Jessie|10|2008|CNQ|Québec|2019-02-16|Championnat provincial 11-12 ans et Paranatation - Hiver|32.83|354
43|Peng, XinYao|10|2008|UCSC|Alberta|2019-06-21|UCSC Team Champs|32.84|354
44|Kyer, Alivia|10|2007|CSL|Ontario|2018-11-03|NYAC Cup|32.85|354
45|Oulds, Sierra|10|2007|OSHAC|Ontario|2018-11-10|2018 Age Group International SC|32.88|353
46|Taghavi, Shayda|10|2009|HYACK|British Columbia|2019-06-22|SUMMER AGE GROUP CHAMPIONSHIPS|32.90|352
47|Fournier, Zoé|10|2008|RL|Québec|2019-03-23|Invitation du printemps NSH|32.92|351
48|Etrue, Leigh|10|2008|JDSS|Ontario|2019-02-16|2019 Ontario Winter Festival Championships|32.95|350
49|Wei, Oprah|10|2008|RHSD|Ontario|2018-12-22|2018 Trillium Cup|32.97|350
50|Jiang, Selina|10|2007|PSW|British Columbia|2018-11-10|ISC 2018 Bennett Cup|32.99|349