RANK|ATHLETES|AGE|YOB|CLUB|PROVINCE|DATE|MEET|TIME|FINA
1|Qi, Kelly|10|2008|WDSC|British Columbia|2019-02-22|Winter Age Group Championships|5:26.84|508
2|Chiu, Briana|10|2007|VPSC|British Columbia|2018-11-17|SFU-Gator LMR Swim Meet|5:40.69|448
3|Morgans, Alexia|10|2008|CDSC|British Columbia|2019-06-21|SUMMER AGE GROUP CHAMPIONSHIPS|5:50.20|413
4|Greenfield, Riley|10|2008|ISC|British Columbia|2019-06-21|SUMMER AGE GROUP CHAMPIONSHIPS|5:53.75|400
5|Tigert, Leah|10|2008|TSC|Ontario|2019-03-03|Steve Kingston Memorial Swim Meet|5:57.36|388
6|Du, Shu Tong|10|2008|RHAC|Ontario|2019-04-26|RHAC April Distance meet|6:00.59|378
7|Taghavi, Shayda|10|2009|HYACK|British Columbia|2019-06-21|SUMMER AGE GROUP CHAMPIONSHIPS|6:01.58|375
8|Burton, Isabelle|10|2008|LAC|Ontario|2018-12-15|LAC - Holiday Time Trial - Part 2|6:01.95|374
9|Weatherhead, Taryn|10|2008|SOSC|British Columbia|2019-06-16|Nolan's Pharmasave Invitational|6:13.86|339
10|Gonzalez, Daniella|10|2009|CAMO|Québec|2019-06-16|Championnat provincial 11-12 ans et Paranatation d'été|6:13.91|339
11|Guadalupe, Itzel|10|2009|CAEM|Québec|2019-06-16|Championnat provincial 11-12 ans et Paranatation d'été|6:14.33|338
12|Piersic, Yuka|10|2008|HYACK|British Columbia|2019-06-21|SUMMER AGE GROUP CHAMPIONSHIPS|6:15.80|334
13|Dille, Sophia|10|2008|TRIT|Alberta|2018-12-14|JP Fiset Invitational|6:17.15|330
14|Carlson, Amya|10|2008|SPART|British Columbia|2019-06-21|SUMMER AGE GROUP CHAMPIONSHIPS|6:17.61|329
15|Gratton, Clara|10|2008|CAMO|Québec|2019-01-22|Intra-Club CAMO Natation|6:18.31|327
16|Zou, Laura|10|2008|PSW|British Columbia|2019-01-19|Canadian Dolphin New Years Invitational 2019|6:21.02|320
17|McNabb, Sara|10|2008|FAST|New Brunswick|2019-04-27|Ellen Waters Memorial Meet|6:21.44|319
18|Fournier, Zoé|10|2008|RL|Québec|2019-02-16|Championnat provincial 11-12 ans et Paranatation - Hiver|6:22.15|318
19|Turton-Sugden, Emma|10|2008|OAK|Ontario|2019-02-22|David Lawson Invitational|6:22.93|316
20|Sun, Cici|10|2008|WVOSC|British Columbia|2018-11-17|SFU-Gator LMR Swim Meet|6:24.92|311
21|Barnes, Madeline|10|2008|TSC|Ontario|2019-03-03|Steve Kingston Memorial Swim Meet|6:25.23|310
22|Ferrell, Hailey|10|2008|PSW|British Columbia|2019-06-21|SUMMER AGE GROUP CHAMPIONSHIPS|6:26.00|308
23|West, Halle|10|2008|SEALS|Manitoba|2018-12-01|Last Chance for Man/Sask|6:26.10|308
24|Dong, Rebecca|10|2009|RAPID|British Columbia|2019-07-28|SKSC Summer Fest|6:27.05|306
25|Jiang, Selina|10|2007|PSW|British Columbia|2018-12-15|Rapids Fast-Swim Classic|6:28.01|303
26|Mason, Sara|10|2008|KBM|Ontario|2019-02-22|Heats and Finals SC Finale|6:34.27|289
27|Edgar, Victoria|10|2008|OAK|Ontario|2019-02-22|David Lawson Invitational|6:35.39|287
28|Begum, Amira|10|2008|PGB|British Columbia|2019-02-22|Winter Age Group Championships|6:37.25|283
29|Fassina, Madeline|10|2009|CHENA|British Columbia|2019-06-21|SUMMER AGE GROUP CHAMPIONSHIPS|6:37.67|282
30|Ritchie, Avery|10|2007|RAPID|British Columbia|2018-11-11|ISC 2018 Bennett Cup|6:39.66|278
31|Dubois, Raphaelle|10|2008|CAMO|Québec|2019-03-31|Inter club U12|6:40.95|275
32|Perreault, Simone|10|2008|CAMO|Québec|2019-03-31|Inter club U12|6:41.28|274
33|Norman, Julia|10|2008|CP|Alberta|2019-01-18|Pugsley's Plunge 2019|6:43.82|269
34|Johnson, Mya|10|2008|HTAC|Nova Scotia|2019-06-07|AA Spring Champs|6:44.26|268
35|Monsen, Marley|10|2008|GPP|Alberta|2019-02-16|Grande Cache Otters 45th Annual Mountain Meet 2019|6:44.63|267
36|Zhang, Mofan|10|2008|PSW|British Columbia|2018-11-11|ISC 2018 Bennett Cup|6:44.66|267
37|Labiste, Jezreel|10|2008|CDNDG|Québec|2019-04-13|ARENA Challenge du printemps Développement mixte 2019 CAMO|6:46.57|264
38|Soti, Audrey|10|2008|PSW|British Columbia|2019-03-17|DSSC March LMR Meet|6:47.01|263
39|Krauss, Ellie|10|2008|NG|Québec|2019-06-09|Finale régionale des Jeux du Québec|6:47.19|262
40|Lebel, Alex|10|2008|NES|New Brunswick|2019-01-19|Compétition Distance Meet - Ed'ston 2019|6:47.88|261
41|Lennstrom, Kallee|10|2009|HYACK|British Columbia|2019-07-28|SKSC Summer Fest|6:48.74|259
42|Rai, Harleen|10|2008|DELTA|British Columbia|2019-03-17|DSSC March LMR Meet|6:49.57|258
43|Brophy, Fiona|10|2007|CPWD|Ontario|2018-12-01|CPWD Dec 2018 Time Trial|6:50.03|257
44|Yankov, Karina|10|2008|CDNDG|Québec|2019-04-13|ARENA Challenge du printemps Développement mixte 2019 CAMO|6:50.14|257
45|Wang, Celina|10|2008|SKSC|British Columbia|2019-02-22|Winter Age Group Championships|6:50.60|256
46|Nguyen, Kieu-vy|10|2008|GATOR|British Columbia|2019-04-13|Winskill Dolphins LMR|6:50.62|256
47|Soroke, Rebecca|10|2009|DELTA|British Columbia|2019-07-28|SKSC Summer Fest|6:51.50|254
48|Andrews, Sarah|10|2007|KISU|British Columbia|2018-12-17|Post Championship Meet - Day 4 - Time Trial|6:53.81|250
49|Shink, Laurie|10|2008|CNQ|Québec|2019-04-13|ARENA Challenge du printemps Développement mixte 2019 CAMO|6:54.35|249
50|O'Connor-Aversa, Malaika|10|2008|CSLA|Québec|2019-05-03|CSLA 1st Annual Splash Bash Intra-Meet|6:55.72|247