RANK|ATHLETES|AGE|YOB|CLUB|PROVINCE|DATE|MEET|TIME|FINA
1|Lisoway, Justin|18|2000|MAVS|Alberta|2018-12-14|Ontario Junior International|1:02.01|721
2|Yu, Ruishen|18|2000|UBCT|British Columbia|2018-11-04|Odlum Brown Colleges Cup Pacific Hosted by UBC|1:02.18|715
3|Barrett, William|18|2000|OTT|Québec|2019-02-22|2019 U SPORTS Odlum Brown Swimming Championships|1:02.21|714
4|Cruz Zuniga, Guillermo|18|2000|CAMO|Québec|2018-11-03|Festival provincial par équipe section 1|1:02.31|710
5|Gu, Jake|18|2000|WAT|Ontario|2018-11-24|OUA Fairweather Division Championships 2018|1:02.55|702
6|Kooyman, Cale|18|2000|UOFA|Alberta|2019-02-22|2019 U SPORTS Odlum Brown Swimming Championships|1:03.12|683
7|Ji, Eric|18|2000|MCGILL|Québec|2018-11-17|Kemp-Fry AUS Invitational|1:03.49|671
8|Ionescoux-Tremblay, Mathieu|18|2000|CAMO|Québec|2018-12-08|Invitation provinciale AA-AAA Noël + Développement 11-12 ans CAMO|1:03.58|669
9|Aylward, Graeme|18|2000|UT|Ontario|2018-11-24|OUA Fairweather Division Championships 2018|1:03.59|668
10|St-Martin, Loïc|18|2000|CAMO|Québec|2018-12-08|Invitation provinciale AA-AAA Noël + Développement 11-12 ans CAMO|1:03.82|661
11|Young, Brodie|18|2000|UBCT|British Columbia|2018-11-04|Odlum Brown Colleges Cup Pacific Hosted by UBC|1:04.01|655
12|Chambers, Ian|18|2000|WAT|Ontario|2019-02-07|2019 Ontario University Championships|1:04.10|652
13|Halpen, Matthew|18|2000|QUE|Ontario|2019-02-07|2019 Ontario University Championships|1:04.19|650
14|Marino, Antonio|18|1999|SFU|British Columbia|2018-10-20|2018 OCTOBER SENIOR CIRCUIT|1:04.60|637
15|Pelletier, Eric|18|2000|PCSC|Québec|2018-12-09|Invitation Provinciale AA-AAA Pointe-Claire 2018|1:05.16|621
16|Korstanje, Anthonie|18|1999|BADGR|Ontario|2018-12-01|Western University Invitational|1:05.57|610
17|Coté, Vincent|18|2000|UL|Québec|2018-12-14|Ontario Junior International|1:05.90|600
18|Boily, Nicolas|18|2000|CNQ|Québec|2018-12-08|Défi Nez-Rouge 2018|1:06.00|598
19|Chang, Elyott|18|2000|ACAD|Nova Scotia|2018-11-17|Kemp-Fry AUS Invitational|1:06.03|597
20|Anderson-Woodsworth, Tristan|18|2000|UOFR|Saskatchewan|2018-11-24|Canada West Championships 2018|1:06.32|589
20|Tyoschin, Alexander|18|2000|UOFC|Alberta|2018-11-24|UCSC TT|1:06.32|589
22|Ing, Ryan|18|2000|APEX|Ontario|2018-12-09|Youth Cup|1:06.52|584
23|Zhang, Anthony|18|2000|WAT|Ontario|2019-02-07|Badger OUA Invitational|1:06.58|582
24|Gagne, Collyn|18|2000|SFU|British Columbia|2019-01-18|SFU vs UVic vs UBC|1:06.83|576
25|Skuse, Conner|18|1999|UOFA|Alberta|2018-10-13|Oktoberfest|1:06.91|574
26|Knox, Finlay|18|2001|MAVS|Alberta|2019-02-01|Maverick Madness 2019|1:06.98|572
27|Deni, Joseph|18|2000|LU|Ontario|2019-02-07|2019 Ontario University Championships|1:07.09|569
28|Younes, Alexandre|18|2000|MCGILL|Québec|2019-02-02|Championnat de natation universitaire RSEQ|1:07.13|568
29|Hein, William|18|2000|MCGILL|Québec|2018-10-27|Coupe Universitaire 2|1:07.21|566
30|Beach, William|18|2000|UOFA|Alberta|2018-11-24|Canada West Championships 2018|1:07.22|566
31|Périard, Nicolas|18|1999|MUST|Québec|2018-12-15|Invitation Provinciale des fêtes avec épreuves Ho! Ho! Eau Libre|1:07.26|565
32|Douglas, Laird|18|2000|UBCT|British Columbia|2019-01-18|SFU vs UVic vs UBC|1:07.30|564
33|David, Félix|18|2000|CAMO|Québec|2018-12-08|Invitation provinciale AA-AAA Noël + Développement 11-12 ans CAMO|1:07.38|562
34|Gélinas, Vincent|18|2000|MEGO|Québec|2018-11-10|Festival provincial par équipe section 2|1:07.48|559
35|Legg, Troy|18|1999|EBSC|Ontario|2018-12-09|Gatineau Grand Prix|1:07.49|559
36|Cappelletto, Andreas|18|2000|UM|Manitoba|2018-11-24|Canada West Championships 2018|1:07.53|558
37|Bélanger, Christophe|18|2000|CNQ|Québec|2018-11-03|Festival provincial par équipe section 1|1:07.54|558
38|Ford, Lorenzo|18|2000|MAVS|Alberta|2018-12-14|Age Group Food Bank Challenge|1:07.79|552
39|Kershaw, Grier|18|2000|CATS|Ontario|2019-04-27|2019 Ontario Team Challenge|1:07.87|550
40|Kirouac, Simon|18|2000|CAMO|Québec|2018-12-08|Invitation provinciale AA-AAA Noël + Développement 11-12 ans CAMO|1:07.98|547
41|Inouye, Ethan|18|2000|GHAC|Ontario|2019-02-01|2019 Western Region SC Champs|1:08.15|543
42|Shortt, Gordon|18|1999|NHAC|Ontario|2018-12-02|Neptune International (CSPO 25m)|1:08.26|540
43|Yanke, Chase|18|2000|UM|Manitoba|2018-11-24|Canada West Championships 2018|1:08.78|528
44|Dela Cruz, Gabe|18|2000|UMAN|Manitoba|2018-12-16|ManSask Championships Short Course Open Championships|1:08.87|526
45|Bird, Joshua|18|2000|ESWIM|Ontario|2018-12-22|2018 Trillium Cup|1:09.14|520
46|Pedneault, Joel|18|2001|RL|Québec|2019-03-23|Invitation du printemps NSH|1:09.52|511
47|Lu, Min Qian|18|2000|TSC|Ontario|2018-12-08|Border City Invitational|1:09.75|506
48|Miller-Junk, Devon|18|2000|WAT|Ontario|2019-02-07|Badger OUA Invitational|1:09.90|503
48|Bennett, Kyle|18|1999|ISC|British Columbia|2018-11-10|ISC 2018 Bennett Cup|1:09.90|503
50|Godwin, Graeme|18|1999|UOFL|Alberta|2018-10-20|Fall Challenge|1:09.96|502