RANK|ATHLETES|AGE|YOB|CLUB|PROVINCE|DATE|MEET|TIME|FINA
1|St-Martin, Loïc|18|2000|CAMO|Québec|2018-12-08|Invitation provinciale AA-AAA Noël + Développement 11-12 ans CAMO|49.03|770
2|Cruz Zuniga, Guillermo|18|2000|CAMO|Québec|2018-11-02|Festival provincial par équipe section 1|49.40|752
3|Pratt, Alexander|18|2000|UBCT|British Columbia|2018-11-25|Canada West Championships 2018|49.44|751
4|Meuleman, Matthew|18|2000|RAPID|British Columbia|2019-07-27|SKSC Summer Fest|50.20|717
5|Ionescoux-Tremblay, Mathieu|18|2000|CAMO|Québec|2018-12-16|Ontario Junior International|50.28|714
6|Godolphin, Bernard|18|1999|SAMAK|Québec|2018-11-17|Open Sprint SAMAK 2018|50.53|703
7|Konik, Justin|18|2000|UBCT|British Columbia|2019-02-23|2019 U SPORTS Odlum Brown Swimming Championships|50.64|698
8|Knox, Finlay|18|2001|MAVS|Alberta|2019-01-25|Mint Smartwash Winter Classic|51.14|678
9|McKenzie, Paul|18|2000|UCSC|Alberta|2019-07-14|UCSC Western Finale|51.53|663
10|Arden, Raine|18|2000|UOFL|Alberta|2018-11-25|Canada West Championships 2018|51.61|660
11|Lisoway, Justin|18|2000|MAVS|Alberta|2018-11-03|Jack Frost 2018|51.95|647
12|Maksoud, Youssef|18|2000|CASC|Alberta|2018-12-16|Age Group Food Bank Challenge|51.98|646
13|Lajoie, Michael|18|2000|UM|Manitoba|2018-11-25|Canada West Championships 2018|52.02|644
14|Nickerson, Judson|18|2000|OTT|Québec|2018-11-30|Neptune International (CSPO 25m)|52.10|641
15|Laforme, Grégory|18|2000|MEGO|Québec|2018-11-09|Festival provincial par équipe section 2|52.31|634
16|McKervill, Padric|18|2000|UVPCS|British Columbia|2019-07-20|2018-19 Blue Gold Time Trial #9 (SC)|52.36|632
17|Bird, Joshua|18|2000|ESWIM|Ontario|2018-12-15|Ontario Junior International|52.52|626
18|Staeben, Erik|18|2000|UNB|New Brunswick|2019-02-10|2019 Subway AUS Swimming Championships|52.57|624
19|Yu, Ruishen|18|2000|UBCT|British Columbia|2018-11-25|Canada West Championships 2018|52.62|622
20|Yu, Tengbo|18|2001|RAPID|British Columbia|2019-07-27|SKSC Summer Fest|52.80|616
20|Dunn, Gabriel|18|2000|CP|Alberta|2018-12-15|JP Fiset Invitational|52.80|616
20|Czoma, Zsombor|18|2001|GO|Ontario|2019-02-03|2019 Eastern Ontario Regional Championships (SC/LC)|52.80|616
23|Chan, Destin|18|2000|UOFA|Alberta|2018-11-25|Canada West Championships 2018|52.81|616
24|Grillo, Kristi|18|2000|OTT|Québec|2018-11-30|Neptune International (CSPO 25m)|52.87|614
25|Shortt, Gordon|18|1999|NHAC|Ontario|2018-11-30|Neptune International (CSPO 25m)|52.89|613
26|Ford, Lorenzo|18|2000|MAVS|Alberta|2018-12-16|Age Group Food Bank Challenge|53.00|609
27|Papaggelis, Kiriakos|18|2000|SFU|British Columbia|2018-11-03|Odlum Brown Colleges Cup Pacific Hosted by UBC|53.06|607
28|Chafe, Thomas|18|2000|MUSC|Newfoundland|2019-01-19|AUS Invitational|53.07|607
29|Svetov, Alex|18|2000|OTT|Québec|2018-11-30|Neptune International (CSPO 25m)|53.13|605
30|Chang, Elyott|18|2000|ACAD|Nova Scotia|2018-11-18|Kemp-Fry AUS Invitational|53.19|603
31|St-Germain, Jacob|18|2000|UL|Québec|2018-11-02|Festival provincial par équipe section 1|53.36|597
32|Hein, William|18|2000|MCGILL|Québec|2018-10-27|Coupe Universitaire 2|53.37|597
33|Beach, William|18|2000|UOFA|Alberta|2018-11-25|Canada West Championships 2018|53.39|596
34|Saplywyj, Adrian|18|2000|DDO|Québec|2018-11-30|Neptune International (CSPO 25m)|53.40|596
35|Alejado, Brenan|18|2000|HAC|Ontario|2018-11-11|2018 Age Group International SC|53.47|593
36|Mitchell, Michael|18|2000|UBCT|British Columbia|2018-11-25|Canada West Championships 2018|53.59|589
37|Dehem-Lemelin, Bruno|18|2000|BBF|Québec|2018-11-09|Festival provincial par équipe section 5 - Nord|53.61|589
38|Maalouf, Michel|18|2000|LMRL|Québec|2018-12-09|Défi Nez-Rouge 2018|53.66|587
39|Neilson, Achilles|18|1999|CASC|Alberta|2018-10-27|Rocky Mountain Cup|53.71|585
40|Katelnikoff, Alexander|18|2000|CASC|Alberta|2018-12-16|Ontario Junior International|53.76|584
41|Partridge, Rhys|18|2000|EBSC|Ontario|2018-12-16|Ontario Junior International|53.77|583
42|Bagnell, Kevin|18|2000|MACU|Ontario|2019-02-09|OUA Fairweather Division Championships 2018|53.78|583
43|Morawski, Dylan|18|2000|MUSC|Newfoundland|2019-02-10|2019 Subway AUS Swimming Championships|53.86|580
44|Gleason, Neo|18|2000|RIP|Alberta|2018-12-15|JP Fiset Invitational|53.89|579
45|Inouye, Ethan|18|2000|GHAC|Ontario|2019-02-03|2019 Western Region SC Champs|53.91|579
46|Rivero, Ruben|18|2000|MUSC|Newfoundland|2018-12-01|Age Group Development Meet Fall Series #3|53.92|578
46|Jiwa, Rafik|18|2000|SFU|British Columbia|2018-10-20|2018 OCTOBER SENIOR CIRCUIT|53.92|578
48|Adams, Austin|18|2000|CYPS|Ontario|2018-12-09|Border City Invitational|53.94|578
48|Lecavalier, Charles-Philip|18|1999|SAMAK|Québec|2018-11-09|Festival provincial par équipe section 2|53.94|578
50|Sims, Ryan|18|2000|WRMS|Ontario|2019-02-03|2019 Western Region SC Champs|53.95|577