RANK|ATHLETES|AGE|YOB|CLUB|PROVINCE|DATE|MEET|TIME|FINA
1|Lisoway, Justin|18|2000|MAVS|Alberta|2018-12-16|Ontario Junior International|28.32|708
2|Kooyman, Cale|18|2000|UOFA|Alberta|2019-02-21|2019 U SPORTS Odlum Brown Swimming Championships|28.46|698
3|Yu, Ruishen|18|2000|UBCT|British Columbia|2018-11-23|Canada West Championships 2018|28.69|681
4|Gu, Jake|18|2000|WAT|Ontario|2018-11-25|OUA Fairweather Division Championships 2018|28.97|662
5|Barrett, William|18|2000|OTT|Québec|2018-12-01|Neptune International (CSPO 25m)|29.15|649
6|Aylward, Graeme|18|2000|UT|Ontario|2018-11-25|OUA Fairweather Division Championships 2018|29.28|641
7|Ji, Eric|18|2000|MCGILL|Québec|2018-11-18|AUS Mini Meet|29.35|636
8|Hein, William|18|2000|MCGILL|Québec|2019-02-21|2019 U SPORTS Odlum Brown Swimming Championships|29.36|636
9|Ionescoux-Tremblay, Mathieu|18|2000|CAMO|Québec|2018-12-16|Ontario Junior International|29.52|625
10|Cruz Zuniga, Guillermo|18|2000|CAMO|Québec|2018-11-17|Open Sprint SAMAK 2018|29.53|625
11|Halpen, Matthew|18|2000|QUE|Ontario|2019-02-09|2019 Ontario University Championships|29.62|619
12|Coté, Vincent|18|2000|UL|Québec|2018-12-16|Ontario Junior International|29.74|612
13|Pelletier, Eric|18|2000|PCSC|Québec|2018-12-07|Invitation Provinciale AA-AAA Pointe-Claire 2018|30.00|596
14|Marino, Antonio|18|1999|SFU|British Columbia|2018-11-03|Odlum Brown Colleges Cup Pacific Hosted by UBC|30.05|593
15|Yu, Tengbo|18|2001|RAPID|British Columbia|2019-07-28|SKSC Summer Fest|30.06|592
16|Chambers, Ian|18|2000|WAT|Ontario|2018-11-25|OUA Fairweather Division Championships 2018|30.22|583
17|Zhang, Anthony|18|2000|WAT|Ontario|2019-02-08|Badger OUA Invitational|30.26|581
18|Tyoschin, Alexander|18|2000|UOFC|Alberta|2019-02-07|UofC Varsity TT|30.27|580
19|Boily, Nicolas|18|2000|CNQ|Québec|2018-12-16|Ontario Junior International|30.29|579
20|Shortt, Gordon|18|1999|NHAC|Ontario|2018-12-01|Neptune International (CSPO 25m)|30.32|577
21|Deni, Joseph|18|2000|LU|Ontario|2018-11-25|2018 OUA DeBray Divisional Champs|30.33|576
22|Beach, William|18|2000|UOFA|Alberta|2018-12-15|JP Fiset Invitational|30.43|571
23|Anderson-Woodsworth, Tristan|18|2000|UOFR|Saskatchewan|2019-01-19|Winter Invitational|30.45|570
24|Legg, Troy|18|1999|EBSC|Ontario|2018-12-07|Gatineau Grand Prix|30.46|569
25|Steele, James|18|2000|GMAC|Ontario|2019-05-11|Rally for Regionals|30.53|565
26|St-Martin, Loïc|18|2000|CAMO|Québec|2018-11-17|Open Sprint SAMAK 2018|30.61|561
27|Périard, Nicolas|18|1999|MUST|Québec|2018-12-14|Invitation Provinciale des fêtes avec épreuves Ho! Ho! Eau Libre|30.68|557
28|Bélanger, Christophe|18|2000|CNQ|Québec|2018-11-02|Festival provincial par équipe section 1|30.74|554
29|McCole, James|18|1999|UG|Ontario|2018-12-16|Ontario Junior International|30.75|553
30|Dow, Spencer|18|1999|UOFC|Alberta|2018-10-20|UCSC Fall Start Up|30.76|553
31|Ford, Lorenzo|18|2000|MAVS|Alberta|2018-12-16|Age Group Food Bank Challenge|30.83|549
31|Korstanje, Anthonie|18|1999|BADGR|Ontario|2018-11-25|2018 OUA DeBray Divisional Champs|30.83|549
33|Younes, Alexandre|18|2000|MCGILL|Québec|2019-02-03|Championnat de natation universitaire RSEQ|31.09|535
34|Gélinas, Vincent|18|2000|MEGO|Québec|2018-11-09|Festival provincial par équipe section 2|31.10|535
35|Yanke, Chase|18|2000|UM|Manitoba|2018-11-23|Canada West Championships 2018|31.18|531
36|Ing, Ryan|18|2000|APEX|Ontario|2018-12-16|Ontario Junior International|31.19|530
37|Vos de Wael, David|18|2000|RIP|Alberta|2018-12-15|JP Fiset Invitational|31.24|528
38|Godwin, Graeme|18|1999|UOFL|Alberta|2018-10-26|UofC Duel Meet|31.26|527
39|Charest, Olivier|18|2000|LMRL|Québec|2018-11-09|Festival provincial par équipe section 2|31.27|526
40|Cappelletto, Andreas|18|2000|UM|Manitoba|2018-11-23|Canada West Championships 2018|31.32|523
41|Inouye, Ethan|18|2000|GHAC|Ontario|2018-12-09|Border City Invitational|31.38|520
42|Sims, Ryan|18|2000|WRMS|Ontario|2019-02-02|2019 Western Region SC Champs|31.63|508
43|Rogozynski, Noah|18|2000|WAT|Ontario|2019-01-26|Badger Invitational Two|31.68|506
44|Maalouf, Michel|18|2000|LMRL|Québec|2018-12-09|Défi Nez-Rouge 2018|31.71|504
45|Dela Cruz, Gabe|18|2000|UMAN|Manitoba|2018-11-17|Bison Sprint IM Invitational|31.82|499
46|Kershaw, Grier|18|2000|CATS|Ontario|2019-04-28|2019 Ontario Team Challenge|31.84|498
47|Paulin, Maxime|18|2000|OTT|Québec|2018-12-01|Neptune International (CSPO 25m)|31.85|498
48|Alejado, Brenan|18|2000|HAC|Ontario|2018-10-14|2018 Hall of Fame Meet|32.02|490
49|Plackoski, Aleksandar|18|2000|OTT|Québec|2018-10-18|uOttawa/Queens /Carleton Tri Meet|32.12|485
50|Miller-Junk, Devon|18|2000|WAT|Ontario|2019-02-08|Badger OUA Invitational|32.16|483