RANK|ATHLETES|AGE|YOB|CLUB|PROVINCE|DATE|MEET|TIME|FINA
1|St-Martin, Loïc|18|2000|CAMO|Québec|2019-04-13|Intra Club CAMO|1:58.65|765
2|Lim, Dmitriy|18|2000|UBCT|British Columbia|2018-11-03|Odlum Brown Colleges Cup Pacific Hosted by UBC|1:59.81|743
3|Millette, Charles|18|2000|PCSC|Québec|2018-12-15|Ontario Junior International|2:01.02|721
4|Jiwa, Rafik|18|2000|SFU|British Columbia|2019-02-09|West Coast Collegiate|2:02.06|703
5|Nickerson, Judson|18|2000|OTT|Québec|2019-02-23|2019 U SPORTS Odlum Brown Swimming Championships|2:02.13|702
6|Plackoski, Aleksandar|18|2000|OTT|Québec|2019-02-02|Championnat de natation universitaire RSEQ|2:02.24|700
7|Young, Brodie|18|2000|UBCT|British Columbia|2019-02-09|West Coast Collegiate|2:02.35|698
8|Glatz, Reid|18|2000|UM|Manitoba|2019-02-23|2019 U SPORTS Odlum Brown Swimming Championships|2:02.91|689
9|McRae, Ryley|18|2000|TRUW|British Columbia|2019-02-23|2019 U SPORTS Odlum Brown Swimming Championships|2:03.11|685
10|Hein, William|18|2000|MCGILL|Québec|2018-11-18|Kemp-Fry AUS Invitational|2:04.13|668
11|Walker, Connor|18|2000|UT|Ontario|2019-01-12|UT vs Western|2:04.23|667
12|Miecznikowski, Adam|18|2000|GHAC|Ontario|2018-12-08|Border City Invitational|2:05.57|646
13|Alejado, Brenan|18|2000|HAC|Ontario|2018-12-15|Ontario Junior International|2:05.97|640
14|Crawford, Matthew|18|2001|RAPID|British Columbia|2019-07-27|SKSC Summer Fest|2:06.01|639
15|McKervill, Padric|18|2000|UVIC|British Columbia|2018-11-25|Canada West Championships 2018|2:06.69|629
16|Wilkins, Riley|18|2000|UVIC|British Columbia|2018-11-03|Odlum Brown Colleges Cup Pacific Hosted by UBC|2:06.70|629
17|Paciagiu, Eric|18|2000|JDSS|Ontario|2018-12-15|Ontario Junior International|2:07.16|622
18|Dimitrov, Martin|18|2000|UBCT|British Columbia|2019-02-23|2019 U SPORTS Odlum Brown Swimming Championships|2:07.21|621
19|Phillips, Austin|18|2000|UVIC|British Columbia|2018-12-08|16th Annual XMAS Cracker Invitational|2:07.51|617
20|Rexha, Besjon|18|2000|OTT|Québec|2019-02-02|Championnat de natation universitaire RSEQ|2:07.71|614
21|Konik, Justin|18|2000|UBCT|British Columbia|2019-02-09|West Coast Collegiate|2:07.80|612
22|Prollius, Bjorn|18|2000|ROD|Saskatchewan|2018-12-15|ManSask Championships Short Course Open Championships|2:07.93|611
23|Lajoie, Michael|18|2000|UM|Manitoba|2018-11-03|Odlum Brown Colleges Cup Pacific Hosted by UBC|2:08.15|607
24|Baghdassarian, Kevork|18|2000|MACU|Ontario|2018-11-25|OUA Fairweather Division Championships 2018|2:08.49|603
25|Pliuskaitis, Stuart|18|2000|UBCT|British Columbia|2018-11-03|Odlum Brown Colleges Cup Pacific Hosted by UBC|2:08.86|597
26|Knox, Finlay|18|2001|MAVS|Alberta|2019-01-25|Mint Smartwash Winter Classic|2:08.89|597
27|Tarek Mohammed, Kareem|18|2000|UOFR|Saskatchewan|2018-11-25|Canada West Championships 2018|2:09.44|589
28|Lecavalier, Charles-Philip|18|1999|SAMAK|Québec|2018-11-09|Festival provincial par équipe section 2|2:09.57|588
29|Tremblay, Zachary|18|2000|SAMAK|Québec|2018-12-02|Neptune International (CSPO 25m)|2:09.80|585
30|Staeben, Erik|18|2000|UNB|New Brunswick|2019-02-10|2019 Subway AUS Swimming Championships|2:10.32|578
31|Douglas, Kyle|18|1999|PCSC|Québec|2018-12-09|Invitation Provinciale AA-AAA Pointe-Claire 2018|2:10.52|575
32|Chambers, Ian|18|2000|GHAC|Ontario|2018-11-03|NYAC Cup|2:10.86|570
33|Bird, Joshua|18|2000|WAT|Ontario|2018-11-25|OUA Fairweather Division Championships 2018|2:11.07|568
34|Shortt, Gordon|18|1999|NHAC|Ontario|2018-11-17|Expressway Lincoln Fall Invitational|2:11.41|563
35|Gélinas, Vincent|18|2000|MEGO|Québec|2018-11-09|Festival provincial par équipe section 2|2:12.14|554
36|Crook, Alexandre|18|2000|UOFC|Alberta|2019-02-01|Colleges Cup Mountain|2:12.26|552
37|Paulin, Maxime|18|2000|OTT|Québec|2019-02-02|Championnat de natation universitaire RSEQ|2:12.36|551
38|Lord, Guillaume|18|2000|MUST|Québec|2018-12-08|Défi Nez-Rouge 2018|2:12.75|546
39|Corazza, Luca|18|2000|UT|Ontario|2018-11-25|OUA Fairweather Division Championships 2018|2:12.89|545
40|Pelletier, Eric|18|2000|PCSC|Québec|2018-11-25|Circuit senior étape 2|2:13.55|537
41|Saplywyj, Adrian|18|2000|DDO|Québec|2018-12-02|Neptune International (CSPO 25m)|2:14.29|528
42|Gagnon, Maxime|18|1999|CNQ|Québec|2018-12-08|Défi Nez-Rouge 2018|2:14.61|524
43|Walt, Chad|18|2000|QUE|Ontario|2019-02-08|2019 Ontario University Championships|2:14.77|522
44|Reiber, Dylan|18|2000|UVIC|British Columbia|2018-11-03|Odlum Brown Colleges Cup Pacific Hosted by UBC|2:15.26|517
45|Cruz, Victor|18|1999|CSLA|Québec|2018-11-09|Festival provincial par équipe section 2|2:15.78|511
46|Di Lello, Dante|18|2000|LU|Ontario|2019-02-08|2019 Ontario University Championships|2:16.68|501
47|McKenzie, Mark|18|2000|UCSC|Alberta|2019-07-14|UCSC Western Finale|2:16.77|500
48|Potvin, Mathieu|18|2000|NN|Québec|2018-11-02|Festival provincial par équipe section 1|2:17.09|496
49|Swain, Reilly|18|2000|MUSC|Newfoundland|2019-02-10|2019 Subway AUS Swimming Championships|2:17.68|490
50|Papadedes, Dimitri|18|1999|MACU|Ontario|2018-11-03|NYAC Cup|2:17.97|487