RANK|ATHLETES|AGE|YOB|CLUB|PROVINCE|DATE|MEET|TIME|FINA
1|Pliuskaitis, Stuart|18|2000|UBCT|British Columbia|2019-02-09|West Coast Collegiate|8:15.55|716
2|Woinoski, Alex|18|2000|SFU|British Columbia|2019-02-10|West Coast Collegiate|8:17.11|709
3|Antifaoff, Micheal|18|2000|UOFA|Alberta|2019-01-18|Blue Bears 2019|8:21.49|691
4|Dimitrov, Martin|18|2000|UBCT|British Columbia|2019-01-18|SFU vs UVic vs UBC|8:23.35|683
5|McKenzie, Paul|18|2000|UCSC|Alberta|2018-12-14|Ontario Junior International|8:29.48|659
6|Walker, Connor|18|2000|UT|Ontario|2018-10-27|McMaster vs Toronto|8:29.97|657
7|Partridge, Rhys|18|2000|EBSC|Ontario|2018-12-14|Ontario Junior International|8:31.84|650
8|David, Félix|18|2000|CAMO|Québec|2018-12-14|Ontario Junior International|8:31.87|650
9|Lim, Dmitriy|18|2000|UBCT|British Columbia|2018-10-26|UofC Duel Meet|8:32.26|648
10|Grillo, Kristi|18|2000|OTT|Québec|2018-10-18|uOttawa/Queens /Carleton Tri Meet|8:33.46|644
11|Konik, Justin|18|2000|UBCT|British Columbia|2018-10-26|UofC Duel Meet|8:38.00|627
12|Chafe, Thomas|18|2000|SJL|Newfoundland|2018-12-14|Ontario Junior International|8:38.14|626
13|Lau, Micah|18|2000|SFU|British Columbia|2019-01-18|SFU vs UVic vs UBC|8:41.06|616
14|Plackoski, Aleksandar|18|2000|OTT|Québec|2018-10-18|uOttawa/Queens /Carleton Tri Meet|8:41.30|615
15|Corazza, Luca|18|2000|UT|Ontario|2018-10-27|McMaster vs Toronto|8:41.50|614
16|Young, Brodie|18|2000|UBCT|British Columbia|2018-10-26|UofC Duel Meet|8:42.57|610
17|Després, Julien-Manuel|18|2000|CAMO|Québec|2018-10-14|Circuit Senior - Étape 1|8:45.85|599
18|Katelnikoff, Alexander|18|2000|CASC|Alberta|2018-12-14|Ontario Junior International|8:49.64|586
19|McKenzie, Mark|18|2000|UCSC|Alberta|2018-11-24|UCSC TT|8:52.97|575
20|Millette, Charles|18|2000|PCSC|Québec|2018-10-14|Circuit Senior - Étape 1|9:09.58|525
21|Meuleman, Matthew|18|2000|RAPID|British Columbia|2018-11-09|ISC 2018 Bennett Cup|9:11.84|518
22|Adams, Austin|18|2000|CYPS|Ontario|2018-11-23|LAC - Nothers Fall Invitational|9:13.19|515
23|Inouye, Ethan|18|2000|GHAC|Ontario|2018-11-25|2018 GHAC November Invitational|9:15.87|507
24|McDonnell, Keenan|18|2000|OSC|Alberta|2019-01-18|Blue Bears 2019|9:16.06|507
25|Prollius, Bjorn|18|2000|ROD|Saskatchewan|2018-11-23|Goldfins Invitational|9:17.34|503
26|Kershaw, Grier|18|2000|CATS|Ontario|2019-02-03|2019 Huronia SC Regional Championships|9:17.56|503
27|Webber, Ryan|18|2000|DAL|Nova Scotia|2018-10-21|10th Annual Jack Scholz Invitational|9:21.53|492
28|Brochu, Xavier|18|2000|ABC|Québec|2019-03-30|Régionale Sept-Iles 2019-03-30|9:22.91|488
29|Maalouf, Michel|18|2000|LMRL|Québec|2019-01-25|Inter-provinciale LMRL 2019|9:23.86|486
30|Morawski, Dylan|18|2000|MUSC|Newfoundland|2018-11-22|2018 Mount Pearl Marlins 3rd Annual Sink or Swim Invitiational|9:25.46|482
31|Douglas, Tanner|18|2000|TRUW|British Columbia|2018-10-27|Kamloops Fall Swimming Festival|9:32.58|464
32|Taylor, Jonathan|18|2000|DAL|Nova Scotia|2018-10-21|10th Annual Jack Scholz Invitational|9:34.53|459
33|Wittmann, Matthew|18|2001|RHAC|Ontario|2019-02-07|Central Region B Champs 2019|9:53.69|416
34|Mccomb, Carson|18|2000|BBSC|Manitoba|2018-12-20|Santa’s Reindeer Races|9:56.01|411
35|Kish, Trey|18|2000|CNHR|Québec|2018-10-25|Intra Club 1|10:02.98|397
36|McKenna, Liam|18|2000|DRC|Ontario|2018-11-23|BYST Fall Invitational|10:03.12|397
37|Lambert, Nicholas|18|2000|SLSC|Ontario|2019-02-01|Dave Kensit Memorial SC Championship|10:04.72|394
38|Jung, Brian|18|2000|CNHR|Québec|2018-10-25|Intra Club 1|10:07.12|389
39|Ward, Justin|18|2000|SBSC|Nova Scotia|2019-01-12|AA AGD 1|10:09.83|384
40|Thukral, Sumeet|18|2000|ROW|Ontario|2018-12-15|ROW In House Competition|11:10.78|288
41|Beaumont Stidwill, Samuel|18|2000|CSL|Ontario|2018-11-24|2018 CSL Snowflake Invitational|11:19.60|277
42|Parsons, Ryan|18|2001|AASC|Newfoundland|2019-04-05|Aqua Aces Spring Invitational|11:28.42|267
43|Wadodkar, Atharva|18|1999|CAR|Ontario|2018-10-18|uOttawa/Queens /Carleton Tri Meet|11:54.45|239