RANK|ATHLETES|AGE|YOB|CLUB|PROVINCE|DATE|MEET|TIME|FINA
1|St-Martin, Loïc|18|2000|CAMO|Québec|2018-12-14|Ontario Junior International|24.37|757
2|Secchi, Clement|18|2000|MCGILL|Québec|2019-02-22|2019 U SPORTS Odlum Brown Swimming Championships|24.94|707
3|Lisoway, Justin|18|2000|MAVS|Alberta|2018-12-14|Ontario Junior International|25.06|697
4|Cruz Zuniga, Guillermo|18|2000|CAMO|Québec|2018-11-02|Festival provincial par équipe section 1|25.14|690
5|Payne, Christian|18|2000|DAL|Nova Scotia|2019-02-09|2019 Subway AUS Swimming Championships|25.25|681
6|Knox, Finlay|18|2001|MAVS|Alberta|2019-01-25|Mint Smartwash Winter Classic|25.41|668
7|Alexander, Christopher|18|2000|UOFL|Alberta|2018-11-23|Canada West Championships 2018|25.93|629
8|Lim, Dmitriy|18|2000|UBCT|British Columbia|2018-11-23|Canada West Championships 2018|26.20|609
9|towne, garrett|18|1999|UT|Ontario|2018-11-25|OUA Fairweather Division Championships 2018|26.38|597
10|Beach, William|18|2000|UOFA|Alberta|2018-11-23|Canada West Championships 2018|26.48|590
10|Crawford, Matthew|18|2001|RAPID|British Columbia|2019-07-28|SKSC Summer Fest|26.48|590
10|Pelletier, Eric|18|2000|PCSC|Québec|2018-12-14|Ontario Junior International|26.48|590
13|McKervill, Padric|18|2000|UVPCS|British Columbia|2019-07-20|2018-19 Blue Gold Time Trial #9 (SC)|26.68|577
14|Neilson, Achilles|18|1999|CASC|Alberta|2018-10-28|Rocky Mountain Cup|26.76|572
15|Zhang, Jimmy|18|2000|SFU|British Columbia|2018-11-04|Odlum Brown Colleges Cup Pacific Hosted by UBC|26.82|568
16|Phillips, Austin|18|2000|UVIC|British Columbia|2018-11-23|Canada West Championships 2018|26.94|561
17|Forrest, Gordon|18|2000|OTT|Québec|2019-02-02|Championnat de natation universitaire RSEQ|26.98|558
18|Wormald, Lukas|18|1999|WAT|Ontario|2018-11-25|OUA Fairweather Division Championships 2018|27.07|553
19|Godolphin, Bernard|18|1999|SAMAK|Québec|2018-12-02|Neptune International (CSPO 25m)|27.09|551
20|Tremblay, Zachary|18|2000|SAMAK|Québec|2018-12-02|Neptune International (CSPO 25m)|27.11|550
21|St-Germain, Jacob|18|2000|UL|Québec|2018-11-02|Festival provincial par équipe section 1|27.17|546
21|Levytskyy, Maksym|18|2000|WAT|Ontario|2019-02-07|2019 Ontario University Championships|27.17|546
23|Sangster, Dean|18|2000|TCSC|Nova Scotia|2018-12-14|Age Group Development Meet|27.25|542
24|Castillo, Sebastian|18|2001|UCSC|Alberta|2019-03-08|UCSC Team Champs|27.29|539
25|Glatz, Reid|18|2000|UM|Manitoba|2018-11-03|Odlum Brown Colleges Cup Pacific Hosted by UBC|27.32|538
26|McCole, James|18|1999|UG|Ontario|2018-11-24|2018 OUA DeBray Divisional Champs|27.33|537
27|Drolet, Thomas|18|2000|CNQ|Québec|2018-12-09|Défi Nez-Rouge 2018|27.44|530
28|Steele, James|18|2000|GMAC|Ontario|2018-12-14|Ontario Junior International|27.60|521
29|Nash, Isak|18|2000|UBCT|British Columbia|2018-10-27|Rocky Mountain Cup|27.63|520
30|Skuse, Conner|18|1999|UOFA|Alberta|2018-10-13|Oktoberfest|27.64|519
31|McKenzie, Mark|18|2000|UCSC|Alberta|2019-07-13|UCSC Western Finale|27.65|518
32|Morawski, Dylan|18|2000|MUSC|Newfoundland|2019-02-09|2019 Subway AUS Swimming Championships|27.67|517
33|Laforme, Grégory|18|2000|MEGO|Québec|2018-11-09|Festival provincial par équipe section 2|27.75|513
34|Paciagiu, Eric|18|2000|JDSS|Ontario|2019-04-28|2019 Ontario Team Challenge|27.78|511
35|LABRIE, Alex|18|2001|RIKI|Québec|2019-06-09|Finale régionale|27.79|511
35|Cox, Mitchell|18|1999|LU|Ontario|2018-11-24|2018 OUA DeBray Divisional Champs|27.79|511
37|Hilkewich, Nicholas|18|2001|WVOSC|British Columbia|2019-07-27|SKSC Summer Fest|27.92|504
38|Gleason, Neo|18|2000|RIP|Alberta|2018-12-14|JP Fiset Invitational|27.94|502
39|Kenny, Shane|18|2000|BLAST|New Brunswick|2018-12-15|Championat par équipe Marianne Limpert|27.95|502
40|Després, Julien-Manuel|18|2000|CAMO|Québec|2018-11-02|Festival provincial par équipe section 1|27.99|500
40|Al Bawwab, Yazan|18|1999|CAR|Ontario|2018-10-18|uOttawa/Queens /Carleton Tri Meet|27.99|500
42|Somov, Alex|18|2000|SLSC|Ontario|2019-02-01|Dave Kensit Memorial SC Championship|28.02|498
43|Jensen, Ryan|18|1999|UOFR|Saskatchewan|2018-11-03|Odlum Brown Colleges Cup Pacific Hosted by UBC|28.09|494
43|Lin, Johnnie|18|1999|UT|Ontario|2018-10-20|Downtown Sprint Meet|28.09|494
45|Sims, Ryan|18|2000|WRMS|Ontario|2019-02-01|2019 Western Region SC Champs|28.10|494
46|Savage, Jack|18|2000|UVIC|British Columbia|2018-12-16|26th Annual MJB Law Classic SCM|28.20|489
47|Pedneault, Joel|18|2001|RL|Québec|2019-03-23|Invitation du printemps NSH|28.24|487
48|Rivero, Ruben|18|2000|MUSC|Newfoundland|2018-12-02|Age Group Development Meet Fall Series #3|28.25|486
49|Shortt, Gordon|18|1999|NHAC|Ontario|2018-10-20|No Pain No Gain|28.28|485
50|Pink, Henry|18|2000|OSAC|Ontario|2019-02-03|2019 Huronia SC Regional Championships|28.42|477