RANK|ATHLETES|AGE|YOB|CLUB|PROVINCE|DATE|MEET|TIME|FINA
1|Cruz Zuniga, Guillermo|18|2000|CAMO|Québec|2018-11-17|Open Sprint SAMAK 2018|56.87|708
2|Lisoway, Justin|18|2000|MAVS|Alberta|2018-10-27|Rocky Mountain Cup|56.92|707
3|Godolphin, Bernard|18|1999|SAMAK|Québec|2018-12-01|Neptune International (CSPO 25m)|58.01|667
4|Knox, Finlay|18|2001|MAVS|Alberta|2019-02-02|Maverick Madness 2019|58.38|655
5|Alexander, Christopher|18|2000|UOFL|Alberta|2018-11-03|Odlum Brown Colleges Cup Pacific Hosted by UBC|59.18|629
6|Yu, Ruishen|18|2000|UBCT|British Columbia|2018-11-03|Odlum Brown Colleges Cup Pacific Hosted by UBC|59.64|614
7|Jiwa, Rafik|18|2000|SFU|British Columbia|2018-11-03|Odlum Brown Colleges Cup Pacific Hosted by UBC|59.81|609
8|Uemura, Victor|18|1999|QUE|Ontario|2018-10-13|OUA Sprint Invitational|1:00.03|602
9|Lacroix, Brandon|18|2001|NG|Québec|2019-06-08|Finale régionale des Jeux du Québec|1:00.13|599
10|Alejado, Brenan|18|2000|HAC|Ontario|2019-01-27|Joanne Malar|1:00.27|595
11|Tremblay, Zachary|18|2000|SAMAK|Québec|2018-11-17|Open Sprint SAMAK 2018|1:00.44|590
12|Pedneault, Joel|18|2001|RL|Québec|2019-04-27|Défi QNI AllTides|1:00.50|588
13|Saplywyj, Adrian|18|2000|DDO|Québec|2018-12-01|Neptune International (CSPO 25m)|1:00.65|584
14|Lajoie, Michael|18|2000|UM|Manitoba|2018-11-17|Bison Sprint IM Invitational|1:01.09|571
15|Glatz, Reid|18|2000|UM|Manitoba|2018-11-17|Bison Sprint IM Invitational|1:01.11|571
15|Barrett, William|18|2000|OTT|Québec|2018-10-13|GO Kingfish Blue and Orange Pentathlon|1:01.11|571
17|Phillips, Austin|18|2000|UVIC|British Columbia|2018-11-03|Odlum Brown Colleges Cup Pacific Hosted by UBC|1:01.36|564
18|Boily, Nicolas|18|2000|CNQ|Québec|2019-05-04|Invitation du Printemps|1:01.38|563
19|Kenny, Shane|18|2000|BLAST|New Brunswick|2018-12-14|Championat par équipe Marianne Limpert|1:01.45|561
20|Jensen, Ryan|18|1999|UOFR|Saskatchewan|2018-11-03|Odlum Brown Colleges Cup Pacific Hosted by UBC|1:01.58|558
21|Shortt, Gordon|18|1999|NHAC|Ontario|2018-10-21|No Pain No Gain|1:01.62|557
22|Forrest, Gordon|18|2000|OTT|Québec|2018-10-13|GO Kingfish Blue and Orange Pentathlon|1:01.73|554
23|Plackoski, Aleksandar|18|2000|OTT|Québec|2018-10-13|GO Kingfish Blue and Orange Pentathlon|1:02.19|542
24|Levytskyy, Maksym|18|2000|WAT|Ontario|2019-01-26|Badger Invitational Two|1:02.32|538
25|Ford, Lorenzo|18|2000|MAVS|Alberta|2018-11-18|KSC SC Invitational 2018|1:02.36|537
26|Dunn, Gabriel|18|2000|CP|Alberta|2019-01-19|Pugsley's Plunge 2019|1:02.41|536
27|Maalouf, Michel|18|2000|LMRL|Québec|2019-04-27|3è Régionale de l'est-du-Québec|1:02.53|533
28|Paré, Grégoire|18|2000|MUST|Québec|2018-11-17|Open Sprint SAMAK 2018|1:02.98|522
29|McRae, Robert|18|2000|UCJA|Québec|2019-03-23|Comp. Collégiale - Sud-Ouest - St-Jérome #7|1:03.03|520
30|McKenzie, Paul|18|2000|UCSC|Alberta|2019-06-21|UCSC Team Champs|1:03.49|509
31|McCole, James|18|1999|UG|Ontario|2018-10-13|OUA Sprint Invitational|1:03.52|508
32|Castillo, Sebastian|18|2001|UCSC|Alberta|2019-06-21|UCSC Team Champs|1:03.62|506
33|Stokes, Richie|18|2000|UOFC|Alberta|2018-11-03|Odlum Brown Colleges Cup Pacific Hosted by UBC|1:03.74|503
34|Neilson, Achilles|18|1999|CASC|Alberta|2018-10-20|UCSC Fall Start Up|1:03.91|499
35|Halpen, Matthew|18|2000|QUE|Ontario|2018-10-13|OUA Sprint Invitational|1:03.94|498
36|Ouimet-Beaudry, Jérémie|18|1999|UCO|Québec|2018-11-16|Collégial#2 - Bois-de-Boulogne - Conf. Sud-Ouest|1:04.06|496
37|Douglas, Laird|18|2000|UBCT|British Columbia|2018-10-20|2018 OCTOBER SENIOR CIRCUIT|1:04.11|494
38|Currie, Garnet|18|2000|VPSC|British Columbia|2018-11-03|Odlum Brown Colleges Cup Pacific Hosted by UBC|1:04.26|491
39|Tyoschin, Alexander|18|2000|UOFC|Alberta|2018-10-20|UCSC Fall Start Up|1:04.29|490
40|Fattouh, Richard|18|1999|UCJA|Québec|2018-11-16|Collégial#2 - Bois-de-Boulogne - Conf. Sud-Ouest|1:04.38|488
41|Nickerson, Judson|18|2000|OTT|Québec|2018-10-13|GO Kingfish Blue and Orange Pentathlon|1:04.56|484
42|Nash, Isak|18|2000|UBCT|British Columbia|2018-10-20|2018 OCTOBER SENIOR CIRCUIT|1:04.63|483
43|Miller-Junk, Devon|18|2000|WAT|Ontario|2018-10-31|Battle of Waterloo|1:04.66|482
44|Pimentel, Xavier|18|2001|NG|Québec|2019-06-08|Finale régionale des Jeux du Québec|1:04.77|479
45|Legg, Troy|18|1999|EBSC|Ontario|2018-10-21|Kingston Blue Marlins Pentathlon|1:04.84|478
46|Korstanje, Anthonie|18|1999|BADGR|Ontario|2018-10-13|OUA Sprint Invitational|1:05.56|462
47|Rivero, Ruben|18|2000|MUSC|Newfoundland|2018-10-20|PSC Rock the Block 2018|1:05.71|459
48|Ball, Chris|18|1999|LU|Ontario|2018-10-13|OUA Sprint Invitational|1:05.77|458
49|Ayad, Omer|18|2000|CNSL|Québec|2018-11-17|Open Sprint SAMAK 2018|1:05.78|458
50|McKenzie, Mark|18|2000|UCSC|Alberta|2019-06-21|UCSC Team Champs|1:05.87|456