RANK|ATHLETES|AGE|YOB|CLUB|PROVINCE|DATE|MEET|TIME|FINA
1|St-Martin, Loïc|18|2000|CAMO|Québec|2018-12-15|Ontario Junior International|24.07|742
2|Cruz Zuniga, Guillermo|18|2000|CAMO|Québec|2018-11-03|Festival provincial par équipe section 1|24.30|722
3|Secchi, Clement|18|2000|MCGILL|Québec|2019-02-02|Championnat de natation universitaire RSEQ|24.53|701
4|Smith, Everett|18|2001|UT|Ontario|2019-02-22|2019 U SPORTS Odlum Brown Swimming Championships|24.96|666
5|Meuleman, Matthew|18|2000|RAPID|British Columbia|2019-07-27|SKSC Summer Fest|25.19|648
6|Knox, Finlay|18|2001|MAVS|Alberta|2019-01-26|Mint Smartwash Winter Classic|25.24|644
7|Payne, Christian|18|2000|DAL|Nova Scotia|2019-02-09|Kemp-Fry AUS Invitational|25.31|638
8|Plackoski, Aleksandar|18|2000|OTT|Québec|2019-02-22|2019 U SPORTS Odlum Brown Swimming Championships|25.34|636
9|Glatz, Reid|18|2000|UM|Manitoba|2019-02-22|2019 U SPORTS Odlum Brown Swimming Championships|25.41|631
10|McKervill, Padric|18|2000|UVIC|British Columbia|2018-11-23|Canada West Championships 2018|25.43|629
11|Aylward, Graeme|18|2000|MMST|Ontario|2018-12-15|Ontario Junior International|25.66|613
12|Yu, Tengbo|18|2001|RAPID|British Columbia|2019-07-27|SKSC Summer Fest|25.80|603
13|Staeben, Erik|18|2000|UNB|New Brunswick|2019-01-19|Kemp-Fry AUS Invitational|25.83|601
14|Kenny, Shane|18|2000|BLAST|New Brunswick|2018-12-16|Championat par équipe Marianne Limpert|25.84|600
15|Prollius, Bjorn|18|2000|ROD|Saskatchewan|2018-12-16|ManSask Championships Short Course Open Championships|25.86|599
16|Crawford, Matthew|18|2001|RAPID|British Columbia|2019-07-27|SKSC Summer Fest|25.91|595
17|Mitchell, Michael|18|2000|UBCT|British Columbia|2018-11-23|Canada West Championships 2018|25.96|592
18|Forrest, Gordon|18|2000|OTT|Québec|2019-02-02|Championnat de natation universitaire RSEQ|26.03|587
19|Crook, Alexandre|18|2000|UOFC|Alberta|2018-11-23|Canada West Championships 2018|26.04|586
20|Godolphin, Bernard|18|1999|SAMAK|Québec|2018-11-17|Open Sprint SAMAK 2018|26.11|582
21|Maksoud, Youssef|18|2000|CASC|Alberta|2018-12-16|Age Group Food Bank Challenge|26.14|580
22|Alejado, Brenan|18|2000|HAC|Ontario|2018-11-11|2018 Age Group International SC|26.18|577
23|Gélinas, Vincent|18|2000|MEGO|Québec|2018-11-10|Festival provincial par équipe section 2|26.26|572
24|Lajoie, Michael|18|2000|UM|Manitoba|2018-11-23|Canada West Championships 2018|26.27|571
25|Dunn, Gabriel|18|2000|CP|Alberta|2018-12-16|JP Fiset Invitational|26.32|568
26|Cruz, Victor|18|1999|CSLA|Québec|2018-11-10|Festival provincial par équipe section 2|26.36|565
27|Al Bawwab, Yazan|18|1999|CAR|Ontario|2018-10-18|uOttawa/Queens /Carleton Tri Meet|26.41|562
28|Shortt, Gordon|18|1999|NHAC|Ontario|2018-11-04|2018 BAD Fall Invitational|26.54|554
29|Paré, Grégoire|18|2000|MUST|Québec|2018-12-08|Défi Nez-Rouge 2018|26.55|553
30|Lin, Johnnie|18|1999|UT|Ontario|2018-10-19|Downtown Sprint Meet|26.58|551
31|Lim, Dmitriy|18|2000|UBCT|British Columbia|2018-10-27|Rocky Mountain Cup|26.59|551
31|Saplywyj, Adrian|18|2000|DDO|Québec|2018-11-30|Neptune International (CSPO 25m)|26.59|551
33|Vinson, Antoine|18|2000|SHER|Québec|2018-11-10|Festival provincial par équipe section 2|26.63|548
34|Beyak, Sam|18|2001|ISC|British Columbia|2019-01-26|Vancouver Island Regional SC Championships|26.65|547
35|Somov, Alex|18|2000|SLSC|Ontario|2019-02-03|Dave Kensit Memorial SC Championship|26.66|546
36|Tremblay, Zachary|18|2000|SAMAK|Québec|2018-12-08|Invitation Provinciale AA-AAA Pointe-Claire 2018|26.75|541
37|Scherer, Arnaud|18|2000|NN|Québec|2018-12-08|Invitation Provinciale AA-AAA Pointe-Claire 2018|26.77|540
38|Pink, Henry|18|2000|OSAC|Ontario|2019-02-03|2019 Huronia SC Regional Championships|26.80|538
39|Boll, Ryan|18|2000|UOFL|Alberta|2018-10-26|UofC Duel Meet|26.85|535
40|Uemura, Victor|18|1999|QUE|Ontario|2018-10-21|Kingston Blue Marlins Pentathlon|26.86|534
41|Dickson, Cameron|18|2000|CHENA|British Columbia|2018-12-15|Rapids Fast-Swim Classic|26.88|533
42|Castillo, Sebastian|18|2001|UCSC|Alberta|2019-06-21|UCSC Team Champs|26.89|532
43|Helal, Ahmed|18|2000|UNB|New Brunswick|2019-02-09|2019 Subway AUS Swimming Championships|26.93|530
44|Papaggelis, Kiriakos|18|2000|SFU|British Columbia|2018-11-03|Odlum Brown Colleges Cup Pacific Hosted by UBC|27.00|526
44|Kirouac, Simon|18|2000|CAMO|Québec|2018-11-03|Festival provincial par équipe section 1|27.00|526
44|Barrett, William|18|2000|OTT|Québec|2018-10-13|GO Kingfish Blue and Orange Pentathlon|27.00|526
44|Mohamed, Mohamed|18|2000|MCGILL|Québec|2019-02-02|Championnat de natation universitaire RSEQ|27.00|526
48|Sims, Ryan|18|2000|WRMS|Ontario|2018-11-02|NYAC Cup|27.01|525
49|Lecavalier, Charles-Philip|18|1999|SAMAK|Québec|2018-11-10|Festival provincial par équipe section 2|27.05|523
50|Ji, Eric|18|2000|MCGILL|Québec|2018-10-12|Coupe universitaire #1|27.06|522