RANK|ATHLETES|AGE|YOB|CLUB|PROVINCE|DATE|MEET|TIME|FINA
1|Young, Brodie|18|2000|UBCT|British Columbia|2019-02-22|2019 U SPORTS Odlum Brown Swimming Championships|4:18.70|754
2|Millette, Charles|18|2000|PCSC|Québec|2018-12-14|Ontario Junior International|4:19.76|745
3|Pelletier, Eric|18|2000|PCSC|Québec|2018-12-14|Ontario Junior International|4:20.16|741
4|St-Martin, Loïc|18|2000|CAMO|Québec|2018-12-07|Invitation provinciale AA-AAA Noël + Développement 11-12 ans CAMO|4:22.35|723
5|Stokes, Richie|18|2000|UOFC|Alberta|2019-02-22|2019 U SPORTS Odlum Brown Swimming Championships|4:22.90|718
6|Hein, William|18|2000|MCGILL|Québec|2018-11-17|Kemp-Fry AUS Invitational|4:25.70|696
7|Godolphin, Bernard|18|1999|SAMAK|Québec|2018-11-30|Neptune International (CSPO 25m)|4:29.01|670
8|Douglas, Laird|18|2000|UBCT|British Columbia|2018-11-24|Canada West Championships 2018|4:30.10|662
9|Tarek Mohammed, Kareem|18|2000|UOFR|Saskatchewan|2019-02-22|2019 U SPORTS Odlum Brown Swimming Championships|4:30.46|660
10|Younes, Alexandre|18|2000|MCGILL|Québec|2019-02-02|Championnat de natation universitaire RSEQ|4:31.28|654
11|Douglas, Kyle|18|1999|PCSC|Québec|2018-12-07|Invitation Provinciale AA-AAA Pointe-Claire 2018|4:31.73|650
12|Nickerson, Judson|18|2000|OTT|Québec|2019-02-22|2019 U SPORTS Odlum Brown Swimming Championships|4:33.25|640
13|Steele, James|18|2000|GMAC|Ontario|2018-12-14|Ontario Junior International|4:34.56|631
14|David, Félix|18|2000|CAMO|Québec|2018-12-14|Ontario Junior International|4:34.61|630
15|Lord, Guillaume|18|2000|MUST|Québec|2018-12-09|Défi Nez-Rouge 2018|4:34.90|628
16|Jensen, Ryan|18|1999|UOFR|Saskatchewan|2018-11-03|Odlum Brown Colleges Cup Pacific Hosted by UBC|4:35.94|621
17|Shortt, Gordon|18|1999|NHAC|Ontario|2018-11-30|Neptune International (CSPO 25m)|4:36.15|620
18|Paciagiu, Eric|18|2000|JDSS|Ontario|2019-04-27|2019 Ontario Team Challenge|4:37.18|613
19|Chang, Elyott|18|2000|ACAD|Nova Scotia|2019-02-09|2019 Subway AUS Swimming Championships|4:37.34|612
20|Rogozynski, Noah|18|2000|WAT|Ontario|2019-02-07|2019 Ontario University Championships|4:37.67|610
21|Antifaoff, Micheal|18|2000|UOFA|Alberta|2019-01-20|Blue Bears 2019|4:37.90|608
22|Plackoski, Aleksandar|18|2000|OTT|Québec|2018-11-30|Neptune International (CSPO 25m)|4:38.27|606
23|Bird, Joshua|18|2000|WAT|Ontario|2019-02-07|2019 Ontario University Championships|4:38.38|605
24|Lim, Dmitriy|18|2000|UBCT|British Columbia|2018-10-27|Rocky Mountain Cup|4:39.63|597
25|Harris, Logan|18|2001|OTT|Québec|2019-02-02|Championnat de natation universitaire RSEQ|4:39.95|595
26|Pliuskaitis, Stuart|18|2000|UBCT|British Columbia|2018-10-27|Rocky Mountain Cup|4:40.30|593
27|Wilkins, Riley|18|2000|UVIC|British Columbia|2019-01-26|Vancouver Island Regional SC Championships|4:41.73|584
28|Miecznikowski, Adam|18|2000|GHAC|Ontario|2018-12-08|Border City Invitational|4:41.99|582
29|Marino, Antonio|18|1999|SFU|British Columbia|2018-11-03|Odlum Brown Colleges Cup Pacific Hosted by UBC|4:43.14|575
30|Clavelle, Matthew|18|2001|ISC|British Columbia|2019-01-26|Vancouver Island Regional SC Championships|4:43.29|574
31|Potvin, Mathieu|18|2000|NN|Québec|2018-12-14|Ontario Junior International|4:43.56|572
32|Ing, Ryan|18|2000|APEX|Ontario|2018-12-07|Youth Cup|4:44.22|568
33|Paulin, Maxime|18|2000|OTT|Québec|2018-11-30|Neptune International (CSPO 25m)|4:44.70|565
34|Coté, Vincent|18|2000|UL|Québec|2018-12-14|Ontario Junior International|4:44.84|565
35|Paré, Grégoire|18|2000|MUST|Québec|2018-12-09|Défi Nez-Rouge 2018|4:44.95|564
36|Barrett, William|18|2000|OTT|Québec|2018-10-27|Coupe Universitaire 2|4:45.41|561
37|Ionescoux-Tremblay, Mathieu|18|2000|CAMO|Québec|2018-11-03|Festival provincial par équipe section 1|4:45.96|558
38|Savage, Jack|18|2000|UVIC|British Columbia|2018-11-03|Odlum Brown Colleges Cup Pacific Hosted by UBC|4:46.45|555
39|Tremblay, Zachary|18|2000|SAMAK|Québec|2018-11-10|Festival provincial par équipe section 2|4:46.57|554
40|Korstanje, Anthonie|18|1999|BADGR|Ontario|2018-11-24|2018 OUA DeBray Divisional Champs|4:47.69|548
41|Lu, Min Qian|18|2000|TSC|Ontario|2019-01-20|Winter Invitational|4:48.40|544
42|Javier-Drouin, Alexandre|18|2000|DDO|Québec|2018-11-03|Festival provincial par équipe section 3|4:48.73|542
43|Webber, Ryan|18|2000|DAL|Nova Scotia|2019-02-09|2019 Subway AUS Swimming Championships|4:50.87|530
44|Phillips, Austin|18|2000|UVIC|British Columbia|2018-11-11|ISC 2018 Bennett Cup|4:51.25|528
45|Alejado, Brenan|18|2000|HAC|Ontario|2018-12-02|2018 Union Cup|4:51.53|527
46|Kelly, Sean|18|1999|WAT|Ontario|2018-11-24|OUA Fairweather Division Championships 2018|4:52.94|519
47|Woinoski, Alex|18|2000|SFU|British Columbia|2019-03-08|SFA Time Trial|4:53.34|517
48|Papadedes, Dimitri|18|1999|MACU|Ontario|2018-11-24|OUA Fairweather Division Championships 2018|4:53.79|515
49|Dunn, Gabriel|18|2000|CP|Alberta|2019-01-18|Pugsley's Plunge 2019|4:54.16|513
50|Després, Julien-Manuel|18|2000|CAMO|Québec|2018-11-03|Festival provincial par équipe section 1|4:55.09|508