RANK|AGES|CLUB|TEAM|PROVINCE|DATE|MEET|TIME|FINA
1|18 - 18|Acadia Varsity Swim Team|ACAD C|Nova Scotia|2018-10-20|10th Annual Jack Scholz Invitational|4:01.96|434
2|18 - 18|UNB Reds|UNB B|New Brunswick|2018-10-20|10th Annual Jack Scholz Invitational|4:01.97|434
3|18 - 18|University Of Waterloo|WAT F|Ontario|2018-10-31|Battle of Waterloo|4:14.45|373
4|18 - 18|Chatham Y Pool Sharks|CYPS A|Ontario|2019-03-02|Wilmot Aces Team Challenge Cup|4:24.21|333
5|18 - 18|Wolfville Tritons Swim Club|WTSC A|Nova Scotia|2019-02-15|AA Winter Champs|4:27.58|321
6|18 - 18|Shearwater Bluefins Swim Club|SBSC A|Nova Scotia|2019-01-12|AA AGD 1|5:24.88|179