RANK|ATHLETES|AGE|YOB|CLUB|PROVINCE|DATE|MEET|TIME|FINA
1|Cruz Zuniga, Guillermo|18|2000|CAMO|Québec|2018-11-04|Festival provincial par équipe section 1|21.95|786
2|Pratt, Alexander|18|2000|UBCT|British Columbia|2018-11-04|Odlum Brown Colleges Cup Pacific Hosted by UBC|22.94|688
3|Ionescoux-Tremblay, Mathieu|18|2000|CAMO|Québec|2018-12-15|Ontario Junior International|23.05|679
4|Yu, Tengbo|18|2001|RAPID|British Columbia|2019-07-28|SKSC Summer Fest|23.08|676
5|Meuleman, Matthew|18|2000|RAPID|British Columbia|2019-07-28|SKSC Summer Fest|23.46|644
6|Godolphin, Bernard|18|1999|SAMAK|Québec|2018-11-11|Festival provincial par équipe section 2|23.73|622
7|Lisoway, Justin|18|2000|MAVS|Alberta|2018-11-17|KSC SC Invitational 2018|23.95|605
8|McKervill, Padric|18|2000|UVPCS|British Columbia|2019-07-20|2018-19 Blue Gold Time Trial #9 (SC)|24.00|601
8|Lajoie, Michael|18|2000|UM|Manitoba|2018-11-24|Canada West Championships 2018|24.00|601
10|Konik, Justin|18|2000|UBCT|British Columbia|2018-10-27|Rocky Mountain Cup|24.01|600
11|Aylward, Graeme|18|2000|MMST|Ontario|2018-12-15|Ontario Junior International|24.03|599
12|Svetov, Alex|18|2000|OTT|Québec|2018-12-01|Neptune International (CSPO 25m)|24.04|598
13|Arden, Raine|18|2000|UOFL|Alberta|2018-11-24|Canada West Championships 2018|24.11|593
13|Sims, Ryan|18|2000|WRMS|Ontario|2019-02-02|2019 Western Region SC Champs|24.11|593
15|Laforme, Grégory|18|2000|MEGO|Québec|2018-11-11|Festival provincial par équipe section 2|24.14|591
16|Knox, Finlay|18|2001|MAVS|Alberta|2019-02-01|Maverick Madness 2019|24.16|589
17|Alexander, Christopher|18|2000|UOFL|Alberta|2018-11-24|Canada West Championships 2018|24.20|586
18|Dunn, Gabriel|18|2000|CP|Alberta|2018-12-16|JP Fiset Invitational|24.22|585
18|Halpen, Matthew|18|2000|QUE|Ontario|2018-11-17|Quad meet|24.22|585
20|Papaggelis, Kiriakos|18|2000|SFU|British Columbia|2018-11-04|Odlum Brown Colleges Cup Pacific Hosted by UBC|24.23|584
21|Shortt, Gordon|18|1999|NHAC|Ontario|2018-12-02|Neptune International (CSPO 25m)|24.27|581
22|Chang, Elyott|18|2000|ACAD|Nova Scotia|2018-11-17|Kemp-Fry AUS Invitational|24.31|578
23|Morawski, Dylan|18|2000|MUSC|Newfoundland|2019-02-08|2019 Subway AUS Swimming Championships|24.33|577
24|Kenny, Shane|18|2000|BLAST|New Brunswick|2018-11-17|BLAST INVITATIONAL|24.36|575
24|Drabik, Cyrus|18|1999|MACU|Ontario|2018-11-03|NYAC Cup|24.36|575
26|Saplywyj, Adrian|18|2000|DDO|Québec|2018-12-02|Neptune International (CSPO 25m)|24.37|574
27|Maalouf, Michel|18|2000|LMRL|Québec|2018-12-07|Défi Nez-Rouge 2018|24.43|570
28|Pink, Henry|18|2000|OSAC|Ontario|2019-02-02|2019 Huronia SC Regional Championships|24.44|569
29|Crawford, Matthew|18|2001|RAPID|British Columbia|2019-07-28|SKSC Summer Fest|24.45|568
29|McKenzie, Paul|18|2000|UCSC|Alberta|2019-03-08|UCSC Team Champs|24.45|568
31|Mai-Vo, Giang|18|2000|CNSL|Québec|2018-11-11|Festival provincial par équipe section 5 - Nord|24.46|568
32|Payne, Christian|18|2000|DAL|Nova Scotia|2019-01-19|AUS Invitational|24.50|565
33|Bennett, Kyle|18|1999|ISC|British Columbia|2018-11-10|ISC 2018 Bennett Cup|24.51|564
34|Barrett, William|18|2000|OTT|Québec|2018-10-12|Coupe universitaire #1|24.52|564
34|Ford, Lorenzo|18|2000|MAVS|Alberta|2018-12-16|Age Group Food Bank Challenge|24.52|564
36|Grillo, Kristi|18|2000|OTT|Québec|2019-02-01|Championnat de natation universitaire RSEQ|24.54|562
36|Dehem-Lemelin, Bruno|18|2000|BBF|Québec|2018-11-10|Festival provincial par équipe section 5 - Nord|24.54|562
38|Adams, Austin|18|2000|CYPS|Ontario|2018-11-24|LAC - Nothers Fall Invitational|24.56|561
39|Beyak, Sam|18|2001|ISC|British Columbia|2019-01-25|Vancouver Island Regional SC Championships|24.58|559
40|Czoma, Zsombor|18|2001|GO|Ontario|2019-02-02|2019 Eastern Ontario Regional Championships (SC/LC)|24.62|557
41|Neilson, Achilles|18|1999|CASC|Alberta|2018-10-28|Rocky Mountain Cup|24.63|556
41|Kandri-Rody, Anwar|18|2000|UL|Québec|2018-12-07|Défi Nez-Rouge 2018|24.63|556
43|Chan, Destin|18|2000|UOFA|Alberta|2018-11-04|Odlum Brown Colleges Cup Pacific Hosted by UBC|24.65|555
44|Gélinas, Vincent|18|2000|MEGO|Québec|2018-11-10|Festival provincial par équipe section 2|24.67|553
45|Mitchell, Michael|18|2000|UBCT|British Columbia|2018-11-24|Canada West Championships 2018|24.68|553
45|Levytskyy, Maksym|18|2000|WAT|Ontario|2019-02-08|2019 Ontario University Championships|24.68|553
47|Walker, Connor|18|2000|UT|Ontario|2018-10-20|Downtown Sprint Meet|24.76|547
48|Seccareccia, Alec|18|2000|SSAT|Ontario|2019-02-01|Dave Kensit Memorial SC Championship|24.77|547
49|Chafe, Thomas|18|2000|MUSC|Newfoundland|2019-01-19|AUS Invitational|24.78|546
50|Tremblay, Zachary|18|2000|SAMAK|Québec|2018-11-17|Open Sprint SAMAK 2018|24.88|539