RANK|ATHLETES|AGE|YOB|CLUB|PROVINCE|DATE|MEET|TIME|FINA
1|Young, Brodie|18|2000|UBCT|British Columbia|2019-02-23|2019 U SPORTS Odlum Brown Swimming Championships|2:14.56|717
2|Barrett, William|18|2000|OTT|Québec|2019-02-23|2019 U SPORTS Odlum Brown Swimming Championships|2:15.28|705
3|Pelletier, Eric|18|2000|PCSC|Québec|2018-12-08|Invitation Provinciale AA-AAA Pointe-Claire 2018|2:17.67|669
4|Gu, Jake|18|2000|WAT|Ontario|2018-11-25|OUA Fairweather Division Championships 2018|2:17.83|667
5|Aylward, Graeme|18|2000|UT|Ontario|2018-11-25|OUA Fairweather Division Championships 2018|2:18.91|651
6|Chambers, Ian|18|2000|WAT|Ontario|2019-02-08|2019 Ontario University Championships|2:19.26|646
7|Yu, Ruishen|18|2000|UBCT|British Columbia|2018-11-03|Odlum Brown Colleges Cup Pacific Hosted by UBC|2:19.67|641
8|Halpen, Matthew|18|2000|QUE|Ontario|2019-02-08|2019 Ontario University Championships|2:19.81|639
9|Korstanje, Anthonie|18|1999|BADGR|Ontario|2018-12-01|Western University Invitational|2:19.83|639
10|Kooyman, Cale|18|2000|UOFA|Alberta|2019-02-23|2019 U SPORTS Odlum Brown Swimming Championships|2:21.45|617
11|Marino, Antonio|18|1999|SFU|British Columbia|2018-10-20|2018 OCTOBER SENIOR CIRCUIT|2:22.00|610
12|Ionescoux-Tremblay, Mathieu|18|2000|CAMO|Québec|2018-12-15|Ontario Junior International|2:22.19|607
13|Douglas, Laird|18|2000|UBCT|British Columbia|2018-11-25|Canada West Championships 2018|2:22.86|599
14|Hein, William|18|2000|MCGILL|Québec|2019-02-03|Championnat de natation universitaire RSEQ|2:24.35|580
15|Coté, Vincent|18|2000|UL|Québec|2018-12-15|Ontario Junior International|2:24.79|575
16|Ing, Ryan|18|2000|APEX|Ontario|2018-12-08|Youth Cup|2:25.10|571
17|Ji, Eric|18|2000|MCGILL|Québec|2018-11-10|Coupe Universitaire #3|2:25.63|565
18|Lisoway, Justin|18|2000|MAVS|Alberta|2019-01-26|Mint Smartwash Winter Classic|2:26.51|555
19|Zhu, Rundong|18|2000|EKSC|Alberta|2018-12-16|JP Fiset Invitational|2:26.56|554
20|Chang, Elyott|18|2000|ACAD|Nova Scotia|2019-02-10|2019 Subway AUS Swimming Championships|2:27.32|546
21|Périard, Nicolas|18|1999|MUST|Québec|2018-12-16|Invitation Provinciale des fêtes avec épreuves Ho! Ho! Eau Libre|2:27.73|541
22|Bélanger, Christophe|18|2000|CNQ|Québec|2018-12-09|Défi Nez-Rouge 2018|2:28.25|536
23|Anderson-Woodsworth, Tristan|18|2000|UOFR|Saskatchewan|2018-11-03|Odlum Brown Colleges Cup Pacific Hosted by UBC|2:28.53|533
24|Shortt, Gordon|18|1999|NHAC|Ontario|2018-11-04|2018 BAD Fall Invitational|2:29.12|526
25|Cappelletto, Andreas|18|2000|UM|Manitoba|2018-11-25|Canada West Championships 2018|2:29.55|522
26|Boily, Nicolas|18|2000|CNQ|Québec|2018-12-15|Ontario Junior International|2:29.79|519
27|Javier-Drouin, Alexandre|18|2000|DDO|Québec|2018-11-04|Festival provincial par équipe section 3|2:29.97|517
28|Kirouac, Simon|18|2000|CAMO|Québec|2018-11-04|Festival provincial par équipe section 1|2:30.53|512
29|Paulin, Maxime|18|2000|OTT|Québec|2018-11-30|Neptune International (CSPO 25m)|2:30.61|511
30|Deni, Joseph|18|2000|LU|Ontario|2018-11-25|2018 OUA DeBray Divisional Champs|2:30.92|508
31|Paciagiu, Eric|18|2000|JDSS|Ontario|2018-11-25|Alex Baumann Invitational|2:31.15|505
32|Miecznikowski, Adam|18|2000|GHAC|Ontario|2018-12-09|Border City Invitational|2:31.31|504
33|Miller-Junk, Devon|18|2000|WAT|Ontario|2019-02-08|Badger OUA Invitational|2:31.53|502
34|Inouye, Ethan|18|2000|GHAC|Ontario|2019-02-02|2019 Western Region SC Champs|2:31.93|498
35|Legg, Troy|18|1999|EBSC|Ontario|2018-12-07|Gatineau Grand Prix|2:32.11|496
36|Kershaw, Grier|18|2000|CATS|Ontario|2019-02-01|2019 Huronia SC Regional Championships|2:32.36|493
37|Stokes, Richie|18|2000|UOFC|Alberta|2018-10-27|Rocky Mountain Cup|2:32.66|491
38|Millette, Charles|18|2000|PCSC|Québec|2018-11-25|Circuit senior étape 2|2:32.78|489
39|Godwin, Graeme|18|1999|UOFL|Alberta|2018-10-26|UofC Duel Meet|2:33.09|486
40|Dela Cruz, Gabe|18|2000|UMAN|Manitoba|2018-12-14|ManSask Championships Short Course Open Championships|2:33.13|486
41|Vos de Wael, David|18|2000|RIP|Alberta|2018-12-16|JP Fiset Invitational|2:33.66|481
42|Lu, Min Qian|18|2000|TSC|Ontario|2018-12-09|Border City Invitational|2:36.26|457
43|Tyoschin, Alexander|18|2000|UOFC|Alberta|2018-10-26|UofC Duel Meet|2:36.68|454
44|Scherer, Arnaud|18|2000|NN|Québec|2018-11-30|Neptune International (CSPO 25m)|2:37.22|449
45|Rogozynski, Noah|18|2000|WAT|Ontario|2018-10-31|Battle of Waterloo|2:37.53|446
46|Alejado, Brenan|18|2000|HAC|Ontario|2019-01-13|2019 Etobicoke A-B Meet|2:37.68|445
47|Zhang, Anthony|18|2000|WAT|Ontario|2018-11-25|OUA Fairweather Division Championships 2018|2:37.89|443
48|Douglas, Kyle|18|1999|PCSC|Québec|2018-11-25|Circuit senior étape 2|2:38.37|439
49|Gélinas, Vincent|18|2000|MEGO|Québec|2018-11-25|Circuit senior étape 2|2:39.31|432
50|Ayad, Omer|18|2000|CNSL|Québec|2018-12-07|Invitation provinciale des fêtes CSLA|2:40.03|426