RANK|ATHLETES|AGE|YOB|CLUB|PROVINCE|DATE|MEET|TIME|FINA
1|Pratt, Alexander|18|2000|UBCT|British Columbia|2018-11-03|Odlum Brown Colleges Cup Pacific Hosted by UBC|3:47.53|811
2|Young, Brodie|18|2000|UBCT|British Columbia|2019-02-21|2019 U SPORTS Odlum Brown Swimming Championships|3:52.59|759
3|St-Martin, Loïc|18|2000|CAMO|Québec|2018-12-10|Invitation provinciale AA-AAA Noël + Développement 11-12 ans CAMO|3:55.53|731
4|Tarek Mohammed, Kareem|18|2000|UOFR|Saskatchewan|2019-02-21|2019 U SPORTS Odlum Brown Swimming Championships|3:56.19|725
5|Stokes, Richie|18|2000|UOFC|Alberta|2019-02-21|2019 U SPORTS Odlum Brown Swimming Championships|3:56.44|723
6|Godolphin, Bernard|18|1999|SAMAK|Québec|2018-12-02|Neptune International (CSPO 25m)|3:56.90|719
7|Antifaoff, Micheal|18|2000|UOFA|Alberta|2019-02-21|2019 U SPORTS Odlum Brown Swimming Championships|3:57.48|713
8|Pliuskaitis, Stuart|18|2000|UBCT|British Columbia|2019-02-21|2019 U SPORTS Odlum Brown Swimming Championships|3:57.72|711
9|Lim, Dmitriy|18|2000|UBCT|British Columbia|2019-02-21|2019 U SPORTS Odlum Brown Swimming Championships|3:57.79|711
10|David, Félix|18|2000|CAMO|Québec|2018-12-10|Invitation provinciale AA-AAA Noël + Développement 11-12 ans CAMO|3:58.18|707
11|Grillo, Kristi|18|2000|OTT|Québec|2018-12-02|Neptune International (CSPO 25m)|3:58.26|706
12|Walker, Connor|18|2000|UT|Ontario|2019-02-21|2019 U SPORTS Odlum Brown Swimming Championships|3:58.58|704
13|McRae, Ryley|18|2000|TRUW|British Columbia|2019-02-21|2019 U SPORTS Odlum Brown Swimming Championships|3:59.15|699
14|Nickerson, Judson|18|2000|OTT|Québec|2019-02-21|2019 U SPORTS Odlum Brown Swimming Championships|3:59.62|694
15|Dimitrov, Martin|18|2000|UBCT|British Columbia|2019-02-21|2019 U SPORTS Odlum Brown Swimming Championships|4:00.49|687
16|McKenzie, Paul|18|2000|UCSC|Alberta|2019-07-13|UCSC Western Finale|4:00.54|687
17|Secchi, Clement|18|2000|MCGILL|Québec|2018-10-12|Coupe universitaire #1|4:01.12|682
18|Lord, Guillaume|18|2000|MUST|Québec|2018-12-15|Ontario Junior International|4:01.24|681
19|Chafe, Thomas|18|2000|MUSC|Newfoundland|2019-02-08|2019 Subway AUS Swimming Championships|4:02.26|672
20|Konik, Justin|18|2000|UBCT|British Columbia|2019-02-21|2019 U SPORTS Odlum Brown Swimming Championships|4:02.72|668
21|Lau, Micah|18|2000|SFU|British Columbia|2018-11-03|Odlum Brown Colleges Cup Pacific Hosted by UBC|4:02.81|667
22|Bird, Joshua|18|2000|ESWIM|Ontario|2018-12-15|Ontario Junior International|4:03.81|659
23|Millette, Charles|18|2000|PCSC|Québec|2018-12-08|Invitation Provinciale AA-AAA Pointe-Claire 2018|4:04.36|655
24|McKervill, Padric|18|2000|UVIC|British Columbia|2018-12-08|16th Annual XMAS Cracker Invitational|4:04.47|654
25|Corazza, Luca|18|2000|UT|Ontario|2019-02-08|2019 Ontario University Championships|4:04.48|654
26|Meuleman, Matthew|18|2000|RAPID|British Columbia|2018-12-15|Ontario Junior International|4:04.55|653
27|Potvin, Mathieu|18|2000|NN|Québec|2018-12-15|Ontario Junior International|4:05.98|642
28|Gagnon, Maxime|18|1999|CNQ|Québec|2018-12-07|Défi Nez-Rouge 2018|4:06.08|641
29|Partridge, Rhys|18|2000|EBSC|Ontario|2018-12-15|Ontario Junior International|4:06.94|634
30|Jiwa, Rafik|18|2000|SFU|British Columbia|2019-03-08|SFA Time Trial|4:07.72|629
31|Gagne, Collyn|18|2000|SFU|British Columbia|2019-03-08|SFA Time Trial|4:07.75|628
32|Douglas, Kyle|18|1999|PCSC|Québec|2018-12-08|Invitation Provinciale AA-AAA Pointe-Claire 2018|4:08.27|624
33|Woinoski, Alex|18|2000|SFA|British Columbia|2019-07-27|SKSC Summer Fest|4:09.02|619
34|Arden, Raine|18|2000|UOFL|Alberta|2018-11-25|Canada West Championships 2018|4:10.26|610
35|Després, Julien-Manuel|18|2000|CAMO|Québec|2018-11-02|Festival provincial par équipe section 1|4:10.39|609
36|Rogozynski, Noah|18|2000|WAT|Ontario|2019-02-08|2019 Ontario University Championships|4:10.51|608
37|Phillips, Austin|18|2000|UVIC|British Columbia|2018-12-08|16th Annual XMAS Cracker Invitational|4:10.75|606
38|Savage, Jack|18|2000|UVIC|British Columbia|2018-10-20|2018 OCTOBER SENIOR CIRCUIT|4:11.04|604
39|Bagnell, Kevin|18|2000|MACU|Ontario|2019-02-08|2019 Ontario University Championships|4:11.74|599
40|towne, garrett|18|1999|UT|Ontario|2018-11-25|OUA Fairweather Division Championships 2018|4:12.14|596
41|Baghdassarian, Kevork|18|2000|MACU|Ontario|2018-11-25|OUA Fairweather Division Championships 2018|4:12.59|593
42|Wilkins, Riley|18|2000|UVIC|British Columbia|2018-11-03|Odlum Brown Colleges Cup Pacific Hosted by UBC|4:13.71|585
43|Paciagiu, Eric|18|2000|JDSS|Ontario|2018-11-02|Newmarket Stingrays Fall Invitational|4:14.30|581
44|Tannir, Nader|18|2000|UG|Ontario|2019-02-08|2019 Ontario University Championships|4:15.11|575
45|Miecznikowski, Adam|18|2000|GHAC|Ontario|2018-12-09|Border City Invitational|4:15.12|575
46|Nash, Isak|18|2000|UBCT|British Columbia|2018-10-26|UofC Duel Meet|4:15.28|574
47|Paulin, Maxime|18|2000|OTT|Québec|2018-10-18|uOttawa/Queens /Carleton Tri Meet|4:15.48|573
48|Katelnikoff, Alexander|18|2000|CASC|Alberta|2018-12-15|Ontario Junior International|4:15.73|571
49|Inouye, Ethan|18|2000|GHAC|Ontario|2018-12-09|Border City Invitational|4:16.78|564
50|Kelly, Sean|18|1999|WAT|Ontario|2018-11-25|OUA Fairweather Division Championships 2018|4:16.91|563