RANK|ATHLETES|AGE|YOB|CLUB|PROVINCE|DATE|MEET|TIME|FINA
1|St-Martin, Loïc|18|2000|CAMO|Québec|2018-12-15|Ontario Junior International|51.95|835
2|Secchi, Clement|18|2000|MCGILL|Québec|2019-02-21|2019 U SPORTS Odlum Brown Swimming Championships|53.29|773
3|Lisoway, Justin|18|2000|MAVS|Alberta|2018-12-15|Ontario Junior International|54.51|722
4|Alexander, Christopher|18|2000|UOFL|Alberta|2018-11-25|Canada West Championships 2018|55.25|694
5|Payne, Christian|18|2000|DAL|Nova Scotia|2019-02-08|2019 Subway AUS Swimming Championships|55.31|691
6|Knox, Finlay|18|2001|MAVS|Alberta|2019-01-26|Mint Smartwash Winter Classic|55.54|683
7|Douglas, Kyle|18|1999|PCSC|Québec|2018-12-07|Invitation Provinciale AA-AAA Pointe-Claire 2018|56.17|660
8|Zhang, Jimmy|18|2000|SFU|British Columbia|2018-10-20|2018 OCTOBER SENIOR CIRCUIT|56.61|645
9|Glatz, Reid|18|2000|UM|Manitoba|2019-02-21|2019 U SPORTS Odlum Brown Swimming Championships|56.63|644
10|Millette, Charles|18|2000|PCSC|Québec|2018-12-07|Invitation Provinciale AA-AAA Pointe-Claire 2018|56.66|643
11|Pelletier, Eric|18|2000|PCSC|Québec|2018-12-15|Ontario Junior International|56.91|635
12|McKenzie, Mark|18|2000|UCSC|Alberta|2019-07-14|UCSC Western Finale|57.18|626
13|Tremblay, Zachary|18|2000|SAMAK|Québec|2018-11-10|Festival provincial par équipe section 2|57.59|612
14|Levytskyy, Maksym|18|2000|WAT|Ontario|2019-02-07|2019 Ontario University Championships|57.61|612
15|Phillips, Austin|18|2000|UVIC|British Columbia|2018-11-25|Canada West Championships 2018|57.66|610
16|Neilson, Achilles|18|1999|CASC|Alberta|2018-10-27|Rocky Mountain Cup|57.70|609
17|Crawford, Matthew|18|2001|RAPID|British Columbia|2019-07-28|SKSC Summer Fest|57.80|606
18|Steele, James|18|2000|GMAC|Ontario|2018-12-15|Ontario Junior International|57.90|603
19|Forrest, Gordon|18|2000|OTT|Québec|2019-02-02|Championnat de natation universitaire RSEQ|58.05|598
20|towne, garrett|18|1999|UT|Ontario|2018-11-25|OUA Fairweather Division Championships 2018|58.14|595
21|Beach, William|18|2000|UOFA|Alberta|2018-11-25|Canada West Championships 2018|58.19|594
21|Godolphin, Bernard|18|1999|SAMAK|Québec|2018-11-17|Open Sprint SAMAK 2018|58.19|594
23|Barrett, William|18|2000|GMAC|Ontario|2019-05-11|Rally for Regionals|58.47|585
24|McKenzie, Paul|18|2000|UCSC|Alberta|2019-07-14|UCSC Western Finale|58.55|583
25|McKervill, Padric|18|2000|UVIC|British Columbia|2018-11-25|Canada West Championships 2018|58.57|582
26|Rivero, Ruben|18|2000|MUSC|Newfoundland|2019-02-08|2019 Subway AUS Swimming Championships|58.64|580
27|Hilkewich, Nicholas|18|2001|WVOSC|British Columbia|2019-07-28|SKSC Summer Fest|58.69|579
28|Morawski, Dylan|18|2000|MUSC|Newfoundland|2019-02-08|2019 Subway AUS Swimming Championships|58.83|574
29|Paciagiu, Eric|18|2000|JDSS|Ontario|2018-11-24|Alex Baumann Invitational|58.87|573
30|Wormald, Lukas|18|1999|WAT|Ontario|2018-11-25|OUA Fairweather Division Championships 2018|58.91|572
31|Douglas, Laird|18|2000|UBCT|British Columbia|2018-11-03|Odlum Brown Colleges Cup Pacific Hosted by UBC|59.19|564
32|Cox, Mitchell|18|1999|LU|Ontario|2018-11-25|2018 OUA DeBray Divisional Champs|59.32|560
33|Alejado, Brenan|18|2000|HAC|Ontario|2019-01-26|Joanne Malar|59.49|556
34|McCole, James|18|1999|UG|Ontario|2018-12-15|Ontario Junior International|59.62|552
35|Drolet, Thomas|18|2000|CNQ|Québec|2018-12-08|Défi Nez-Rouge 2018|59.64|551
36|Savage, Jack|18|2000|UVIC|British Columbia|2019-01-26|Vancouver Island Regional SC Championships|59.65|551
37|Nash, Isak|18|2000|UBCT|British Columbia|2018-10-27|Rocky Mountain Cup|59.89|544
38|Uemura, Victor|18|1999|QUE|Ontario|2018-11-25|2018 OUA DeBray Divisional Champs|1:00.01|541
39|Pink, Henry|18|2000|OSAC|Ontario|2019-02-01|2019 Huronia SC Regional Championships|1:00.03|541
40|Somov, Alex|18|2000|SLSC|Ontario|2019-02-02|Dave Kensit Memorial SC Championship|1:00.16|537
41|LABRIE, Alex|18|2001|RIKI|Québec|2019-06-08|Finale régionale|1:00.27|534
42|Stokes, Richie|18|2000|UOFC|Alberta|2018-10-20|UCSC Fall Start Up|1:00.29|534
43|Lin, Johnnie|18|1999|UT|Ontario|2018-10-19|Downtown Sprint Meet|1:00.36|532
44|Jensen, Ryan|18|1999|UOFR|Saskatchewan|2018-11-03|Odlum Brown Colleges Cup Pacific Hosted by UBC|1:00.42|530
45|Dickson, Cameron|18|2000|CHENA|British Columbia|2018-12-14|Rapids Fast-Swim Classic|1:00.55|527
46|Mitchell, Michael|18|2000|UBCT|British Columbia|2018-11-03|Odlum Brown Colleges Cup Pacific Hosted by UBC|1:00.66|524
47|Czoma, Zsombor|18|2001|GO|Ontario|2019-02-01|2019 Eastern Ontario Regional Championships (SC/LC)|1:00.70|523
48|Maalouf, Michel|18|2000|LMRL|Québec|2018-12-08|Défi Nez-Rouge 2018|1:00.80|520
49|Ford, Lorenzo|18|2000|MAVS|Alberta|2018-12-16|Age Group Food Bank Challenge|1:00.92|517
50|Laforme, Grégory|18|2000|MEGO|Québec|2018-11-10|Festival provincial par équipe section 2|1:00.93|517