RANK|ATHLETES|AGE|YOB|CLUB|PROVINCE|DATE|MEET|TIME|FINA
1|St-Martin, Loïc|18|2000|CAMO|Québec|2018-12-16|Ontario Junior International|1:53.54|805
2|Secchi, Clement|18|2000|MCGILL|Québec|2019-02-23|2019 U SPORTS Odlum Brown Swimming Championships|1:57.04|735
3|Millette, Charles|18|2000|PCSC|Québec|2018-12-16|Ontario Junior International|1:59.54|689
4|Lim, Dmitriy|18|2000|UBCT|British Columbia|2018-11-04|Odlum Brown Colleges Cup Pacific Hosted by UBC|2:01.62|655
5|Gagne, Collyn|18|2000|SFU|British Columbia|2019-01-18|SFU vs UVic vs UBC|2:02.07|647
6|Douglas, Kyle|18|1999|PCSC|Québec|2018-12-08|Invitation Provinciale AA-AAA Pointe-Claire 2018|2:02.20|645
6|Stokes, Richie|18|2000|UOFC|Alberta|2019-02-23|2019 U SPORTS Odlum Brown Swimming Championships|2:02.20|645
8|Zhang, Jimmy|18|2000|SFU|British Columbia|2019-02-09|West Coast Collegiate|2:02.73|637
9|Pelletier, Eric|18|2000|PCSC|Québec|2018-12-08|Invitation Provinciale AA-AAA Pointe-Claire 2018|2:02.83|635
10|Douglas, Laird|18|2000|UBCT|British Columbia|2019-02-10|West Coast Collegiate|2:03.06|632
11|Smith, Everett|18|2001|UT|Ontario|2019-02-23|2019 U SPORTS Odlum Brown Swimming Championships|2:03.14|631
12|McKenzie, Mark|18|2000|UCSC|Alberta|2019-07-13|UCSC Western Finale|2:03.26|629
13|Tremblay, Zachary|18|2000|SAMAK|Québec|2018-12-01|Neptune International (CSPO 25m)|2:03.28|629
14|Payne, Christian|18|2000|DAL|Nova Scotia|2019-02-10|2019 Subway AUS Swimming Championships|2:04.25|614
15|Alexander, Christopher|18|2000|UOFL|Alberta|2018-11-24|Canada West Championships 2018|2:04.40|612
16|Castillo, Sebastian|18|2001|UCSC|Alberta|2019-07-13|UCSC Western Finale|2:04.58|609
17|Phillips, Austin|18|2000|UVIC|British Columbia|2019-01-27|Vancouver Island Regional SC Championships|2:05.13|601
18|Lisoway, Justin|18|2000|MAVS|Alberta|2018-11-04|Jack Frost 2018|2:05.77|592
19|Wormald, Lukas|18|1999|WAT|Ontario|2018-11-24|OUA Fairweather Division Championships 2018|2:05.86|591
20|Antifaoff, Micheal|18|2000|UOFA|Alberta|2019-01-19|Blue Bears 2019|2:05.97|589
21|Neilson, Achilles|18|1999|CASC|Alberta|2018-10-26|Cascade Speed Meet|2:06.06|588
22|Godolphin, Bernard|18|1999|SAMAK|Québec|2018-11-10|Festival provincial par équipe section 2|2:06.18|586
23|Savage, Jack|18|2000|UVIC|British Columbia|2019-01-27|Vancouver Island Regional SC Championships|2:06.58|581
24|Forrest, Gordon|18|2000|OTT|Québec|2018-12-01|Neptune International (CSPO 25m)|2:06.81|577
25|Paciagiu, Eric|18|2000|JDSS|Ontario|2018-12-16|Ontario Junior International|2:07.28|571
26|Nash, Isak|18|2000|UBCT|British Columbia|2018-10-26|UofC Duel Meet|2:07.34|570
27|Steele, James|18|2000|GMAC|Ontario|2018-12-16|Ontario Junior International|2:08.41|556
28|Cox, Mitchell|18|1999|LU|Ontario|2018-11-24|2018 OUA DeBray Divisional Champs|2:08.62|553
29|McKervill, Padric|18|2000|UVIC|British Columbia|2018-12-08|16th Annual XMAS Cracker Invitational|2:08.75|552
30|Young, Brodie|18|2000|UBCT|British Columbia|2019-02-10|West Coast Collegiate|2:09.10|547
31|towne, garrett|18|1999|UT|Ontario|2018-11-24|OUA Fairweather Division Championships 2018|2:09.16|546
32|Drolet, Thomas|18|2000|CNQ|Québec|2019-05-04|Invitation du Printemps|2:09.41|543
33|McKenzie, Paul|18|2000|UCSC|Alberta|2019-07-13|UCSC Western Finale|2:09.71|540
34|Morawski, Dylan|18|2000|MUSC|Newfoundland|2019-02-10|2019 Subway AUS Swimming Championships|2:09.93|537
35|Jensen, Ryan|18|1999|UOFR|Saskatchewan|2018-11-04|Odlum Brown Colleges Cup Pacific Hosted by UBC|2:10.31|532
36|Rivero, Ruben|18|2000|MUSC|Newfoundland|2019-02-10|2019 Subway AUS Swimming Championships|2:10.32|532
37|Pliuskaitis, Stuart|18|2000|UBCT|British Columbia|2018-10-28|Rocky Mountain Cup|2:11.00|524
38|Beach, William|18|2000|UOFA|Alberta|2019-01-19|Blue Bears 2019|2:11.01|524
39|Quigley, Michael|18|2000|LAC|Ontario|2018-12-16|Team Showdown 2018|2:11.10|523
40|Mitchell, Michael|18|2000|UBCT|British Columbia|2018-12-15|Rapids Fast-Swim Classic|2:11.24|521
41|McCole, James|18|1999|UG|Ontario|2018-12-16|Ontario Junior International|2:11.49|518
42|Miecznikowski, Adam|18|2000|GHAC|Ontario|2018-12-07|Border City Invitational|2:11.50|518
43|Harris, Logan|18|2001|OTT|Québec|2019-02-03|Championnat de natation universitaire RSEQ|2:11.56|517
44|Milencoff, Matthew|18|2000|OSAC|Ontario|2018-12-16|Team Showdown 2018|2:12.38|508
45|Uemura, Victor|18|1999|QUE|Ontario|2018-10-28|2018 LU Varsity Invitational|2:13.58|494
46|Laforme, Grégory|18|2000|MEGO|Québec|2018-12-08|Invitation Provinciale AA-AAA Pointe-Claire 2018|2:15.06|478
47|Landry, Aubrey|18|2000|ACAD|Nova Scotia|2018-11-17|Kemp-Fry AUS Invitational|2:15.19|477
48|Lu, Min Qian|18|2000|TSC|Ontario|2018-12-07|Border City Invitational|2:15.61|472
49|Dehem-Lemelin, Bruno|18|2000|BBF|Québec|2018-11-10|Festival provincial par équipe section 5 - Nord|2:15.67|471
50|Alejado, Brenan|18|2000|HAC|Ontario|2019-01-13|2019 Etobicoke A-B Meet|2:16.57|462