RANK|ATHLETES|AGE|YOB|CLUB|PROVINCE|DATE|MEET|TIME|FINA
1|St-Martin, Loïc|18|2000|CAMO|Québec|2018-12-14|Ontario Junior International|52.39|772
2|Secchi, Clement|18|2000|MCGILL|Québec|2019-02-21|2019 U SPORTS Odlum Brown Swimming Championships|53.89|710
3|Cruz Zuniga, Guillermo|18|2000|CAMO|Québec|2018-11-04|Festival provincial par équipe section 1|54.31|693
4|Plackoski, Aleksandar|18|2000|OTT|Québec|2019-02-21|2019 U SPORTS Odlum Brown Swimming Championships|55.18|661
5|Meuleman, Matthew|18|2000|RAPID|British Columbia|2019-07-28|SKSC Summer Fest|55.35|655
6|Millette, Charles|18|2000|PCSC|Québec|2018-12-07|Invitation Provinciale AA-AAA Pointe-Claire 2018|55.45|651
7|Glatz, Reid|18|2000|UM|Manitoba|2019-02-21|2019 U SPORTS Odlum Brown Swimming Championships|55.59|646
8|Alejado, Brenan|18|2000|HAC|Ontario|2018-12-14|Ontario Junior International|55.95|634
9|McKervill, Padric|18|2000|UVIC|British Columbia|2018-11-24|Canada West Championships 2018|56.26|624
9|Crook, Alexandre|18|2000|UOFC|Alberta|2019-02-07|UofC Varsity TT|56.26|624
11|Lisoway, Justin|18|2000|MAVS|Alberta|2018-11-02|Jack Frost 2018|56.58|613
12|Godolphin, Bernard|18|1999|SAMAK|Québec|2018-11-11|Festival provincial par équipe section 2|56.70|609
12|Baghdassarian, Kevork|18|2000|MACU|Ontario|2019-02-07|2019 Ontario University Championships|56.70|609
14|Staeben, Erik|18|2000|UNB|New Brunswick|2019-02-08|2019 Subway AUS Swimming Championships|56.73|608
15|Grillo, Kristi|18|2000|OTT|Québec|2018-12-01|Neptune International (CSPO 25m)|57.18|594
16|Walker, Connor|18|2000|UT|Ontario|2018-11-17|Quad meet|57.21|593
17|Prollius, Bjorn|18|2000|ROD|Saskatchewan|2018-12-14|ManSask Championships Short Course Open Championships|57.34|589
18|Crawford, Matthew|18|2001|RAPID|British Columbia|2019-07-28|SKSC Summer Fest|57.37|588
19|Lim, Dmitriy|18|2000|UBCT|British Columbia|2018-10-28|Rocky Mountain Cup|57.56|582
20|Paciagiu, Eric|18|2000|JDSS|Ontario|2019-04-26|2019 Ontario Team Challenge|57.57|582
21|Phillips, Austin|18|2000|UVIC|British Columbia|2018-11-24|Canada West Championships 2018|57.70|578
22|Jiwa, Rafik|18|2000|SFU|British Columbia|2019-02-10|West Coast Collegiate|57.80|575
23|Lajoie, Michael|18|2000|UM|Manitoba|2018-11-24|Canada West Championships 2018|57.86|573
24|Tremblay, Zachary|18|2000|SAMAK|Québec|2019-03-01|IntraClub SamaK Mars 2019|58.10|566
25|Kirouac, Simon|18|2000|CAMO|Québec|2018-12-07|Invitation provinciale AA-AAA Noël + Développement 11-12 ans CAMO|58.12|566
26|Gagne, Collyn|18|2000|SFU|British Columbia|2019-02-10|West Coast Collegiate|58.14|565
27|Pedneault, Joel|18|2001|RL|Québec|2019-04-27|Défi QNI AllTides|58.19|564
28|Bird, Joshua|18|2000|ESWIM|Ontario|2018-12-14|Ontario Junior International|58.23|562
29|Nickerson, Judson|18|2000|OTT|Québec|2018-12-01|Neptune International (CSPO 25m)|58.25|562
30|Ji, Eric|18|2000|MCGILL|Québec|2018-11-17|Kemp-Fry AUS Invitational|58.26|562
31|Dunn, Gabriel|18|2000|CP|Alberta|2018-12-15|JP Fiset Invitational|58.31|560
31|Skuse, Conner|18|1999|UOFA|Alberta|2018-10-13|Oktoberfest|58.31|560
33|Mitchell, Michael|18|2000|UBCT|British Columbia|2018-11-24|Canada West Championships 2018|58.56|553
34|Miecznikowski, Adam|18|2000|GHAC|Ontario|2018-12-09|Border City Invitational|58.58|552
35|Hein, William|18|2000|MCGILL|Québec|2018-10-27|Coupe Universitaire 2|58.70|549
36|Harris, Logan|18|2001|OTT|Québec|2019-02-03|Championnat de natation universitaire RSEQ|58.71|549
37|Somov, Alex|18|2000|SLSC|Ontario|2019-02-02|Dave Kensit Memorial SC Championship|58.83|545
38|Wilkins, Riley|18|2000|UVIC|British Columbia|2019-02-09|West Coast Collegiate|58.93|543
39|Gélinas, Vincent|18|2000|MEGO|Québec|2018-11-11|Festival provincial par équipe section 2|58.99|541
40|Lecavalier, Charles-Philip|18|1999|SAMAK|Québec|2018-11-11|Festival provincial par équipe section 2|59.03|540
40|Saplywyj, Adrian|18|2000|DDO|Québec|2018-12-01|Neptune International (CSPO 25m)|59.03|540
42|Castillo, Sebastian|18|2001|UCSC|Alberta|2019-07-13|UCSC Western Finale|59.19|535
43|Lin, Johnnie|18|1999|UT|Ontario|2018-10-20|Downtown Sprint Meet|59.28|533
44|Rexha, Besjon|18|2000|OTT|Québec|2019-02-03|Championnat de natation universitaire RSEQ|59.36|531
45|Ford, Lorenzo|18|2000|MAVS|Alberta|2018-12-15|Age Group Food Bank Challenge|59.37|531
46|Reiber, Dylan|18|2000|UVIC|British Columbia|2019-01-27|Vancouver Island Regional SC Championships|59.39|530
47|Paré, Grégoire|18|2000|MUST|Québec|2018-12-09|Défi Nez-Rouge 2018|59.41|530
47|Rivero, Ruben|18|2000|MUSC|Newfoundland|2019-02-08|2019 Subway AUS Swimming Championships|59.41|530
49|towne, garrett|18|1999|UT|Ontario|2018-10-20|Downtown Sprint Meet|59.44|529
50|Shortt, Gordon|18|1999|NHAC|Ontario|2018-11-03|2018 BAD Fall Invitational|59.46|528