RANK|AGES|CLUB|TEAM|PROVINCE|DATE|MEET|TIME|FINA
1|18 - 18|University Of British Columbia|UBCT B|British Columbia|2018-10-27|Rocky Mountain Cup|1:34.23|673
2|18 - 18|University Of Calgary Swim Club|UCSC A|Alberta|2018-10-27|Cascade Speed Meet|1:43.16|513
3|18 - 18|Sault Surge Aquatic Team|SSAT A|Ontario|2019-02-02|Dave Kensit Memorial SC Championship|1:45.72|476
4|18 - 18|Laurentian University|LU C|Ontario|2018-10-14|Badger Invitational One|1:46.62|464
5|18 - 18|Owen Sound Aquatic Club|OSAC A|Ontario|2019-02-03|2019 Huronia SC Regional Championships|1:47.36|455
6|18 - 18|Okotoks Mavericks Swim Club|MAVS A|Alberta|2018-12-16|Age Group Food Bank Challenge|1:48.00|447
7|18 - 18|Acadia Varsity Swim Team|ACAD B|Nova Scotia|2018-10-21|10th Annual Jack Scholz Invitational|1:48.93|436
8|18 - 18|Orillia Channel Cats|CATS A|Ontario|2019-02-03|2019 Huronia SC Regional Championships|1:49.46|429
9|18 - 18|Okotoks Mavericks Swim Club|MAVS M|Alberta|2019-02-02|Maverick Madness 2019|1:50.02|423
10|18 - 18|Laurentian University|LU E|Ontario|2018-10-14|Badger Invitational One|1:51.35|408
11|18 - 18|Bathurst BLAST|BLASTA|New Brunswick|2018-11-17|BLAST INVITATIONAL|1:51.94|401
12|18 - 18|Okotoks Mavericks Swim Club|MAVS B|Alberta|2018-11-03|Jack Frost 2018|1:53.00|390
13|18 - 18|Olympian Swim Club|OSC A|Alberta|2018-10-27|Cascade Speed Meet|1:53.63|384
14|18 - 18|Okotoks Mavericks Swim Club|MAVS N|Alberta