RANK|ATHLETES|AGE|YOB|CLUB|PROVINCE|DATE|MEET|TIME|FINA
1|Pratt, Alexander|18|2000|UBCT|British Columbia|2018-11-04|Odlum Brown Colleges Cup Pacific Hosted by UBC|1:47.44|791
2|St-Martin, Loïc|18|2000|CAMO|Québec|2018-12-07|Invitation provinciale AA-AAA Noël + Développement 11-12 ans CAMO|1:47.68|785
3|Godolphin, Bernard|18|1999|SAMAK|Québec|2018-12-01|Neptune International (CSPO 25m)|1:49.25|752
4|Meuleman, Matthew|18|2000|RAPID|British Columbia|2019-07-28|SKSC Summer Fest|1:49.43|748
5|Konik, Justin|18|2000|UBCT|British Columbia|2018-11-04|Odlum Brown Colleges Cup Pacific Hosted by UBC|1:50.08|735
6|Ionescoux-Tremblay, Mathieu|18|2000|CAMO|Québec|2018-12-14|Ontario Junior International|1:50.53|726
7|Lim, Dmitriy|18|2000|UBCT|British Columbia|2019-02-22|2019 U SPORTS Odlum Brown Swimming Championships|1:51.54|707
8|McRae, Ryley|18|2000|TRUW|British Columbia|2019-02-22|2019 U SPORTS Odlum Brown Swimming Championships|1:51.63|705
9|Smith, Everett|18|2001|UT|Ontario|2019-02-22|2019 U SPORTS Odlum Brown Swimming Championships|1:51.68|704
10|McKenzie, Paul|18|2000|UCSC|Alberta|2018-12-14|Ontario Junior International|1:51.79|702
11|Walker, Connor|18|2000|UT|Ontario|2019-02-07|2019 Ontario University Championships|1:52.00|698
12|David, Félix|18|2000|CAMO|Québec|2018-12-07|Invitation provinciale AA-AAA Noël + Développement 11-12 ans CAMO|1:52.17|695
13|Arden, Raine|18|2000|UOFL|Alberta|2018-11-24|Canada West Championships 2018|1:52.62|686
14|Nickerson, Judson|18|2000|OTT|Québec|2019-02-22|2019 U SPORTS Odlum Brown Swimming Championships|1:52.65|686
15|Grillo, Kristi|18|2000|OTT|Québec|2018-12-01|Neptune International (CSPO 25m)|1:52.66|686
16|Chafe, Thomas|18|2000|MUSC|Newfoundland|2019-02-09|2019 Subway AUS Swimming Championships|1:53.08|678
17|Bird, Joshua|18|2000|ESWIM|Ontario|2018-12-14|Ontario Junior International|1:53.14|677
18|Phillips, Austin|18|2000|UVIC|British Columbia|2018-11-24|Canada West Championships 2018|1:53.41|672
19|Gagne, Collyn|18|2000|SFU|British Columbia|2019-02-10|West Coast Collegiate|1:53.91|663
20|Baghdassarian, Kevork|18|2000|MACU|Ontario|2019-02-07|2019 Ontario University Championships|1:53.97|662
21|Lisoway, Justin|18|2000|MAVS|Alberta|2018-11-04|Jack Frost 2018|1:54.00|662
22|Papaggelis, Kiriakos|18|2000|SFU|British Columbia|2018-11-04|Odlum Brown Colleges Cup Pacific Hosted by UBC|1:54.43|654
23|Secchi, Clement|18|2000|MCGILL|Québec|2018-10-27|Coupe Universitaire 2|1:54.64|651
24|Antifaoff, Micheal|18|2000|UOFA|Alberta|2018-11-24|Canada West Championships 2018|1:54.65|651
25|Stokes, Richie|18|2000|UOFC|Alberta|2019-02-01|Colleges Cup Mountain|1:54.75|649
26|Dimitrov, Martin|18|2000|UBCT|British Columbia|2019-02-09|West Coast Collegiate|1:54.80|648
27|Partridge, Rhys|18|2000|EBSC|Ontario|2018-12-14|Ontario Junior International|1:54.84|647
28|Pliuskaitis, Stuart|18|2000|UBCT|British Columbia|2019-02-22|2019 U SPORTS Odlum Brown Swimming Championships|1:55.03|644
29|Hein, William|18|2000|MCGILL|Québec|2019-02-03|Championnat de natation universitaire RSEQ|1:55.04|644
29|Plackoski, Aleksandar|18|2000|OTT|Québec|2019-02-22|2019 U SPORTS Odlum Brown Swimming Championships|1:55.04|644
31|Alejado, Brenan|18|2000|HAC|Ontario|2018-11-09|2018 Age Group International SC|1:55.43|637
32|Cox, Mitchell|18|1999|LU|Ontario|2018-11-24|2018 OUA DeBray Divisional Champs|1:55.46|637
33|Young, Brodie|18|2000|UBCT|British Columbia|2019-01-18|SFU vs UVic vs UBC|1:55.49|636
34|Tarek Mohammed, Kareem|18|2000|UOFR|Saskatchewan|2018-11-24|Canada West Championships 2018|1:55.68|633
35|Younes, Alexandre|18|2000|MCGILL|Québec|2019-02-03|Championnat de natation universitaire RSEQ|1:55.70|633
36|Lord, Guillaume|18|2000|MUST|Québec|2018-12-08|Défi Nez-Rouge 2018|1:55.74|632
37|Lau, Micah|18|2000|SFU|British Columbia|2018-10-20|2018 OCTOBER SENIOR CIRCUIT|1:55.78|632
38|Aylward, Graeme|18|2000|UT|Ontario|2018-11-24|OUA Fairweather Division Championships 2018|1:55.95|629
39|Uemura, Victor|18|1999|QUE|Ontario|2018-11-24|2018 OUA DeBray Divisional Champs|1:56.37|622
40|Barrett, William|18|2000|OTT|Québec|2018-12-01|Neptune International (CSPO 25m)|1:56.38|622
41|Corazza, Luca|18|2000|UT|Ontario|2018-11-24|OUA Fairweather Division Championships 2018|1:56.42|621
42|Czoma, Zsombor|18|2001|GO|Ontario|2019-02-02|2019 Eastern Ontario Regional Championships (SC/LC)|1:56.64|618
43|Bagnell, Kevin|18|2000|MACU|Ontario|2018-11-24|OUA Fairweather Division Championships 2018|1:56.71|617
44|Neilson, Achilles|18|1999|CASC|Alberta|2018-10-28|Rocky Mountain Cup|1:56.73|616
45|Laforme, Grégory|18|2000|MEGO|Québec|2018-10-14|Circuit Senior - Étape 1|1:56.77|616
46|Paulin, Maxime|18|2000|OTT|Québec|2018-12-01|Neptune International (CSPO 25m)|1:57.03|612
47|Gagnon, Maxime|18|1999|CNQ|Québec|2018-12-08|Défi Nez-Rouge 2018|1:57.31|607
48|Inouye, Ethan|18|2000|GHAC|Ontario|2019-02-01|2019 Western Region SC Champs|1:57.34|607
49|Rivero, Ruben|18|2000|MUSC|Newfoundland|2018-12-02|Age Group Development Meet Fall Series #3|1:57.40|606
49|Dunn, Gabriel|18|2000|CP|Alberta|2018-12-14|JP Fiset Invitational|1:57.40|606