RANK|ATHLETES|AGE|YOB|CLUB|PROVINCE|DATE|MEET|TIME|FINA
1|Young, Brodie|18|2000|UBCT|British Columbia|2018-11-04|Odlum Brown Colleges Cup Pacific Hosted by UBC|15:33.33|750
2|Pliuskaitis, Stuart|18|2000|UBCT|British Columbia|2018-11-04|Odlum Brown Colleges Cup Pacific Hosted by UBC|15:42.36|728
3|Tarek Mohammed, Kareem|18|2000|UOFR|Saskatchewan|2019-01-20|Winter Invitational|15:43.81|725
4|Woinoski, Alex|18|2000|SFU|British Columbia|2019-02-09|West Coast Collegiate|15:50.66|709
5|Konik, Justin|18|2000|UBCT|British Columbia|2018-11-04|Odlum Brown Colleges Cup Pacific Hosted by UBC|15:56.90|696
6|Lord, Guillaume|18|2000|MUST|Québec|2018-12-16|Ontario Junior International|15:58.39|692
7|Gagne, Collyn|18|2000|SFU|British Columbia|2019-02-09|West Coast Collegiate|16:03.78|681
8|David, Félix|18|2000|CAMO|Québec|2018-12-16|Ontario Junior International|16:07.93|672
9|Walker, Connor|18|2000|UT|Ontario|2019-02-09|2019 Ontario University Championships|16:09.00|670
10|Hein, William|18|2000|MCGILL|Québec|2019-02-01|Championnat de natation universitaire RSEQ|16:12.89|662
11|Grillo, Kristi|18|2000|OTT|Québec|2018-12-01|Neptune International (CSPO 25m)|16:12.94|662
12|Nickerson, Judson|18|2000|OTT|Québec|2019-02-01|Championnat de natation universitaire RSEQ|16:14.18|659
13|Bird, Joshua|18|2000|WAT|Ontario|2018-11-24|OUA Fairweather Division Championships 2018|16:16.47|655
14|Potvin, Mathieu|18|2000|NN|Québec|2018-12-16|Ontario Junior International|16:17.70|652
15|Antifaoff, Micheal|18|2000|UOFA|Alberta|2018-11-23|Canada West Championships 2018|16:18.14|651
16|Corazza, Luca|18|2000|UT|Ontario|2019-02-09|2019 Ontario University Championships|16:18.60|650
17|McKervill, Padric|18|2000|UVIC|British Columbia|2018-12-07|16th Annual XMAS Cracker Invitational|16:22.07|643
18|Chafe, Thomas|18|2000|MUSC|Newfoundland|2019-02-10|2019 Subway AUS Swimming Championships|16:23.62|640
19|Lau, Micah|18|2000|SFU|British Columbia|2019-02-09|West Coast Collegiate|16:24.21|639
20|Lim, Dmitriy|18|2000|UBCT|British Columbia|2018-11-04|Odlum Brown Colleges Cup Pacific Hosted by UBC|16:24.26|639
21|Gagnon, Maxime|18|1999|CNQ|Québec|2018-11-04|Festival provincial par équipe section 1|16:24.45|639
22|Savage, Jack|18|2000|UVIC|British Columbia|2019-01-25|Vancouver Island Regional SC Championships|16:24.74|638
23|Plackoski, Aleksandar|18|2000|OTT|Québec|2018-12-01|Neptune International (CSPO 25m)|16:30.71|627
24|Wilkins, Riley|18|2000|UVIC|British Columbia|2018-12-07|16th Annual XMAS Cracker Invitational|16:31.00|626
25|Partridge, Rhys|18|2000|EBSC|Ontario|2018-12-16|Ontario Junior International|16:32.58|623
26|Phillips, Austin|18|2000|UVIC|British Columbia|2018-12-07|16th Annual XMAS Cracker Invitational|16:40.18|609
27|Rogozynski, Noah|18|2000|WAT|Ontario|2018-11-24|OUA Fairweather Division Championships 2018|16:43.28|603
28|Baghdassarian, Kevork|18|2000|MACU|Ontario|2019-02-09|2019 Ontario University Championships|16:43.39|603
29|Tannir, Nader|18|2000|UG|Ontario|2019-02-09|2019 Ontario University Championships|16:45.61|599
30|Després, Julien-Manuel|18|2000|CAMO|Québec|2018-11-04|Festival provincial par équipe section 1|16:50.11|591
31|Kelly, Sean|18|1999|WAT|Ontario|2018-11-24|OUA Fairweather Division Championships 2018|17:01.51|572
32|Bagnell, Kevin|18|2000|MACU|Ontario|2019-02-09|2019 Ontario University Championships|17:05.44|565
33|Di Lello, Dante|18|2000|LU|Ontario|2019-02-09|2019 Ontario University Championships|17:09.39|559
34|Lecavalier, Charles-Philip|18|1999|SAMAK|Québec|2018-11-11|Festival provincial par équipe section 2|17:22.80|537
35|Javier-Drouin, Alexandre|18|2000|DDO|Québec|2018-12-01|Neptune International (CSPO 25m)|17:27.19|531
36|Webber, Ryan|18|2000|DAL|Nova Scotia|2018-11-16|Kemp-Fry AUS Invitational|17:28.39|529
37|Alejado, Brenan|18|2000|HAC|Ontario|2019-01-11|2019 Etobicoke A-B Meet|17:41.24|510
38|Coté, Philippe|18|2000|CAEM|Québec|2018-11-11|Festival provincial par équipe section 4|17:50.57|497
39|Brochu, Xavier|18|2000|ABC|Québec|2018-11-02|Festival provincial par équipe section 5 - Est|18:05.69|476
40|Plourde-Couture, Félix|18|1999|MEGO|Québec|2018-11-11|Festival provincial par équipe section 2|18:10.61|470
41|Miller-Junk, Devon|18|2000|WAT|Ontario|2018-10-28|2018 LU Varsity Invitational|18:14.99|464
42|Taylor, Jonathan|18|2000|DAL|Nova Scotia|2019-02-10|2019 Subway AUS Swimming Championships|18:15.76|463
43|Desilets, Benjamin|18|2001|CNBF|Québec|2019-01-19|Invitation Provinciale CNBF 11 ans et plus|18:28.49|447
44|Lentfer, Niklas|18|2000|OYO|Ontario|2018-12-09|Gatineau Grand Prix|18:36.83|437
45|Ward, Justin|18|2000|SBSC|Nova Scotia|2018-12-16|Age Group Development Meet|18:58.43|413
46|McKenna, Liam|18|2000|DRC|Ontario|2019-01-05|Perth Stingrays Mike Brown Meet|18:59.40|412
47|Miecznikowski, Adam|18|2000|GHAC|Ontario|2018-11-25|2018 GHAC November Invitational|19:20.48|390
48|Bissett, Connor|18|2000|OSC|Alberta|2019-01-18|Blue Bears 2019|20:20.54|335
49|Cousineau, Francis|18|1999|CAPC|Québec|2018-10-19|KingOfFreestyle2018|22:10.87|258
50|Belyansky, Lyon|18|1999|CAPC|Québec|2018-10-19|KingOfFreestyle2018|22:44.33|240