RANK|ATHLETES|AGE|YOB|CLUB|PROVINCE|DATE|MEET|TIME|FINA
1|St-Martin, Loïc|18|2000|CAMO|Québec|2018-12-16|Ontario Junior International|1:59.74|767
2|Lisoway, Justin|18|2000|MAVS|Alberta|2018-12-16|Ontario Junior International|2:02.90|709
3|Hein, William|18|2000|MCGILL|Québec|2019-02-21|2019 U SPORTS Odlum Brown Swimming Championships|2:03.75|695
4|Millette, Charles|18|2000|PCSC|Québec|2018-12-16|Ontario Junior International|2:04.22|687
5|Pelletier, Eric|18|2000|PCSC|Québec|2018-12-16|Ontario Junior International|2:04.48|683
6|Smith, Everett|18|2001|UT|Ontario|2019-02-21|2019 U SPORTS Odlum Brown Swimming Championships|2:04.59|681
7|Steele, James|18|2000|GMAC|Ontario|2018-12-16|Ontario Junior International|2:04.97|675
8|Barrett, William|18|2000|OTT|Québec|2019-02-21|2019 U SPORTS Odlum Brown Swimming Championships|2:04.98|674
9|Young, Brodie|18|2000|UBCT|British Columbia|2018-11-04|Odlum Brown Colleges Cup Pacific Hosted by UBC|2:05.03|674
10|Gagne, Collyn|18|2000|SFU|British Columbia|2019-01-18|SFU vs UVic vs UBC|2:05.70|663
11|David, Félix|18|2000|CAMO|Québec|2018-12-08|Invitation provinciale AA-AAA Noël + Développement 11-12 ans CAMO|2:06.05|657
12|Ionescoux-Tremblay, Mathieu|18|2000|CAMO|Québec|2018-11-02|Festival provincial par équipe section 1|2:06.37|652
13|Wormald, Lukas|18|1999|WAT|Ontario|2018-11-25|OUA Fairweather Division Championships 2018|2:06.89|644
14|Stokes, Richie|18|2000|UOFC|Alberta|2018-11-25|Canada West Championships 2018|2:07.50|635
15|Chang, Elyott|18|2000|ACAD|Nova Scotia|2019-02-08|2019 Subway AUS Swimming Championships|2:07.82|630
16|Chafe, Thomas|18|2000|MUSC|Newfoundland|2019-02-08|2019 Subway AUS Swimming Championships|2:08.05|627
17|Douglas, Laird|18|2000|UBCT|British Columbia|2018-11-25|Canada West Championships 2018|2:08.13|626
18|Coté, Vincent|18|2000|UL|Québec|2018-12-16|Ontario Junior International|2:08.25|624
19|Younes, Alexandre|18|2000|MCGILL|Québec|2019-02-03|Championnat de natation universitaire RSEQ|2:08.71|617
20|Aylward, Graeme|18|2000|UT|Ontario|2019-01-12|UT vs Western|2:08.85|615
21|Uemura, Victor|18|1999|QUE|Ontario|2018-11-25|2018 OUA DeBray Divisional Champs|2:09.28|609
22|Meuleman, Matthew|18|2000|RAPID|British Columbia|2018-12-16|Ontario Junior International|2:09.30|609
23|Chambers, Ian|18|2000|WAT|Ontario|2019-02-09|2019 Ontario University Championships|2:09.53|606
24|Paulin, Maxime|18|2000|OTT|Québec|2018-12-02|Neptune International (CSPO 25m)|2:09.55|606
25|Tarek Mohammed, Kareem|18|2000|UOFR|Saskatchewan|2019-02-21|2019 U SPORTS Odlum Brown Swimming Championships|2:09.65|604
26|Glatz, Reid|18|2000|UM|Manitoba|2018-11-04|Odlum Brown Colleges Cup Pacific Hosted by UBC|2:10.11|598
27|Douglas, Kyle|18|1999|PCSC|Québec|2018-12-09|Invitation Provinciale AA-AAA Pointe-Claire 2018|2:10.17|597
28|Lord, Guillaume|18|2000|MUST|Québec|2018-12-07|Défi Nez-Rouge 2018|2:10.42|593
29|Ji, Eric|18|2000|MCGILL|Québec|2018-11-18|Kemp-Fry AUS Invitational|2:10.44|593
30|Plackoski, Aleksandar|18|2000|OTT|Québec|2018-11-10|Coupe Universitaire #3|2:10.55|592
31|Rexha, Besjon|18|2000|OTT|Québec|2019-02-03|Championnat de natation universitaire RSEQ|2:10.63|591
32|Bird, Joshua|18|2000|ESWIM|Ontario|2018-12-21|2018 Trillium Cup|2:10.66|590
33|Jensen, Ryan|18|1999|UOFR|Saskatchewan|2018-10-13|Fall Break Out|2:10.68|590
34|Jiwa, Rafik|18|2000|SFU|British Columbia|2018-11-04|Odlum Brown Colleges Cup Pacific Hosted by UBC|2:10.70|590
35|Paciagiu, Eric|18|2000|JDSS|Ontario|2019-04-26|2019 Ontario Team Challenge|2:10.71|590
36|Shortt, Gordon|18|1999|NHAC|Ontario|2018-11-17|Expressway Lincoln Fall Invitational|2:11.09|584
37|Czoma, Zsombor|18|2001|GO|Ontario|2019-02-01|2019 Eastern Ontario Regional Championships (SC/LC)|2:11.28|582
38|Miecznikowski, Adam|18|2000|GHAC|Ontario|2018-12-08|Border City Invitational|2:11.35|581
39|Skuse, Conner|18|1999|UOFA|Alberta|2018-10-13|Oktoberfest|2:11.44|580
40|Ing, Ryan|18|2000|APEX|Ontario|2018-12-08|Youth Cup|2:11.51|579
41|Marino, Antonio|18|1999|SFU|British Columbia|2018-10-20|2018 OCTOBER SENIOR CIRCUIT|2:11.66|577
42|towne, garrett|18|1999|UT|Ontario|2018-11-17|Quad meet|2:11.97|573
43|Rogozynski, Noah|18|2000|WAT|Ontario|2018-11-25|OUA Fairweather Division Championships 2018|2:12.30|568
44|Paré, Grégoire|18|2000|MUST|Québec|2018-12-14|Invitation Provinciale des fêtes avec épreuves Ho! Ho! Eau Libre|2:12.51|566
45|Antifaoff, Micheal|18|2000|UOFA|Alberta|2018-11-25|Canada West Championships 2018|2:12.55|565
46|Kooyman, Cale|18|2000|UOFA|Alberta|2018-11-04|Odlum Brown Colleges Cup Pacific Hosted by UBC|2:12.91|561
47|Clavelle, Matthew|18|2001|ISC|British Columbia|2019-01-25|Vancouver Island Regional SC Championships|2:12.95|560
48|Lajoie, Michael|18|2000|UM|Manitoba|2018-10-27|Celebrate Swimming Invitational|2:13.38|555
49|Wilkins, Riley|18|2000|UVIC|British Columbia|2019-02-09|West Coast Collegiate|2:13.55|553
50|Saplywyj, Adrian|18|2000|DDO|Québec|2018-12-02|Neptune International (CSPO 25m)|2:13.57|552