RANK|ATHLETES|AGE|YOB|CLUB|PROVINCE|DATE|MEET|TIME|FINA
1|Li, Jack|14|2004|OAK|Ontario|2018-12-15|Ontario Junior International|3:59.51|695
2|Kwinter, Charlie|14|2004|ESWIM|Ontario|2018-11-11|2018 Age Group International SC|4:04.63|653
3|Bennett, Nicholas|14|2003|RAC|British Columbia|2018-11-11|ISC 2018 Bennett Cup|4:07.91|627
4|Wu, Yutong|14|2004|SKSC|British Columbia|2019-01-26|SKSC Winter Fest|4:08.13|625
5|Tylee, Matthew|14|2004|TMSC|Ontario|2019-02-03|Dave Kensit Memorial SC Championship|4:10.40|609
6|Robertson, Connor|14|2004|PCSC|Québec|2018-12-08|Invitation Provinciale AA-AAA Pointe-Claire 2018|4:10.90|605
7|Matteis, Quinn|14|2004|CYPS|Ontario|2018-12-09|Border City Invitational|4:14.24|581
8|MacDougall, William|14|2004|RAPID|British Columbia|2018-12-16|Rapids Fast-Swim Classic|4:14.43|580
9|Dagenais, Victor|14|2004|ELITE|Québec|2018-12-08|Invitation Provinciale AA-AAA Pointe-Claire 2018|4:15.11|575
10|Pelletier, Jean-Félix|14|2004|CNSH|Québec|2018-12-10|Invitation provinciale AA-AAA Noël + Développement 11-12 ans CAMO|4:15.52|573
11|Savelev, Daniil|14|2004|KAJ|British Columbia|2018-12-15|26th Annual MJB Law Classic SCM|4:16.27|568
12|Baldwin, Joshua|14|2004|EKSC|Alberta|2018-12-16|JP Fiset Invitational|4:16.36|567
13|Ma, Ethan|14|2004|OAK|Ontario|2018-12-08|Youth Cup|4:16.69|565
14|Cameron, Jack|14|2003|KCS|British Columbia|2018-12-15|26th Annual MJB Law Classic SCM|4:16.73|565
15|Sieluzycki, Tristan|14|2004|ESWIM|Ontario|2018-11-11|2018 Age Group International SC|4:17.04|563
16|Campbell, Colin|14|2003|GMAC|Ontario|2018-11-03|NYAC Cup|4:17.68|558
17|Osler, Cameron|14|2004|GGST|Ontario|2018-11-11|2018 Age Group International SC|4:17.70|558
18|Stewart-Beinder, Luke|14|2004|LOSC|British Columbia|2018-12-08|16th Annual XMAS Cracker Invitational|4:18.68|552
19|Courville Fortin, Loic|14|2004|TORP|Québec|2018-12-16|Invitation développement et groupe d'âge de Noel 2018|4:18.85|551
20|Piche, Pierson|14|2004|KAJ|British Columbia|2018-12-15|26th Annual MJB Law Classic SCM|4:18.87|551
21|Alexander, Liam|14|2003|TSC|Ontario|2018-12-08|Youth Cup|4:18.98|550
22|Feddag, Hocine|14|2004|ELITE|Québec|2018-12-08|Invitation Provinciale AA-AAA Pointe-Claire 2018|4:19.11|549
23|Johnston, Jadyn|14|2004|WLBF|British Columbia|2018-12-15|26th Annual MJB Law Classic SCM|4:19.15|549
24|El Shamy, Aly|14|2004|BORC|Ontario|2019-04-28|2019 Ontario Team Challenge|4:19.31|548
25|Bhale, Advay|14|2004|ESWIM|Ontario|2019-01-12|2019 Etobicoke A-B Meet|4:19.91|544
26|Murack, Geoffrey|14|2004|NEW|Ontario|2018-12-09|Border City Invitational|4:19.97|544
27|Giggey, Alejandro|14|2003|NKB|Ontario|2018-11-11|2018 Age Group International SC|4:20.04|543
28|Clinton, Beck|14|2004|MSSAC|Ontario|2018-11-11|2018 Age Group International SC|4:20.22|542
29|Labarre, Tristan|14|2004|CNQ|Québec|2019-05-03|Invitation du Printemps|4:20.45|541
30|Brock, Griffin|14|2004|ESWIM|Ontario|2018-12-21|2018 Trillium Cup|4:20.60|540
31|Davison, Brent|14|2004|DUCKS|Ontario|2018-12-02|2018 Barrie Trojan Cup|4:21.74|533
32|Lecavalier, Marc-Olivier|14|2004|SAMAK|Québec|2018-12-08|Invitation Provinciale AA-AAA Pointe-Claire 2018|4:21.91|532
33|Loewen, Benjamin|14|2004|CREST|Ontario|2018-12-09|Border City Invitational|4:22.09|531
34|Jibb, Owen|14|2004|OTTER|Ontario|2018-12-08|Youth Cup|4:22.29|529
35|Hui, Jing Wen|14|2004|MAC|Ontario|2019-04-28|2019 Ontario Team Challenge|4:22.49|528
36|Tang, Jacky|14|2004|VPSC|British Columbia|2018-12-16|Rapids Fast-Swim Classic|4:23.00|525
37|Bertrand, Charles|14|2004|GO|Ontario|2018-12-08|Gatineau Grand Prix|4:23.33|523
38|Leung, Nathan|14|2004|WSC|British Columbia|2018-12-16|Rapids Fast-Swim Classic|4:23.86|520
39|Wilkinson, Kieran|14|2003|CASE|Québec|2018-11-09|Festival provincial par équipe section 2|4:24.20|518
40|Haba, Hashim|14|2004|OAK|Ontario|2018-12-08|Youth Cup|4:24.21|518
41|Abrams, Gerrit|14|2004|UCRO|Ontario|2019-02-01|2019 Eastern Ontario Regional Championships (SC/LC)|4:24.31|517
42|Williams, Michael|14|2004|EKSC|Alberta|2019-01-19|Blue Bears 2019|4:24.55|516
43|Marra, Luca|14|2004|ESWIM|Ontario|2019-01-12|2019 Etobicoke A-B Meet|4:24.65|515
44|Genier, Zacharie|14|2004|TMSC|Ontario|2018-10-27|2018 LU Varsity Invitational|4:24.76|515
45|Jackson, Elliott|14|2004|OTTSC|Ontario|2019-02-01|2019 Eastern Ontario Regional Championships (SC/LC)|4:24.81|514
46|Bryer, William|14|2004|OAK|Ontario|2018-12-08|Youth Cup|4:24.83|514
47|Soucy, Louis-Christophe|14|2004|PCSC|Québec|2018-12-08|Invitation Provinciale AA-AAA Pointe-Claire 2018|4:24.89|514
48|Jurkiewicz, Sebastian|14|2004|COBRA|Ontario|2018-12-08|Youth Cup|4:24.99|513
49|Romanenko, Vladislav|14|2004|ESWIM|Ontario|2019-01-12|2019 Etobicoke A-B Meet|4:25.27|512
50|Hirsescu, Cezar|14|2004|CREST|Ontario|2019-04-28|2019 Ontario Team Challenge|4:25.99|508