RANK|AGES|CLUB|TEAM|PROVINCE|DATE|MEET|TIME|FINA
1|14 - 14|Oakville Aquatic Club|OAK A|Ontario|2018-10-14|Youth Cup|1:53.37|508
2|14 - 14|E.N. Longueuil|ELIT B|Québec|2018-11-02|Festival provincial par équipe section 1|1:55.30|483
3|14 - 14|Surrey Knights Swim Club|SKSC A|British Columbia|2018-11-09|2018 Brad Reid Memorial Invitational|1:55.52|480
4|14 - 14|Mississauga Aquatic Club|MSSA A|Ontario|2018-12-01|Neptune International (CSPO 25m)|1:57.92|452
5|14 - 14|Olympian Swim Club|OSC A|Alberta|2018-12-07|16th Annual XMAS Cracker Invitational|1:58.04|450
6|14 - 14|Greater Ottawa Kingfish Swim Club|GO A|Ontario|2018-11-03|GO Fall Invitational|1:58.06|450
7|14 - 14|Edmonton Keyano Swim Club|EKSC A|Alberta|2018-10-26|Cascade Speed Meet|1:58.19|449
8|14 - 14|Orangeville Otters Swim Club|OOSC A|Ontario|2018-12-07|Youth Cup|1:58.35|447
9|14 - 14|University Of Calgary Swim Club|UCSC A|Alberta|2018-10-26|UCSC Holiday Classic|1:58.58|444
10|14 - 14|Clarington Swim Club|ROC A|Ontario|2019-01-12|Collingwood Invitational 2019|1:59.49|434
11|14 - 14