RANK|AGES|CLUB|TEAM|PROVINCE|DATE|MEET|TIME|FINA
1|14 - 14|E.N. Longueuil|ELIT B|Québec|2018-11-03|Festival provincial par équipe section 1|4:10.56|502
2|14 - 14|Surrey Knights Swim Club|SKSC A|British Columbia|2018-11-11|2018 Brad Reid Memorial Invitational|4:13.75|483
3|14 - 14|Mississauga Aquatic Club|MSSA A|Ontario|2018-11-30|Neptune International (CSPO 25m)|4:16.18|469
4|14 - 14|Club de Natation SAMAK|SAMA A|Québec|2018-11-10|Festival provincial par équipe section 2|4:18.35|458
5|14 - 14|Mississauga Aquatic Club|MSSA D|Ontario|2018-11-30|Neptune International (CSPO 25m)|4:31.36|395
6|14 - 14|Hippocampe de St-Hubert|HIPP A|Québec|2019-06-28|Championnat provincial groupe d'âge AA d'été - section Est|4:32.88|388
7|14 - 14|Pointe-Claire Swim Club|PCSC A|Québec|2019-06-28|Championnat provincial groupe d'âge AA d'été - Ouest|4:39.01|363
8|14 - 14|C.N. Région de Québec|CNQ B|Québec|2019-02-22|Championnat provincial groupe d'âge AA d'hiver - section Est|4:39.27|362
9|14 - 14|Mtl Nord Natation|CNMN A|Québec|2019-02-22|Championnat provincial groupe d'âge AA d'hiver - section Ouest|4:42.11|351
10|14 - 14|Loups Marins de Rivière-du-Loup|LMRL A|Québec|2019-06-28|Championnat provincial groupe d'âge AA d'été - section Est|4:49.85|324
11|14 - 14|Aquanautes de Baie-Comeau|ABC G|Québec|2018-11-03|Festival provincial par équipe section 5 - Est|4:53.32|313
12|14 - 14|C.N. Montmagny|MY A|Québec|2018-11-03|Festival provincial par équipe section 5 - Sud|5:01.70|287
13|14 - 14|Sussex Swordfish|SWRD A|New Brunswick|2019-04-28|Ellen Waters Memorial Meet|5:07.84|270
14|14 - 14|Perth Stingrays Aquatic Club|PERTHA|Ontario|2018-11-24|BYST Fall Invitational|5:33.14|213