RANK|ATHLETES|AGE|YOB|CLUB|PROVINCE|DATE|MEET|TIME|FINA
1|Loewen, Benjamin|14|2004|CREST|Ontario|2018-12-09|Border City Invitational|2:06.08|588
2|Courville Fortin, Loic|14|2004|TORP|Québec|2018-12-08|Invitation Provinciale AA-AAA Pointe-Claire 2018|2:07.37|570
3|Wu, Yutong|14|2004|SKSC|British Columbia|2018-12-15|Rapids Fast-Swim Classic|2:07.53|568
4|Murack, Geoffrey|14|2004|NEW|Ontario|2018-12-09|Border City Invitational|2:08.55|554
5|Ma, Ethan|14|2004|OAK|Ontario|2018-12-09|Youth Cup|2:09.40|543
6|Summers, Joshua|14|2003|UCSC|Alberta|2018-12-09|Youth Cup|2:10.22|533
7|Campbell, Colin|14|2003|GMAC|Ontario|2018-11-02|NYAC Cup|2:11.45|518
8|MacDougall, William|14|2004|RAPID|British Columbia|2018-11-09|ISC 2018 Bennett Cup|2:11.89|513
9|Goni Avila, Kent|14|2003|RHAC|Ontario|2018-11-10|2018 Age Group International SC|2:12.01|512
10|Kwinter, Charlie|14|2004|ESWIM|Ontario|2018-12-22|2018 Trillium Cup|2:12.26|509
11|Levine, Michael|14|2004|PCSC|Québec|2018-12-08|Invitation Provinciale AA-AAA Pointe-Claire 2018|2:12.44|507
12|Lalonde, Alexander|14|2003|CP|Alberta|2018-10-26|Cascade Speed Meet|2:13.10|499
13|Bowen, Alexander|14|2004|OTTER|Ontario|2018-12-09|Youth Cup|2:13.53|495
14|Skalenda, Charlie|14|2004|TSC|Ontario|2018-11-02|NYAC Cup|2:13.57|494
15|Fotherby, Justin|14|2003|KISU|British Columbia|2018-10-13|KISU Triple Pentathlon 2018|2:13.80|492
16|Liew, Danael|14|2004|CASC|Alberta|2018-12-15|JP Fiset Invitational|2:14.57|483
17|Nguyen, Minh|14|2004|OSC|Alberta|2018-12-08|16th Annual XMAS Cracker Invitational|2:14.90|480
18|Zhang, Charles|14|2004|MAC|Ontario|2019-04-28|2019 Ontario Team Challenge|2:15.20|476
19|Raschkowan, William|14|2004|PCSC|Québec|2018-12-08|Invitation Provinciale AA-AAA Pointe-Claire 2018|2:15.66|472
20|Mak, Marcus|14|2004|ISC|British Columbia|2018-11-09|ISC 2018 Bennett Cup|2:15.71|471
21|Jankovics, Tristan|14|2004|GMAC|Ontario|2018-12-16|Team Showdown 2018|2:15.72|471
22|Li, Jack|14|2004|OAK|Ontario|2018-11-10|2018 Age Group International SC|2:15.85|470
23|Piche, Pierson|14|2004|KAJ|British Columbia|2018-12-15|26th Annual MJB Law Classic SCM|2:16.25|465
24|Zander, Maksimas|14|2004|MSSAC|Ontario|2018-12-01|Neptune International (CSPO 25m)|2:16.75|460
25|Johnston, Jadyn|14|2004|WLBF|British Columbia|2018-12-15|26th Annual MJB Law Classic SCM|2:16.87|459
26|Chan, Cameron|14|2004|OSC|Alberta|2019-01-19|Blue Bears 2019|2:16.98|458
27|Robertson, Connor|14|2004|PCSC|Québec|2018-12-08|Invitation Provinciale AA-AAA Pointe-Claire 2018|2:17.19|456
28|Rocheleau, Noah|14|2005|CARAT|Québec|2019-06-29|Championnat provincial groupe d'âge AA d'été - Ouest|2:17.43|454
29|Ramlochan, Praim|14|2004|COBRA|Ontario|2018-12-01|Neptune International (CSPO 25m)|2:17.70|451
30|Sieluzycki, Tristan|14|2004|ESWIM|Ontario|2019-01-13|2019 Etobicoke A-B Meet|2:18.01|448
31|Dagenais, Victor|14|2004|ELITE|Québec|2018-11-03|Festival provincial par équipe section 1|2:18.15|447
32|Qin, Ryan|14|2004|MSSAC|Ontario|2018-11-10|2018 Age Group International SC|2:18.16|446
33|Clinton, Beck|14|2004|MSSAC|Ontario|2018-11-10|2018 Age Group International SC|2:18.18|446
34|Murphy, Riley|14|2004|GO|Ontario|2018-12-08|Gatineau Grand Prix|2:18.21|446
34|Hayhoe, Jack|14|2004|SKSC|British Columbia|2019-01-12|2019 Hyack Icebreaker Classic|2:18.21|446
36|Stoneburgh, Owen|14|2004|GHAC|Ontario|2018-12-09|Border City Invitational|2:18.33|445
37|Tomic, Luka|14|2004|WAAC|Ontario|2019-02-03|2019 Western Region SC Champs|2:18.36|444
38|De Ocampo, Ryan|14|2004|SKSC|British Columbia|2018-12-08|16th Annual XMAS Cracker Invitational|2:18.42|444
39|Murphy, Ryan|14|2004|VKSC|British Columbia|2018-12-15|26th Annual MJB Law Classic SCM|2:18.49|443
40|Baldwin, Joshua|14|2004|EKSC|Alberta|2018-12-08|16th Annual XMAS Cracker Invitational|2:18.58|442
41|Landa, Alex|14|2004|OAK|Ontario|2018-12-09|Youth Cup|2:18.72|441
42|Elazizi, Youssif|14|2004|MSSAC|Ontario|2018-12-01|Neptune International (CSPO 25m)|2:18.88|439
43|Rus, Alexander|14|2004|ROW|Ontario|2018-12-01|Neptune International (CSPO 25m)|2:18.96|439
44|Miller-Murphy, Reid|14|2004|TSC|Ontario|2018-12-07|Border City Invitational|2:19.01|438
44|FULGA, DENIS|14|2004|CNSL|Québec|2018-11-10|Festival provincial par équipe section 5 - Nord|2:19.01|438
46|Hui, Jing Wen|14|2004|MAC|Ontario|2018-11-02|NYAC Cup|2:19.19|437
47|Wang, David|14|2004|VPSC|British Columbia|2018-12-15|JP Fiset Invitational|2:19.25|436
48|Genier, Zacharie|14|2004|TMSC|Ontario|2019-02-03|Dave Kensit Memorial SC Championship|2:19.33|435
49|Zhou, Jerry|14|2004|RHAC|Ontario|2018-12-09|Youth Cup|2:19.35|435
50|Matteis, Quinn|14|2004|CYPS|Ontario|2018-12-09|Border City Invitational|2:19.46|434