RANK|ATHLETES|AGE|YOB|CLUB|PROVINCE|DATE|MEET|TIME|FINA
1|Li, Jack|14|2004|OAK|Ontario|2018-12-07|Youth Cup|1:52.86|682
2|Wu, Yutong|14|2004|SKSC|British Columbia|2019-01-13|2019 Hyack Icebreaker Classic|1:56.62|618
3|Tylee, Matthew|14|2004|TMSC|Ontario|2018-12-07|Gatineau Grand Prix|1:57.80|600
4|Kwinter, Charlie|14|2004|ESWIM|Ontario|2018-12-14|Ontario Junior International|1:58.01|597
5|Bennett, Nicholas|14|2003|RAC|British Columbia|2018-11-10|ISC 2018 Bennett Cup|1:58.14|595
6|Courville Fortin, Loic|14|2004|TORP|Québec|2018-11-03|Festival provincial par équipe section 3|1:58.58|588
7|Savelev, Daniil|14|2004|KAJ|British Columbia|2018-12-16|26th Annual MJB Law Classic SCM|1:58.63|587
8|Campbell, Colin|14|2003|GMAC|Ontario|2018-11-04|NYAC Cup|1:58.71|586
9|Loewen, Benjamin|14|2004|CREST|Ontario|2018-11-09|2018 Age Group International SC|1:58.98|582
10|Sieluzycki, Tristan|14|2004|ESWIM|Ontario|2018-11-09|2018 Age Group International SC|1:59.19|579
11|Alexander, Liam|14|2003|TSC|Ontario|2018-12-07|Youth Cup|1:59.38|576
12|Pelletier, Jean-Félix|14|2004|CNSH|Québec|2018-11-03|Festival provincial par équipe section 3|1:59.40|576
13|Chan, Cameron|14|2004|OSC|Alberta|2018-12-07|16th Annual XMAS Cracker Invitational|1:59.65|572
14|Skalenda, Charlie|14|2004|TSC|Ontario|2018-11-04|NYAC Cup|1:59.82|570
15|Dagenais, Victor|14|2004|ELITE|Québec|2018-12-15|Invitation Provinciale des fêtes avec épreuves Ho! Ho! Eau Libre|1:59.86|569
16|Ma, Ethan|14|2004|OAK|Ontario|2018-12-07|Youth Cup|2:00.02|567
17|MacDougall, William|14|2004|RAPID|British Columbia|2018-11-10|ISC 2018 Bennett Cup|2:00.53|560
18|Cameron, Jack|14|2003|KCS|British Columbia|2018-11-04|Odlum Brown Colleges Cup Pacific Hosted by UBC|2:00.59|559
19|Feddag, Hocine|14|2004|ELITE|Québec|2018-12-07|Invitation Provinciale AA-AAA Pointe-Claire 2018|2:00.61|559
20|Matteis, Quinn|14|2004|CYPS|Ontario|2018-12-08|Border City Invitational|2:00.68|558
21|Vassilev, Boris|14|2004|MSSAC|Ontario|2019-03-30|Dual_Meet_MSSAC_vs_OAK|2:00.77|557
22|Williams, Michael|14|2004|EKSC|Alberta|2018-12-14|JP Fiset Invitational|2:00.82|556
23|Osler, Cameron|14|2004|GGST|Ontario|2018-12-07|Gatineau Grand Prix|2:00.83|556
24|Clinton, Beck|14|2004|MSSAC|Ontario|2018-12-01|Neptune International (CSPO 25m)|2:01.14|551
25|Giggey, Alejandro|14|2003|NKB|Ontario|2018-12-01|Neptune International (CSPO 25m)|2:01.33|549
26|Fotherby, Justin|14|2003|KISU|British Columbia|2018-10-13|KISU Triple Pentathlon 2018|2:01.68|544
27|El Shamy, Aly|14|2004|BORC|Ontario|2018-12-07|Invitation provinciale AA-AAA Noël + Développement 11-12 ans CAMO|2:01.71|544
28|Bowen, Alexander|14|2004|OTTER|Ontario|2019-02-02|2019 Huronia SC Regional Championships|2:02.17|538
29|Labarre, Tristan|14|2004|CNQ|Québec|2019-05-04|Invitation du Printemps|2:02.34|535
30|Zander, Maksimas|14|2004|MSSAC|Ontario|2018-12-01|Neptune International (CSPO 25m)|2:02.39|535
31|Zhao, Jiahui (David)|14|2004|WVOSC|British Columbia|2019-01-19|Canadian Dolphin New Years Invitational 2019|2:02.55|533
32|Haba, Hashim|14|2004|OAK|Ontario|2018-12-07|Youth Cup|2:02.59|532
33|Bryer, William|14|2004|OAK|Ontario|2018-12-07|Youth Cup|2:03.13|525
33|Marra, Luca|14|2004|ESWIM|Ontario|2018-11-09|2018 Age Group International SC|2:03.13|525
35|Murack, Geoffrey|14|2004|NEW|Ontario|2018-11-03|Newmarket Stingrays Fall Invitational|2:03.18|524
36|Mak, Marcus|14|2004|ISC|British Columbia|2019-01-26|Vancouver Island Regional SC Championships|2:03.19|524
37|Allen, Isaac|14|2005|WS|Ontario|2019-04-27|2019 Ontario Team Challenge|2:03.44|521
38|Jackson, Elliott|14|2004|OTTSC|Ontario|2018-12-07|Gatineau Grand Prix|2:03.55|520
39|Al Afandi, bachar|14|2004|ELITE|Québec|2018-12-07|Invitation Provinciale AA-AAA Pointe-Claire 2018|2:03.58|519
40|Zhang, Edward|14|2004|BAD|Ontario|2018-12-07|Invitation Provinciale AA-AAA Pointe-Claire 2018|2:03.71|518
41|Davison, Brent|14|2004|DUCKS|Ontario|2018-11-09|2018 Age Group International SC|2:03.77|517
42|Leung, Nathan|14|2004|WSC|British Columbia|2018-11-10|2018 Brad Reid Memorial Invitational|2:03.83|516
43|Baldwin, Joshua|14|2004|EKSC|Alberta|2018-12-07|16th Annual XMAS Cracker Invitational|2:04.02|514
44|Bertrand, Charles|14|2004|GO|Ontario|2018-12-07|Gatineau Grand Prix|2:04.03|514
45|Abrams, Gerrit|14|2004|UCRO|Ontario|2018-11-24|2018 CSL Snowflake Invitational|2:04.04|514
46|Robertson, Connor|14|2004|PCSC|Québec|2019-01-19|Intra-club PCSC janvier 2019|2:04.08|513
46|Bhale, Advay|14|2004|ESWIM|Ontario|2019-01-13|2019 Etobicoke A-B Meet|2:04.08|513
48|Waddell, Jackson|14|2004|ROCS|Ontario|2019-02-02|2019 Eastern Ontario Regional Championships (SC/LC)|2:04.09|513
49|Cabildo, Benjamin|14|2004|ROC|Ontario|2019-04-27|2019 Ontario Team Challenge|2:04.14|512
50|Jibb, Owen|14|2004|OTTER|Ontario|2018-12-07|Youth Cup|2:04.19|512