RANK|ATHLETES|AGE|YOB|CLUB|PROVINCE|DATE|MEET|TIME|FINA
1|Li, Jack|14|2004|OAK|Ontario|2018-12-09|Youth Cup|52.77|617
2|Courville Fortin, Loic|14|2004|TORP|Québec|2018-11-02|Festival provincial par équipe section 3|53.05|607
3|Tylee, Matthew|14|2004|TMSC|Ontario|2018-12-09|Gatineau Grand Prix|53.87|580
4|Wu, Yutong|14|2004|SKSC|British Columbia|2019-01-26|SKSC Winter Fest|54.04|575
5|Sieluzycki, Tristan|14|2004|ESWIM|Ontario|2018-11-11|2018 Age Group International SC|54.29|567
6|Murack, Geoffrey|14|2004|NEW|Ontario|2018-12-09|Border City Invitational|54.72|553
7|Bennett, Nicholas|14|2003|RAC|British Columbia|2018-11-09|ISC 2018 Bennett Cup|54.75|553
8|Bracho, Quitze|14|2003|CW|Ontario|2018-11-18|Expressway Lincoln Fall Invitational|55.06|543
9|Kwinter, Charlie|14|2004|ESWIM|Ontario|2019-01-12|2019 Etobicoke A-B Meet|55.07|543
10|Alexander, Liam|14|2003|TSC|Ontario|2018-12-09|Youth Cup|55.13|541
11|Abrams, Gerrit|14|2004|UCRO|Ontario|2018-12-09|Gatineau Grand Prix|55.24|538
12|Louie, Cameron|14|2004|CONNU|British Columbia|2018-12-15|JP Fiset Invitational|55.28|537
13|Williams, Michael|14|2004|EKSC|Alberta|2018-12-15|JP Fiset Invitational|55.39|534
14|Cameron, Jack|14|2003|KCS|British Columbia|2018-11-03|Odlum Brown Colleges Cup Pacific Hosted by UBC|55.41|533
15|Osler, Cameron|14|2004|GGST|Ontario|2018-12-09|Gatineau Grand Prix|55.45|532
16|Feddag, Hocine|14|2004|ELITE|Québec|2018-12-08|Invitation Provinciale AA-AAA Pointe-Claire 2018|55.48|531
17|Shiffman, Alexandre|14|2004|TSC|Ontario|2018-12-09|Border City Invitational|55.53|530
18|Pelletier, Jean-Félix|14|2004|CNSH|Québec|2018-12-08|Invitation provinciale AA-AAA Noël + Développement 11-12 ans CAMO|55.63|527
19|Marra, Luca|14|2004|ESWIM|Ontario|2018-11-11|2018 Age Group International SC|55.67|526
20|Loewen, Benjamin|14|2004|CREST|Ontario|2018-11-11|2018 Age Group International SC|55.75|523
21|Pinard, Antoine|14|2003|ETM|Québec|2018-11-02|Festival provincial par équipe section 5 - Sud|55.79|522
22|Al Afandi, bachar|14|2004|ELITE|Québec|2018-10-12|Brise Glace|55.86|520
23|Ginzburg, Eric|14|2004|RAMAC|Ontario|2018-11-24|Alex Baumann Invitational|55.95|518
24|Robertson, Connor|14|2004|PCSC|Québec|2018-12-08|Invitation Provinciale AA-AAA Pointe-Claire 2018|56.05|515
25|Matteis, Quinn|14|2004|CYPS|Ontario|2018-12-09|Border City Invitational|56.06|515
26|Zander, Maksimas|14|2004|MSSAC|Ontario|2018-12-01|Neptune International (CSPO 25m)|56.09|514
27|Fotherby, Justin|14|2003|KISU|British Columbia|2018-10-12|KISU Triple Pentathlon 2018|56.13|513
27|Park, Lucas|14|2004|CREST|Ontario|2019-04-28|2019 Ontario Team Challenge|56.13|513
29|Savelev, Daniil|14|2004|KAJ|British Columbia|2018-12-14|26th Annual MJB Law Classic SCM|56.17|512
30|Bouwman, Leif|14|2004|PICK|Ontario|2018-12-08|Dash for Cash|56.21|511
31|Zhang, Edward|14|2004|BAD|Ontario|2018-11-24|Alex Baumann Invitational|56.23|510
32|Dagenais, Victor|14|2004|ELITE|Québec|2018-10-12|Brise Glace|56.27|509
33|Porterfield, William|14|2003|GHAC|Ontario|2018-10-14|2018 Hall of Fame Meet|56.41|505
34|De Silva, Thinula|14|2004|CW|Ontario|2018-12-08|Invitation Provinciale AA-AAA Pointe-Claire 2018|56.42|505
35|Lett, Steven|14|2004|GO|Ontario|2018-11-24|Alex Baumann Invitational|56.47|504
36|Meunier, Gabriel|14|2004|CNBO|New Brunswick|2019-02-03|NB Open Cup - Coupe NB|56.48|503
37|Fast, Ethan|14|2004|ISC|British Columbia|2019-01-27|Vancouver Island Regional SC Championships|56.51|502
38|Giggey, Alejandro|14|2003|NKB|Ontario|2018-12-01|Neptune International (CSPO 25m)|56.53|502
39|Leung, Nathan|14|2004|WSC|British Columbia|2018-10-27|VPSC Fall Invitational|56.57|501
40|Waddell, Jackson|14|2004|ROCS|Ontario|2019-02-03|2019 Eastern Ontario Regional Championships (SC/LC)|56.62|500
41|Setiawan, Anggaraksa|14|2003|ELITE|Québec|2018-10-20|Invitation de l'automne Neptune (CSPO 25m)|56.67|498
42|Summers, Joshua|14|2003|UCSC|Alberta|2018-12-09|Youth Cup|56.68|498
42|Prud'Homme, Olivier|14|2005|CNMN|Québec|2019-05-31|Intra club 31 mai 2019|56.68|498
44|Timmins, Jensen|14|2004|OAK|Ontario|2018-12-09|Youth Cup|56.73|497
45|Haba, Hashim|14|2004|OAK|Ontario|2018-12-09|Youth Cup|56.79|495
46|Wong, Nathan|14|2005|NCSA|Alberta|2019-07-14|UCSC Western Finale|56.84|494
47|Montemurro-Anderson, Dylan|14|2004|SEALS|Manitoba|2018-12-15|ManSask Championships Short Course Open Championships|56.87|493
48|Nuhay, Ralph Robert|14|2003|CSLA|Québec|2018-11-09|Festival provincial par équipe section 2|56.90|492
49|Yoon, Frederic|14|2004|CREST|Ontario|2018-10-13|MAC Fall Fest Invitational|56.91|492
50|Piche, Pierson|14|2004|KAJ|British Columbia|2018-11-04|VKSC Fall Invitational 2018|56.94|491