RANK|ATHLETES|AGE|YOB|CLUB|PROVINCE|DATE|MEET|TIME|FINA
1|Wu, Yutong|14|2004|SKSC|British Columbia|2019-06-08|Knights June Jamboree 2019|59.42|558
2|Summers, Joshua|14|2003|UCSC|Alberta|2018-12-07|Youth Cup|59.52|555
3|Loewen, Benjamin|14|2004|CREST|Ontario|2018-11-11|2018 Age Group International SC|59.70|550
4|Murack, Geoffrey|14|2004|NEW|Ontario|2018-12-08|Border City Invitational|59.71|549
5|Courville Fortin, Loic|14|2004|TORP|Québec|2018-12-07|Invitation Provinciale AA-AAA Pointe-Claire 2018|59.85|546
6|Kwinter, Charlie|14|2004|ESWIM|Ontario|2019-06-05|2019 ESWIM Class 1 Time Trial - June 5|1:00.20|536
7|Nguyen, Minh|14|2004|OSC|Alberta|2018-12-16|JP Fiset Invitational|1:00.61|525
8|Bowen, Alexander|14|2004|OTTER|Ontario|2018-12-07|Youth Cup|1:00.70|523
9|Chan, Cameron|14|2004|OSC|Alberta|2019-01-20|Blue Bears 2019|1:01.00|515
10|Jankovics, Tristan|14|2004|GMAC|Ontario|2018-12-07|Dash for Cash|1:01.20|510
11|Abrams, Gerrit|14|2004|UCRO|Ontario|2018-12-07|Gatineau Grand Prix|1:01.24|509
12|Setiawan, Anggaraksa|14|2003|ELITE|Québec|2018-11-04|Festival provincial par équipe section 1|1:01.46|504
13|Ma, Ethan|14|2004|OAK|Ontario|2018-11-11|2018 Age Group International SC|1:01.68|498
14|Levine, Michael|14|2004|PCSC|Québec|2018-12-07|Invitation Provinciale AA-AAA Pointe-Claire 2018|1:01.69|498
15|Goni Avila, Kent|14|2003|RHAC|Ontario|2018-12-07|Youth Cup|1:01.89|493
16|Porterfield, William|14|2003|GHAC|Ontario|2018-10-14|2018 Hall of Fame Meet|1:01.94|492
17|Normand, Samuel|14|2004|CNQ|Québec|2018-11-04|Festival provincial par équipe section 1|1:02.08|489
18|Campbell, Colin|14|2003|GMAC|Ontario|2018-11-18|Expressway Lincoln Fall Invitational|1:02.18|486
19|Fotherby, Justin|14|2003|KISU|British Columbia|2018-10-12|KISU Triple Pentathlon 2018|1:02.21|486
20|Bracho, Quitze|14|2003|CW|Ontario|2018-11-18|Expressway Lincoln Fall Invitational|1:02.38|482
21|Lalonde, Alexander|14|2003|CP|Alberta|2018-10-28|Cascade Speed Meet|1:02.39|482
22|Zhang, Charles|14|2004|MAC|Ontario|2019-04-27|2019 Ontario Team Challenge|1:02.42|481
23|Mak, Marcus|14|2004|ISC|British Columbia|2018-11-10|ISC 2018 Bennett Cup|1:02.43|481
24|Skalenda, Charlie|14|2004|TSC|Ontario|2018-11-03|NYAC Cup|1:02.46|480
25|Riddell, Jaiden|14|2004|AMAC|Alberta|2018-12-16|JP Fiset Invitational|1:02.57|477
26|Kaul, Piyush|14|2005|LOSC|British Columbia|2019-07-28|SKSC Summer Fest|1:02.58|477
27|Piche, Pierson|14|2004|KAJ|British Columbia|2018-12-14|26th Annual MJB Law Classic SCM|1:02.60|477
28|Sieluzycki, Tristan|14|2004|ESWIM|Ontario|2018-12-21|2018 Trillium Cup|1:02.64|476
29|Murphy, Riley|14|2004|GO|Ontario|2019-02-01|2019 Eastern Ontario Regional Championships (SC/LC)|1:02.69|475
30|Park, Lucas|14|2004|CREST|Ontario|2019-04-27|2019 Ontario Team Challenge|1:02.70|474
31|Liew, Danael|14|2004|CASC|Alberta|2018-12-16|JP Fiset Invitational|1:02.72|474
32|De Ocampo, Ryan|14|2004|SKSC|British Columbia|2018-12-09|16th Annual XMAS Cracker Invitational|1:03.00|468
32|Dahlgren, Matthew|14|2004|GO|Ontario|2018-11-24|GO Fall Invitational|1:03.00|468
34|Tomic, Luka|14|2004|WAAC|Ontario|2019-02-02|2019 Western Region SC Champs|1:03.06|466
35|Lett, Steven|14|2004|GO|Ontario|2018-12-07|Gatineau Grand Prix|1:03.09|466
36|Li, Jack|14|2004|OAK|Ontario|2018-11-11|2018 Age Group International SC|1:03.10|465
37|FULGA, DENIS|14|2004|CNSL|Québec|2018-12-08|Invitation provinciale des fêtes CSLA|1:03.24|462
38|Raschkowan, William|14|2004|PCSC|Québec|2018-12-07|Invitation Provinciale AA-AAA Pointe-Claire 2018|1:03.41|459
39|Feddag, Hocine|14|2004|ELITE|Québec|2018-12-15|Invitation Provinciale des fêtes avec épreuves Ho! Ho! Eau Libre|1:03.42|458
40|Hui, Jing Wen|14|2004|MAC|Ontario|2019-04-27|2019 Ontario Team Challenge|1:03.49|457
41|Johnston, Jadyn|14|2004|WLBF|British Columbia|2018-11-18|2018 PGBSC Medical Northern Invitational|1:03.52|456
42|Ramlochan, Praim|14|2004|COBRA|Ontario|2018-11-30|Neptune International (CSPO 25m)|1:03.57|455
43|Russell, Keaton|14|2004|KAJ|British Columbia|2018-12-14|26th Annual MJB Law Classic SCM|1:03.64|454
44|Murphy, Ryan|14|2004|VKSC|British Columbia|2018-11-04|VKSC Fall Invitational 2018|1:03.65|454
45|Wong, Nathan|14|2005|NCSA|Alberta|2019-07-14|UCSC Western Finale|1:03.68|453
46|Zander, Maksimas|14|2004|MSSAC|Ontario|2018-11-30|Neptune International (CSPO 25m)|1:03.70|452
47|Stoneburgh, Owen|14|2004|GHAC|Ontario|2018-12-08|Border City Invitational|1:03.75|451
48|Clavel, Guillaume|14|2004|STN|Québec|2018-12-08|Défi Nez-Rouge 2018|1:03.79|451
49|Qin, Ryan|14|2004|MSSAC|Ontario|2018-11-11|2018 Age Group International SC|1:03.82|450
50|Savelev, Daniil|14|2004|KAJ|British Columbia|2018-12-14|26th Annual MJB Law Classic SCM|1:03.93|448