RANK|ATHLETES|AGE|YOB|CLUB|PROVINCE|DATE|MEET|TIME|FINA
1|Courville Fortin, Loic|14|2004|TORP|Québec|2018-11-04|Festival provincial par équipe section 3|24.30|579
2|Montemurro-Anderson, Dylan|14|2004|SEALS|Manitoba|2018-12-14|ManSask Championships Short Course Open Championships|24.51|564
3|Wu, Yutong|14|2004|SKSC|British Columbia|2019-06-08|Knights June Jamboree 2019|24.60|558
4|Campbell, Colin|14|2003|GMAC|Ontario|2018-11-03|NYAC Cup|24.65|555
5|Tylee, Matthew|14|2004|TMSC|Ontario|2018-12-08|Gatineau Grand Prix|24.77|547
6|Cameron, Jack|14|2003|KCS|British Columbia|2018-11-04|Odlum Brown Colleges Cup Pacific Hosted by UBC|24.87|540
7|Marra, Luca|14|2004|ESWIM|Ontario|2019-01-13|2019 Etobicoke A-B Meet|25.04|529
8|Piche, Pierson|14|2004|KAJ|British Columbia|2018-12-14|26th Annual MJB Law Classic SCM|25.13|524
9|Pinard, Antoine|14|2003|ETM|Québec|2018-11-04|Festival provincial par équipe section 5 - Sud|25.15|522
10|Ginzburg, Eric|14|2004|RAMAC|Ontario|2018-11-24|Alex Baumann Invitational|25.19|520
11|Louie, Cameron|14|2004|CONNU|British Columbia|2018-12-16|JP Fiset Invitational|25.22|518
12|Sieluzycki, Tristan|14|2004|ESWIM|Ontario|2019-01-13|2019 Etobicoke A-B Meet|25.24|517
13|Wen, Tommy|14|2004|BORC|Ontario|2018-12-10|Invitation provinciale AA-AAA Noël + Développement 11-12 ans CAMO|25.25|516
14|Yoon, Frederic|14|2004|CREST|Ontario|2018-11-10|2018 Age Group International SC|25.33|511
15|Feddag, Hocine|14|2004|ELITE|Québec|2018-11-04|Festival provincial par équipe section 1|25.35|510
16|Murack, Geoffrey|14|2004|NEW|Ontario|2018-10-20|HARVEST/AUTUMN INVITATIONAL|25.36|509
16|Williams, Michael|14|2004|EKSC|Alberta|2018-12-16|JP Fiset Invitational|25.36|509
18|Savelev, Daniil|14|2004|KAJ|British Columbia|2018-12-15|26th Annual MJB Law Classic SCM|25.38|508
19|Chan, Cameron|14|2004|OSC|Alberta|2018-12-14|JP Fiset Invitational|25.43|505
20|Osler, Cameron|14|2004|GGST|Ontario|2018-12-08|Gatineau Grand Prix|25.46|503
21|Zhang, Edward|14|2004|BAD|Ontario|2018-11-24|Alex Baumann Invitational|25.53|499
22|Bennett, Nicholas|14|2003|RAC|British Columbia|2018-11-09|ISC 2018 Bennett Cup|25.55|498
23|Riddell, Jaiden|14|2004|AMAC|Alberta|2018-11-17|Skin Technologies Marlin Marquee Invitational|25.56|498
23|Waddell, Jackson|14|2004|ROCS|Ontario|2019-02-02|2019 Eastern Ontario Regional Championships (SC/LC)|25.56|498
25|Kwinter, Charlie|14|2004|ESWIM|Ontario|2018-12-22|2018 Trillium Cup|25.58|496
26|De Silva, Thinula|14|2004|CW|Ontario|2018-12-07|Invitation Provinciale AA-AAA Pointe-Claire 2018|25.59|496
26|Kabbani, Aimeri|14|2003|CAPC|Québec|2018-10-05|CAPC Intraclub 1|25.59|496
28|Abrams, Gerrit|14|2004|UCRO|Ontario|2018-12-08|Gatineau Grand Prix|25.60|495
29|Bracho, Quitze|14|2003|CW|Ontario|2018-11-17|Expressway Lincoln Fall Invitational|25.61|495
30|Haba, Hashim|14|2004|OAK|Ontario|2018-12-09|Youth Cup|25.67|491
30|Shiffman, Alexandre|14|2004|TSC|Ontario|2018-11-03|NYAC Cup|25.67|491
32|Zander, Maksimas|14|2004|MSSAC|Ontario|2018-12-02|Neptune International (CSPO 25m)|25.68|491
32|Loewen, Benjamin|14|2004|CREST|Ontario|2018-11-10|2018 Age Group International SC|25.68|491
34|Cabildo, Benjamin|14|2004|ROC|Ontario|2018-12-15|Team Showdown 2018|25.70|489
35|Nuhay, Ralph Robert|14|2003|CSLA|Québec|2018-11-11|Festival provincial par équipe section 2|25.73|488
36|Stewart-Beinder, Luke|14|2004|LOSC|British Columbia|2018-12-08|16th Annual XMAS Cracker Invitational|25.74|487
36|Normand, Samuel|14|2004|CNQ|Québec|2018-11-03|Festival provincial par équipe section 1|25.74|487
38|Knyazev, Kirill|14|2004|DSC|Québec|2019-06-30|Championnat provincial groupe d'âge AA d'été - Ouest|25.75|487
39|McMann, Preston|14|2005|NKB|Ontario|2019-02-02|2019 Eastern Ontario Regional Championships (SC/LC)|25.77|485
40|Chapman, Charly|14|2004|NN|Québec|2019-02-24|Championnat provincial groupe d'âge AA d'hiver - section Ouest|25.78|485
41|Williams, Patrick|14|2004|OAK|Ontario|2018-11-03|NYAC Cup|25.80|484
42|Arbuckle, Josh|14|2004|WS|Ontario|2019-04-26|2019 Ontario Team Challenge|25.81|483
43|Genier, Zacharie|14|2004|TMSC|Ontario|2018-12-08|Gatineau Grand Prix|25.82|483
43|Matteis, Quinn|14|2004|CYPS|Ontario|2018-12-08|Border City Invitational|25.82|483
45|Timmins, Jensen|14|2004|OAK|Ontario|2018-12-08|Youth Cup|25.83|482
46|Al Afandi, bachar|14|2004|ELITE|Québec|2018-12-07|Invitation Provinciale AA-AAA Pointe-Claire 2018|25.84|481
47|Liew, Danael|14|2004|CASC|Alberta|2018-12-16|JP Fiset Invitational|25.85|481
47|Leung, Nathan|14|2004|WSC|British Columbia|2018-11-10|2018 Brad Reid Memorial Invitational|25.85|481
47|Mak, Marcus|14|2004|ISC|British Columbia|2018-10-27|2018 NRST Fall Invitational|25.85|481
50|Levine, Michael|14|2004|PCSC|Québec|2018-12-07|Invitation Provinciale AA-AAA Pointe-Claire 2018|25.97|474