RANK|ATHLETES|AGE|YOB|CLUB|PROVINCE|DATE|MEET|TIME|FINA
1|Loewen, Benjamin|14|2004|CREST|Ontario|2018-12-14|Ontario Junior International|4:32.90|642
2|Wu, Yutong|14|2004|SKSC|British Columbia|2019-01-27|SKSC Winter Fest|4:32.97|642
3|Skalenda, Charlie|14|2004|TSC|Ontario|2018-12-07|Youth Cup|4:38.24|606
4|Kwinter, Charlie|14|2004|ESWIM|Ontario|2018-10-26|Gus Ryder Memorial Cup|4:39.39|598
5|Sieluzycki, Tristan|14|2004|ESWIM|Ontario|2018-11-10|2018 Age Group International SC|4:41.41|586
6|Setiawan, Anggaraksa|14|2003|ELITE|Québec|2018-11-03|Festival provincial par équipe section 1|4:45.24|562
7|Dagenais, Victor|14|2004|ELITE|Québec|2018-11-03|Festival provincial par équipe section 1|4:45.88|559
8|Baldwin, Joshua|14|2004|EKSC|Alberta|2018-12-14|JP Fiset Invitational|4:46.43|555
9|Fotherby, Justin|14|2003|KISU|British Columbia|2018-10-13|KISU Triple Pentathlon 2018|4:46.98|552
10|MacDougall, William|14|2004|RAPID|British Columbia|2018-12-15|Rapids Fast-Swim Classic|4:47.42|550
11|El Shamy, Aly|14|2004|BORC|Ontario|2019-04-27|2019 Ontario Team Challenge|4:47.68|548
12|Ma, Ethan|14|2004|OAK|Ontario|2018-12-07|Youth Cup|4:47.95|547
13|Feddag, Hocine|14|2004|ELITE|Québec|2018-12-07|Invitation Provinciale AA-AAA Pointe-Claire 2018|4:48.69|542
14|Pelletier, Jean-Félix|14|2004|CNSH|Québec|2018-12-07|Invitation provinciale AA-AAA Noël + Développement 11-12 ans CAMO|4:48.90|541
15|Li, Jack|14|2004|OAK|Ontario|2018-11-10|2018 Age Group International SC|4:49.40|538
16|Johnston, Jadyn|14|2004|WLBF|British Columbia|2018-12-16|26th Annual MJB Law Classic SCM|4:49.56|537
17|Clinton, Beck|14|2004|MSSAC|Ontario|2018-11-30|Neptune International (CSPO 25m)|4:50.02|535
18|Giggey, Alejandro|14|2003|NKB|Ontario|2018-11-30|Neptune International (CSPO 25m)|4:50.06|535
19|Matteis, Quinn|14|2004|CYPS|Ontario|2018-12-08|Border City Invitational|4:50.36|533
20|Piche, Pierson|14|2004|KAJ|British Columbia|2018-12-16|26th Annual MJB Law Classic SCM|4:51.56|526
21|Goni Avila, Kent|14|2003|RHAC|Ontario|2018-12-07|Youth Cup|4:52.19|523
22|Hui, Jing Wen|14|2004|MAC|Ontario|2018-12-07|Gatineau Grand Prix|4:52.33|522
23|Leung, Nathan|14|2004|WSC|British Columbia|2018-11-10|2018 Brad Reid Memorial Invitational|4:52.68|520
24|Allen, Isaac|14|2005|WS|Ontario|2019-04-27|2019 Ontario Team Challenge|4:53.24|517
25|Brock, Griffin|14|2004|ESWIM|Ontario|2018-12-07|Invitation Provinciale AA-AAA Pointe-Claire 2018|4:53.51|516
26|Genier, Zacharie|14|2004|TMSC|Ontario|2018-12-07|Gatineau Grand Prix|4:53.93|514
27|Rus, Alexander|14|2004|ROW|Ontario|2018-11-30|Neptune International (CSPO 25m)|4:54.23|512
28|Bertrand, Charles|14|2004|GO|Ontario|2018-12-07|Gatineau Grand Prix|4:54.69|510
29|Zhou, Dawson|14|2004|GO|Ontario|2018-12-07|Gatineau Grand Prix|4:54.87|509
30|Alexander, Liam|14|2003|TSC|Ontario|2018-12-07|Youth Cup|4:55.27|507
31|Bhale, Advay|14|2004|ESWIM|Ontario|2018-12-07|Invitation Provinciale AA-AAA Pointe-Claire 2018|4:55.39|506
32|Liew, Danael|14|2004|CASC|Alberta|2018-12-14|JP Fiset Invitational|4:55.81|504
33|Lecavalier, Marc-Olivier|14|2004|SAMAK|Québec|2018-11-10|Festival provincial par équipe section 2|4:55.92|504
34|Zhang, Edward|14|2004|BAD|Ontario|2018-12-07|Invitation Provinciale AA-AAA Pointe-Claire 2018|4:56.55|500
35|Raschkowan, William|14|2004|PCSC|Québec|2018-12-07|Invitation Provinciale AA-AAA Pointe-Claire 2018|4:56.64|500
36|Jibb, Owen|14|2004|OTTER|Ontario|2018-12-07|Youth Cup|4:56.77|499
37|Labarre, Tristan|14|2004|CNQ|Québec|2018-11-03|Festival provincial par équipe section 1|4:56.78|499
38|Tang, Jacky|14|2004|VPSC|British Columbia|2018-11-11|ISC 2018 Bennett Cup|4:56.97|498
39|Chan, Cameron|14|2004|OSC|Alberta|2018-12-14|JP Fiset Invitational|4:57.19|497
40|Abrams, Gerrit|14|2004|UCRO|Ontario|2018-11-24|2018 CSL Snowflake Invitational|4:57.68|495
41|Mak, Marcus|14|2004|ISC|British Columbia|2018-11-11|ISC 2018 Bennett Cup|4:57.86|494
41|Rup, Michael|14|2004|ESWIM|Ontario|2018-12-22|2018 Trillium Cup|4:57.86|494
43|Yu, Kevin|14|2003|NKB|Ontario|2018-11-10|2018 Age Group International SC|4:58.21|492
44|Narducci, David|14|2004|PCSC|Québec|2018-12-07|Invitation Provinciale AA-AAA Pointe-Claire 2018|4:58.51|491
45|Al Afandi, bachar|14|2004|ELITE|Québec|2018-12-15|Invitation Provinciale des fêtes avec épreuves Ho! Ho! Eau Libre|4:58.81|489
46|Stewart-Beinder, Luke|14|2004|LOSC|British Columbia|2018-12-09|16th Annual XMAS Cracker Invitational|4:59.00|488
47|Jankovics, Tristan|14|2004|GMAC|Ontario|2018-12-15|Team Showdown 2018|4:59.24|487
48|Zhang, Charles|14|2004|MAC|Ontario|2019-04-27|2019 Ontario Team Challenge|4:59.41|486
49|Bryer, William|14|2004|OAK|Ontario|2018-12-07|Youth Cup|4:59.45|486
50|Lampron, Nathan|14|2004|RED|Québec|2018-12-09|Défi Nez-Rouge 2018|5:00.06|483