RANK|ATHLETES|AGE|YOB|CLUB|PROVINCE|DATE|MEET|TIME|FINA
1|Loewen, Benjamin|14|2004|CREST|Ontario|2018-12-08|Border City Invitational|2:08.07|627
2|Kwinter, Charlie|14|2004|ESWIM|Ontario|2018-11-09|2018 Age Group International SC|2:10.63|591
3|Sieluzycki, Tristan|14|2004|ESWIM|Ontario|2019-01-12|2019 Etobicoke A-B Meet|2:12.19|570
4|Skalenda, Charlie|14|2004|TSC|Ontario|2018-11-03|NYAC Cup|2:12.30|568
5|Fotherby, Justin|14|2003|KISU|British Columbia|2018-10-12|KISU Triple Pentathlon 2018|2:12.34|568
6|Setiawan, Anggaraksa|14|2003|ELITE|Québec|2018-11-02|Festival provincial par équipe section 1|2:12.89|561
7|Goni Avila, Kent|14|2003|RHAC|Ontario|2018-11-09|2018 Age Group International SC|2:13.21|557
8|Wu, Yutong|14|2004|SKSC|British Columbia|2018-09-29|2018 Spartan Sprint Starter|2:13.44|554
9|Courville Fortin, Loic|14|2004|TORP|Québec|2018-12-09|Invitation Provinciale AA-AAA Pointe-Claire 2018|2:13.71|551
10|Ma, Ethan|14|2004|OAK|Ontario|2018-12-08|Youth Cup|2:14.06|546
11|Li, Jack|14|2004|OAK|Ontario|2018-11-09|2018 Age Group International SC|2:14.94|536
12|Giggey, Alejandro|14|2003|NKB|Ontario|2018-12-02|Neptune International (CSPO 25m)|2:15.47|529
13|Liew, Danael|14|2004|CASC|Alberta|2018-12-15|JP Fiset Invitational|2:15.48|529
14|Hui, Jing Wen|14|2004|MAC|Ontario|2018-12-08|Gatineau Grand Prix|2:15.81|526
15|MacDougall, William|14|2004|RAPID|British Columbia|2018-12-14|Rapids Fast-Swim Classic|2:15.88|525
16|El Shamy, Aly|14|2004|BORC|Ontario|2019-04-26|2019 Ontario Team Challenge|2:15.90|524
17|Johnston, Jadyn|14|2004|WLBF|British Columbia|2018-12-14|26th Annual MJB Law Classic SCM|2:16.14|522
18|Cameron, Jack|14|2003|KCS|British Columbia|2018-12-14|26th Annual MJB Law Classic SCM|2:16.32|520
19|Lalonde, Alexander|14|2003|CP|Alberta|2018-10-27|Cascade Speed Meet|2:16.43|518
19|Leung, Nathan|14|2004|WSC|British Columbia|2018-12-14|Rapids Fast-Swim Classic|2:16.43|518
21|Chan, Cameron|14|2004|OSC|Alberta|2019-01-19|Blue Bears 2019|2:16.86|513
22|Arbuckle, Josh|14|2004|WS|Ontario|2019-04-26|2019 Ontario Team Challenge|2:16.90|513
23|Nguyen, Minh|14|2004|OSC|Alberta|2018-12-15|JP Fiset Invitational|2:17.03|512
24|Park, Lucas|14|2004|CREST|Ontario|2019-04-26|2019 Ontario Team Challenge|2:17.06|511
25|Baldwin, Joshua|14|2004|EKSC|Alberta|2018-12-07|16th Annual XMAS Cracker Invitational|2:17.18|510
26|Feddag, Hocine|14|2004|ELITE|Québec|2018-12-09|Invitation Provinciale AA-AAA Pointe-Claire 2018|2:17.50|506
27|Campbell, Colin|14|2003|GMAC|Ontario|2018-11-17|Expressway Lincoln Fall Invitational|2:17.86|502
28|Alexander, Liam|14|2003|TSC|Ontario|2018-11-03|NYAC Cup|2:17.98|501
29|Al Afandi, bachar|14|2004|ELITE|Québec|2018-12-09|Invitation Provinciale AA-AAA Pointe-Claire 2018|2:18.03|501
30|Pelletier, Jean-Félix|14|2004|CNSH|Québec|2018-12-08|Invitation provinciale AA-AAA Noël + Développement 11-12 ans CAMO|2:18.06|500
31|Abrams, Gerrit|14|2004|UCRO|Ontario|2019-02-01|2019 Eastern Ontario Regional Championships (SC/LC)|2:18.10|500
32|Dagenais, Victor|14|2004|ELITE|Québec|2018-12-09|Invitation Provinciale AA-AAA Pointe-Claire 2018|2:18.11|500
33|Levine, Michael|14|2004|PCSC|Québec|2018-12-09|Invitation Provinciale AA-AAA Pointe-Claire 2018|2:18.37|497
33|Brock, Griffin|14|2004|ESWIM|Ontario|2019-01-12|2019 Etobicoke A-B Meet|2:18.37|497
35|Yu, Kevin|14|2003|NKB|Ontario|2018-12-02|Neptune International (CSPO 25m)|2:18.43|496
36|Bhale, Advay|14|2004|ESWIM|Ontario|2019-01-12|2019 Etobicoke A-B Meet|2:18.87|491
37|Marra, Luca|14|2004|ESWIM|Ontario|2018-12-21|2018 Trillium Cup|2:18.88|491
38|Dahlgren, Matthew|14|2004|GO|Ontario|2018-12-08|Gatineau Grand Prix|2:19.05|490
39|Jankovics, Tristan|14|2004|GMAC|Ontario|2018-12-16|Team Showdown 2018|2:19.13|489
40|Clinton, Beck|14|2004|MSSAC|Ontario|2018-12-02|Neptune International (CSPO 25m)|2:19.26|487
41|Zhang, Charles|14|2004|MAC|Ontario|2019-04-26|2019 Ontario Team Challenge|2:19.43|486
42|Lampron, Nathan|14|2004|RED|Québec|2019-01-20|Invitation Provinciale CNBF 11 ans et plus|2:19.44|485
43|Robertson, Connor|14|2004|PCSC|Québec|2018-12-09|Invitation Provinciale AA-AAA Pointe-Claire 2018|2:19.59|484
44|Murack, Geoffrey|14|2004|NEW|Ontario|2018-12-08|Border City Invitational|2:19.69|483
45|Zhou, Dawson|14|2004|GO|Ontario|2018-12-08|Gatineau Grand Prix|2:19.75|482
46|Tomic, Luka|14|2004|WAAC|Ontario|2019-02-03|2019 Western Region SC Champs|2:19.86|481
47|Savelev, Daniil|14|2004|KAJ|British Columbia|2018-12-14|26th Annual MJB Law Classic SCM|2:20.01|480
48|Genier, Zacharie|14|2004|TMSC|Ontario|2019-02-02|Dave Kensit Memorial SC Championship|2:20.04|479
49|Xia, Winters|14|2004|ESWIM|Ontario|2018-12-21|2018 Trillium Cup|2:20.09|479
50|Williams, Michael|14|2004|EKSC|Alberta|2019-01-19|Blue Bears 2019|2:20.15|478