RANK|ATHLETES|AGE|YOB|CLUB|PROVINCE|DATE|MEET|TIME|FINA
1|Fotherby, Justin|14|2003|KISU|British Columbia|2018-10-14|KISU Triple Pentathlon 2018|1:00.63|585
2|Giggey, Alejandro|14|2003|NKB|Ontario|2018-12-01|Neptune International (CSPO 25m)|1:01.95|548
3|Goni Avila, Kent|14|2003|RHAC|Ontario|2018-12-07|Youth Cup|1:02.03|546
4|Dagenais, Victor|14|2004|ELITE|Québec|2018-11-17|Open Sprint SAMAK 2018|1:02.92|523
4|Feddag, Hocine|14|2004|ELITE|Québec|2018-11-17|Open Sprint SAMAK 2018|1:02.92|523
6|Loewen, Benjamin|14|2004|CREST|Ontario|2018-10-12|MAC Fall Fest Invitational|1:03.40|511
7|Stewart-Beinder, Luke|14|2004|LOSC|British Columbia|2019-06-15|June 2019 Time Trial|1:03.54|508
8|Lalonde, Alexander|14|2003|CP|Alberta|2018-10-20|UCSC Fall Start Up|1:03.60|506
9|Haba, Hashim|14|2004|OAK|Ontario|2018-12-07|Youth Cup|1:04.16|493
10|Yoon, Frederic|14|2004|CREST|Ontario|2018-10-12|MAC Fall Fest Invitational|1:04.85|478
11|Al Afandi, bachar|14|2004|ELITE|Québec|2018-11-17|Open Sprint SAMAK 2018|1:05.00|474
12|Meunier, Gabriel|14|2004|CNBO|New Brunswick|2018-12-15|9th Annual Elf Extravaganza|1:05.20|470
13|Riddell, Jaiden|14|2004|AMAC|Alberta|2018-11-18|Skin Technologies Marlin Marquee Invitational|1:05.26|469
14|Dahlgren, Matthew|14|2004|GO|Ontario|2018-10-13|GO Kingfish Blue and Orange Pentathlon|1:05.35|467
15|Gaine, Caleb|14|2004|CASC|Alberta|2018-11-18|KSC SC Invitational 2018|1:05.48|464
16|De Silva, Thinula|14|2004|CW|Ontario|2018-11-18|Expressway Lincoln Fall Invitational|1:05.74|458
17|Louie, Cameron|14|2004|CONNU|British Columbia|2018-12-02|2018 Sadownik Memorial Invitational|1:05.99|453
18|Kaul, Piyush|14|2005|LOSC|British Columbia|2019-06-15|June 2019 Time Trial|1:06.17|450
19|Hui, Jing Wen|14|2004|MAC|Ontario|2018-10-12|MAC Fall Fest Invitational|1:06.24|448
20|Nuhay, Ralph Robert|14|2003|CSLA|Québec|2018-12-08|Invitation provinciale des fêtes CSLA|1:06.29|447
21|Abrams, Gerrit|14|2004|UCRO|Ontario|2018-11-04|Brockville Fall Five|1:06.34|446
22|Vincent, Frederic|14|2004|SAMAK|Québec|2018-11-17|Open Sprint SAMAK 2018|1:06.36|446
23|Bennett, Nicholas|14|2003|RAC|British Columbia|2018-10-14|Sharks Thanksgiving Challenge|1:06.46|444
24|Halford, Owen|14|2004|RDCSC|Alberta|2018-11-18|KSC SC Invitational 2018|1:06.51|443
25|Dubois, Émile|14|2004|CNQ|Québec|2019-05-04|Invitation du Printemps|1:06.52|443
25|Levine, Michael|14|2004|PCSC|Québec|2018-11-25|Bluefins- Invitation Provinciale 11 ans et plus|1:06.52|443
27|Savelev, Daniil|14|2004|KAJ|British Columbia|2018-11-17|2018 KAJ Fall Classic|1:06.78|437
28|Li Ying Pin, Hans|14|2004|SAMAK|Québec|2018-11-17|Open Sprint SAMAK 2018|1:06.83|436
29|Zhou, Dawson|14|2004|GO|Ontario|2018-10-13|GO Kingfish Blue and Orange Pentathlon|1:06.95|434
30|Arbuckle, Josh|14|2004|WS|Ontario|2018-12-01|2018 Union Cup|1:07.03|432
31|Hill, Kaethen|14|2004|CASC|Alberta|2019-03-03|Provincials - Short Course|1:07.08|432
32|Prud'Homme, Olivier|14|2005|CNMN|Québec|2019-06-08|Invitation Super Splash|1:07.40|425
33|Zagidulin, Vladislav|14|2003|LAC|Ontario|2018-10-21|LAC - Fall Startup Part 2|1:07.43|425
34|Decoteau, Joshua|14|2004|HST|British Columbia|2019-01-20|Canadian Dolphin New Years Invitational 2019|1:07.44|425
35|Breton, Jésaël|14|2005|CARAT|Québec|2019-04-13|Coupe Aquamos|1:07.45|424
36|Qin, Ryan|14|2004|MSSAC|Ontario|2018-10-14|Blue and Orange|1:07.51|423
37|Clinton, Beck|14|2004|MSSAC|Ontario|2018-10-14|Blue and Orange|1:07.72|419
38|BOURBONNAIS, Mathis|14|2005|RIKI|Québec|2019-04-27|3è Régionale de l'est-du-Québec|1:07.74|419
39|Summers, Joshua|14|2003|UCSC|Alberta|2018-10-20|UCSC Fall Start Up|1:07.75|419
40|Almeida, André|14|2004|PCSC|Québec|2018-11-25|Bluefins- Invitation Provinciale 11 ans et plus|1:07.77|418
41|Graboski, Theo|14|2004|UCSC|Alberta|2019-03-08|UCSC Team Champs|1:07.82|418
42|Black, Gracin|14|2004|WAAC|Ontario|2018-11-18|Expressway Lincoln Fall Invitational|1:07.94|415
43|Cartier, Connor|14|2004|BLEN|Ontario|2018-11-04|SEAL November 2018 - Leamington|1:07.97|415
44|Campbell, Colin|14|2003|GMAC|Ontario|2018-10-21|No Pain No Gain|1:07.98|415
45|Jurkiewicz, Sebastian|14|2004|COBRA|Ontario|2018-12-01|Neptune International (CSPO 25m)|1:07.99|414
46|Cameron, Jack|14|2003|KCS|British Columbia|2018-10-14|KISU Triple Pentathlon 2018|1:08.02|414
47|Jadhav, Ranveer J|14|2004|COBRA|Ontario|2018-12-01|Neptune International (CSPO 25m)|1:08.06|413
48|Goldman, Nicolas|14|2004|CASE|Québec|2018-12-08|Invitation provinciale des fêtes CSLA|1:08.12|412
49|Cabildo, Benjamin|14|2004|ROC|Ontario|2018-12-02|ROC 5 x 400m Pentathlon 2018|1:08.14|412
50|Ayala, Diego|14|2004|CNMN|Québec|2019-06-08|Invitation Super Splash|1:08.31|409