RANK|ATHLETES|AGE|YOB|CLUB|PROVINCE|DATE|MEET|TIME|FINA
1|Wu, Yutong|14|2004|SKSC|British Columbia|2018-11-09|2018 Brad Reid Memorial Invitational|8:33.75|642
2|Sieluzycki, Tristan|14|2004|ESWIM|Ontario|2018-10-26|Gus Ryder Memorial Cup|8:42.91|609
3|MacDougall, William|14|2004|RAPID|British Columbia|2018-11-04|Rapids Distance meet|8:43.72|606
4|Bennett, Nicholas|14|2003|RAC|British Columbia|2018-11-09|ISC 2018 Bennett Cup|8:43.99|606
5|Loewen, Benjamin|14|2004|CREST|Ontario|2018-12-07|Border City Invitational|8:44.35|604
6|Baldwin, Joshua|14|2004|EKSC|Alberta|2018-12-09|16th Annual XMAS Cracker Invitational|8:48.82|589
7|Tylee, Matthew|14|2004|TMSC|Ontario|2019-02-01|Dave Kensit Memorial SC Championship|8:49.32|587
8|Fotherby, Justin|14|2003|KISU|British Columbia|2018-11-02|Surprise 800 Time Trial|8:50.89|582
9|Dagenais, Victor|14|2004|ELITE|Québec|2018-12-16|Invitation Provinciale des fêtes avec épreuves Ho! Ho! Eau Libre|8:51.87|579
10|Clinton, Beck|14|2004|MSSAC|Ontario|2018-11-30|Neptune International (CSPO 25m)|8:55.59|567
11|Genier, Zacharie|14|2004|TMSC|Ontario|2018-12-09|Gatineau Grand Prix|8:58.17|559
12|Davison, Brent|14|2004|DUCKS|Ontario|2018-11-30|2018 Barrie Trojan Cup|8:59.93|553
13|Romanenko, Vladislav|14|2004|ESWIM|Ontario|2018-12-20|2018 Trillium Cup|8:59.96|553
14|Cameron, Jack|14|2003|KCS|British Columbia|2018-10-27|Kamloops Fall Swimming Festival|9:00.57|551
15|Osler, Cameron|14|2004|GGST|Ontario|2018-12-09|Gatineau Grand Prix|9:00.87|551
16|Bertrand, Charles|14|2004|GO|Ontario|2018-12-09|Gatineau Grand Prix|9:02.25|546
17|Bhale, Advay|14|2004|ESWIM|Ontario|2019-01-11|2019 Etobicoke A-B Meet|9:02.27|546
18|Zhang, Edward|14|2004|BAD|Ontario|2018-11-02|2018 BAD Fall Invitational|9:03.36|543
19|Leung, Nathan|14|2004|WSC|British Columbia|2018-12-14|Rapids Fast-Swim Classic|9:03.42|543
20|Feddag, Hocine|14|2004|ELITE|Québec|2018-12-16|Invitation Provinciale des fêtes avec épreuves Ho! Ho! Eau Libre|9:04.89|538
21|Legault, Justin|14|2005|CASE|Québec|2019-06-28|Championnat provincial groupe d'âge AA d'été - Ouest|9:05.84|536
22|Bowen, Alexander|14|2004|OTTER|Ontario|2019-02-03|2019 Huronia SC Regional Championships|9:07.46|531
23|Murack, Geoffrey|14|2004|NEW|Ontario|2018-10-19|HARVEST/AUTUMN INVITATIONAL|9:08.73|527
24|Landa, Alex|14|2004|OAK|Ontario|2019-02-15|OAK Time Trial|9:09.28|526
25|Chan, Cameron|14|2004|OSC|Alberta|2019-01-18|Blue Bears 2019|9:09.46|525
26|El Shamy, Aly|14|2004|BORC|Ontario|2018-12-20|2018 Trillium Cup|9:09.96|524
27|Kryger, Matthew|14|2004|GCAC|Ontario|2019-04-26|2019 Ontario Team Challenge|9:10.13|523
28|Zizakovic, George|14|2004|DUCKS|Ontario|2018-11-30|2018 Barrie Trojan Cup|9:10.28|523
29|Rup, Michael|14|2004|ESWIM|Ontario|2019-01-11|2019 Etobicoke A-B Meet|9:11.71|519
30|Elazizi, Youssif|14|2004|MSSAC|Ontario|2018-11-30|Neptune International (CSPO 25m)|9:12.78|516
31|Decoteau, Joshua|14|2004|HST|British Columbia|2019-01-26|Chena Distance Meet 2019|9:13.39|514
32|BOURBONNAIS, Mathis|14|2005|RIKI|Québec|2019-06-08|Finale régionale|9:13.53|514
33|Johnston, Jadyn|14|2004|WLBF|British Columbia|2018-10-20|3rd Annual Technicon Swim Meet|9:14.67|510
34|Lamonde, Ludovic|14|2005|MY|Québec|2019-01-27|Invitation Provinciale Pré-Championnat 2019 Finales directes 11-17ans|9:16.81|505
35|Pelletier, Jean-Félix|14|2004|CNSH|Québec|2018-10-13|Intraclub CNSH #1|9:16.90|504
36|Marra, Luca|14|2004|ESWIM|Ontario|2019-01-11|2019 Etobicoke A-B Meet|9:17.81|502
37|Jankovics, Tristan|14|2004|GMAC|Ontario|2019-01-31|2019 Western Region SC Champs|9:18.47|500
38|Gan, Shawn|14|2004|NYAC|Ontario|2019-04-26|2019 Ontario Team Challenge|9:19.40|498
39|Bryer, William|14|2004|OAK|Ontario|2018-11-04|NYAC Cup|9:19.75|497
40|Richard, Thomas|14|2004|MY|Québec|2019-05-03|Invitation du Printemps|9:19.89|496
41|Vassilev, Boris|14|2004|MSSAC|Ontario|2018-11-30|Neptune International (CSPO 25m)|9:20.00|496
42|De Silva, Thinula|14|2004|CW|Ontario|2019-01-31|2019 Western Region SC Champs|9:21.34|492
43|Slivinski, Nikita|14|2004|HYACK|British Columbia|2019-01-13|2019 Hyack Icebreaker Classic|9:21.72|491
44|Jackson, Elliott|14|2004|OTTSC|Ontario|2018-11-04|NYAC Cup|9:22.19|490
45|Zhou, Dawson|14|2004|GO|Ontario|2018-12-09|Gatineau Grand Prix|9:22.66|489
46|Mills, Jack|14|2004|NYAC|Ontario|2018-11-04|NYAC Cup|9:22.79|489
46|Huang, Jeffrey|14|2004|GO|Ontario|2019-02-02|2019 Eastern Ontario Regional Championships (SC/LC)|9:22.79|489
48|Piche, Pierson|14|2004|KAJ|British Columbia|2018-11-02|VKSC Fall Invitational 2018|9:23.23|487
49|Wielemaker, Tom|14|2004|FAST|New Brunswick|2019-01-20|Distance Qualifier 2019|9:23.82|486
50|Lapostolle, Théo|14|2005|PCSC|Québec|2019-06-28|Championnat provincial groupe d'âge AA d'été - Ouest|9:24.40|484