RANK|ATHLETES|AGE|YOB|CLUB|PROVINCE|DATE|MEET|TIME|FINA
1|Kwinter, Charlie|14|2004|ESWIM|Ontario|2018-12-16|Ontario Junior International|15:55.49|699
2|Wu, Yutong|14|2004|SKSC|British Columbia|2018-12-15|Rapids Fast-Swim Classic|15:58.99|691
3|Li, Jack|14|2004|OAK|Ontario|2018-12-16|Ontario Junior International|16:16.92|654
4|Robertson, Connor|14|2004|PCSC|Québec|2018-12-06|Invitation Provinciale AA-AAA Pointe-Claire 2018|16:29.16|630
5|Skalenda, Charlie|14|2004|TSC|Ontario|2018-11-08|2018 Age Group International SC|16:29.69|629
6|Sieluzycki, Tristan|14|2004|ESWIM|Ontario|2018-12-20|2018 Trillium Cup|16:32.44|623
7|MacDougall, William|14|2004|RAPID|British Columbia|2018-11-10|ISC 2018 Bennett Cup|16:35.49|618
8|Clinton, Beck|14|2004|MSSAC|Ontario|2018-12-01|Neptune International (CSPO 25m)|16:39.44|610
9|Matteis, Quinn|14|2004|CYPS|Ontario|2018-12-07|Border City Invitational|16:41.16|607
10|Loewen, Benjamin|14|2004|CREST|Ontario|2018-11-08|2018 Age Group International SC|16:41.85|606
11|Campbell, Colin|14|2003|GMAC|Ontario|2018-11-04|NYAC Cup|16:42.17|605
12|Bertrand, Charles|14|2004|GO|Ontario|2019-02-03|2019 Eastern Ontario Regional Championships (SC/LC)|16:49.12|593
13|Baldwin, Joshua|14|2004|EKSC|Alberta|2018-12-13|JP Fiset Invitational|16:50.89|590
14|Brock, Griffin|14|2004|ESWIM|Ontario|2018-12-06|Invitation Provinciale AA-AAA Pointe-Claire 2018|16:52.28|588
15|El Shamy, Aly|14|2004|BORC|Ontario|2019-04-26|2019 Ontario Team Challenge|16:58.53|577
16|Dagenais, Victor|14|2004|ELITE|Québec|2018-11-04|Festival provincial par équipe section 1|16:58.65|577
17|Pelletier, Jean-Félix|14|2004|CNSH|Québec|2018-11-04|Festival provincial par équipe section 3|17:00.24|574
18|Romanenko, Vladislav|14|2004|ESWIM|Ontario|2019-01-11|2019 Etobicoke A-B Meet|17:03.81|568
19|Genier, Zacharie|14|2004|TMSC|Ontario|2019-02-01|Dave Kensit Memorial SC Championship|17:04.25|567
20|Alexander, Liam|14|2003|TSC|Ontario|2018-11-08|2018 Age Group International SC|17:04.97|566
21|Giggey, Alejandro|14|2003|NKB|Ontario|2018-11-08|2018 Age Group International SC|17:12.05|554
22|Osler, Cameron|14|2004|GGST|Ontario|2018-11-04|NYAC Cup|17:13.69|552
23|Feddag, Hocine|14|2004|ELITE|Québec|2018-11-04|Festival provincial par équipe section 1|17:14.25|551
24|Ma, Ethan|14|2004|OAK|Ontario|2018-12-09|Youth Cup|17:15.37|549
25|Jibb, Owen|14|2004|OTTER|Ontario|2018-12-09|Youth Cup|17:16.69|547
26|Labarre, Tristan|14|2004|CNQ|Québec|2018-11-04|Festival provincial par équipe section 1|17:17.27|546
27|Soucy, Louis-Christophe|14|2004|PCSC|Québec|2018-12-06|Invitation Provinciale AA-AAA Pointe-Claire 2018|17:18.09|545
28|Hirsescu, Cezar|14|2004|CREST|Ontario|2019-04-26|2019 Ontario Team Challenge|17:18.16|545
29|Davison, Brent|14|2004|DUCKS|Ontario|2018-11-08|2018 Age Group International SC|17:19.83|542
30|Bhale, Advay|14|2004|ESWIM|Ontario|2018-11-08|2018 Age Group International SC|17:20.40|541
31|Jackson, Elliott|14|2004|OTTSC|Ontario|2019-02-03|2019 Eastern Ontario Regional Championships (SC/LC)|17:21.94|539
32|Decoteau, Joshua|14|2004|HST|British Columbia|2019-01-26|Chena Distance Meet 2019|17:22.91|537
33|Leung, Nathan|14|2004|WSC|British Columbia|2018-11-10|2018 Brad Reid Memorial Invitational|17:27.23|531
34|li, andrew|14|2004|RHSD|Ontario|2018-12-20|2018 Trillium Cup|17:27.54|530
35|Mills, Jack|14|2004|NYAC|Ontario|2018-12-09|Youth Cup|17:28.63|528
36|Lecavalier, Marc-Olivier|14|2004|SAMAK|Québec|2018-11-11|Festival provincial par équipe section 2|17:29.76|527
37|Stewart-Beinder, Luke|14|2004|LOSC|British Columbia|2018-12-07|16th Annual XMAS Cracker Invitational|17:31.01|525
38|Maciek, James|14|2004|ESWIM|Ontario|2018-12-20|2018 Trillium Cup|17:31.06|525
39|Zhang, Edward|14|2004|BAD|Ontario|2018-12-16|Team Showdown 2018|17:31.47|524
40|Xia, Winters|14|2004|ESWIM|Ontario|2018-12-20|2018 Trillium Cup|17:33.44|521
41|O'Brien, Arjan|14|2004|SJL|Newfoundland|2018-12-06|Invitation Provinciale AA-AAA Pointe-Claire 2018|17:34.99|519
42|Zhou, Dawson|14|2004|GO|Ontario|2018-11-23|Alex Baumann Invitational|17:35.74|518
43|Langlois, Thomas|14|2004|CNHR|Québec|2018-12-08|Invitation provinciale AA-AAA Noël + Développement 11-12 ans CAMO|17:36.48|517
44|Elazizi, Youssif|14|2004|MSSAC|Ontario|2018-11-08|2018 Age Group International SC|17:39.48|512
45|Yu, Kevin|14|2003|NKB|Ontario|2018-11-08|2018 Age Group International SC|17:39.97|512
46|Zizakovic, George|14|2004|DUCKS|Ontario|2018-11-08|2018 Age Group International SC|17:40.06|512
47|Landa, Alex|14|2004|OAK|Ontario|2019-02-15|OAK Time Trial|17:40.66|511
48|Tang, Jacky|14|2004|VPSC|British Columbia|2018-12-15|Rapids Fast-Swim Classic|17:43.84|506
49|Legault, Justin|14|2005|CASE|Québec|2019-06-30|Championnat provincial groupe d'âge AA d'été - Ouest|17:44.84|505
50|Cameron, Jack|14|2003|KCS|British Columbia|2018-12-14|26th Annual MJB Law Classic SCM|17:46.35|503