RANK|AGES|CLUB|TEAM|PROVINCE|DATE|MEET|TIME|FINA
1|14 - 14|E.N. Longueuil|ELIT B|Québec|2018-11-03|Festival provincial par équipe section 1|1:41.06|546
2|14 - 14|Oakville Aquatic Club|OAK A|Ontario|2018-10-13|Youth Cup|1:41.57|537
3|14 - 14|Granite Gators|GGST A|Ontario|2018-12-08|Gatineau Grand Prix|1:44.32|496
4|14 - 14|Kelowna Aquajets|KAJ A|British Columbia|2018-12-14|26th Annual MJB Law Classic SCM|1:44.89|488
5|14 - 14|Mississauga Aquatic Club|MSSA A|Ontario|2018-11-30|Neptune International (CSPO 25m)|1:45.07|485
6|14 - 14|Orangeville Otters Swim Club|OOSC A|Ontario|2019-02-02|2019 Huronia SC Regional Championships|1:45.56|479
7|14 - 14|Toronto Swim Club|TSC A|Ontario|2018-12-09|Youth Cup|1:45.58|478
8|14 - 14|Surrey Knights Swim Club|SKSC A|British Columbia|2018-11-10|2018 Brad Reid Memorial Invitational|1:45.63|478
9|14 - 14|Greater Ottawa Kingfish Swim Club|GO A|Ontario|2018-11-04|GO Fall Invitational|1:45.86|475
10|14 - 14|Mississauga Aquatic Club|MSSACA|Ontario|2018-11-10|Dash for Cash|1:46.02|472
11|14 - 14|Olympian Swim Club|OSC A|Alberta|2018-12-08|16th Annual XMAS Cracker Invitational|1:46.22|470
12|14 - 14|Burlington Aquatic Devilrays|BAD A|Ontario|2018-11-24|Alex Baumann Invitational|1:46.57|465
13|14 - 14|Clarington Swim Club|ROC A|Ontario|2018-12-15|Team Showdown 2018|1:46.60|465
14|14 - 14|C.N. Région de Québec|CNQ A|Québec|2018-11-03|Festival provincial par équipe section 1|1:46.79|462
14|14 - 14|Etobicoke Swim Club|ESWIMB|Ontario|2018-11-10|2018 Age Group International SC|1:46.79|462
16|14 - 14|Newmarket Stingrays Swim Club|NEW A|Ontario|2018-12-08|Central Region SC C Champs (Winter)|1:46.86|461
17|14 - 14|Cobra Swim Club|COBRAA|Ontario|2019-02-09|Central Region B Champs 2019|1:47.25|456
18|14 - 14|Club De Natation Bleu Et Or|CNBO A|New Brunswick|2019-02-03|NB Open Cup - Coupe NB|1:47.57|452
19|14 - 14|Alberta Marlin Aquatic Club|AMAC A|Alberta|2018-10-27|Cascade Speed Meet|1:48.02|447
20|14 - 14|University Of Calgary Swim Club|UCSC A|Alberta|2018-10-27|CSI: 2019|1:48.75|438
21|14 - 14|Mississauga Aquatic Club|MSSACB|Ontario|2018-10-21|HARVEST/AUTUMN INVITATIONAL|1:49.29|431
22|14 - 14|Calgary Patriots Swim Club|CP A|Alberta|2018-10-27|Cascade Speed Meet|1:49.80|425
23|14 - 14|W.Ross Macdonald Swimming|WRMS A|Ontario|2018-12-15|Team Showdown 2018|1:49.82|425
24|14 - 14|Mississauga Aquatic Club|MSSA B|Ontario|2018-11-30|Neptune International (CSPO 25m)|1:49.88|424
25|14 - 14|Neptune Natation|NN A|Québec|2019-06-29|Championnat provincial groupe d'âge AA d'été - Ouest|1:49.99|423
26|14 - 14|C.A. St-Eustache|CASE A|Québec|2019-06-29|Championnat provincial groupe d'âge AA d'été - Ouest|1:50.10|422
27|14 - 14|Vancouver Pacific Swim Club|VPSC A|British Columbia|2018-11-09|ISC 2018 Bennett Cup|1:50.80|414
28|14 - 14|University Of Calgary Swim Club|UCSC B|Alberta|2018-10-27|Cascade Speed Meet|1:51.09|411
29|14 - 14|Richmond Hill Aquatic Club|RHAC A|Ontario|2018-12-09|Youth Cup|1:51.12|410
30|14 - 14|Mallards Swim Team|MST~ A|Ontario|2018-11-24|Alex Baumann Invitational|1:51.18|410
31|14 - 14|Pointe-Claire Swim Club|PCSC A|Québec|2019-06-29|Championnat provincial groupe d'âge AA d'été - Ouest|1:51.65|404
32|14 - 14|North York Aquatic Club|NYAC A|Ontario|2019-02-09|Central Region B Champs 2019|1:51.66|404
33|14 - 14|C.N. Dauphins de Rimouski|RIKI D|Québec|2019-02-23|Championnat provincial groupe d'âge AA d'hiver - section Est|1:51.91|402
34|14 - 14|Hippocampe de St-Hubert|HIPP A|Québec|2019-06-29|Championnat provincial groupe d'âge AA d'été - section Est|1:51.94|401
35|14 - 14|Kelowna Aquajets|KAJ C|British Columbia|2018-11-17|2018 KAJ Fall Classic|1:52.06|400
36|14 - 14|Mtl Nord Natation|CNMN A|Québec|2019-02-23|Championnat provincial groupe d'âge AA d'hiver - section Ouest|1:52.29|398
37|14 - 14|Muskoka Aquatic Club|MUSACA|Ontario|2019-02-03|2019 Huronia SC Regional Championships|1:52.57|395
38|14 - 14|Orangeville Otters Swim Club|OOSC C|Ontario|2019-02-03|2019 Huronia SC Regional Championships|1:52.73|393
39|14 - 14|C.N. Région de Québec|CNQ F|Québec|2019-02-23|Championnat provincial groupe d'âge AA d'hiver - section Est|1:52.75|393
40|14 - 14|Owen Sound Aquatic Club|OSAC A|Ontario|2018-11-18|Team Showdown 2018|1:54.13|379
41|14 - 14|Owen Sound Aquatic Club|OSAC C|Ontario|2019-02-03|2019 Huronia SC Regional Championships|1:54.79|372
42|14 - 14|Kelowna Aquajets|KAJ F|British Columbia|2018-11-17|2018 KAJ Fall Classic|1:54.90|371
43|14 - 14|Wayland Swim Club|WSC A|British Columbia|2019-01-20|LMR Championships|1:54.91|371
44|14 - 14|Glencoe Gators Swim Club|GLEN A|Alberta|2018-12-16|Age Group Food Bank Challenge|1:55.06|369
45|14 - 14|Granite Gators|GGST B|Ontario|2018-12-08|Gatineau Grand Prix|1:55.09|369
45|14 - 14|Cascade Swim Club|CASC C|Alberta|2018-11-17|KSC SC Invitational 2018|1:55.09|369
47|14 - 14|Langley Olympians Swim Club|LOSC A|British Columbia|2019-03-17|DSSC March LMR Meet|1:55.14|369
48|14 - 14|St. Johns Legends Swim Club|SJL A|Newfoundland|2018-11-02|November 3rd Time Trial|1:55.21|368
49|14 - 14|Mallards Swim Team|MST~ B|Ontario|2018-11-24|Alex Baumann Invitational|1:55.47|366
50|14 - 14|Loups Marins de Rivière-du-Loup|LMRL A|Québec|2019-06-29|Championnat provincial groupe d'âge AA d'été - section Est|1:55.69|363