RANK|AGES|CLUB|TEAM|PROVINCE|DATE|MEET|TIME|FINA
1|14 - 14|E.N. Longueuil|ELIT B|Québec|2018-11-02|Festival provincial par équipe section 1|3:40.27|576
2|14 - 14|E.N. Longueuil|ELIT A|Québec|2018-10-12|Brise Glace|3:41.89|563
3|14 - 14|Mississauga Aquatic Club|MSSA A|Ontario|2018-12-01|Neptune International (CSPO 25m)|3:49.37|510
4|14 - 14|Toronto Swim Club|TSC A|Ontario|2018-12-08|Youth Cup|3:50.67|501
5|14 - 14|Orangeville Otters Swim Club|OOSC A|Ontario|2018-12-08|Youth Cup|3:55.19|473
6|14 - 14|C.N. Région de Québec|CNQ A|Québec|2018-11-02|Festival provincial par équipe section 1|3:55.82|469
7|14 - 14|Club De Natation Bleu Et Or|CNBO A|New Brunswick|2018-12-15|9th Annual Elf Extravaganza|3:57.02|462
8|14 - 14|Club Warrior Swimmers@UW|CW A|Ontario|2018-11-17|Expressway Lincoln Fall Invitational|4:02.82|430
9|14 - 14|Pointe-Claire Swim Club|PCSC A|Québec|2019-06-29|Championnat provincial groupe d'âge AA d'été - Ouest|4:03.67|425
10|14 - 14|Hippocampe de St-Hubert|HIPP A|Québec|2019-06-29|Championnat provincial groupe d'âge AA d'été - section Est|4:04.47|421
11|14 - 14|Mississauga Aquatic Club|MSSA B|Ontario|2018-12-01|Neptune International (CSPO 25m)|4:04.62|420
12|14 - 14|Mtl Nord Natation|CNMN A|Québec|2019-02-24|Championnat provincial groupe d'âge AA d'hiver - section Ouest|4:06.63|410
13|14 - 14|C.N. Région de Québec|CNQ I|Québec|2019-02-24|Championnat provincial groupe d'âge AA d'hiver - section Est|4:07.72|405
14|14 - 14|Loups Marins de Rivière-du-Loup|LMRL A|Québec|2019-06-29|Championnat provincial groupe d'âge AA d'été - section Est|4:22.26|341
15|14 - 14|Charlottetown Bluephins Aquatic Club|CBAC A|Prince-Edward-Island|2018-12-15|9th Annual Elf Extravaganza|4:29.61|314