RANK|ATHLETES|AGE|YOB|CLUB|PROVINCE|DATE|MEET|TIME|FINA
1|Murack, Geoffrey|14|2004|NEW|Ontario|2018-12-09|Border City Invitational|27.60|521
2|Campbell, Colin|14|2003|GMAC|Ontario|2018-11-17|Expressway Lincoln Fall Invitational|27.82|509
3|Courville Fortin, Loic|14|2004|TORP|Québec|2018-11-02|Festival provincial par équipe section 3|27.88|506
4|Kabbani, Aimeri|14|2003|CAPC|Québec|2018-10-05|CAPC Intraclub 1|28.41|478
5|Summers, Joshua|14|2003|UCSC|Alberta|2018-10-27|Cascade Speed Meet|28.48|474
6|Murphy, Ryan|14|2004|VKSC|British Columbia|2018-12-16|26th Annual MJB Law Classic SCM|28.57|470
7|Nguyen, Minh|14|2004|OSC|Alberta|2019-01-19|Blue Bears 2019|28.62|467
8|Allen, Isaac|14|2005|WS|Ontario|2019-04-28|2019 Ontario Team Challenge|28.75|461
8|Kwinter, Charlie|14|2004|ESWIM|Ontario|2018-12-22|2018 Trillium Cup|28.75|461
10|Riddell, Jaiden|14|2004|AMAC|Alberta|2018-10-27|Cascade Speed Meet|28.76|461
11|Clavel, Guillaume|14|2004|STN|Québec|2018-12-09|Défi Nez-Rouge 2018|28.83|457
12|Ma, Ethan|14|2004|OAK|Ontario|2018-12-07|Youth Cup|28.87|455
13|Nestoruk, Ethan|14|2004|FAST|New Brunswick|2019-02-02|NB Open Cup - Coupe NB|28.90|454
14|Lalonde, Alexander|14|2003|CP|Alberta|2018-10-27|Cascade Speed Meet|28.93|453
15|De Ocampo, Ryan|14|2004|SKSC|British Columbia|2019-06-08|Knights June Jamboree 2019|28.94|452
16|Savelev, Daniil|14|2004|KAJ|British Columbia|2018-12-16|26th Annual MJB Law Classic SCM|28.95|452
17|Bowen, Alexander|14|2004|OTTER|Ontario|2018-12-07|Youth Cup|28.97|451
18|Louie, Cameron|14|2004|CONNU|British Columbia|2018-12-14|JP Fiset Invitational|29.00|449
19|Chan, Cameron|14|2004|OSC|Alberta|2018-12-07|16th Annual XMAS Cracker Invitational|29.10|445
20|Giggey, Alejandro|14|2003|NKB|Ontario|2018-11-11|2018 Age Group International SC|29.16|442
21|Murphy, Riley|14|2004|GO|Ontario|2018-12-09|Gatineau Grand Prix|29.18|441
22|Stoneburgh, Owen|14|2004|GHAC|Ontario|2018-12-09|Border City Invitational|29.21|440
23|Lett, Steven|14|2004|GO|Ontario|2018-12-07|Gatineau Grand Prix|29.22|439
24|Wong, Nathan|14|2005|NCSA|Alberta|2019-07-13|UCSC Western Finale|29.29|436
25|Jankovics, Tristan|14|2004|GMAC|Ontario|2018-11-04|NYAC Cup|29.30|436
26|Normand, Samuel|14|2004|CNQ|Québec|2018-11-02|Festival provincial par équipe section 1|29.31|435
26|Cabildo, Benjamin|14|2004|ROC|Ontario|2018-12-16|Team Showdown 2018|29.31|435
28|Girardin, Thomas|14|2004|UL|Québec|2019-05-05|Invitation du Printemps|29.32|435
29|Pinard, Antoine|14|2003|ETM|Québec|2018-11-02|Festival provincial par équipe section 5 - Sud|29.45|429
30|Drover, James|14|2004|SJL|Newfoundland|2018-12-09|Invitation Provinciale AA-AAA Pointe-Claire 2018|29.46|429
30|Zhang, Charles|14|2004|MAC|Ontario|2019-04-28|2019 Ontario Team Challenge|29.46|429
32|Dahlgren, Matthew|14|2004|GO|Ontario|2018-10-13|GO Kingfish Blue and Orange Pentathlon|29.48|428
33|Williams, Michael|14|2004|EKSC|Alberta|2019-01-19|Blue Bears 2019|29.50|427
34|FULGA, DENIS|14|2004|CNSL|Québec|2018-12-07|Invitation provinciale des fêtes CSLA|29.51|426
35|Park, Lucas|14|2004|CREST|Ontario|2019-04-28|2019 Ontario Team Challenge|29.55|425
36|Johnston, Jadyn|14|2004|WLBF|British Columbia|2019-02-10|Quesnel Waveriders Gold Pan Meet|29.56|424
37|Fast, Ethan|14|2004|ISC|British Columbia|2019-01-27|Vancouver Island Regional SC Championships|29.62|422
37|Ramlochan, Praim|14|2004|COBRA|Ontario|2019-02-10|Central Region B Champs 2019|29.62|422
39|Wagner, Samuel|14|2004|ROD|Saskatchewan|2018-12-16|ManSask Championships Short Course Open Championships|29.66|420
39|Qin, Ryan|14|2004|MSSAC|Ontario|2018-11-09|2018 Age Group International SC|29.66|420
41|Fotherby, Justin|14|2003|KISU|British Columbia|2018-10-14|KISU Triple Pentathlon 2018|29.74|417
41|Piche, Pierson|14|2004|KAJ|British Columbia|2018-12-16|26th Annual MJB Law Classic SCM|29.74|417
43|Meunier, Gabriel|14|2004|CNBO|New Brunswick|2019-02-02|NB Open Cup - Coupe NB|29.78|415
44|Dagenais, Victor|14|2004|ELITE|Québec|2018-11-17|Open Sprint SAMAK 2018|29.79|414
45|Feddag, Hocine|14|2004|ELITE|Québec|2018-12-14|Invitation Provinciale des fêtes avec épreuves Ho! Ho! Eau Libre|29.81|414
45|Safta, Ryan|14|2004|WEST|Ontario|2019-02-01|2019 Western Region SC Champs|29.81|414
47|Loewen, Benjamin|14|2004|CREST|Ontario|2018-10-12|MAC Fall Fest Invitational|29.83|413
48|Mak, Marcus|14|2004|ISC|British Columbia|2018-10-28|2018 NRST Fall Invitational|29.90|410
48|Sieluzycki, Tristan|14|2004|ESWIM|Ontario|2019-01-13|2019 Etobicoke A-B Meet|29.90|410
50|De Silva, Thinula|14|2004|CW|Ontario|2018-12-09|Invitation Provinciale AA-AAA Pointe-Claire 2018|30.01|405