RANK|ATHLETES|AGE|YOB|CLUB|PROVINCE|DATE|MEET|TIME|FINA
1|Sieluzycki, Tristan|14|2004|ESWIM|Ontario|2018-11-11|2018 Age Group International SC|2:24.65|577
2|Skalenda, Charlie|14|2004|TSC|Ontario|2018-12-08|Youth Cup|2:26.44|556
3|Setiawan, Anggaraksa|14|2003|ELITE|Québec|2018-11-04|Festival provincial par équipe section 1|2:26.58|554
4|Bennett, Nicholas|14|2003|RAC|British Columbia|2018-11-09|ISC 2018 Bennett Cup|2:28.56|532
5|Brock, Griffin|14|2004|ESWIM|Ontario|2018-12-08|Invitation Provinciale AA-AAA Pointe-Claire 2018|2:28.76|530
6|Loewen, Benjamin|14|2004|CREST|Ontario|2018-11-11|2018 Age Group International SC|2:28.85|529
7|Xia, Winters|14|2004|ESWIM|Ontario|2019-01-13|2019 Etobicoke A-B Meet|2:29.24|525
8|Gagné, Benjamin|14|2004|CNCI|Québec|2018-12-09|Défi Nez-Rouge 2018|2:29.68|520
9|Nguyen, Minh|14|2004|OSC|Alberta|2018-12-09|16th Annual XMAS Cracker Invitational|2:29.82|519
10|Goni Avila, Kent|14|2003|RHAC|Ontario|2018-11-11|2018 Age Group International SC|2:29.87|519
11|Giggey, Alejandro|14|2003|NKB|Ontario|2018-11-30|Neptune International (CSPO 25m)|2:29.98|517
12|Black, Gracin|14|2004|WAAC|Ontario|2018-12-09|Border City Invitational|2:30.51|512
13|O'Brien, Arjan|14|2004|SJL|Newfoundland|2018-12-08|Invitation Provinciale AA-AAA Pointe-Claire 2018|2:30.86|508
14|Halford, Owen|14|2004|RDCSC|Alberta|2018-12-16|JP Fiset Invitational|2:30.94|508
15|Romanenko, Vladislav|14|2004|ESWIM|Ontario|2018-11-11|2018 Age Group International SC|2:31.13|506
16|Taivassalo, Brayden|14|2004|NEW|Ontario|2018-12-09|Border City Invitational|2:31.18|505
17|Arbuckle, Josh|14|2004|WS|Ontario|2019-04-28|2019 Ontario Team Challenge|2:32.01|497
18|Kwinter, Charlie|14|2004|ESWIM|Ontario|2019-01-13|2019 Etobicoke A-B Meet|2:32.22|495
19|Clarke, Will|14|2003|LSC|Ontario|2018-11-09|Swim International 2018|2:32.47|492
20|Hui, Jing Wen|14|2004|MAC|Ontario|2018-11-02|NYAC Cup|2:32.67|490
21|Bryer, William|14|2004|OAK|Ontario|2018-12-08|Youth Cup|2:32.69|490
22|Graboski, Theo|14|2004|UCSC|Alberta|2018-12-08|Youth Cup|2:32.88|488
23|Verjee, Jett|14|2005|UCSC|Alberta|2019-07-14|UCSC Western Finale|2:32.94|488
24|El Shamy, Aly|14|2004|BORC|Ontario|2018-12-10|Invitation provinciale AA-AAA Noël + Développement 11-12 ans CAMO|2:33.60|482
25|Jankovics, Tristan|14|2004|GMAC|Ontario|2018-11-02|NYAC Cup|2:33.66|481
26|Fotherby, Justin|14|2003|KISU|British Columbia|2018-10-13|KISU Triple Pentathlon 2018|2:33.73|480
27|Jibb, Owen|14|2004|OTTER|Ontario|2018-12-08|Youth Cup|2:33.79|480
28|Rup, Michael|14|2004|ESWIM|Ontario|2018-11-11|2018 Age Group International SC|2:33.89|479
29|Zhou, Dawson|14|2004|GO|Ontario|2018-12-07|Gatineau Grand Prix|2:34.01|478
30|Lampron, Nathan|14|2004|RED|Québec|2018-11-04|Festival provincial par équipe section 3|2:34.17|476
31|Panneton, Alexis|14|2004|CNMN|Québec|2018-11-04|Festival provincial par équipe section 3|2:34.19|476
32|Bhale, Advay|14|2004|ESWIM|Ontario|2018-11-11|2018 Age Group International SC|2:34.69|471
33|Thomas, Nathan|14|2005|PCSC|Québec|2019-06-28|Championnat provincial groupe d'âge AA d'été - Ouest|2:34.83|470
34|Li, Jack|14|2004|OAK|Ontario|2018-11-11|2018 Age Group International SC|2:35.09|468
35|Wen, Tommy|14|2004|BORC|Ontario|2018-12-10|Invitation provinciale AA-AAA Noël + Développement 11-12 ans CAMO|2:35.10|468
36|Li, Ethan|14|2004|MST~|Ontario|2018-12-08|Youth Cup|2:35.18|467
37|Dufort, Audrick|14|2004|SAMAK|Québec|2018-12-08|Invitation Provinciale AA-AAA Pointe-Claire 2018|2:35.26|466
38|Rossiter, Andrew|14|2003|SJL|Newfoundland|2018-11-24|2018 Mount Pearl Marlins 3rd Annual Sink or Swim Invitiational|2:35.55|464
39|Levine, Michael|14|2004|PCSC|Québec|2018-12-08|Invitation Provinciale AA-AAA Pointe-Claire 2018|2:35.80|461
40|Li Ying Pin, Hans|14|2004|SAMAK|Québec|2018-12-08|Invitation Provinciale AA-AAA Pointe-Claire 2018|2:36.31|457
41|Yoon, Frederic|14|2004|CREST|Ontario|2018-11-11|2018 Age Group International SC|2:36.39|456
42|Breton, Jésaël|14|2005|CARAT|Québec|2019-06-28|Championnat provincial groupe d'âge AA d'été - Ouest|2:36.60|454
43|Alexander, Liam|14|2003|TSC|Ontario|2018-11-02|NYAC Cup|2:36.82|453
44|Liu, Andrew|14|2005|BORC|Ontario|2019-04-28|2019 Ontario Team Challenge|2:36.88|452
45|Almeida, André|14|2004|PCSC|Québec|2018-12-08|Invitation Provinciale AA-AAA Pointe-Claire 2018|2:36.90|452
46|Dahlgren, Matthew|14|2004|GO|Ontario|2018-12-07|Gatineau Grand Prix|2:37.17|449
47|Frantskevich, Steve|14|2004|MST~|Ontario|2018-12-08|Youth Cup|2:37.35|448
48|Bouwman, Leif|14|2004|PICK|Ontario|2018-11-04|2018 Barrie Aquafest|2:37.40|448
49|Leung, Nathan|14|2004|WSC|British Columbia|2018-11-11|2018 Brad Reid Memorial Invitational|2:37.41|447
50|Misra, Aditya|14|2004|VAC|Ontario|2018-12-09|Vaughan Aquatic Club 30th Annual Roy Jacobson Inv 2018|2:37.42|447