RANK|ATHLETES|AGE|YOB|CLUB|PROVINCE|DATE|MEET|TIME|FINA
1|Chan, Cameron|14|2004|OSC|Alberta|2018-12-15|JP Fiset Invitational|58.47|556
2|Loewen, Benjamin|14|2004|CREST|Ontario|2018-12-09|Border City Invitational|59.03|540
3|Kwinter, Charlie|14|2004|ESWIM|Ontario|2019-01-13|2019 Etobicoke A-B Meet|59.10|538
4|Cameron, Jack|14|2003|KCS|British Columbia|2018-12-16|26th Annual MJB Law Classic SCM|59.19|535
5|Li, Jack|14|2004|OAK|Ontario|2018-12-14|Ontario Junior International|59.24|534
6|Wu, Yutong|14|2004|SKSC|British Columbia|2018-11-11|2018 Brad Reid Memorial Invitational|59.56|526
7|Skalenda, Charlie|14|2004|TSC|Ontario|2018-12-08|Youth Cup|59.57|525
8|Genier, Zacharie|14|2004|TMSC|Ontario|2018-12-08|Gatineau Grand Prix|59.69|522
9|Courville Fortin, Loic|14|2004|TORP|Québec|2018-11-04|Festival provincial par équipe section 3|59.81|519
10|Nestoruk, Ethan|14|2004|FAST|New Brunswick|2018-12-01|Neptune International (CSPO 25m)|59.87|517
11|Labarre, Tristan|14|2004|CNQ|Québec|2019-05-04|Invitation du Printemps|1:00.30|506
12|Setiawan, Anggaraksa|14|2003|ELITE|Québec|2018-10-21|Invitation de l'automne Neptune (CSPO 25m)|1:00.44|503
13|De Silva, Thinula|14|2004|CW|Ontario|2018-12-07|Invitation Provinciale AA-AAA Pointe-Claire 2018|1:00.46|502
14|Ma, Ethan|14|2004|OAK|Ontario|2018-12-08|Youth Cup|1:00.60|499
15|Fotherby, Justin|14|2003|KISU|British Columbia|2018-10-12|KISU Triple Pentathlon 2018|1:00.62|498
16|Campbell, Colin|14|2003|GMAC|Ontario|2018-11-04|NYAC Cup|1:00.75|495
17|Zagidulin, Vladislav|14|2003|LAC|Ontario|2018-11-24|LAC - Nothers Fall Invitational|1:01.29|482
18|Matteis, Quinn|14|2004|CYPS|Ontario|2018-12-09|Border City Invitational|1:01.32|482
19|Ginzburg, Eric|14|2004|RAMAC|Ontario|2018-11-24|Alex Baumann Invitational|1:01.44|479
20|Dagenais, Victor|14|2004|ELITE|Québec|2018-11-04|Festival provincial par équipe section 1|1:01.45|478
21|Giggey, Alejandro|14|2003|NKB|Ontario|2018-11-10|2018 Age Group International SC|1:01.47|478
22|Blomberg, Mark|14|2004|BORC|Ontario|2019-04-26|2019 Ontario Team Challenge|1:01.53|477
23|Tylee, Matthew|14|2004|TMSC|Ontario|2018-12-08|Gatineau Grand Prix|1:01.54|476
24|Murphy, Riley|14|2004|GO|Ontario|2019-02-03|2019 Eastern Ontario Regional Championships (SC/LC)|1:01.69|473
25|Alexander, Liam|14|2003|TSC|Ontario|2018-12-08|Youth Cup|1:01.78|471
26|Marra, Luca|14|2004|ESWIM|Ontario|2018-12-22|2018 Trillium Cup|1:01.81|470
27|El Shamy, Aly|14|2004|BORC|Ontario|2019-04-26|2019 Ontario Team Challenge|1:01.86|469
28|Johnston, Jadyn|14|2004|WLBF|British Columbia|2018-12-16|26th Annual MJB Law Classic SCM|1:01.96|467
29|Leung, Nathan|14|2004|WSC|British Columbia|2018-10-27|VPSC Fall Invitational|1:02.00|466
30|Haba, Hashim|14|2004|OAK|Ontario|2018-12-08|Youth Cup|1:02.02|465
30|Hayhoe, Jack|14|2004|SKSC|British Columbia|2018-12-09|16th Annual XMAS Cracker Invitational|1:02.02|465
32|Legault, Jean-Sébastien|14|2004|CITA|Québec|2019-05-25|Intra fin d'année 2019 CITA|1:02.07|464
33|Allen, Isaac|14|2005|WS|Ontario|2019-04-26|2019 Ontario Team Challenge|1:02.16|462
34|Dahlgren, Matthew|14|2004|GO|Ontario|2018-12-08|Gatineau Grand Prix|1:02.19|462
35|Park, Lucas|14|2004|CREST|Ontario|2019-04-26|2019 Ontario Team Challenge|1:02.28|460
36|Kaul, Piyush|14|2005|LOSC|British Columbia|2019-07-28|SKSC Summer Fest|1:02.34|458
37|Nguyen, Minh|14|2004|OSC|Alberta|2018-12-09|16th Annual XMAS Cracker Invitational|1:02.42|457
38|Wu, Kevin|14|2004|MST~|Ontario|2019-06-05|Mallards June In House Competition|1:02.52|454
39|Lett, Steven|14|2004|GO|Ontario|2019-02-03|2019 Eastern Ontario Regional Championships (SC/LC)|1:02.65|451
40|Pelletier, Jean-Félix|14|2004|CNSH|Québec|2018-12-07|Invitation provinciale AA-AAA Noël + Développement 11-12 ans CAMO|1:02.68|451
41|Tang, Jacky|14|2004|VPSC|British Columbia|2018-12-16|Rapids Fast-Swim Classic|1:02.70|450
42|Toudji, Samy|14|2004|NN|Québec|2018-11-04|Festival provincial par équipe section 1|1:02.76|449
43|Baldwin, Joshua|14|2004|EKSC|Alberta|2018-12-09|16th Annual XMAS Cracker Invitational|1:02.85|447
44|Nelander, Thomas|14|2004|DUCKS|Ontario|2018-12-01|2018 Barrie Trojan Cup|1:02.86|447
45|Konge, Leo|14|2004|YKPB|Northwest Territories|2018-12-15|JP Fiset Invitational|1:02.91|446
46|Tran, Keith|14|2004|ESWIM|Ontario|2018-11-10|2018 Age Group International SC|1:02.92|446
47|Carson, Tytan|14|2004|RAPID|British Columbia|2018-12-16|Rapids Fast-Swim Classic|1:02.97|445
48|Bouwman, Leif|14|2004|PICK|Ontario|2018-11-03|2018 Barrie Aquafest|1:03.00|444
49|Cartier, Connor|14|2004|BLEN|Ontario|2019-02-01|2019 Western Region SC Champs|1:03.03|443
50|Abrams, Gerrit|14|2004|UCRO|Ontario|2018-12-08|Gatineau Grand Prix|1:03.10|442