RANK|ATHLETES|AGE|YOB|CLUB|PROVINCE|DATE|MEET|TIME|FINA
1|Campbell, Colin|14|2003|GMAC|Ontario|2018-11-02|NYAC Cup|26.23|574
2|Loewen, Benjamin|14|2004|CREST|Ontario|2018-12-08|Border City Invitational|26.70|544
3|Nestoruk, Ethan|14|2004|FAST|New Brunswick|2018-11-30|Neptune International (CSPO 25m)|26.85|535
4|Cameron, Jack|14|2003|KCS|British Columbia|2018-12-15|26th Annual MJB Law Classic SCM|26.92|531
4|Chan, Cameron|14|2004|OSC|Alberta|2018-12-16|JP Fiset Invitational|26.92|531
6|Montemurro-Anderson, Dylan|14|2004|SEALS|Manitoba|2018-12-16|ManSask Championships Short Course Open Championships|26.97|528
7|Courville Fortin, Loic|14|2004|TORP|Québec|2018-12-08|Invitation Provinciale AA-AAA Pointe-Claire 2018|27.11|519
8|Matteis, Quinn|14|2004|CYPS|Ontario|2018-12-08|Border City Invitational|27.22|513
9|Wu, Yutong|14|2004|SKSC|British Columbia|2018-12-15|Rapids Fast-Swim Classic|27.27|510
10|De Silva, Thinula|14|2004|CW|Ontario|2019-02-03|2019 Western Region SC Champs|27.30|509
11|Ginzburg, Eric|14|2004|RAMAC|Ontario|2019-01-12|2019 Etobicoke A-B Meet|27.34|506
12|Bracho, Quitze|14|2003|CW|Ontario|2018-11-17|Expressway Lincoln Fall Invitational|27.62|491
13|Tang, Jacky|14|2004|VPSC|British Columbia|2018-12-15|Rapids Fast-Swim Classic|27.65|490
14|Giggey, Alejandro|14|2003|NKB|Ontario|2018-11-30|Neptune International (CSPO 25m)|27.68|488
15|Dagenais, Victor|14|2004|ELITE|Québec|2018-12-14|Invitation Provinciale des fêtes avec épreuves Ho! Ho! Eau Libre|27.75|484
16|Tylee, Matthew|14|2004|TMSC|Ontario|2018-12-07|Gatineau Grand Prix|27.78|483
17|Allen, Isaac|14|2005|WS|Ontario|2019-04-27|2019 Ontario Team Challenge|27.83|480
17|Nguyen, Minh|14|2004|OSC|Alberta|2018-12-16|JP Fiset Invitational|27.83|480
19|Hayhoe, Jack|14|2004|SKSC|British Columbia|2018-12-07|16th Annual XMAS Cracker Invitational|27.86|479
19|Fu, Christopher|14|2004|GGST|Ontario|2018-11-09|42nd Cindy Nicholas Invitational|27.86|479
19|Zagidulin, Vladislav|14|2003|LAC|Ontario|2018-11-23|LAC - Nothers Fall Invitational|27.86|479
22|Meunier, Gabriel|14|2004|CNBO|New Brunswick|2018-12-15|9th Annual Elf Extravaganza|27.93|475
23|Leung, Nathan|14|2004|WSC|British Columbia|2018-10-28|VPSC Fall Invitational|27.94|474
24|Duncalfe, Griffin|14|2004|SCB|Saskatchewan|2018-12-16|ManSask Championships Short Course Open Championships|27.96|473
25|Melzack, Jared|14|2004|SCAR|Ontario|2019-04-27|2019 Ontario Team Challenge|27.98|472
26|Weeks, Phillip|14|2005|MPM|Newfoundland|2019-06-09|2019 Summer Classic Invitational|28.03|470
27|Fotherby, Justin|14|2003|KISU|British Columbia|2018-10-14|KISU Triple Pentathlon 2018|28.05|469
28|Johnston, Jadyn|14|2004|WLBF|British Columbia|2019-02-10|Quesnel Waveriders Gold Pan Meet|28.07|468
29|Konge, Leo|14|2004|YKPB|Northwest Territories|2018-12-16|JP Fiset Invitational|28.10|466
30|Bouwman, Leif|14|2004|PICK|Ontario|2018-12-09|Dash for Cash|28.12|465
31|Yoon, Frederic|14|2004|CREST|Ontario|2018-11-11|2018 Age Group International SC|28.15|464
32|Labarre, Tristan|14|2004|CNQ|Québec|2018-12-08|Défi Nez-Rouge 2018|28.23|460
33|Xu, Daniel|14|2004|ROC|Ontario|2019-04-27|2019 Ontario Team Challenge|28.25|459
34|Haba, Hashim|14|2004|OAK|Ontario|2018-11-02|NYAC Cup|28.29|457
34|Bonhomme, Antoine|14|2004|NG|Québec|2018-11-03|Festival provincial par équipe section 1|28.29|457
36|Seo, Joohyeok|14|2005|SJL|Newfoundland|2019-06-09|2019 Summer Classic Invitational|28.36|454
37|Kabbani, Aimeri|14|2003|CAPC|Québec|2018-12-09|Invitation provinciale des fêtes CSLA|28.37|453
38|Riddell, Jaiden|14|2004|AMAC|Alberta|2018-11-18|Skin Technologies Marlin Marquee Invitational|28.39|452
39|Helal, Mohamed|14|2004|CNBO|New Brunswick|2018-11-02|NYAC Cup|28.44|450
40|Jurkiewicz, Sebastian|14|2004|COBRA|Ontario|2018-11-30|Neptune International (CSPO 25m)|28.50|447
41|Tran, Keith|14|2004|ESWIM|Ontario|2018-11-11|2018 Age Group International SC|28.55|445
42|Carson, Tytan|14|2004|RAPID|British Columbia|2018-12-15|Rapids Fast-Swim Classic|28.56|444
42|Gage, Jordan|14|2004|NRST|British Columbia|2018-12-07|16th Annual XMAS Cracker Invitational|28.56|444
44|Normand, Samuel|14|2004|CNQ|Québec|2018-11-03|Festival provincial par équipe section 1|28.63|441
45|Vassilev, Boris|14|2004|MSSAC|Ontario|2018-11-30|Neptune International (CSPO 25m)|28.66|440
45|Williams, Michael|14|2004|EKSC|Alberta|2018-12-16|JP Fiset Invitational|28.66|440
47|Dahlgren, Matthew|14|2004|GO|Ontario|2018-11-04|GO Fall Invitational|28.71|437
47|Murphy, Ryan|14|2004|VKSC|British Columbia|2019-06-15|Nolan's Pharmasave Invitational|28.71|437
49|Kwinter, Charlie|14|2004|ESWIM|Ontario|2018-10-14|2018 Hall of Fame Meet|28.73|436
50|Abrams, Gerrit|14|2004|UCRO|Ontario|2018-11-25|2018 CSL Snowflake Invitational|28.74|436