RANK|ATHLETES|AGE|YOB|CLUB|PROVINCE|DATE|MEET|TIME|FINA
1|Setiawan, Anggaraksa|14|2003|ELITE|Québec|2018-11-02|Festival provincial par équipe section 1|30.79|551
2|Nguyen, Minh|14|2004|OSC|Alberta|2018-12-15|JP Fiset Invitational|31.09|535
3|Halford, Owen|14|2004|RDCSC|Alberta|2018-12-15|JP Fiset Invitational|31.27|526
4|Sieluzycki, Tristan|14|2004|ESWIM|Ontario|2019-01-12|2019 Etobicoke A-B Meet|31.30|524
5|Yoon, Frederic|14|2004|CREST|Ontario|2018-11-10|2018 Age Group International SC|31.59|510
6|Panneton, Alexis|14|2004|CNMN|Québec|2018-11-02|Festival provincial par équipe section 3|31.60|510
7|Giggey, Alejandro|14|2003|NKB|Ontario|2018-12-01|Neptune International (CSPO 25m)|31.73|503
8|Xia, Winters|14|2004|ESWIM|Ontario|2018-12-07|Invitation Provinciale AA-AAA Pointe-Claire 2018|31.76|502
9|Soo, Darren|14|2004|MST~|Ontario|2019-06-05|Mallards June In House Competition|31.77|502
10|Gagné, Benjamin|14|2004|CNCI|Québec|2018-12-09|Défi Nez-Rouge 2018|31.78|501
11|Louie, Cameron|14|2004|CONNU|British Columbia|2018-11-03|Cygnet Dental & Junction Point Physical Therapy Fast Track into Fall|31.81|500
12|Li Ying Pin, Hans|14|2004|SAMAK|Québec|2018-12-07|Invitation Provinciale AA-AAA Pointe-Claire 2018|31.92|494
13|Arbuckle, Josh|14|2004|WS|Ontario|2019-04-28|2019 Ontario Team Challenge|32.00|491
13|Dahlgren, Matthew|14|2004|GO|Ontario|2018-12-07|Gatineau Grand Prix|32.00|491
15|Breton, Jésaël|14|2005|CARAT|Québec|2019-01-26|Compétition Régional #2 ANAT|32.05|488
15|Riddell, Jaiden|14|2004|AMAC|Alberta|2018-12-15|JP Fiset Invitational|32.05|488
17|Feddag, Hocine|14|2004|ELITE|Québec|2018-12-14|Invitation Provinciale des fêtes avec épreuves Ho! Ho! Eau Libre|32.06|488
18|Nestoruk, Ethan|14|2004|FAST|New Brunswick|2019-02-03|NB Open Cup - Coupe NB|32.13|485
19|Terejko, Simon|14|2004|WRMS|Ontario|2018-11-02|NYAC Cup|32.15|484
20|Fotherby, Justin|14|2003|KISU|British Columbia|2018-10-14|KISU Triple Pentathlon 2018|32.20|482
21|Bennett, Nicholas|14|2003|RAC|British Columbia|2018-10-27|2018 NRST Fall Invitational|32.27|479
22|Ginzburg, Eric|14|2004|RAMAC|Ontario|2019-01-12|2019 Etobicoke A-B Meet|32.29|478
23|Brock, Griffin|14|2004|ESWIM|Ontario|2018-12-07|Invitation Provinciale AA-AAA Pointe-Claire 2018|32.43|472
24|Rossiter, Andrew|14|2003|SJL|Newfoundland|2018-11-25|2018 Mount Pearl Marlins 3rd Annual Sink or Swim Invitiational|32.46|470
25|Black, Gracin|14|2004|WAAC|Ontario|2018-12-09|Border City Invitational|32.54|467
26|Orton, Oliver|14|2004|NRST|British Columbia|2019-01-27|Vancouver Island Regional SC Championships|32.56|466
27|Wong, Nathan|14|2004|GATOR|British Columbia|2018-12-14|Rapids Fast-Swim Classic|32.58|465
27|Almeida, André|14|2004|PCSC|Québec|2018-12-07|Invitation Provinciale AA-AAA Pointe-Claire 2018|32.58|465
29|Dagenais, Victor|14|2004|ELITE|Québec|2018-12-14|Invitation Provinciale des fêtes avec épreuves Ho! Ho! Eau Libre|32.77|457
30|Graboski, Theo|14|2004|UCSC|Alberta|2019-03-08|UCSC Team Champs|32.79|456
31|Rup, Michael|14|2004|ESWIM|Ontario|2019-01-12|2019 Etobicoke A-B Meet|32.83|454
32|Wen, Tommy|14|2004|BORC|Ontario|2018-11-10|2018 Age Group International SC|32.87|453
33|Robertson, Arran|14|2004|UVPCS|British Columbia|2019-01-27|Vancouver Island Regional SC Championships|32.95|450
34|Nuhay, Ralph Robert|14|2003|CSLA|Québec|2018-11-09|Festival provincial par équipe section 2|32.97|449
34|Taivassalo, Brayden|14|2004|NEW|Ontario|2018-12-09|Border City Invitational|32.97|449
36|Okugawa, Kosei|14|2005|SCAR|Ontario|2019-04-28|2019 Ontario Team Challenge|32.98|448
37|Cameron, Ian|14|2004|SPSC|Alberta|2018-12-15|JP Fiset Invitational|32.99|448
38|Verjee, Jett|14|2005|UCSC|Alberta|2019-07-14|UCSC Western Finale|33.00|447
38|Montemurro-Anderson, Dylan|14|2004|SEALS|Manitoba|2018-12-15|ManSask Championships Short Course Open Championships|33.00|447
40|Lalonde, Alexander|14|2003|CP|Alberta|2018-10-20|UCSC Fall Start Up|33.07|445
41|Park, Lucas|14|2004|CREST|Ontario|2019-04-28|2019 Ontario Team Challenge|33.09|444
42|Vong, Nathan|14|2004|GOLD|Saskatchewan|2018-12-15|ManSask Championships Short Course Open Championships|33.13|442
43|Hui, Jing Wen|14|2004|MAC|Ontario|2019-04-28|2019 Ontario Team Challenge|33.21|439
44|De Ocampo, Ryan|14|2004|SKSC|British Columbia|2019-06-08|Knights June Jamboree 2019|33.22|439
45|Wielemaker, Tom|14|2004|FAST|New Brunswick|2018-12-01|Neptune International (CSPO 25m)|33.24|438
46|Agostino, Mario|14|2004|STARS|Ontario|2018-11-04|2018 Barrie Aquafest|33.27|437
47|Zhang, Edward|14|2004|BAD|Ontario|2019-02-02|2019 Western Region SC Champs|33.35|434
48|O'Brien, Arjan|14|2004|SJL|Newfoundland|2018-12-07|Invitation Provinciale AA-AAA Pointe-Claire 2018|33.38|432
49|Brace, Dalton|14|2004|MPM|Newfoundland|2018-12-07|Invitation Provinciale AA-AAA Pointe-Claire 2018|33.40|432
50|Cloutier, Félix|14|2004|MY|Québec|2018-11-02|Festival provincial par équipe section 5 - Sud|33.42|431