RANK|ATHLETES|AGE|YOB|CLUB|PROVINCE|DATE|MEET|TIME|FINA
1|Belkhelladi, Malachy|15|2003|ELITE|Québec|2018-11-03|Festival provincial par équipe section 1|4:29.29|668
2|McNeill, Hugh|15|2003|LOSC|British Columbia|2018-12-14|Ontario Junior International|4:29.49|667
3|Fotherby, Justin|15|2003|KISU|British Columbia|2018-12-16|26th Annual MJB Law Classic SCM|4:30.85|657
4|Park, Kevin|15|2003|CREST|Ontario|2018-12-14|Ontario Junior International|4:31.77|650
5|Burton, Russell|15|2003|GMAC|Ontario|2018-12-14|Ontario Junior International|4:35.98|621
6|Ireland, Kevin|15|2003|MSSAC|Ontario|2018-11-30|Neptune International (CSPO 25m)|4:36.61|617
7|Mckay, Caleb|15|2002|PCSC|Québec|2018-12-07|Invitation Provinciale AA-AAA Pointe-Claire 2018|4:36.74|616
8|Lewington, Mackenzie|15|2002|PGB|British Columbia|2018-12-16|26th Annual MJB Law Classic SCM|4:37.24|612
9|Syrgiannis, Matthew|15|2003|ROD|Saskatchewan|2018-12-16|ManSask Championships Short Course Open Championships|4:37.76|609
10|Wang, Michael|15|2003|ESWIM|Ontario|2018-12-14|Ontario Junior International|4:37.95|608
11|Paz, Diego|15|2003|KCS|British Columbia|2018-12-16|26th Annual MJB Law Classic SCM|4:38.86|602
12|Strople, Alex|15|2003|OAK|Ontario|2018-12-14|Ontario Junior International|4:38.90|602
13|Friesen, Ian|15|2003|CW|Ontario|2018-12-07|Invitation Provinciale AA-AAA Pointe-Claire 2018|4:38.94|601
13|Buck, Carter|15|2003|LAC|Ontario|2018-12-14|Ontario Junior International|4:38.94|601
15|Milne, Colton|15|2002|NKB|Ontario|2018-11-30|Neptune International (CSPO 25m)|4:39.61|597
16|Slinn, Calvin|15|2003|WDSC|British Columbia|2018-12-15|Rapids Fast-Swim Classic|4:39.70|596
17|Kormendy, Dylan|15|2003|ISC|British Columbia|2018-12-07|Invitation Provinciale AA-AAA Pointe-Claire 2018|4:40.04|594
18|Beckstead-Holman, Marcus|15|2003|GMAC|Ontario|2018-12-15|Team Showdown 2018|4:40.30|593
19|McCloy, Patrick|15|2003|UCSC|Alberta|2018-12-07|Youth Cup|4:40.34|592
20|Cho, Andy|15|2003|SKSC|British Columbia|2018-11-03|Odlum Brown Colleges Cup Pacific Hosted by UBC|4:42.09|581
21|Luykenaar, Aiden|15|2003|UCSC|Alberta|2018-12-14|Ontario Junior International|4:42.25|580
22|Fitzpatrick, Brendan|15|2003|UVPCS|British Columbia|2018-10-19|Hamilton Aquatics Short Course|4:42.26|580
23|Koueiki, Jeremy|15|2003|CASE|Québec|2018-12-07|Invitation provinciale AA-AAA Noël + Développement 11-12 ans CAMO|4:43.04|576
24|Shearer, Colin|15|2003|LAC|Ontario|2018-12-15|Team Showdown 2018|4:43.85|571
25|Stone, Kieran|15|2003|CW|Ontario|2018-12-07|Invitation Provinciale AA-AAA Pointe-Claire 2018|4:43.88|570
26|Mbobela, Jakob|15|2003|RAC|British Columbia|2018-12-09|16th Annual XMAS Cracker Invitational|4:44.40|567
27|Alaoui, Akram|15|2003|CAMO|Québec|2018-11-03|Festival provincial par équipe section 1|4:44.44|567
28|El Aref, Omar|15|2003|OAK|Ontario|2018-12-07|Youth Cup|4:44.52|567
29|McGillivray, Michael|15|2002|ROD|Saskatchewan|2018-11-03|Odlum Brown Colleges Cup Pacific Hosted by UBC|4:44.83|565
30|Fullum-Huot, Edouard|15|2002|NN|Québec|2018-11-30|Neptune International (CSPO 25m)|4:46.11|557
31|Pond, Miguel|15|2003|MPM|Newfoundland|2018-12-07|Invitation Provinciale AA-AAA Pointe-Claire 2018|4:46.23|556
32|Nowak, Matthew|15|2003|AAC|Ontario|2018-12-07|Youth Cup|4:46.40|555
33|Setiawan, Anggaraksa|15|2003|ELITE|Québec|2018-12-07|Invitation Provinciale AA-AAA Pointe-Claire 2018|4:47.12|551
34|Schwingenschloegl, Treyton|15|2003|CHENA|British Columbia|2018-12-15|Rapids Fast-Swim Classic|4:47.33|550
35|Bartoch, Hayden|15|2003|HWAC|Nova Scotia|2018-11-10|Age Group Development Meet Fall Series #2|4:47.76|548
36|Lalonde, Alexander|15|2003|CP|Alberta|2018-12-14|JP Fiset Invitational|4:48.48|544
37|Wang, Steven|15|2002|HYACK|British Columbia|2018-11-10|2018 Brad Reid Memorial Invitational|4:48.60|543
38|Dautrey, Jacob|15|2003|CNSH|Québec|2018-11-03|Festival provincial par équipe section 3|4:49.29|539
39|Poulos, George|15|2002|BORC|Ontario|2018-11-10|2018 Age Group International SC|4:49.51|538
40|Hadj, Adel|15|2003|CASE|Québec|2018-11-10|Festival provincial par équipe section 2|4:49.54|538
41|Piccoli, Jordano|15|2003|SLSC|Ontario|2018-12-07|Youth Cup|4:50.25|534
42|Risk, William|15|2003|ROCS|Ontario|2018-12-07|Invitation Provinciale AA-AAA Pointe-Claire 2018|4:50.37|533
43|Giggey, Alejandro|15|2003|NKB|Ontario|2019-02-03|2019 Eastern Ontario Regional Championships (SC/LC)|4:51.00|530
44|Woodrow, Hayden|15|2003|CASC|Alberta|2018-12-14|JP Fiset Invitational|4:51.10|529
45|Brager, Jakob|15|2003|NRST|British Columbia|2018-11-11|ISC 2018 Bennett Cup|4:51.17|529
46|Carrier, Sébastien|15|2003|MY|Québec|2019-01-27|Invitation Provinciale Pré-Championnat 2019 Finales directes 11-17ans|4:51.51|527
47|Neuman, Sean|15|2003|GGST|Ontario|2018-11-10|2018 Age Group International SC|4:51.52|527
48|Boden, Alex|15|2003|GHAC|Ontario|2018-11-02|NYAC Cup|4:51.65|526
49|Medler, Alexander|15|2002|ISC|British Columbia|2018-12-07|Invitation Provinciale AA-AAA Pointe-Claire 2018|4:51.70|526
50|Bull, Cormac|15|2003|SJL|Newfoundland|2018-11-25|2018 Mount Pearl Marlins 3rd Annual Sink or Swim Invitiational|4:51.91|525