RANK|ATHLETES|AGE|YOB|CLUB|PROVINCE|DATE|MEET|TIME|FINA
1|Sava, Michael Andrew|15|2002|RAMAC|Ontario|2018-11-09|2018 Age Group International SC|2:02.73|692
2|Park, Kevin|15|2003|CREST|Ontario|2018-12-15|Ontario Junior International|2:05.31|650
3|Alaoui, Akram|15|2003|CAMO|Québec|2018-11-02|Festival provincial par équipe section 1|2:05.79|642
4|Belkhelladi, Malachy|15|2003|ELITE|Québec|2018-12-15|Ontario Junior International|2:05.87|641
5|Cho, Andy|15|2003|SKSC|British Columbia|2018-11-03|Odlum Brown Colleges Cup Pacific Hosted by UBC|2:08.34|605
6|Boden, Alex|15|2003|GHAC|Ontario|2018-12-08|Border City Invitational|2:08.76|599
7|McDonald, Thomas|15|2003|GMAC|Ontario|2018-12-15|Team Showdown 2018|2:10.60|574
8|Fernando, Dillon|15|2003|RAMAC|Ontario|2018-11-23|Alex Baumann Invitational|2:10.65|573
9|Paz, Diego|15|2003|KCS|British Columbia|2018-12-14|26th Annual MJB Law Classic SCM|2:11.01|568
10|Beckstead-Holman, Marcus|15|2003|GMAC|Ontario|2018-11-03|NYAC Cup|2:11.36|564
11|Bartoch, Hayden|15|2003|HWAC|Nova Scotia|2018-12-14|Age Group Development Meet|2:11.90|557
12|Schwingenschloegl, Treyton|15|2003|CHENA|British Columbia|2018-12-14|Rapids Fast-Swim Classic|2:11.99|556
13|Pond, Miguel|15|2003|MPM|Newfoundland|2018-12-09|Invitation Provinciale AA-AAA Pointe-Claire 2018|2:12.19|553
14|Dhanju, Jovan|15|2002|MSSAC|Ontario|2018-11-03|NYAC Cup|2:12.29|552
15|Beckstead-Holman, William|15|2003|GMAC|Ontario|2018-12-15|Team Showdown 2018|2:12.32|552
16|Strople, Alex|15|2003|OAK|Ontario|2018-12-09|Youth Cup|2:12.39|551
17|De Jager, Edward|15|2003|SPART|British Columbia|2018-12-14|Rapids Fast-Swim Classic|2:12.54|549
18|Loewen, Benjamin|15|2004|CREST|Ontario|2019-04-27|2019 Ontario Team Challenge|2:12.70|547
19|Landry, Nathan|15|2002|CW|Ontario|2018-11-17|Expressway Lincoln Fall Invitational|2:12.84|545
20|Fotherby, Justin|15|2003|KISU|British Columbia|2018-12-14|26th Annual MJB Law Classic SCM|2:13.19|541
21|Syrgiannis, Matthew|15|2003|ROD|Saskatchewan|2018-12-15|ManSask Championships Short Course Open Championships|2:13.67|535
22|Devyatykh, Timur|15|2003|OAK|Ontario|2018-12-09|Youth Cup|2:13.70|535
23|Wang, Steven|15|2002|HYACK|British Columbia|2018-11-09|2018 Brad Reid Memorial Invitational|2:13.98|531
24|Aubin, Jeremi|15|2003|SLSC|Ontario|2018-12-09|Youth Cup|2:14.24|528
25|Ireland, Kevin|15|2003|MSSAC|Ontario|2018-12-02|Neptune International (CSPO 25m)|2:14.75|522
26|Myrer, Will|15|2003|HTAC|Nova Scotia|2018-12-14|Age Group Development Meet|2:15.22|517
27|Neuman, Sean|15|2003|GGST|Ontario|2018-12-09|Gatineau Grand Prix|2:15.23|517
28|Chau, Kevin|15|2003|ESWIM|Ontario|2018-12-09|Invitation Provinciale AA-AAA Pointe-Claire 2018|2:15.25|517
29|Burton, Russell|15|2003|GMAC|Ontario|2018-11-03|NYAC Cup|2:15.32|516
30|Baldwin, Joshua|15|2004|EKSC|Alberta|2019-01-19|Blue Bears 2019|2:15.53|513
31|Duncan-Snobel, Finn|15|2003|OAK|Ontario|2018-12-09|Youth Cup|2:15.71|511
32|El Aref, Omar|15|2003|OAK|Ontario|2018-12-09|Youth Cup|2:15.72|511
33|Courchesne, Étienne|15|2003|MEGO|Québec|2018-12-09|Invitation Provinciale AA-AAA Pointe-Claire 2018|2:15.95|509
33|Lajoie, Griffin|15|2003|TSC|Ontario|2018-11-03|NYAC Cup|2:15.95|509
35|Maina, Monyo|15|2003|OSC|Alberta|2018-12-14|JP Fiset Invitational|2:15.97|508
36|Lewington, Mackenzie|15|2002|PGB|British Columbia|2018-11-16|2018 PGBSC Medical Northern Invitational|2:16.56|502
37|Mckay, Caleb|15|2002|PCSC|Québec|2018-12-09|Invitation Provinciale AA-AAA Pointe-Claire 2018|2:16.59|502
38|Zagidulin, Vladislav|15|2003|LAC|Ontario|2018-12-15|Team Showdown 2018|2:16.61|501
39|Wang, Michael|15|2003|ESWIM|Ontario|2018-12-21|2018 Trillium Cup|2:16.62|501
40|Mills, Emmett|15|2003|GCAC|Ontario|2018-12-08|Vaughan Aquatic Club 30th Annual Roy Jacobson Inv 2018|2:17.66|490
41|Luykenaar, Aiden|15|2003|UCSC|Alberta|2019-02-01|UCSC Grand Prix|2:17.80|488
42|Buck, Carter|15|2003|LAC|Ontario|2018-11-25|LAC - Nothers Fall Invitational|2:17.84|488
43|Zuchowski, Alexandre|15|2003|SAMAK|Québec|2018-12-15|Invitation Provinciale des fêtes avec épreuves Ho! Ho! Eau Libre|2:18.61|480
44|Courville Fortin, Loic|15|2004|TORP|Québec|2019-06-09|BBQ groupe d'âge 2019|2:18.71|479
45|Klakov, Maksym|15|2003|NEW|Ontario|2019-01-12|2019 Etobicoke A-B Meet|2:18.78|478
46|Selmanovic, Benjamin|15|2003|ESWIM|Ontario|2019-01-12|2019 Etobicoke A-B Meet|2:19.03|476
47|Zhao, Louie|15|2003|MAC|Ontario|2019-04-27|2019 Ontario Team Challenge|2:19.11|475
48|Gong, Run Qian|15|2003|WVOSC|British Columbia|2018-11-09|2018 Brad Reid Memorial Invitational|2:19.15|474
49|Ziaian, Bijan|15|2003|GGST|Ontario|2018-12-09|Gatineau Grand Prix|2:19.17|474
50|Xu, Bob|15|2003|VAC|Ontario|2018-12-08|Vaughan Aquatic Club 30th Annual Roy Jacobson Inv 2018|2:19.20|474