RANK|ATHLETES|AGE|YOB|CLUB|PROVINCE|DATE|MEET|TIME|FINA
1|Axon, Alexander|15|2003|MAC|Ontario|2018-12-16|Ontario Junior International|15:26.78|766
2|Dennett, Liam|15|2003|UCSC|Alberta|2018-12-16|Ontario Junior International|15:48.49|714
3|Volodin, Artiom|15|2003|CAMO|Québec|2018-12-16|Ontario Junior International|15:53.40|703
4|McGillivray, Michael|15|2002|ROD|Saskatchewan|2018-11-04|Odlum Brown Colleges Cup Pacific Hosted by UBC|15:54.31|701
5|Risk, William|15|2003|ROCS|Ontario|2018-12-16|Ontario Junior International|16:02.21|684
6|Bartoch, Hayden|15|2003|HWAC|Nova Scotia|2018-12-16|Age Group Development Meet|16:03.33|682
7|Slinn, Calvin|15|2003|WDSC|British Columbia|2018-12-14|Rapids Fast-Swim Classic|16:06.30|675
8|McCloy, Patrick|15|2003|UCSC|Alberta|2018-12-09|Youth Cup|16:08.22|671
9|Syrgiannis, Matthew|15|2003|ROD|Saskatchewan|2018-12-13|ManSask Championships Short Course Open Championships|16:11.72|664
10|Fullum-Huot, Edouard|15|2002|NN|Québec|2018-12-01|Neptune International (CSPO 25m)|16:19.18|649
11|Alaoui, Akram|15|2003|CAMO|Québec|2018-12-16|Ontario Junior International|16:20.99|646
12|Dautrey, Jacob|15|2003|CNSH|Québec|2018-12-16|Ontario Junior International|16:22.70|642
13|Strople, Alex|15|2003|OAK|Ontario|2018-12-16|Ontario Junior International|16:23.72|640
14|Fotherby, Justin|15|2003|KISU|British Columbia|2018-12-14|26th Annual MJB Law Classic SCM|16:24.95|638
15|Skofteby, Ethan|15|2002|CSSSC|British Columbia|2018-12-14|26th Annual MJB Law Classic SCM|16:27.06|634
16|Courchesne, Étienne|15|2003|MEGO|Québec|2018-12-16|Ontario Junior International|16:33.06|622
17|De Jager, Edward|15|2003|SPART|British Columbia|2018-12-15|Rapids Fast-Swim Classic|16:36.50|616
18|Wang, Michael|15|2003|ESWIM|Ontario|2018-11-08|2018 Age Group International SC|16:37.74|614
19|Bennett, Nicholas|15|2003|RAC|British Columbia|2019-01-25|Vancouver Island Regional SC Championships|16:40.26|609
20|Neuman, Sean|15|2003|GGST|Ontario|2018-11-04|NYAC Cup|16:42.35|605
21|Pelletier, Jean-Félix|15|2004|CNSH|Québec|2019-01-27|Invitation Provinciale Pré-Championnat 2019 Finales directes 11-17ans|16:42.88|604
22|Belkhelladi, Malachy|15|2003|ELITE|Québec|2018-11-04|Festival provincial par équipe section 1|16:42.96|604
23|Simonov, Dennis|15|2003|CAMO|Québec|2018-12-08|Invitation provinciale AA-AAA Noël + Développement 11-12 ans CAMO|16:44.88|601
24|Ireland, Kevin|15|2003|MSSAC|Ontario|2018-12-01|Neptune International (CSPO 25m)|16:45.08|600
25|El Aref, Omar|15|2003|OAK|Ontario|2018-12-09|Youth Cup|16:46.31|598
26|Maina, Monyo|15|2003|OSC|Alberta|2018-12-13|JP Fiset Invitational|16:48.15|595
27|Ruel, Louis|15|2003|RL|Québec|2018-11-30|Invitation provinciale 2018|16:50.17|591
28|Park, Kevin|15|2003|CREST|Ontario|2018-11-08|2018 Age Group International SC|16:51.74|588
29|Lewington, Mackenzie|15|2002|PGB|British Columbia|2018-10-27|PGBSC - TT 400 Free/1500 Free|16:52.37|587
30|Plamondon, Émil|15|2003|NN|Québec|2018-12-01|Neptune International (CSPO 25m)|16:52.60|587
31|Schmidt, Adam|15|2002|LOSC|British Columbia|2018-11-10|November 2018 800/1500 Time Trial|16:52.89|586
32|Vale, Jayden|15|2003|RDCSC|Alberta|2018-12-13|JP Fiset Invitational|16:53.42|586
33|Selmanovic, Benjamin|15|2003|ESWIM|Ontario|2019-01-11|2019 Etobicoke A-B Meet|16:55.39|582
34|Baldwin, Joshua|15|2004|EKSC|Alberta|2019-01-18|Blue Bears 2019|16:58.89|576
35|Thomas, Dylan|15|2003|LOSC|British Columbia|2018-12-07|16th Annual XMAS Cracker Invitational|17:01.48|572
36|Campbell, Colin|15|2003|GMAC|Ontario|2018-12-16|Team Showdown 2018|17:01.99|571
37|Beckstead-Holman, William|15|2003|GMAC|Ontario|2018-12-16|Team Showdown 2018|17:02.18|571
38|Milne, Colton|15|2002|NKB|Ontario|2018-11-08|2018 Age Group International SC|17:02.54|570
39|Schwingenschloegl, Treyton|15|2003|CHENA|British Columbia|2019-01-27|Chena Distance Meet 2019|17:03.17|569
40|Caron, Jérémie|15|2003|CAMO|Québec|2018-12-08|Invitation provinciale AA-AAA Noël + Développement 11-12 ans CAMO|17:07.51|562
41|Thomas, Ethan|15|2003|SLSC|Ontario|2019-02-01|Dave Kensit Memorial SC Championship|17:08.10|561
42|Létourneau, Cédrick|15|2003|CNSH|Québec|2019-01-27|Invitation Provinciale Pré-Championnat 2019 Finales directes 11-17ans|17:11.68|555
43|Dagasso, Michael|15|2002|KCS|British Columbia|2018-10-27|Kamloops Fall Swimming Festival|17:11.92|555
44|Whelan, Matthew|15|2003|SJL|Newfoundland|2018-12-06|Invitation Provinciale AA-AAA Pointe-Claire 2018|17:13.14|553
45|Lalonde, Alexander|15|2003|CP|Alberta|2018-12-13|JP Fiset Invitational|17:14.74|550
46|Greenshields, Sam|15|2003|OAK|Ontario|2018-11-08|2018 Age Group International SC|17:17.64|545
47|Di Pietro, Ethan|15|2003|ESWIM|Ontario|2019-01-11|2019 Etobicoke A-B Meet|17:18.00|545
48|Xu, Bob|15|2003|VAC|Ontario|2018-11-17|VAC2018 - 400-800-1500 Free & 200-400 IM Time Trial|17:18.22|545
49|Basi, Armaan|15|2003|CHENA|British Columbia|2019-01-27|Chena Distance Meet 2019|17:18.84|544
50|Leung, Nathan|15|2004|WSC|British Columbia|2019-01-18|Canadian Dolphin New Years Invitational 2019|17:19.32|543