RANK|ATHLETES|AGE|YOB|CLUB|PROVINCE|DATE|MEET|TIME|FINA
1|Burton, Russell|15|2003|GMAC|Ontario|2018-11-03|NYAC Cup|56.58|646
2|Ghaziri, Ramy|15|2003|LMRL|Québec|2018-11-11|Festival provincial par équipe section 2|56.68|642
3|Belkhelladi, Malachy|15|2003|ELITE|Québec|2018-11-04|Festival provincial par équipe section 1|57.97|600
4|McNeill, Hugh|15|2003|LOSC|British Columbia|2018-12-15|Ontario Junior International|58.36|588
5|Carrier, Sébastien|15|2003|MY|Québec|2018-12-08|Défi Nez-Rouge 2018|58.37|588
6|Buck, Carter|15|2003|LAC|Ontario|2018-12-15|Ontario Junior International|58.51|584
7|Park, Kevin|15|2003|CREST|Ontario|2018-11-11|2018 Age Group International SC|58.59|582
8|Fitzpatrick, Brendan|15|2003|UVPCS|British Columbia|2018-12-07|Hamilton Aquatics Winter Long Course|58.97|570
9|Aguiar-Winter, Evan|15|2003|OTTER|Ontario|2018-12-07|Youth Cup|59.00|570
10|Lajoie, Griffin|15|2003|TSC|Ontario|2018-12-07|Youth Cup|59.44|557
11|Baker, Bryce|15|2003|ISC|British Columbia|2019-01-26|Vancouver Island Regional SC Championships|59.62|552
12|Beckstead-Holman, Marcus|15|2003|GMAC|Ontario|2018-12-07|Dash for Cash|59.76|548
13|Porterfield, William|15|2003|GHAC|Ontario|2018-12-08|Border City Invitational|59.85|546
14|Skofteby, Ethan|15|2002|CSSSC|British Columbia|2018-12-14|26th Annual MJB Law Classic SCM|59.92|544
15|Mitchell, Cole|15|2003|CCSC|Ontario|2018-12-21|2018 Trillium Cup|1:00.04|540
16|Duncan-Snobel, Finn|15|2003|OAK|Ontario|2018-12-07|Youth Cup|1:00.14|538
17|Ferguson, Liam|15|2003|HTAC|Nova Scotia|2018-12-16|Age Group Development Meet|1:00.15|537
18|Lauzon, Xavier|15|2003|CAS|Québec|2018-12-07|Invitation Provinciale AA-AAA Pointe-Claire 2018|1:00.16|537
19|Brager, Jakob|15|2003|NRST|British Columbia|2018-12-09|16th Annual XMAS Cracker Invitational|1:00.41|531
20|Luykenaar, Aiden|15|2003|UCSC|Alberta|2018-11-24|UCSC TT|1:00.45|529
21|Lussier, Alexis|15|2003|CNBF|Québec|2018-12-15|Invitation Provinciale des fêtes avec épreuves Ho! Ho! Eau Libre|1:00.52|528
22|Séguin, Xavier|15|2003|PCSC|Québec|2018-12-07|Invitation Provinciale AA-AAA Pointe-Claire 2018|1:00.56|527
23|Kuzak, Zachary|15|2003|PCSC|Québec|2018-12-07|Invitation Provinciale AA-AAA Pointe-Claire 2018|1:00.71|523
24|Ford, Daniel|15|2002|KSC|Alberta|2018-11-18|KSC SC Invitational 2018|1:00.75|522
25|Turner, Joshua|15|2003|CALAC|Québec|2018-12-08|Invitation provinciale des fêtes CSLA|1:00.90|518
26|Dupuis, Yannick|15|2003|CNBO|New Brunswick|2018-11-03|NYAC Cup|1:00.92|517
27|El Aref, Omar|15|2003|OAK|Ontario|2018-11-11|2018 Age Group International SC|1:00.98|516
28|Fullum-Huot, Edouard|15|2002|NN|Québec|2018-11-03|Festival provincial par équipe section 1|1:01.08|513
29|Devyatykh, Timur|15|2003|OAK|Ontario|2018-12-07|Youth Cup|1:01.10|513
30|Weaver, Liam|15|2003|CP|Alberta|2018-10-28|Cascade Speed Meet|1:01.11|513
31|MacPherson, Gregor|15|2003|AAC|Ontario|2018-11-03|NYAC Cup|1:01.17|511
32|Loewen, Benjamin|15|2004|CREST|Ontario|2019-04-27|2019 Ontario Team Challenge|1:01.23|509
33|Cho, Andy|15|2003|SKSC|British Columbia|2018-11-03|Odlum Brown Colleges Cup Pacific Hosted by UBC|1:01.25|509
34|Joyce, Cole|15|2003|KBM|Ontario|2019-02-01|2019 Eastern Ontario Regional Championships (SC/LC)|1:01.43|505
35|Koueiki, Jeremy|15|2003|CASE|Québec|2018-11-11|Festival provincial par équipe section 2|1:01.45|504
36|Dumitras, Costa|15|2003|NYAC|Ontario|2018-12-07|Youth Cup|1:01.52|502
37|Ruel, Louis|15|2003|RL|Québec|2019-04-27|Défi QNI AllTides|1:01.54|502
38|Beckstead-Holman, William|15|2003|GMAC|Ontario|2019-05-11|Rally for Regionals|1:01.55|502
39|Shearer, Colin|15|2003|LAC|Ontario|2018-12-15|Team Showdown 2018|1:01.57|501
39|Lalonde, Alexander|15|2003|CP|Alberta|2018-12-16|JP Fiset Invitational|1:01.57|501
41|Bell, Tyler|15|2003|CW|Ontario|2018-12-07|Invitation Provinciale AA-AAA Pointe-Claire 2018|1:01.61|500
42|Volodin, Artiom|15|2003|CAMO|Québec|2018-12-07|Invitation provinciale AA-AAA Noël + Développement 11-12 ans CAMO|1:01.82|495
43|Mersereau, Colson|15|2003|CVAC|New Brunswick|2019-02-01|NB Open Cup - Coupe NB|1:02.02|490
44|Marquis, Felix-Antoine|15|2003|LMRL|Québec|2018-12-08|Défi Nez-Rouge 2018|1:02.06|489
45|Duncan, Murray|15|2003|RDCSC|Alberta|2019-01-20|Blue Bears 2019|1:02.15|487
46|Campbell, Colin|15|2003|GMAC|Ontario|2018-12-15|Team Showdown 2018|1:02.17|487
47|Peckham, Gregory|15|2003|WS|Ontario|2019-04-27|2019 Ontario Team Challenge|1:02.20|486
48|Greenshields, Sam|15|2003|OAK|Ontario|2018-12-07|Youth Cup|1:02.30|484
49|Jensen, Alexander|15|2003|GMAC|Ontario|2018-12-07|Dash for Cash|1:02.31|483
50|Castillo, Juan|15|2003|UCSC|Alberta|2018-10-28|Cascade Speed Meet|1:02.34|483