RANK|ATHLETES|AGE|YOB|CLUB|PROVINCE|DATE|MEET|TIME|FINA
1|Fernando, Dillon|15|2003|RAMAC|Ontario|2018-12-15|Ontario Junior International|25.10|655
2|Ghaziri, Ramy|15|2003|LMRL|Québec|2018-11-10|Festival provincial par équipe section 2|25.61|616
3|Ouellet, Mathieu|15|2003|CNJA|Québec|2019-04-28|Invitation régionale Sag-Lac 4|25.74|607
4|Fullum-Huot, Edouard|15|2002|NN|Québec|2018-11-03|Festival provincial par équipe section 1|25.90|596
5|McDonald, Thomas|15|2003|GMAC|Ontario|2019-01-06|University of Guelph - Club Invitational|26.08|584
6|Park, Kevin|15|2003|CREST|Ontario|2018-12-08|Border City Invitational|26.19|576
7|Sava, Michael Andrew|15|2002|RAMAC|Ontario|2018-11-11|2018 Age Group International SC|26.20|576
8|Tong, Eric|15|2002|MAC|Ontario|2018-11-02|NYAC Cup|26.44|560
9|Boden, Alex|15|2003|GHAC|Ontario|2018-12-08|Border City Invitational|26.45|559
10|Porterfield, William|15|2003|GHAC|Ontario|2019-02-03|2019 Western Region SC Champs|26.50|556
11|Ternier-Smith, Griffin|15|2003|CONNU|British Columbia|2018-12-16|JP Fiset Invitational|26.55|553
12|Campbell, Colin|15|2003|GMAC|Ontario|2018-12-09|Dash for Cash|26.58|551
13|Coutu, Victor|15|2003|BBST|Ontario|2018-11-02|NYAC Cup|26.69|544
14|Duong, Raymond|15|2002|APEX|Ontario|2018-11-02|NYAC Cup|26.71|543
15|Wong, Carson|15|2003|GATOR|British Columbia|2018-12-15|Rapids Fast-Swim Classic|26.86|534
16|Friesen, Ian|15|2003|CW|Ontario|2018-11-17|Expressway Lincoln Fall Invitational|26.89|532
17|Klakov, Maksym|15|2003|NEW|Ontario|2018-12-15|Ontario Junior International|26.91|531
18|Fu, Fanghe|15|2003|GO|Ontario|2018-12-15|Ontario Junior International|26.97|528
19|Babits, Jozsef|15|2003|LASC|Alberta|2019-01-26|Mint Smartwash Winter Classic|27.01|525
20|Beckstead-Holman, Marcus|15|2003|GMAC|Ontario|2018-11-02|NYAC Cup|27.02|525
21|DeBruijn, Jaden|15|2003|RDCSC|Alberta|2019-03-02|Provincials - Short Course|27.03|524
22|Penner, Sean|15|2003|NCSA|Alberta|2019-07-14|UCSC Western Finale|27.05|523
23|Banville, Noah|15|2002|CNQ|Québec|2018-10-14|Invitation ROSE Nageons pour la cause|27.06|522
24|Fitzpatrick, Brendan|15|2003|UVPCS|British Columbia|2018-10-19|Hamilton Aquatics Short Course|27.08|521
25|Karlov, Evan|15|2003|AAC|Ontario|2018-11-02|NYAC Cup|27.11|519
25|Vale, Jayden|15|2003|RDCSC|Alberta|2018-12-16|JP Fiset Invitational|27.11|519
27|Lussier, Alexis|15|2003|CNBF|Québec|2019-01-19|Invitation Provinciale CNBF 11 ans et plus|27.12|519
28|Ferguson, Liam|15|2003|HTAC|Nova Scotia|2018-12-16|Age Group Development Meet|27.13|518
28|Setiawan, Anggaraksa|15|2003|ELITE|Québec|2018-12-14|Invitation Provinciale des fêtes avec épreuves Ho! Ho! Eau Libre|27.13|518
30|Neuman, Sean|15|2003|GGST|Ontario|2018-12-07|Gatineau Grand Prix|27.20|514
31|Ziaian, Bijan|15|2003|GGST|Ontario|2018-11-11|2018 Age Group International SC|27.21|514
32|Leclerc, Gabriel|15|2002|YKPB|Northwest Territories|2018-10-28|Cascade Speed Meet|27.23|513
33|Lin, Austin|15|2003|MJKFF|Saskatchewan|2018-12-16|ManSask Championships Short Course Open Championships|27.24|512
34|Bracho, Quitze|15|2003|CW|Ontario|2018-12-08|Invitation Provinciale AA-AAA Pointe-Claire 2018|27.26|511
35|Dupuis, Yannick|15|2003|CNBO|New Brunswick|2018-10-20|October First Chance meet 2018|27.33|507
36|Pond, Miguel|15|2003|MPM|Newfoundland|2018-11-25|2018 Mount Pearl Marlins 3rd Annual Sink or Swim Invitiational|27.37|505
37|Kabbani, Aimeri|15|2003|CAPC|Québec|2019-03-24|Invitation Printanière AA et moins tous les âges|27.38|504
38|Hosang, Jordan|15|2002|CP|Alberta|2018-10-28|Cascade Speed Meet|27.39|504
38|Dagasso, Michael|15|2002|KCS|British Columbia|2018-12-15|26th Annual MJB Law Classic SCM|27.39|504
40|Courchesne, Étienne|15|2003|MEGO|Québec|2018-11-10|Festival provincial par équipe section 2|27.44|501
41|Guo, Andrew|15|2002|UCSC|Alberta|2018-10-28|Cascade Speed Meet|27.51|497
41|Wong, Joshua|15|2003|UCSC|Alberta|2019-02-01|UCSC Grand Prix|27.51|497
41|Luykenaar, Aiden|15|2003|UCSC|Alberta|2019-03-08|UCSC Team Champs|27.51|497
44|Godelie, Oliver|15|2003|NHAC|Ontario|2019-02-03|2019 Western Region SC Champs|27.53|496
44|Benkrid, Anes|15|2003|ELITE|Québec|2018-11-03|Festival provincial par équipe section 1|27.53|496
46|Marquis, Felix-Antoine|15|2003|LMRL|Québec|2019-01-27|Inter-provinciale LMRL 2019|27.56|494
47|Acton, Daniel|15|2002|HHBF|Ontario|2018-10-13|MMST Dash for Cash|27.57|494
47|Furdui, Bogdan Ion|15|2003|CDNDG|Québec|2018-11-10|Festival provincial par équipe section 4|27.57|494
47|Peckham, Gregory|15|2003|WS|Ontario|2019-01-20|Winter Invitational|27.57|494
47|Tzankov, Michael|15|2003|CSLA|Québec|2018-12-09|Invitation provinciale des fêtes CSLA|27.57|494