RANK|ATHLETES|AGE|YOB|CLUB|PROVINCE|DATE|MEET|TIME|FINA
1|Axon, Alexander|15|2003|MAC|Ontario|2018-12-14|Ontario Junior International|8:05.25|763
2|Volodin, Artiom|15|2003|CAMO|Québec|2018-12-14|Ontario Junior International|8:22.62|686
3|Bartoch, Hayden|15|2003|HWAC|Nova Scotia|2018-12-14|Age Group Development Meet|8:24.63|678
4|McNeill, Hugh|15|2003|LOSC|British Columbia|2018-12-09|16th Annual XMAS Cracker Invitational|8:26.97|669
5|Friesen, Ian|15|2003|CW|Ontario|2018-11-16|Expressway Lincoln Fall Invitational|8:27.95|665
6|Syrgiannis, Matthew|15|2003|ROD|Saskatchewan|2018-12-15|ManSask Championships Short Course Open Championships|8:30.50|655
7|Courchesne, Étienne|15|2003|MEGO|Québec|2018-12-06|Invitation Provinciale AA-AAA Pointe-Claire 2018|8:30.68|654
8|Dautrey, Jacob|15|2003|CNSH|Québec|2018-12-14|Ontario Junior International|8:33.50|643
9|Lewington, Mackenzie|15|2002|PGB|British Columbia|2018-12-15|Dec 8 Time Trial 400 800|8:38.88|624
10|Risk, William|15|2003|ROCS|Ontario|2019-02-02|2019 Eastern Ontario Regional Championships (SC/LC)|8:40.61|617
11|Dennett, Liam|15|2003|UCSC|Alberta|2018-10-28|Cascade Speed Meet|8:41.03|616
12|Ruel, Louis|15|2003|RL|Québec|2018-12-02|Invitation provinciale 2018|8:41.57|614
13|Stokesbury-Price, Bo|15|2002|WTSC|Nova Scotia|2018-12-14|Age Group Development Meet|8:42.36|611
14|McCloy, Patrick|15|2003|UCSC|Alberta|2018-10-28|Cascade Speed Meet|8:43.44|607
15|Park, Kevin|15|2003|CREST|Ontario|2018-12-07|Border City Invitational|8:44.33|604
16|Slinn, Calvin|15|2003|WDSC|British Columbia|2019-01-18|Canadian Dolphin New Years Invitational 2019|8:46.84|596
17|Klakov, Maksym|15|2003|NEW|Ontario|2018-10-19|HARVEST/AUTUMN INVITATIONAL|8:47.07|595
18|Vale, Jayden|15|2003|RDCSC|Alberta|2019-01-18|Blue Bears 2019|8:47.88|592
19|Belkhelladi, Malachy|15|2003|ELITE|Québec|2018-11-04|Festival provincial par équipe section 1|8:49.08|588
20|Dobie, Maxwell|15|2003|BRANT|Ontario|2019-01-31|2019 Western Region SC Champs|8:49.13|588
21|Shearer, Colin|15|2003|LAC|Ontario|2018-11-23|LAC - Nothers Fall Invitational|8:51.43|580
22|Skofteby, Ethan|15|2002|CSSSC|British Columbia|2018-11-02|VKSC Fall Invitational 2018|8:52.74|576
23|Ireland, Kevin|15|2003|MSSAC|Ontario|2018-10-19|HARVEST/AUTUMN INVITATIONAL|8:55.09|569
24|Xu, Bob|15|2003|VAC|Ontario|2018-11-11|42nd Cindy Nicholas Invitational|8:55.34|568
25|Tichy, Reid|15|2003|VAC|Ontario|2018-11-11|42nd Cindy Nicholas Invitational|8:56.03|566
26|Beckstead-Holman, Marcus