RANK|ATHLETES|AGE|YOB|CLUB|PROVINCE|DATE|MEET|TIME|FINA
1|Dennett, Liam|15|2003|UCSC|Alberta|2018-12-14|Ontario Junior International|1:52.20|694
2|Friesen, Ian|15|2003|CW|Ontario|2018-12-07|Invitation Provinciale AA-AAA Pointe-Claire 2018|1:52.52|688
3|Axon, Alexander|15|2003|MAC|Ontario|2018-11-04|NYAC Cup|1:53.08|678
4|Alaoui, Akram|15|2003|CAMO|Québec|2018-12-14|Ontario Junior International|1:54.04|661
5|Klakov, Maksym|15|2003|NEW|Ontario|2018-12-08|Border City Invitational|1:54.36|656
6|Fullum-Huot, Edouard|15|2002|NN|Québec|2018-11-03|Festival provincial par équipe section 1|1:54.77|649
7|Volodin, Artiom|15|2003|CAMO|Québec|2018-12-07|Invitation provinciale AA-AAA Noël + Développement 11-12 ans CAMO|1:54.99|645
8|Stone, Kieran|15|2003|CW|Ontario|2018-12-07|Invitation Provinciale AA-AAA Pointe-Claire 2018|1:55.00|645
9|McCloy, Patrick|15|2003|UCSC|Alberta|2018-12-07|Youth Cup|1:55.17|642
10|Belkhelladi, Malachy|15|2003|ELITE|Québec|2018-12-07|Invitation Provinciale AA-AAA Pointe-Claire 2018|1:55.23|641
11|Wang, Michael|15|2003|ESWIM|Ontario|2018-11-09|2018 Age Group International SC|1:55.35|639
12|Skofteby, Ethan|15|2002|CSSSC|British Columbia|2018-12-16|26th Annual MJB Law Classic SCM|1:55.53|636
13|Ternier-Smith, Griffin|15|2003|CONNU|British Columbia|2018-12-14|JP Fiset Invitational|1:55.64|634
14|Duong, Raymond|15|2002|APEX|Ontario|2018-11-04|NYAC Cup|1:55.94|629
15|Burton, Russell|15|2003|GMAC|Ontario|2018-11-04|NYAC Cup|1:55.96|629
16|Aguiar-Winter, Evan|15|2003|OTTER|Ontario|2018-12-07|Youth Cup|1:56.04|627
17|Fu, Fanghe|15|2003|GO|Ontario|2018-12-14|Ontario Junior International|1:56.09|627
18|Beckstead-Holman, William|15|2003|GMAC|Ontario|2018-12-15|Team Showdown 2018|1:56.47|621
19|Beckstead-Holman, Marcus|15|2003|GMAC|Ontario|2018-11-04|NYAC Cup|1:56.61|618
20|Kuzak, Zachary|15|2003|PCSC|Québec|2018-12-07|Invitation Provinciale AA-AAA Pointe-Claire 2018|1:56.64|618
21|Simonov, Dennis|15|2003|CAMO|Québec|2018-12-07|Invitation provinciale AA-AAA Noël + Développement 11-12 ans CAMO|1:56.67|617
22|Cho, Andy|15|2003|SKSC|British Columbia|2018-12-14|Ontario Junior International|1:56.92|613
23|Courchesne, Étienne|15|2003|MEGO|Québec|2018-11-10|Festival provincial par équipe section 2|1:56.98|612
24|Basi, Armaan|15|2003|CHENA|British Columbia|2018-11-10|2018 Brad Reid Memorial Invitational|1:57.16|610
25|Syrgiannis, Matthew|15|2003|ROD|Saskatchewan|2018-12-16|ManSask Championships Short Course Open Championships|1:57.46|605
26|Caron, Jérémie|15|2003|CAMO|Québec|2018-12-07|Invitation provinciale AA-AAA Noël + Développement 11-12 ans CAMO|1:57.52|604
27|Ouellet, Mathieu|15|2003|CNJA|Québec|2019-04-27|Invitation régionale Sag-Lac 4|1:57.64|602
28|Mbobela, Jakob|15|2003|RAC|British Columbia|2018-11-10|ISC 2018 Bennett Cup|1:57.65|602
29|Dautrey, Jacob|15|2003|CNSH|Québec|2018-11-03|Festival provincial par équipe section 3|1:57.70|601
30|Risk, William|15|2003|ROCS|Ontario|2018-12-14|Ontario Junior International|1:57.78|600
31|De Jager, Edward|15|2003|SPART|British Columbia|2018-12-14|Rapids Fast-Swim Classic|1:58.07|596
32|Daly Stevens, Trael|15|2002|CT33|Ontario|2018-11-03|2018 Barrie Aquafest|1:58.08|595
33|Bennett, Nicholas|15|2003|RAC|British Columbia|2018-12-07|16th Annual XMAS Cracker Invitational|1:58.14|595
34|Bell, Tyler|15|2003|CW|Ontario|2018-12-07|Invitation Provinciale AA-AAA Pointe-Claire 2018|1:58.15|594
35|Shearer, Colin|15|2003|LAC|Ontario|2018-12-15|Team Showdown 2018|1:58.18|594
36|Greenshields, Sam|15|2003|OAK|Ontario|2018-12-07|Youth Cup|1:58.19|594
37|Poulos, George|15|2002|BORC|Ontario|2018-11-09|2018 Age Group International SC|1:58.26|593
38|Tichy, Reid|15|2003|VAC|Ontario|2018-12-09|Vaughan Aquatic Club 30th Annual Roy Jacobson Inv 2018|1:58.32|592
39|Campbell, Colin|15|2003|GMAC|Ontario|2018-12-07|Dash for Cash|1:58.33|592
40|Neuman, Sean|15|2003|GGST|Ontario|2018-12-07|Gatineau Grand Prix|1:58.39|591
41|Fotherby, Justin|15|2003|KISU|British Columbia|2018-12-16|26th Annual MJB Law Classic SCM|1:58.68|586
42|Loewen, Benjamin|15|2004|CREST|Ontario|2019-04-27|2019 Ontario Team Challenge|1:58.94|583
43|Paz, Diego|15|2003|KCS|British Columbia|2018-12-16|26th Annual MJB Law Classic SCM|1:59.06|581
44|Setiawan, Anggaraksa|15|2003|ELITE|Québec|2018-12-15|Invitation Provinciale des fêtes avec épreuves Ho! Ho! Eau Libre|1:59.10|580
45|Vale, Jayden|15|2003|RDCSC|Alberta|2018-12-14|JP Fiset Invitational|1:59.13|580
46|Strople, Alex|15|2003|OAK|Ontario|2018-12-14|Ontario Junior International|1:59.15|580
47|Dupuis, Yannick|15|2003|CNBO|New Brunswick|2019-05-08|CNBO In-house – Compétition maison CNBO|1:59.18|579
48|Park, Kevin|15|2003|CREST|Ontario|2018-12-08|Border City Invitational|1:59.21|579
49|Fitzpatrick, Brendan|15|2003|UVPCS|British Columbia|2018-10-19|Hamilton Aquatics Short Course|1:59.23|578
50|Guo, Andrew|15|2002|UCSC|Alberta|2018-10-26|Cascade Speed Meet|1:59.36|577