RANK|ATHLETES|AGE|YOB|CLUB|PROVINCE|DATE|MEET|TIME|FINA
1|Pembroke, Joshua|15|2003|CBSC|Newfoundland|2019-04-05|Aqua Aces Spring Invitational|26.33|881
2|Fitzpatrick, Brendan|15|2003|UVPCS|British Columbia|2018-12-07|Hamilton Aquatics Winter Long Course|28.91|666
3|Burton, Russell|15|2003|GMAC|Ontario|2018-12-08|Dash for Cash|29.40|633
4|Brill, Kameron|15|2003|UCSC|Alberta|2018-12-15|JP Fiset Invitational|29.44|630
5|Luykenaar, Aiden|15|2003|UCSC|Alberta|2019-06-21|UCSC Team Champs|29.63|618
6|Ghaziri, Ramy|15|2003|LMRL|Québec|2018-11-09|Festival provincial par équipe section 2|29.80|608
7|Lapshin, Alexandr|15|2003|EKSC|Alberta|2018-12-15|JP Fiset Invitational|30.23|582
8|Benkrid, Anes|15|2003|ELITE|Québec|2018-12-07|Invitation Provinciale AA-AAA Pointe-Claire 2018|30.34|576
9|Crook, Cole|15|2003|CONNU|British Columbia|2018-12-15|JP Fiset Invitational|30.55|564
10|Jong, Ethan|15|2002|MAC|Ontario|2018-11-02|NYAC Cup|30.84|548
11|Lussier, Alexis|15|2003|CNBF|Québec|2018-11-09|Festival provincial par équipe section 4|30.91|545
12|Corish, Evan|15|2003|MSSAC|Ontario|2018-12-01|Neptune International (CSPO 25m)|30.94|543
13|Baena, Liam|15|2002|GMAC|Ontario|2018-12-08|Dash for Cash|31.04|538
14|Gong, Run Qian|15|2003|WVOSC|British Columbia|2018-12-15|ManSask Championships Short Course Open Championships|31.07|536
15|Bull, Cormac|15|2003|SJL|Newfoundland|2018-12-07|Invitation Provinciale AA-AAA Pointe-Claire 2018|31.10|535
16|Jensen, Alexander|15|2003|GMAC|Ontario|2018-11-02|NYAC Cup|31.13|533
16|Bilous, Jayden|15|2003|GOLD|Saskatchewan|2018-12-15|ManSask Championships Short Course Open Championships|31.13|533
18|Dong, Tommy Sijun|15|2002|WVOSC|British Columbia|2018-12-15|ManSask Championships Short Course Open Championships|31.19|530
19|Leclerc, Gabriel|15|2002|YKPB|Northwest Territories|2018-10-28|Cascade Speed Meet|31.24|528
19|Koueiki, Jeremy|15|2003|CASE|Québec|2018-11-09|Festival provincial par équipe section 2|31.24|528
21|Park, Kevin|15|2003|CREST|Ontario|2018-11-10|2018 Age Group International SC|31.25|527
22|Kormendy, Dylan|15|2003|ISC|British Columbia|2018-12-07|Invitation Provinciale AA-AAA Pointe-Claire 2018|31.29|525
23|Chen, Jason|15|2003|CNSL|Québec|2018-11-09|Festival provincial par équipe section 5 - Nord|31.30|524
24|Bennett, Nicholas|15|2003|RAC|British Columbia|2019-01-27|Vancouver Island Regional SC Championships|31.31|524
25|Bédard, Alexandre|15|2002|CNQ|Québec|2018-11-02|Festival provincial par équipe section 1|31.33|523
26|Milne, Colton|15|2002|NKB|Ontario|2018-12-01|Neptune International (CSPO 25m)|31.48|516
27|Terejko, Simon|15|2004|WRMS|Ontario|2019-02-02|2019 Western Region SC Champs|31.55|512
27|Yoon, Frederic|15|2004|CREST|Ontario|2019-04-28|2019 Ontario Team Challenge|31.55|512
29|WISE, SAMUEL|15|2003|KSC|Alberta|2019-03-03|Provincials - Short Course|31.60|510
29|Babits, Jozsef|15|2003|LASC|Alberta|2019-01-26|Mint Smartwash Winter Classic|31.60|510
31|Azevedo, Phillipe|15|2003|OSC|Alberta|2018-12-15|JP Fiset Invitational|31.63|508
32|Couture, Simon|15|2003|UL|Québec|2018-11-02|Festival provincial par équipe section 1|31.64|508
32|Babits, Laszlo|15|2003|LASC|Alberta|2018-12-15|JP Fiset Invitational|31.64|508
34|Beckstead-Holman, Marcus|15|2003|GMAC|Ontario|2018-12-08|Dash for Cash|31.68|506
35|Panneton, Alexis|15|2004|CNMN|Québec|2019-06-08|Invitation Super Splash|31.86|497
36|Marquis, Felix-Antoine|15|2003|LMRL|Québec|2019-04-27|3è Régionale de l'est-du-Québec|31.87|497
36|DeBruijn, Jaden|15|2003|RDCSC|Alberta|2019-03-03|Provincials - Short Course|31.87|497
38|Gagné, Benjamin|15|2004|CNCI|Québec|2019-05-26|Championnat régional Sag-Lac 5|31.88|496
39|Shearer, Colin|15|2003|LAC|Ontario|2018-10-21|LAC - Fall Startup Part 1|32.03|489
40|Graboski, Theo|15|2004|UCSC|Alberta|2019-07-14|UCSC Western Finale|32.04|489
40|Ellul-Wheeler, Austin|15|2003|WAC|Ontario|2018-12-09|Border City Invitational|32.04|489
42|Pond, Miguel|15|2003|MPM|Newfoundland|2019-06-09|2019 Summer Classic Invitational|32.11|486
42|Mbobela, Jakob|15|2003|RAC|British Columbia|2019-01-27|Vancouver Island Regional SC Championships|32.11|486
44|Longval, Yannick|15|2003|OYO|Ontario|2018-12-07|Gatineau Grand Prix|32.12|485
45|Duong, Raymond|15|2002|APEX|Ontario|2018-10-12|MAC Fall Fest Invitational|32.14|484
46|Zhang, Peter|15|2003|WSC|British Columbia|2019-01-20|Canadian Dolphin New Years Invitational 2019|32.19|482
47|Rapp, Jacob|15|2003|WSSC|Ontario|2018-12-09|Border City Invitational|32.24|480
48|Boden, Alex|15|2003|GHAC|Ontario|2018-12-09|Border City Invitational|32.33|476
49|Bird, Matthew|15|2003|KISU|British Columbia|2018-12-14|26th Annual MJB Law Classic SCM|32.40|473
50|Rossiter, Andrew|15|2003|SJL|Newfoundland|2018-12-07|Invitation Provinciale AA-AAA Pointe-Claire 2018|32.41|472