RANK|ATHLETES|AGE|YOB|CLUB|PROVINCE|DATE|MEET|TIME|FINA
1|Ghaziri, Ramy|15|2003|LMRL|Québec|2018-11-09|Festival provincial par équipe section 2|26.36|598
2|Burton, Russell|15|2003|GMAC|Ontario|2018-12-14|Ontario Junior International|26.49|590
3|Buck, Carter|15|2003|LAC|Ontario|2019-02-01|2019 Western Region SC Champs|26.85|566
4|Fullum-Huot, Edouard|15|2002|NN|Québec|2018-11-02|Festival provincial par équipe section 1|27.43|531
5|Park, Kevin|15|2003|CREST|Ontario|2018-10-12|MAC Fall Fest Invitational|27.48|528
6|Beckstead-Holman, Marcus|15|2003|GMAC|Ontario|2018-12-16|Team Showdown 2018|27.66|518
7|Weaver, Liam|15|2003|CP|Alberta|2019-01-19|Pugsley's Plunge 2019|27.68|517
8|McNeill, Hugh|15|2003|LOSC|British Columbia|2018-12-14|Ontario Junior International|27.70|516
9|Porterfield, William|15|2003|GHAC|Ontario|2019-02-03|2019 Western Region SC Champs|27.89|505
10|MacPherson, Gregor|15|2003|AAC|Ontario|2018-11-04|NYAC Cup|27.95|502
11|Fernando, Dillon|15|2003|RAMAC|Ontario|2019-01-13|2019 Etobicoke A-B Meet|27.96|501
12|Carrier, Sébastien|15|2003|MY|Québec|2018-11-02|Festival provincial par équipe section 5 - Sud|28.00|499
13|Babits, Jozsef|15|2003|LASC|Alberta|2019-01-25|Mint Smartwash Winter Classic|28.14|492
14|Baker, Bryce|15|2003|ISC|British Columbia|2019-01-25|Vancouver Island Regional SC Championships|28.18|490
15|Marquis, Felix-Antoine|15|2003|LMRL|Québec|2019-05-05|Invitation du Printemps|28.22|488
16|Luykenaar, Aiden|15|2003|UCSC|Alberta|2018-10-27|Cascade Speed Meet|28.25|486
17|Summers, Joshua|15|2003|UCSC|Alberta|2019-02-01|UCSC Grand Prix|28.31|483
18|Lussier, Alexis|15|2003|CNBF|Québec|2018-11-09|Festival provincial par équipe section 4|28.37|480
19|Mersereau, Colson|15|2003|CVAC|New Brunswick|2019-02-02|NB Open Cup - Coupe NB|28.38|479
20|Duong, Raymond|15|2002|APEX|Ontario|2018-11-04|NYAC Cup|28.44|476
21|Lajoie, Griffin|15|2003|TSC|Ontario|2018-11-04|NYAC Cup|28.58|469
22|Turner, Joshua|15|2003|CALAC|Québec|2018-12-07|Invitation provinciale des fêtes CSLA|28.61|468
23|Ziaian, Bijan|15|2003|GGST|Ontario|2018-12-09|Gatineau Grand Prix|28.66|466
24|Mitchell, Cole|15|2003|CCSC|Ontario|2018-12-22|2018 Trillium Cup|28.67|465
25|Joyce, Cole|15|2003|KBM|Ontario|2019-02-02|2019 Eastern Ontario Regional Championships (SC/LC)|28.69|464
26|Courville Fortin, Loic|15|2004|TORP|Québec|2019-06-09|BBQ groupe d'âge 2019|28.71|463
27|Kabbani, Aimeri|15|2003|CAPC|Québec|2019-03-24|Invitation Printanière AA et moins tous les âges|28.73|462
28|Lalonde, Alexander|15|2003|CP|Alberta|2019-01-19|Pugsley's Plunge 2019|28.74|462
29|Boden, Alex|15|2003|GHAC|Ontario|2018-11-04|NYAC Cup|28.75|461
29|Dumitras, Costa|15|2003|NYAC|Ontario|2018-11-04|NYAC Cup|28.75|461
31|Ferguson, Liam|15|2003|HTAC|Nova Scotia|2018-12-16|Age Group Development Meet|28.77|460
32|Bracho, Quitze|15|2003|CW|Ontario|2018-12-09|Invitation Provinciale AA-AAA Pointe-Claire 2018|28.78|460
32|Dupuis, Yannick|15|2003|CNBO|New Brunswick|2019-02-02|NB Open Cup - Coupe NB|28.78|460
34|Skofteby, Ethan|15|2002|CSSSC|British Columbia|2018-10-14|KISU Triple Pentathlon 2018|28.81|458
34|Drolet, Nicolas|15|2003|UL|Québec|2018-11-02|Festival provincial par équipe section 1|28.81|458
36|El Aref, Omar|15|2003|OAK|Ontario|2018-11-09|2018 Age Group International SC|28.85|456
37|Friesen, Ian|15|2003|CW|Ontario|2018-11-16|Expressway Lincoln Fall Invitational|28.87|455
38|Normand, Samuel|15|2004|CNQ|Québec|2019-05-05|Invitation du Printemps|28.88|455
39|Shearer, Colin|15|2003|LAC|Ontario|2019-02-01|2019 Western Region SC Champs|28.91|454
40|Stavnitzky, Emmett|15|2003|WRMS|Ontario|2019-02-01|2019 Western Region SC Champs|28.92|453
41|Quigley, James|15|2002|LAC|Ontario|2018-10-21|LAC - Fall Startup Part 1|28.93|453
42|McGillivray, Michael|15|2002|ROD|Saskatchewan|2018-11-04|Odlum Brown Colleges Cup Pacific Hosted by UBC|28.94|452
43|Klakov, Maksym|15|2003|NEW|Ontario|2018-12-09|Border City Invitational|28.96|451
44|Brager, Jakob|15|2003|NRST|British Columbia|2018-12-07|16th Annual XMAS Cracker Invitational|28.99|450
45|Séguin, Xavier|15|2003|PCSC|Québec|2018-12-09|Invitation Provinciale AA-AAA Pointe-Claire 2018|29.03|448
45|Abrams, Gerrit|15|2004|UCRO|Ontario|2019-06-09|Brockville Splash N Grill|29.03|448
47|Guo, Andrew|15|2002|UCSC|Alberta|2018-11-17|KSC SC Invitational 2018|29.04|447
48|Beckstead-Holman, William|15|2003|GMAC|Ontario|2018-12-09|Dash for Cash|29.05|447
49|Couture, Simon|15|2003|UL|Québec|2018-12-14|Invitation Provinciale des fêtes avec épreuves Ho! Ho! Eau Libre|29.06|447
50|Peckham, Gregory|15|2003|WS|Ontario|2019-04-28|2019 Ontario Team Challenge|29.11|444