RANK|ATHLETES|AGE|YOB|CLUB|PROVINCE|DATE|MEET|TIME|FINA
1|Fernando, Dillon|15|2003|RAMAC|Ontario|2018-12-14|Ontario Junior International|55.13|663
2|Sava, Michael Andrew|15|2002|RAMAC|Ontario|2018-11-10|2018 Age Group International SC|56.22|625
3|Park, Kevin|15|2003|CREST|Ontario|2018-12-09|Border City Invitational|56.66|611
4|Alaoui, Akram|15|2003|CAMO|Québec|2018-11-04|Festival provincial par équipe section 1|57.17|594
5|Cho, Andy|15|2003|SKSC|British Columbia|2019-01-13|2019 Hyack Icebreaker Classic|57.19|594
6|McDonald, Thomas|15|2003|GMAC|Ontario|2018-12-08|Dash for Cash|57.27|591
7|Boden, Alex|15|2003|GHAC|Ontario|2018-12-09|Border City Invitational|57.70|578
8|Ghaziri, Ramy|15|2003|LMRL|Québec|2018-11-11|Festival provincial par équipe section 2|57.87|573
9|Loewen, Benjamin|15|2004|CREST|Ontario|2019-04-26|2019 Ontario Team Challenge|58.07|567
10|Belkhelladi, Malachy|15|2003|ELITE|Québec|2018-12-07|Invitation Provinciale AA-AAA Pointe-Claire 2018|58.35|559
11|Burton, Russell|15|2003|GMAC|Ontario|2018-10-21|No Pain No Gain|58.64|551
12|Ouellet, Mathieu|15|2003|CNJA|Québec|2019-04-27|Invitation régionale Sag-Lac 4|58.89|544
13|Beckstead-Holman, Marcus|15|2003|GMAC|Ontario|2018-12-08|Dash for Cash|58.94|542
14|Beckstead-Holman, William|15|2003|GMAC|Ontario|2019-05-11|Rally for Regionals|59.01|540
15|Aguiar-Winter, Evan|15|2003|OTTER|Ontario|2018-12-08|Youth Cup|59.09|538
16|MacPherson, Gregor|15|2003|AAC|Ontario|2018-11-04|NYAC Cup|59.17|536
17|Penner, Sean|15|2003|NCSA|Alberta|2018-12-14|ManSask Championships Short Course Open Championships|59.25|534
18|Bartoch, Hayden|15|2003|HWAC|Nova Scotia|2018-12-15|Age Group Development Meet|59.32|532
19|Ziaian, Bijan|15|2003|GGST|Ontario|2018-12-08|Gatineau Grand Prix|59.33|532
20|Kormendy, Dylan|15|2003|ISC|British Columbia|2018-12-07|Invitation Provinciale AA-AAA Pointe-Claire 2018|59.48|528
21|Fotherby, Justin|15|2003|KISU|British Columbia|2019-03-16|KISU Regional Draft Meet 2019|59.49|527
22|Duncan-Snobel, Finn|15|2003|OAK|Ontario|2018-12-08|Youth Cup|59.51|527
23|De Jager, Edward|15|2003|SPART|British Columbia|2018-12-16|Rapids Fast-Swim Classic|59.54|526
24|Vale, Jayden|15|2003|RDCSC|Alberta|2019-01-20|Blue Bears 2019|59.55|526
25|Fitzpatrick, Brendan|15|2003|UVPCS|British Columbia|2018-10-19|Hamilton Aquatics Short Course|59.60|524
25|Carrier, Sébastien|15|2003|MY|Québec|2018-11-04|Festival provincial par équipe section 5 - Sud|59.60|524
27|Friesen, Ian|15|2003|CW|Ontario|2018-10-13|2018 Hall of Fame Meet|59.72|521
28|Bracho, Quitze|15|2003|CW|Ontario|2018-12-07|Invitation Provinciale AA-AAA Pointe-Claire 2018|59.77|520
29|Wang, Michael|15|2003|ESWIM|Ontario|2018-11-10|2018 Age Group International SC|59.87|517
30|Daly Stevens, Trael|15|2002|CT33|Ontario|2018-11-03|2018 Barrie Aquafest|59.99|514
31|Fullum-Huot, Edouard|15|2002|NN|Québec|2018-12-01|Neptune International (CSPO 25m)|1:00.02|514
32|Bull, Cormac|15|2003|SJL|Newfoundland|2019-06-08|2019 Summer Classic Invitational|1:00.08|512
33|Klakov, Maksym|15|2003|NEW|Ontario|2019-01-13|2019 Etobicoke A-B Meet|1:00.22|508
34|Pond, Miguel|15|2003|MPM|Newfoundland|2018-12-07|Invitation Provinciale AA-AAA Pointe-Claire 2018|1:00.36|505
35|Myrer, Will|15|2003|HTAC|Nova Scotia|2018-12-15|Age Group Development Meet|1:00.43|503
36|Ruel, Louis|15|2003|RL|Québec|2019-04-27|Défi QNI AllTides|1:00.45|503
37|Tong, Eric|15|2002|MAC|Ontario|2018-10-14|MAC Fall Fest Invitational|1:00.46|502
38|Courchesne, Étienne|15|2003|MEGO|Québec|2018-11-11|Festival provincial par équipe section 2|1:00.53|501
39|Marquis, Felix-Antoine|15|2003|LMRL|Québec|2019-06-08|Finale régionale|1:00.54|500
40|El Aref, Omar|15|2003|OAK|Ontario|2018-12-08|Youth Cup|1:00.56|500
41|Wang, Steven|15|2002|HYACK|British Columbia|2018-11-11|2018 Brad Reid Memorial Invitational|1:00.62|498
41|Banville, Noah|15|2002|CNQ|Québec|2018-10-13|Invitation ROSE Nageons pour la cause|1:00.62|498
43|Buck, Carter|15|2003|LAC|Ontario|2019-02-01|2019 Western Region SC Champs|1:00.65|498
43|Lajoie, Griffin|15|2003|TSC|Ontario|2018-11-04|NYAC Cup|1:00.65|498
45|Groisman, Jonathan|15|2002|VAC|Ontario|2018-11-11|42nd Cindy Nicholas Invitational|1:00.68|497
46|Zagidulin, Vladislav|15|2003|LAC|Ontario|2018-12-14|Team Showdown 2018|1:00.69|497
47|Mbobela, Jakob|15|2003|RAC|British Columbia|2019-03-02|Spring Invitational|1:00.76|495
48|Coutu, Victor|15|2003|BBST|Ontario|2019-01-12|2019 Bayside Maxillofacial Oral Surgery Centre Winter Invitational|1:00.77|495
49|Dhanju, Jovan|15|2002|MSSAC|Ontario|2018-11-04|NYAC Cup|1:00.82|494
50|Setiawan, Anggaraksa|15|2003|ELITE|Québec|2018-12-07|Invitation Provinciale AA-AAA Pointe-Claire 2018|1:00.85|493