RANK|AGES|CLUB|TEAM|PROVINCE|DATE|MEET|TIME|FINA
1|15 - 15|Club Aquatique Montreal|CAMO A|Québec|2018-11-02|Festival provincial par équipe section 1|3:36.17|609
2|15 - 15|Club aquatique CDN-NDG|CDND F|Québec|2018-11-09|Festival provincial par équipe section 4|3:56.03|468
3|15 - 15|Saint John Fundy Aquatic Club|TIDE A|New Brunswick|2018-10-20|NB Open Cup - Coupe NB|3:57.80|457
4|15 - 15|Natation Gatineau|NG A|Québec|2019-02-24|Championnat provincial groupe d'âge AA d'hiver - section Ouest|4:03.58|426
5|15 - 15|Pointe-Claire Swim Club|PCSC A|Québec|2019-06-29|Championnat provincial groupe d'âge AA d'été - Ouest|4:06.87|409
6|15 - 15|Sussex Swordfish|SWRD B|New Brunswick|2018-10-20|Invitational #1|5:00.70|226
7|15 - 15|Halifax Trojan Aquatic Club|HTAC C|Nova Scotia|2019-05-05|AA Age Group Development 3|5:14.25|198