RANK|AGES|CLUB|TEAM|PROVINCE|DATE|MEET|TIME|FINA
1|15 - 15|Guelph Marlin Aquatic Club|GMAC A|Ontario|2018-12-15|Team Showdown 2018|1:38.67|586
2|15 - 15|University Of Calgary Swim Club|UCSC A|Alberta|2018-10-20|UCSC Fall Start Up|1:39.72|568
3|15 - 15|Club Aquatique Montreal|CAMO A|Québec|2018-11-03|Festival provincial par équipe section 1|1:40.84|549
4|15 - 15|Ajax Aquatic Club|AAC A|Ontario|2019-02-09|Central Region B Champs 2019|1:41.59|537
5|15 - 15|University Of Calgary Swim Club|UCSC B|Alberta|2018-10-20|UCSC Fall Start Up|1:43.72|505
6|15 - 15|Chena Swim Club|CHENAA|British Columbia|2018-11-10|2018 Brad Reid Memorial Invitational|1:44.92|487
7|15 - 15|Richmond Hill Aquatic Club|RHAC A|Ontario|2018-12-09|Youth Cup|1:45.00|486
8|15 - 15|Calgary Patriots Swim Club|CP A|Alberta|2018-10-27|Cascade Speed Meet|1:45.74|476
9|15 - 15|Saint John Fundy Aquatic Club|TIDE A|New Brunswick|2018-10-21|Neptune International (CSPO 25m)|1:47.42|454
10|15 - 15|Collingwood Clippers Swim Club|CCSC A|Ontario|2018-10-28|Collingwood Sprint Cup 2018|1:48.83|437
11|15 - 15|St. James Seals|SEALSB|Manitoba|2018-10-28|Celebrate Swimming Invitational|1:49.82|425
12|15 - 15|Alberta Marlin Aquatic Club|AMAC A|Alberta|2018-10-27|Cascade Speed Meet|1:50.59|416
13|15 - 15|KISU Swim Club|KISU C|British Columbia|2018-12-14|26th Annual MJB Law Classic SCM|1:50.88|413
14|15 - 15|Oakville Aquatic Club|OAK A|Ontario|2018-11-17|York Invitational|1:51.11|410
15|15 - 15|Kelowna Aquajets|KAJ B|British Columbia|2018-12-14|26th Annual MJB Law Classic SCM|1:51.61|405
16|15 - 15|Kelowna Aquajets|KAJ D|British Columbia|2018-11-17|2018 KAJ Fall Classic|1:52.13|399
17|15 - 15|Calgary Winter Club|CWC A|Alberta|2018-10-27|Cascade Speed Meet|1:52.60|394
18|15 - 15|SUDBURY LAURENTIAN SWIM CLUB|SLSC B|Ontario|2019-02-02|Dave Kensit Memorial SC Championship|1:52.87|391
19|15 - 15|Edmonton Keyano Swim Club|EKSC A|Alberta|2018-10-27|Edmonton Keyano Invitational|1:52.97|390
20|15 - 15|Orangeville Otters Swim Club|OOSC B|Ontario|2019-02-03|2019 Huronia SC Regional Championships|1:53.02|390
21|15 - 15|Etobicoke Swim Club|ESWIME|Ontario|2018-12-21|2018 Trillium Cup|1:53.20|388
22|15 - 15|Nickel City Aquatics|NCA A|Ontario|2019-02-02|Dave Kensit Memorial SC Championship|1:53.90|381
23|15 - 15|W.Ross Macdonald Swimming|WRMS C|Ontario|2019-05-05|Aqua 7 Finals|1:54.08|379
24|15 - 15|Wayland Swim Club|WSC B|British Columbia|2018-11-10|2018 Brad Reid Memorial Invitational|1:54.86|371
25|15 - 15|Cascade Swim Club|CASC B|Alberta|2018-10-27|NCSA John Timmermans Memorial Invitational 2019|1:55.27|367
26|15 - 15|Olympian Swim Club|OSC A|Alberta|2018-12-08|Provincials - Short Course|1:56.16|359
27|15 - 15|Oakville Aquatic Club|OAK D|Ontario|2018-10-13|Brad Townsend Fall Classic|1:56.48|356
28|15 - 15|Owen Sound Aquatic Club|OSAC D|Ontario|2019-02-03|2019 Huronia SC Regional Championships|1:56.79|353
29|15 - 15|Nepean Kanata Barracudas|NKB A|Ontario|2019-02-23|Heats and Finals SC Finale|1:57.70|345
30|15 - 15|KISU Swim Club|KISU A|British Columbia|2018-11-17|2019 3rd Annual Winter Regional A Championships|1:57.83|344
31|15 - 15|Oakville Aquatic Club|OAK B|Ontario|2018-11-25|LAC - Nothers Fall Invitational|1:58.35|339
32|15 - 15|Toronto Swim Club|TSC B|Ontario|2019-02-23|Central Region SC C Champs (Winter)|1:58.84|335
33|15 - 15|Cfb North Bay Thunderbirds|CT33 C|Ontario|2019-02-02|Dave Kensit Memorial SC Championship|1:59.91|326
34|15 - 15|Yarmouth Y Whitecaps|YYW A|Nova Scotia|2019-05-05|AA Age Group Development 3|1:59.96|326
35|15 - 15|Nose Creek Swim Association|NCSA B|Alberta|2019-02-10|NCSA John Timmermans Memorial Invitational 2019|2:00.31|323
36|15 - 15|Okotoks Mavericks Swim Club|MAVS B|Alberta|2018-12-16|Age Group Food Bank Challenge|2:00.33|323
37|15 - 15|Cochrane Comets Swim Club|COMETA|Alberta|2018-12-09|Distance & IM Challenge|2:01.01|318
38|15 - 15|Halifax Trojan Aquatic Club|HTAC C|Nova Scotia|2019-05-05|AA Age Group Development 3|2:01.10|317
39|15 - 15|Kelowna Aquajets|KAJ J|British Columbia|2018-11-17|2018 KAJ Fall Classic|2:01.28|315
40|15 - 15|Charlottetown Bluephins Aquatic Club|CBAC B|Prince-Edward-Island|2018-12-15|9th Annual Elf Extravaganza|2:01.72|312
41|15 - 15|Cascade Swim Club|CASC C|Alberta|2018-12-16|Age Group Food Bank Challenge|2:02.02|310
42|15 - 15|St. Johns Legends Swim Club|SJL B|Newfoundland|2018-10-21|PSC Rock the Block 2018|2:02.14|309
43|15 - 15|Olympian Swim Club|OSC C|Alberta|2019-01-18|Blue Bears 2019|2:03.34|300
44|15 - 15|Ajax Aquatic Club|AAC B|Ontario|2019-02-17|2019 NYAC Feb Invitational|2:03.53|298
45|15 - 15|Summerland Orca Swim Club|SOSC A|British Columbia|2019-03-02|2019 3rd Annual Winter Regional A Championships|2:03.84|296
46|15 - 15|Halifax Trojan Aquatic Club|HTAC B|Nova Scotia|2019-06-08|AA Spring Champs|2:04.16|294
47|15 - 15|Sussex Swordfish|SWRD B|New Brunswick|2018-10-21|Invitational #1|2:04.20|294
48|15 - 15|Port Aux Basques Piranhas|PABP A|Newfoundland|2019-03-02|Last Chance For Champs Provincial Invitational|2:04.63|291
49|15 - 15|Athabasca Rapids Swim Club|ARSC A|Alberta|2019-04-07|Fast Eddie's Sprint Invitational|2:04.84|289
50|15 - 15|Corner Brook Rapids Swimclub|CBSC A|Newfoundland|2018-10-20|Last Chance For Champs Provincial Invitational|2:06.13|280