RANK|ATHLETES|AGE|YOB|CLUB|PROVINCE|DATE|MEET|TIME|FINA
1|Fotherby, Justin|15|2003|KISU|British Columbia|2019-02-22|Last Chance for Provincials|58.40|654
2|Luykenaar, Aiden|15|2003|UCSC|Alberta|2019-06-21|UCSC Team Champs|59.32|624
3|Burton, Russell|15|2003|GMAC|Ontario|2018-10-21|No Pain No Gain|1:00.05|602
4|Park, Kevin|15|2003|CREST|Ontario|2018-10-12|MAC Fall Fest Invitational|1:00.31|594
5|Fitzpatrick, Brendan|15|2003|UVPCS|British Columbia|2018-11-02|Silver Pathway #1|1:00.94|576
6|Cho, Andy|15|2003|SKSC|British Columbia|2018-10-20|2018 OCTOBER SENIOR CIRCUIT|1:01.47|561
7|Tong, Eric|15|2002|MAC|Ontario|2018-10-12|MAC Fall Fest Invitational|1:01.52|560
8|Friesen, Ian|15|2003|CW|Ontario|2018-11-18|Expressway Lincoln Fall Invitational|1:02.20|541
9|Marquis, Felix-Antoine|15|2003|LMRL|Québec|2019-05-04|Invitation du Printemps|1:02.38|537
10|Milne, Colton|15|2002|NKB|Ontario|2018-12-01|Neptune International (CSPO 25m)|1:02.43|535
11|Lussier, Alexis|15|2003|CNBF|Québec|2019-01-19|Invitation Provinciale CNBF 11 ans et plus|1:02.56|532
12|Ford, Daniel|15|2002|KSC|Alberta|2018-11-18|KSC SC Invitational 2018|1:02.69|529
13|Beckstead-Holman, Marcus|15|2003|GMAC|Ontario|2018-10-21|No Pain No Gain|1:02.74|528
14|Guo, Andrew|15|2002|UCSC|Alberta|2018-10-20|UCSC Fall Start Up|1:02.87|524
15|Leclerc, Gabriel|15|2002|YKPB|Northwest Territories|2018-11-10|Snow Meet|1:02.93|523
16|Buck, Carter|15|2003|LAC|Ontario|2018-10-21|LAC - Fall Startup Part 2|1:03.08|519
17|Daly Stevens, Trael|15|2002|CT33|Ontario|2018-12-02|NEOR Developmental Meet #2|1:03.13|518
18|Bennett, Nicholas|15|2003|RAC|British Columbia|2019-06-22|June Jamboree|1:03.35|512
18|Ternier-Smith, Griffin|15|2003|CONNU|British Columbia|2018-12-02|2018 Sadownik Memorial Invitational|1:03.35|512
20|Chen, Jason|15|2003|CNSL|Québec|2018-11-17|Open Sprint SAMAK 2018|1:03.44|510
21|Stone, Kieran|15|2003|CW|Ontario|2018-11-18|Expressway Lincoln Fall Invitational|1:03.45|510
22|Xu, Ritchie|15|2002|APEX|Ontario|2018-12-07|Youth Cup|1:03.48|509
23|Couture, Simon|15|2003|UL|Québec|2019-04-27|Défi QNI AllTides|1:03.63|506
24|Dupuis, Yannick|15|2003|CNBO|New Brunswick|2018-10-20|October First Chance meet 2018|1:03.75|503
25|Quigley, James|15|2002|LAC|Ontario|2018-10-21|LAC - Fall Startup Part 2|1:03.81|501
26|Mbobela, Jakob|15|2003|RAC|British Columbia|2018-10-14|Sharks Thanksgiving Challenge|1:03.89|500
27|Skofteby, Ethan|15|2002|CSSSC|British Columbia|2018-10-14|KISU Triple Pentathlon 2018|1:03.93|499
28|Ruel, Louis|15|2003|RL|Québec|2019-04-27|Défi QNI AllTides|1:04.13|494
29|Kim, Nathan|15|2003|MMST|Ontario|2019-06-01|MMST Club Championships 2019|1:04.23|492
30|Thomas, Dylan|15|2003|LOSC|British Columbia|2019-06-15|June 2019 Time Trial|1:04.28|490
31|Crook, Cole|15|2003|CONNU|British Columbia|2018-12-02|2018 Sadownik Memorial Invitational|1:04.46|486
32|Pinard, Antoine|15|2003|ETM|Québec|2019-04-27|Défi QNI AllTides|1:04.47|486
33|Drolet, Nicolas|15|2003|UL|Québec|2018-12-01|Invitation provinciale 2018|1:04.84|478
34|Flamand, Jacob|15|2003|NN|Québec|2018-12-01|Neptune International (CSPO 25m)|1:04.85|478
35|Brill, Kameron|15|2003|UCSC|Alberta|2018-10-20|UCSC Fall Start Up|1:04.88|477
36|Nowak, Matthew|15|2003|AAC|Ontario|2018-10-12|MAC Fall Fest Invitational|1:04.92|476
37|Woodrow, Hayden|15|2003|CASC|Alberta|2018-11-18|KSC SC Invitational 2018|1:05.17|471
38|MacPherson, Gregor|15|2003|AAC|Ontario|2018-10-12|MAC Fall Fest Invitational|1:05.22|470
39|Shearer, Colin|15|2003|LAC|Ontario|2018-10-21|LAC - Fall Startup Part 2|1:05.31|468
40|Lai, Erich|15|2003|RHAC|Ontario|2018-12-07|Youth Cup|1:05.56|462
40|Gagné, Benjamin|15|2004|CNCI|Québec|2019-04-28|Invitation régionale Sag-Lac 4|1:05.56|462
42|Kostiuk, Oleksandr|15|2003|RHAC|Ontario|2018-12-07|Youth Cup|1:05.57|462
43|Kamal, Yusuf|15|2003|RHAC|Ontario|2018-12-07|Youth Cup|1:05.65|460
44|Weaver, Liam|15|2003|CP|Alberta|2018-10-20|UCSC Fall Start Up|1:05.66|460
45|McCloy, Patrick|15|2003|UCSC|Alberta|2019-03-08|UCSC Team Champs|1:05.81|457
46|Bull, Cormac|15|2003|SJL|Newfoundland|2018-10-20|October 20 Time Trial|1:05.82|457
47|Beckstead-Holman, William|15|2003|GMAC|Ontario|2018-10-21|No Pain No Gain|1:05.83|457
48|Zuchowski, Alexandre|15|2003|SAMAK|Québec|2018-11-17|Open Sprint SAMAK 2018|1:05.84|456
49|Baidoc, Beniamin|15|2003|NYAC|Ontario|2018-12-07|Youth Cup|1:05.86|456
50|Michaud, Olivier|15|2003|CARAT|Québec|2018-11-17|Invitation régionale Amos|1:06.30|447