RANK|ATHLETES|AGE|YOB|CLUB|PROVINCE|DATE|MEET|TIME|FINA
1|Fullum-Huot, Edouard|15|2002|NN|Québec|2018-11-30|Neptune International (CSPO 25m)|51.25|674
2|Fu, Fanghe|15|2003|GO|Ontario|2018-12-16|Ontario Junior International|51.73|655
3|Dennett, Liam|15|2003|UCSC|Alberta|2018-12-16|Ontario Junior International|52.09|642
4|Klakov, Maksym|15|2003|NEW|Ontario|2019-01-12|2019 Etobicoke A-B Meet|52.18|638
5|Ouellet, Mathieu|15|2003|CNJA|Québec|2019-04-28|Invitation régionale Sag-Lac 4|52.31|634
6|Tong, Eric|15|2002|MAC|Ontario|2018-10-13|MAC Fall Fest Invitational|52.37|631
7|Duong, Raymond|15|2002|APEX|Ontario|2018-11-02|NYAC Cup|52.63|622
7|Ghaziri, Ramy|15|2003|LMRL|Québec|2018-11-09|Festival provincial par équipe section 2|52.63|622
9|Burton, Russell|15|2003|GMAC|Ontario|2018-12-08|Dash for Cash|52.76|617
10|Friesen, Ian|15|2003|CW|Ontario|2018-12-08|Invitation Provinciale AA-AAA Pointe-Claire 2018|52.99|609
11|Penner, Sean|15|2003|NCSA|Alberta|2018-12-15|ManSask Championships Short Course Open Championships|53.02|608
12|Weaver, Liam|15|2003|CP|Alberta|2019-01-19|Pugsley's Plunge 2019|53.07|607
13|Ternier-Smith, Griffin|15|2003|CONNU|British Columbia|2018-12-15|JP Fiset Invitational|53.10|606
14|Aguiar-Winter, Evan|15|2003|OTTER|Ontario|2018-12-09|Youth Cup|53.15|604
15|Fernando, Dillon|15|2003|RAMAC|Ontario|2018-12-16|Ontario Junior International|53.16|604
16|Alaoui, Akram|15|2003|CAMO|Québec|2018-12-08|Invitation provinciale AA-AAA Noël + Développement 11-12 ans CAMO|53.21|602
17|Neuman, Sean|15|2003|GGST|Ontario|2018-12-09|Gatineau Grand Prix|53.36|597
18|Kuzak, Zachary|15|2003|PCSC|Québec|2018-12-08|Invitation Provinciale AA-AAA Pointe-Claire 2018|53.42|595
19|Daly Stevens, Trael|15|2002|CT33|Ontario|2018-11-04|2018 Barrie Aquafest|53.72|585
20|Stone, Kieran|15|2003|CW|Ontario|2018-12-08|Invitation Provinciale AA-AAA Pointe-Claire 2018|53.74|584
21|Wang, Michael|15|2003|ESWIM|Ontario|2018-11-11|2018 Age Group International SC|53.80|582
22|Bracho, Quitze|15|2003|CW|Ontario|2018-12-08|Invitation Provinciale AA-AAA Pointe-Claire 2018|53.84|581
22|Skofteby, Ethan|15|2002|CSSSC|British Columbia|2018-12-14|26th Annual MJB Law Classic SCM|53.84|581
24|Mbobela, Jakob|15|2003|RAC|British Columbia|2018-11-09|ISC 2018 Bennett Cup|53.89|579
25|Simonov, Dennis|15|2003|CAMO|Québec|2018-12-08|Invitation provinciale AA-AAA Noël + Développement 11-12 ans CAMO|53.90|579
26|Pinard, Antoine|15|2003|ETM|Québec|2018-12-09|Défi Nez-Rouge 2018|53.94|578
27|Shearer, Colin|15|2003|LAC|Ontario|2018-12-16|Team Showdown 2018|54.03|575
27|Campbell, Colin|15|2003|GMAC|Ontario|2018-12-16|Team Showdown 2018|54.03|575
29|Axon, Alexander|15|2003|MAC|Ontario|2018-12-16|Ontario Junior International|54.14|571
29|Séguin, Xavier|15|2003|PCSC|Québec|2018-12-08|Invitation Provinciale AA-AAA Pointe-Claire 2018|54.14|571
29|Cho, Andy|15|2003|SKSC|British Columbia|2018-12-16|Ontario Junior International|54.14|571
32|Caron, Jérémie|15|2003|CAMO|Québec|2018-12-08|Invitation provinciale AA-AAA Noël + Développement 11-12 ans CAMO|54.19|570
33|Beckstead-Holman, William|15|2003|GMAC|Ontario|2018-12-08|Dash for Cash|54.20|570
34|Beckstead-Holman, Marcus|15|2003|GMAC|Ontario|2018-12-08|Dash for Cash|54.23|569
35|Luykenaar, Aiden|15|2003|UCSC|Alberta|2018-12-15|Ontario Junior International|54.27|567
36|Poulos, George|15|2002|BORC|Ontario|2018-11-11|2018 Age Group International SC|54.28|567
37|Courchesne, Étienne|15|2003|MEGO|Québec|2018-11-09|Festival provincial par équipe section 2|54.29|567
37|Tichy, Reid|15|2003|VAC|Ontario|2018-12-08|Vaughan Aquatic Club 30th Annual Roy Jacobson Inv 2018|54.29|567
39|Ziaian, Bijan|15|2003|GGST|Ontario|2018-12-09|Gatineau Grand Prix|54.31|566
40|Fitzpatrick, Brendan|15|2003|UVPCS|British Columbia|2018-12-07|Hamilton Aquatics Winter Long Course|54.32|566
40|Karlov, Evan|15|2003|AAC|Ontario|2018-12-01|2018 Union Cup|54.32|566
40|Greenshields, Sam|15|2003|OAK|Ontario|2018-12-09|Youth Cup|54.32|566
43|Belkhelladi, Malachy|15|2003|ELITE|Québec|2018-10-20|Invitation de l'automne Neptune (CSPO 25m)|54.33|565
44|Dupuis, Yannick|15|2003|CNBO|New Brunswick|2019-02-03|NB Open Cup - Coupe NB|54.43|562
45|Slinn, Calvin|15|2003|WDSC|British Columbia|2018-10-27|VPSC Fall Invitational|54.47|561
46|Drolet, Nicolas|15|2003|UL|Québec|2018-11-02|Festival provincial par équipe section 1|54.50|560
46|De Jager, Edward|15|2003|SPART|British Columbia|2018-12-15|Rapids Fast-Swim Classic|54.50|560
48|Lin, Austin|15|2003|MJKFF|Saskatchewan|2018-12-15|ManSask Championships Short Course Open Championships|54.57|558
49|Loewen, Benjamin|15|2004|CREST|Ontario|2019-04-28|2019 Ontario Team Challenge|54.67|555
50|Basi, Armaan|15|2003|CHENA|British Columbia|2018-12-15|Rapids Fast-Swim Classic|54.72|553