RANK|ATHLETES|AGE|YOB|CLUB|PROVINCE|DATE|MEET|TIME|FINA
1|Fitzpatrick, Brendan|15|2003|UVPCS|British Columbia|2018-10-19|Hamilton Aquatics Short Course|1:03.55|670
2|Luykenaar, Aiden|15|2003|UCSC|Alberta|2018-12-14|Ontario Junior International|1:03.97|656
3|Burton, Russell|15|2003|GMAC|Ontario|2018-12-07|Dash for Cash|1:04.34|645
4|Brill, Kameron|15|2003|UCSC|Alberta|2018-12-14|JP Fiset Invitational|1:04.57|638
5|Ghaziri, Ramy|15|2003|LMRL|Québec|2018-11-10|Festival provincial par équipe section 2|1:04.58|638
6|Park, Kevin|15|2003|CREST|Ontario|2018-12-08|Border City Invitational|1:05.46|613
7|Kormendy, Dylan|15|2003|ISC|British Columbia|2018-12-09|Invitation Provinciale AA-AAA Pointe-Claire 2018|1:06.40|587
8|Lapshin, Alexandr|15|2003|EKSC|Alberta|2018-12-14|JP Fiset Invitational|1:06.72|579
9|Benkrid, Anes|15|2003|ELITE|Québec|2018-12-09|Invitation Provinciale AA-AAA Pointe-Claire 2018|1:06.87|575
10|Gong, Run Qian|15|2003|WVOSC|British Columbia|2018-12-16|ManSask Championships Short Course Open Championships|1:06.96|572
11|Jensen, Alexander|15|2003|GMAC|Ontario|2018-11-04|NYAC Cup|1:06.99|572
12|Fotherby, Justin|15|2003|KISU|British Columbia|2018-12-16|26th Annual MJB Law Classic SCM|1:07.06|570
13|Bull, Cormac|15|2003|SJL|Newfoundland|2018-11-23|2018 Mount Pearl Marlins 3rd Annual Sink or Swim Invitiational|1:07.16|567
14|Dong, Tommy Sijun|15|2002|WVOSC|British Columbia|2018-12-16|ManSask Championships Short Course Open Championships|1:07.21|566
15|Pond, Miguel|15|2003|MPM|Newfoundland|2018-12-09|Invitation Provinciale AA-AAA Pointe-Claire 2018|1:07.29|564
16|Beckstead-Holman, Marcus|15|2003|GMAC|Ontario|2018-12-07|Dash for Cash|1:07.64|555
17|Koueiki, Jeremy|15|2003|CASE|Québec|2018-11-17|Open Sprint SAMAK 2018|1:07.67|554
18|liu, bangjie|15|2002|RHSD|Ontario|2018-10-14|MAC Fall Fest Invitational|1:07.75|553
19|Crook, Cole|15|2003|CONNU|British Columbia|2018-12-14|JP Fiset Invitational|1:07.79|552
20|Lussier, Alexis|15|2003|CNBF|Québec|2019-01-20|Invitation Provinciale CNBF 11 ans et plus|1:07.84|550
21|Chen, Jason|15|2003|CNSL|Québec|2018-11-10|Festival provincial par équipe section 5 - Nord|1:07.94|548
22|Buck, Carter|15|2003|LAC|Ontario|2019-02-01|2019 Western Region SC Champs|1:08.06|545
22|Gagné, Benjamin|15|2004|CNCI|Québec|2019-05-25|Championnat régional Sag-Lac 5|1:08.06|545
24|Milne, Colton|15|2002|NKB|Ontario|2018-12-02|Neptune International (CSPO 25m)|1:08.07|545
24|Nowak, Matthew|15|2003|AAC|Ontario|2018-12-09|Youth Cup|1:08.07|545
26|Leclerc, Gabriel|15|2002|YKPB|Northwest Territories|2018-10-26|Cascade Speed Meet|1:08.17|542
27|Lewington, Mackenzie|15|2002|PGB|British Columbia|2018-12-16|26th Annual MJB Law Classic SCM|1:08.22|541
28|Kipp, Peyton|15|2003|BROCK|Ontario|2018-10-27|Joe Kerkhoven Memorial Walker Invitational|1:08.25|540
29|Bédard, Alexandre|15|2002|CNQ|Québec|2018-12-08|Défi Nez-Rouge 2018|1:08.42|536
30|Couture, Simon|15|2003|UL|Québec|2019-04-27|Défi QNI AllTides|1:08.46|535
30|Shearer, Colin|15|2003|LAC|Ontario|2019-02-01|2019 Western Region SC Champs|1:08.46|535
32|Lauzon, Xavier|15|2003|CAS|Québec|2018-11-10|Festival provincial par équipe section 5 - Nord|1:08.52|534
33|Setiawan, Anggaraksa|15|2003|ELITE|Québec|2018-12-09|Invitation Provinciale AA-AAA Pointe-Claire 2018|1:08.57|533
34|Ho, Justin|15|2002|MST~|Ontario|2018-11-24|Alex Baumann Invitational|1:08.68|530
35|Joachim, Alexander|15|2003|GHAC|Ontario|2018-11-04|NYAC Cup|1:08.76|528
36|Graboski, Theo|15|2004|UCSC|Alberta|2019-07-13|UCSC Western Finale|1:08.78|528
37|Yoon, Frederic|15|2004|CREST|Ontario|2019-04-27|2019 Ontario Team Challenge|1:08.96|524
38|Giggey, Alejandro|15|2003|NKB|Ontario|2019-02-03|2019 Eastern Ontario Regional Championships (SC/LC)|1:08.98|523
39|Chu, Roydan|15|2003|RAPID|British Columbia|2018-12-15|Rapids Fast-Swim Classic|1:09.08|521
40|Piccoli, Jordano|15|2003|SLSC|Ontario|2018-12-09|Youth Cup|1:09.12|520
41|Ireland, Kevin|15|2003|MSSAC|Ontario|2018-12-02|Neptune International (CSPO 25m)|1:09.18|519
42|Zhang, Peter|15|2003|WSC|British Columbia|2018-12-15|Rapids Fast-Swim Classic|1:09.22|518
42|Corish, Evan|15|2003|MSSAC|Ontario|2018-12-02|Neptune International (CSPO 25m)|1:09.22|518
44|Azevedo, Phillipe|15|2003|OSC|Alberta|2018-12-14|JP Fiset Invitational|1:09.23|518
45|Longval, Yannick|15|2003|OYO|Ontario|2018-12-09|Gatineau Grand Prix|1:09.27|517
46|Mbobela, Jakob|15|2003|RAC|British Columbia|2019-01-25|Vancouver Island Regional SC Championships|1:09.31|516
47|Thomas, Dylan|15|2003|LOSC|British Columbia|2018-12-08|16th Annual XMAS Cracker Invitational|1:09.34|515
48|Daly Stevens, Trael|15|2002|CT33|Ontario|2018-10-21|NEOR Developmental Meet #1|1:09.50|512
48|Bird, Matthew|15|2003|KISU|British Columbia|2018-12-16|26th Annual MJB Law Classic SCM|1:09.50|512
50|Landry, Alexandre|15|2003|VEW|Ontario|2018-12-09|Gatineau Grand Prix|1:09.55|511