RANK|ATHLETES|AGE|YOB|CLUB|PROVINCE|DATE|MEET|TIME|FINA
1|Fullum-Huot, Edouard|15|2002|NN|Québec|2018-11-04|Festival provincial par équipe section 1|23.26|660
2|Klakov, Maksym|15|2003|NEW|Ontario|2018-12-15|Ontario Junior International|23.52|639
3|Weaver, Liam|15|2003|CP|Alberta|2019-01-20|Pugsley's Plunge 2019|23.69|625
3|Tong, Eric|15|2002|MAC|Ontario|2018-10-14|MAC Fall Fest Invitational|23.69|625
5|Fu, Fanghe|15|2003|GO|Ontario|2018-12-15|Ontario Junior International|23.71|623
6|Fernando, Dillon|15|2003|RAMAC|Ontario|2018-12-15|Ontario Junior International|23.89|609
7|Ouellet, Mathieu|15|2003|CNJA|Québec|2019-04-27|Invitation régionale Sag-Lac 4|23.91|608
8|Duong, Raymond|15|2002|APEX|Ontario|2018-11-03|NYAC Cup|24.27|581
9|Dennett, Liam|15|2003|UCSC|Alberta|2018-12-15|Ontario Junior International|24.31|578
10|Aguiar-Winter, Evan|15|2003|OTTER|Ontario|2018-12-08|Youth Cup|24.37|574
11|Ternier-Smith, Griffin|15|2003|CONNU|British Columbia|2018-12-16|JP Fiset Invitational|24.50|565
12|Kuzak, Zachary|15|2003|PCSC|Québec|2018-12-07|Invitation Provinciale AA-AAA Pointe-Claire 2018|24.59|559
13|Bilous, Jayden|15|2003|GOLD|Saskatchewan|2018-12-14|ManSask Championships Short Course Open Championships|24.61|557
13|Karlov, Evan|15|2003|AAC|Ontario|2018-11-03|NYAC Cup|24.61|557
15|Luykenaar, Aiden|15|2003|UCSC|Alberta|2019-06-21|UCSC Team Champs|24.65|555
15|Pinard, Antoine|15|2003|ETM|Québec|2018-12-07|Défi Nez-Rouge 2018|24.65|555
17|Ziaian, Bijan|15|2003|GGST|Ontario|2018-12-08|Gatineau Grand Prix|24.67|553
17|Yoon, Frederic|15|2004|CREST|Ontario|2019-04-26|2019 Ontario Team Challenge|24.67|553
19|Brill, Kameron|15|2003|UCSC|Alberta|2018-12-16|JP Fiset Invitational|24.72|550
20|Campbell, Colin|15|2003|GMAC|Ontario|2018-12-15|Team Showdown 2018|24.73|549
20|Babits, Jozsef|15|2003|LASC|Alberta|2018-12-16|JP Fiset Invitational|24.73|549
22|Neuman, Sean|15|2003|GGST|Ontario|2018-12-08|Gatineau Grand Prix|24.76|547
23|Axon, Alexander|15|2003|MAC|Ontario|2018-11-30|2018 Union Cup|24.77|547
24|Friesen, Ian|15|2003|CW|Ontario|2018-12-07|Invitation Provinciale AA-AAA Pointe-Claire 2018|24.80|545
25|Ping, Aaron|15|2003|WSC|British Columbia|2018-10-28|VPSC Fall Invitational|24.81|544
26|Fitzpatrick, Brendan|15|2003|UVPCS|British Columbia|2018-12-07|Hamilton Aquatics Winter Long Course|24.83|543
27|Cho, Andy|15|2003|SKSC|British Columbia|2019-01-13|2019 Hyack Icebreaker Classic|24.84|542
28|Mersereau, Colson|15|2003|CVAC|New Brunswick|2019-02-02|NB Open Cup - Coupe NB|24.91|538
29|Fotherby, Justin|15|2003|KISU|British Columbia|2018-12-14|26th Annual MJB Law Classic SCM|24.93|536
30|Skofteby, Ethan|15|2002|CSSSC|British Columbia|2018-12-15|26th Annual MJB Law Classic SCM|24.94|536
30|Kaploun, Anton|15|2002|OAK|Ontario|2018-12-08|Youth Cup|24.94|536
32|Turgeon, Paul|15|2003|RED|Québec|2018-12-07|Défi Nez-Rouge 2018|24.97|534
33|Lapshin, Alexandr|15|2003|EKSC|Alberta|2018-12-16|JP Fiset Invitational|24.98|533
34|Drolet, Nicolas|15|2003|UL|Québec|2018-12-07|Défi Nez-Rouge 2018|24.99|532
34|Mbobela, Jakob|15|2003|RAC|British Columbia|2018-11-10|ISC 2018 Bennett Cup|24.99|532
36|Séguin, Xavier|15|2003|PCSC|Québec|2018-12-07|Invitation Provinciale AA-AAA Pointe-Claire 2018|25.00|532
37|Greenshields, Sam|15|2003|OAK|Ontario|2018-12-08|Youth Cup|25.01|531
37|Lin, Austin|15|2003|MJKFF|Saskatchewan|2018-12-14|ManSask Championships Short Course Open Championships|25.01|531
39|Beckstead-Holman, William|15|2003|GMAC|Ontario|2018-12-15|Team Showdown 2018|25.02|530
40|Shearer, Colin|15|2003|LAC|Ontario|2018-12-15|Team Showdown 2018|25.03|530
41|Stone, Kieran|15|2003|CW|Ontario|2018-12-07|Invitation Provinciale AA-AAA Pointe-Claire 2018|25.04|529
41|Benkrid, Anes|15|2003|ELITE|Québec|2018-11-17|Open Sprint SAMAK 2018|25.04|529
43|Penner, Sean|15|2003|NCSA|Alberta|2018-12-14|ManSask Championships Short Course Open Championships|25.05|529
44|Burton, Russell|15|2003|GMAC|Ontario|2018-12-09|Dash for Cash|25.06|528
45|Peckham, Gregory|15|2003|WS|Ontario|2018-11-30|2018 Union Cup|25.07|527
46|Brown, Kaita|15|2003|NYAC|Ontario|2018-12-08|Youth Cup|25.11|525
47|Porterfield, William|15|2003|GHAC|Ontario|2019-02-02|2019 Western Region SC Champs|25.12|524
48|Simard, Jean-Christophe|15|2003|LMRL|Québec|2018-12-07|Défi Nez-Rouge 2018|25.14|523
49|Dupuis, Yannick|15|2003|CNBO|New Brunswick|2019-02-02|NB Open Cup - Coupe NB|25.17|521
49|Prokosch, Jake|15|2003|CREST|Ontario|2019-04-26|2019 Ontario Team Challenge|25.17|521