RANK|ATHLETES|AGE|YOB|CLUB|PROVINCE|DATE|MEET|TIME|FINA
1|Axon, Alexander|15|2003|MAC|Ontario|2018-12-15|Ontario Junior International|3:54.32|743
2|Dennett, Liam|15|2003|UCSC|Alberta|2018-12-15|Ontario Junior International|3:57.71|711
3|McGillivray, Michael|15|2002|ROD|Saskatchewan|2018-11-03|Odlum Brown Colleges Cup Pacific Hosted by UBC|3:57.77|711
4|Fullum-Huot, Edouard|15|2002|NN|Québec|2018-12-02|Neptune International (CSPO 25m)|4:01.19|681
5|Friesen, Ian|15|2003|CW|Ontario|2018-12-08|Invitation Provinciale AA-AAA Pointe-Claire 2018|4:01.54|678
6|Wang, Michael|15|2003|ESWIM|Ontario|2018-11-11|2018 Age Group International SC|4:02.30|672
7|McCloy, Patrick|15|2003|UCSC|Alberta|2018-12-08|Youth Cup|4:03.31|663
8|Skofteby, Ethan|15|2002|CSSSC|British Columbia|2018-12-15|26th Annual MJB Law Classic SCM|4:03.37|663
9|Volodin, Artiom|15|2003|CAMO|Québec|2018-12-15|Ontario Junior International|4:03.47|662
10|Slinn, Calvin|15|2003|WDSC|British Columbia|2019-01-20|Canadian Dolphin New Years Invitational 2019|4:04.47|654
11|McNeill, Hugh|15|2003|LOSC|British Columbia|2019-01-20|Canadian Dolphin New Years Invitational 2019|4:05.13|649
12|Courchesne, Étienne|15|2003|MEGO|Québec|2018-12-08|Invitation Provinciale AA-AAA Pointe-Claire 2018|4:05.61|645
13|Alaoui, Akram|15|2003|CAMO|Québec|2018-11-02|Festival provincial par équipe section 1|4:05.75|644
14|Bartoch, Hayden|15|2003|HWAC|Nova Scotia|2018-12-15|Age Group Development Meet|4:05.95|642
15|Risk, William|15|2003|ROCS|Ontario|2018-12-15|Ontario Junior International|4:06.43|638
16|Belkhelladi, Malachy|15|2003|ELITE|Québec|2018-12-08|Invitation Provinciale AA-AAA Pointe-Claire 2018|4:06.66|637
17|Syrgiannis, Matthew|15|2003|ROD|Saskatchewan|2018-12-14|ManSask Championships Short Course Open Championships|4:06.73|636
18|Fotherby, Justin|15|2003|KISU|British Columbia|2018-12-15|26th Annual MJB Law Classic SCM|4:07.77|628
19|Stone, Kieran|15|2003|CW|Ontario|2018-12-08|Invitation Provinciale AA-AAA Pointe-Claire 2018|4:08.22|625
20|Neuman, Sean|15|2003|GGST|Ontario|2018-12-08|Gatineau Grand Prix|4:08.39|623
21|Klakov, Maksym|15|2003|NEW|Ontario|2018-12-09|Border City Invitational|4:09.01|619
22|Fitzpatrick, Brendan|15|2003|UVPCS|British Columbia|2018-12-07|Hamilton Aquatics Winter Long Course|4:09.53|615
23|De Jager, Edward|15|2003|SPART|British Columbia|2018-12-16|Rapids Fast-Swim Classic|4:10.30|609
24|Bennett, Nicholas|15|2003|RAC|British Columbia|2019-01-27|Vancouver Island Regional SC Championships|4:10.44|608
25|Tichy, Reid|15|2003|VAC|Ontario|2018-12-07|Vaughan Aquatic Club 30th Annual Roy Jacobson Inv 2018|4:11.01|604
26|Shearer, Colin|15|2003|LAC|Ontario|2018-12-14|Team Showdown 2018|4:11.40|601
27|Kuzak, Zachary|15|2003|PCSC|Québec|2018-12-08|Invitation Provinciale AA-AAA Pointe-Claire 2018|4:11.82|598
28|Loewen, Benjamin|15|2004|CREST|Ontario|2019-04-28|2019 Ontario Team Challenge|4:11.85|598
29|Dautrey, Jacob|15|2003|CNSH|Québec|2018-12-15|Ontario Junior International|4:12.42|594
30|Lewington, Mackenzie|15|2002|PGB|British Columbia|2018-12-15|26th Annual MJB Law Classic SCM|4:12.46|594
31|Ternier-Smith, Griffin|15|2003|CONNU|British Columbia|2018-12-16|JP Fiset Invitational|4:12.53|593
32|Bell, Tyler|15|2003|CW|Ontario|2018-12-08|Invitation Provinciale AA-AAA Pointe-Claire 2018|4:12.77|592
33|Dobie, Maxwell|15|2003|BRANT|Ontario|2018-12-14|Team Showdown 2018|4:13.04|590
34|Strople, Alex|15|2003|OAK|Ontario|2018-12-15|Ontario Junior International|4:13.38|587
35|Park, Kevin|15|2003|CREST|Ontario|2018-12-09|Border City Invitational|4:13.75|585
36|Simonov, Dennis|15|2003|CAMO|Québec|2018-12-10|Invitation provinciale AA-AAA Noël + Développement 11-12 ans CAMO|4:14.10|582
37|Basi, Armaan|15|2003|CHENA|British Columbia|2018-12-16|Rapids Fast-Swim Classic|4:14.42|580
38|Mbobela, Jakob|15|2003|RAC|British Columbia|2019-01-19|2019 Eliminator|4:14.58|579
39|Poulos, George|15|2002|BORC|Ontario|2018-11-11|2018 Age Group International SC|4:14.82|577
40|Mckay, Caleb|15|2002|PCSC|Québec|2018-12-08|Invitation Provinciale AA-AAA Pointe-Claire 2018|4:14.95|577
41|Boden, Alex|15|2003|GHAC|Ontario|2018-12-09|Border City Invitational|4:14.99|576
42|Ruel, Louis|15|2003|RL|Québec|2018-11-02|Festival provincial par équipe section 3|4:15.54|573
43|Beckstead-Holman, Marcus|15|2003|GMAC|Ontario|2018-11-03|NYAC Cup|4:15.80|571
44|Buck, Carter|15|2003|LAC|Ontario|2018-12-15|Ontario Junior International|4:15.88|570
45|Milne, Colton|15|2002|NKB|Ontario|2018-12-02|Neptune International (CSPO 25m)|4:16.09|569
46|Stokesbury-Price, Bo|15|2002|WTSC|Nova Scotia|2018-12-15|Age Group Development Meet|4:16.55|566
47|Maina, Monyo|15|2003|OSC|Alberta|2018-12-16|JP Fiset Invitational|4:16.59|566
48|Paz, Diego|15|2003|KCS|British Columbia|2018-12-15|26th Annual MJB Law Classic SCM|4:16.64|565
49|Courville Fortin, Loic|15|2004|TORP|Québec|2019-06-09|BBQ groupe d'âge 2019|4:16.75|564
50|Lauzon, Xavier|15|2003|CAS|Québec|2018-11-09|Festival provincial par équipe section 5 - Nord|4:16.95|563