RANK|ATHLETES|AGE|YOB|CLUB|PROVINCE|DATE|MEET|TIME|FINA
1|Park, Kevin|15|2003|CREST|Ontario|2018-12-15|Ontario Junior International|2:18.81|653
2|Fitzpatrick, Brendan|15|2003|UVPCS|British Columbia|2018-10-19|Hamilton Aquatics Short Course|2:19.00|650
3|Burton, Russell|15|2003|GMAC|Ontario|2018-11-02|NYAC Cup|2:19.73|640
4|Kormendy, Dylan|15|2003|ISC|British Columbia|2018-12-08|Invitation Provinciale AA-AAA Pointe-Claire 2018|2:19.89|638
5|Koueiki, Jeremy|15|2003|CASE|Québec|2018-12-10|Invitation provinciale AA-AAA Noël + Développement 11-12 ans CAMO|2:21.57|615
6|Luykenaar, Aiden|15|2003|UCSC|Alberta|2018-12-15|Ontario Junior International|2:21.71|613
7|Gong, Run Qian|15|2003|WVOSC|British Columbia|2018-12-14|ManSask Championships Short Course Open Championships|2:24.12|583
8|Brill, Kameron|15|2003|UCSC|Alberta|2018-12-16|JP Fiset Invitational|2:24.52|578
9|Dong, Tommy Sijun|15|2002|WVOSC|British Columbia|2018-12-14|ManSask Championships Short Course Open Championships|2:25.03|572
10|Lewington, Mackenzie|15|2002|PGB|British Columbia|2018-12-15|26th Annual MJB Law Classic SCM|2:25.40|568
11|Setiawan, Anggaraksa|15|2003|ELITE|Québec|2018-11-25|Circuit senior étape 2|2:25.44|567
12|Milne, Colton|15|2002|NKB|Ontario|2018-11-11|2018 Age Group International SC|2:25.84|563
13|Ireland, Kevin|15|2003|MSSAC|Ontario|2018-11-02|NYAC Cup|2:26.28|558
14|Mckay, Caleb|15|2002|PCSC|Québec|2018-12-08|Invitation Provinciale AA-AAA Pointe-Claire 2018|2:26.37|557
15|Nowak, Matthew|15|2003|AAC|Ontario|2018-12-08|Youth Cup|2:26.48|555
16|Fotherby, Justin|15|2003|KISU|British Columbia|2018-12-15|26th Annual MJB Law Classic SCM|2:26.52|555
17|Jensen, Alexander|15|2003|GMAC|Ontario|2018-12-08|Dash for Cash|2:26.53|555
18|Chen, Jason|15|2003|CNSL|Québec|2018-11-11|Festival provincial par équipe section 5 - Nord|2:26.86|551
19|Buhler, Fynnigan|15|2003|OSC|Alberta|2018-12-16|JP Fiset Invitational|2:27.39|545
20|Piccoli, Jordano|15|2003|SLSC|Ontario|2018-12-08|Youth Cup|2:27.71|542
21|Bédard, Alexandre|15|2002|CNQ|Québec|2018-11-04|Festival provincial par équipe section 1|2:27.84|540
22|Gagné, Benjamin|15|2004|CNCI|Québec|2019-05-26|Championnat régional Sag-Lac 5|2:27.93|539
23|Jong, Ethan|15|2002|MAC|Ontario|2018-11-02|NYAC Cup|2:28.02|538
24|Lapshin, Alexandr|15|2003|EKSC|Alberta|2019-01-20|Blue Bears 2019|2:28.18|536
25|Corish, Evan|15|2003|MSSAC|Ontario|2018-11-30|Neptune International (CSPO 25m)|2:28.24|536
26|Clarke, Will|15|2003|LSC|Ontario|2019-04-28|2019 Ontario Team Challenge|2:28.32|535
27|Giggey, Alejandro|15|2003|NKB|Ontario|2019-02-02|2019 Eastern Ontario Regional Championships (SC/LC)|2:28.81|530
28|Buck, Carter|15|2003|LAC|Ontario|2018-11-24|LAC - Nothers Fall Invitational|2:28.95|528
29|Wang, Michael|15|2003|ESWIM|Ontario|2018-12-21|2018 Trillium Cup|2:29.15|526
30|Woodrow, Hayden|15|2003|CASC|Alberta|2018-12-16|JP Fiset Invitational|2:29.64|521
31|Beckstead-Holman, Marcus|15|2003|GMAC|Ontario|2018-12-16|Team Showdown 2018|2:30.21|515
32|Landry, Alexandre|15|2003|VEW|Ontario|2019-02-02|Dave Kensit Memorial SC Championship|2:30.33|514
33|McCloy, Patrick|15|2003|UCSC|Alberta|2018-12-08|Youth Cup|2:30.54|512
34|Wallich, Liam|15|2003|KISU|British Columbia|2018-12-15|26th Annual MJB Law Classic SCM|2:30.55|511
35|Rossiter, Andrew|15|2003|SJL|Newfoundland|2018-12-08|Invitation Provinciale AA-AAA Pointe-Claire 2018|2:30.59|511
36|Belkhelladi, Malachy|15|2003|ELITE|Québec|2018-11-25|Circuit senior étape 2|2:30.63|511
37|Bull, Cormac|15|2003|SJL|Newfoundland|2018-12-08|Invitation Provinciale AA-AAA Pointe-Claire 2018|2:30.65|510
38|Syrgiannis, Matthew|15|2003|ROD|Saskatchewan|2018-12-14|ManSask Championships Short Course Open Championships|2:30.68|510
39|Zhang, Peter|15|2003|WSC|British Columbia|2019-01-20|Canadian Dolphin New Years Invitational 2019|2:30.77|509
40|Rapp, Jacob|15|2003|WSSC|Ontario|2018-12-09|Border City Invitational|2:31.22|505
41|Crook, Cole|15|2003|CONNU|British Columbia|2018-12-16|JP Fiset Invitational|2:31.25|504
42|Paz, Diego|15|2003|KCS|British Columbia|2018-12-15|26th Annual MJB Law Classic SCM|2:31.34|504
43|Thomas, Dylan|15|2003|LOSC|British Columbia|2018-12-09|16th Annual XMAS Cracker Invitational|2:31.66|500
44|Hadj, Adel|15|2003|CASE|Québec|2018-11-11|Festival provincial par équipe section 2|2:31.74|500
45|O'Brien, Arjan|15|2004|SJL|Newfoundland|2019-06-08|2019 Summer Classic Invitational|2:32.06|496
46|Chu, Roydan|15|2003|RAPID|British Columbia|2018-12-16|Rapids Fast-Swim Classic|2:32.24|495
47|Thorkelsson, Alain|15|2003|EKSC|Alberta|2018-12-16|JP Fiset Invitational|2:32.52|492
48|Kipp, Peyton|15|2003|BROCK|Ontario|2018-11-24|LAC - Nothers Fall Invitational|2:32.73|490
49|Boden, Alex|15|2003|GHAC|Ontario|2018-11-02|NYAC Cup|2:32.77|490
50|Tom, Ryan|15|2003|SLSC|Ontario|2018-11-11|2018 Age Group International SC|2:32.92|488