RANK|ATHLETES|AGE|YOB|CLUB|PROVINCE|DATE|MEET|TIME|FINA
1|McNeill, Hugh|15|2003|LOSC|British Columbia|2018-12-16|Ontario Junior International|2:01.15|662
2|Belkhelladi, Malachy|15|2003|ELITE|Québec|2018-12-08|Invitation Provinciale AA-AAA Pointe-Claire 2018|2:03.30|628
3|Buck, Carter|15|2003|LAC|Ontario|2018-11-25|LAC - Nothers Fall Invitational|2:05.20|600
4|Park, Kevin|15|2003|CREST|Ontario|2018-11-10|2018 Age Group International SC|2:05.59|594
5|Aguiar-Winter, Evan|15|2003|OTTER|Ontario|2018-12-09|Youth Cup|2:07.33|570
6|El Aref, Omar|15|2003|OAK|Ontario|2018-12-09|Youth Cup|2:07.69|566
7|Bell, Tyler|15|2003|CW|Ontario|2018-12-08|Invitation Provinciale AA-AAA Pointe-Claire 2018|2:08.30|558
8|Duncan-Snobel, Finn|15|2003|OAK|Ontario|2018-12-09|Youth Cup|2:09.20|546
9|Carrier, Sébastien|15|2003|MY|Québec|2018-12-09|Défi Nez-Rouge 2018|2:09.21|546
10|Axon, Alexander|15|2003|MAC|Ontario|2018-11-02|NYAC Cup|2:09.60|541
11|Baker, Bryce|15|2003|ISC|British Columbia|2018-11-09|ISC 2018 Bennett Cup|2:09.91|537
12|Fullum-Huot, Edouard|15|2002|NN|Québec|2018-12-08|Invitation Provinciale AA-AAA Pointe-Claire 2018|2:09.99|536
13|Mitchell, Cole|15|2003|CCSC|Ontario|2018-12-22|2018 Trillium Cup|2:10.16|534
14|Burton, Russell|15|2003|GMAC|Ontario|2018-12-16|Ontario Junior International|2:10.30|532
15|Lajoie, Griffin|15|2003|TSC|Ontario|2018-11-02|NYAC Cup|2:10.39|531
16|Milne, Colton|15|2002|NKB|Ontario|2018-11-10|2018 Age Group International SC|2:10.45|530
17|Beckstead-Holman, Marcus|15|2003|GMAC|Ontario|2018-11-02|NYAC Cup|2:10.78|526
18|Lauzon, Xavier|15|2003|CAS|Québec|2018-12-08|Invitation Provinciale AA-AAA Pointe-Claire 2018|2:11.19|521
19|Syrgiannis, Matthew|15|2003|ROD|Saskatchewan|2019-01-19|Winter Invitational|2:11.31|520
20|Brager, Jakob|15|2003|NRST|British Columbia|2018-11-09|ISC 2018 Bennett Cup|2:11.36|519
21|Courville Fortin, Loic|15|2004|TORP|Québec|2019-06-09|BBQ groupe d'âge 2019|2:11.39|519
22|Greenshields, Sam|15|2003|OAK|Ontario|2018-12-09|Youth Cup|2:11.45|518
23|Ruel, Louis|15|2003|RL|Québec|2018-12-09|Festival provincial par équipe section 3|2:11.67|516
24|Wang, Michael|15|2003|ESWIM|Ontario|2018-12-22|2018 Trillium Cup|2:11.78|515
25|Ferguson, Liam|15|2003|HTAC|Nova Scotia|2018-12-15|Age Group Development Meet|2:11.82|514
26|Zielinski, Adam|15|2003|BAD|Ontario|2018-12-16|Team Showdown 2018|2:11.98|512
27|Duncan, Murray|15|2003|RDCSC|Alberta|2018-12-15|JP Fiset Invitational|2:12.43|507
28|Lalonde, Alexander|15|2003|CP|Alberta|2018-12-15|JP Fiset Invitational|2:12.49|506
29|Strople, Alex|15|2003|OAK|Ontario|2018-12-09|Youth Cup|2:12.67|504
30|McGillivray, Michael|15|2002|ROD|Saskatchewan|2018-11-04|Odlum Brown Colleges Cup Pacific Hosted by UBC|2:12.81|503
31|Porterfield, William|15|2003|GHAC|Ontario|2018-12-07|Border City Invitational|2:12.96|501
32|Séguin, Xavier|15|2003|PCSC|Québec|2018-12-08|Invitation Provinciale AA-AAA Pointe-Claire 2018|2:13.01|500
33|MacPherson, Gregor|15|2003|AAC|Ontario|2018-12-09|Youth Cup|2:13.03|500
34|McDougall-Vick, Carson|15|2003|DDO|Québec|2018-12-01|Neptune International (CSPO 25m)|2:13.13|499
35|Castillo, Juan|15|2003|UCSC|Alberta|2018-10-26|Cascade Speed Meet|2:13.32|497
36|Beckstead-Holman, William|15|2003|GMAC|Ontario|2018-11-02|NYAC Cup|2:13.53|495
37|Slinn, Calvin|15|2003|WDSC|British Columbia|2018-12-15|Rapids Fast-Swim Classic|2:13.60|494
38|Volodin, Artiom|15|2003|CAMO|Québec|2018-12-08|Invitation provinciale AA-AAA Noël + Développement 11-12 ans CAMO|2:13.78|492
39|Koueiki, Jeremy|15|2003|CASE|Québec|2018-12-08|Invitation provinciale AA-AAA Noël + Développement 11-12 ans CAMO|2:13.83|491
39|Ford, Daniel|15|2002|KSC|Alberta|2018-11-17|KSC SC Invitational 2018|2:13.83|491
41|Devyatykh, Timur|15|2003|OAK|Ontario|2018-12-09|Youth Cup|2:14.04|489
42|McDonald, Thomas|15|2003|GMAC|Ontario|2018-12-08|Dash for Cash|2:14.10|488
43|Shearer, Colin|15|2003|LAC|Ontario|2018-11-25|LAC - Nothers Fall Invitational|2:14.15|488
44|Dumitras, Costa|15|2003|NYAC|Ontario|2018-12-09|Youth Cup|2:14.25|487
45|Basi, Armaan|15|2003|CHENA|British Columbia|2018-12-15|Rapids Fast-Swim Classic|2:14.34|486
46|Lewington, Mackenzie|15|2002|PGB|British Columbia|2018-12-15|26th Annual MJB Law Classic SCM|2:14.55|483
47|Klakov, Maksym|15|2003|NEW|Ontario|2018-12-07|Border City Invitational|2:14.58|483
48|Skofteby, Ethan|15|2002|CSSSC|British Columbia|2018-10-13|KISU Triple Pentathlon 2018|2:14.70|482
49|Hees, Nathaniel|15|2002|KAJ|British Columbia|2018-12-15|26th Annual MJB Law Classic SCM|2:15.07|478
50|Aubin, Jeremi|15|2003|SLSC|Ontario|2018-12-09|Youth Cup|2:15.13|477