RANK|ATHLETES|AGE|YOB|CLUB|PROVINCE|DATE|MEET|TIME|FINA
1|Semenyuk, Anton|10|2008|NG|Québec|2019-06-15|Championnat provincial 11-12 ans et Paranatation d'été|29.62|320
2|Molnar, Joey|10|2008|CASC|Alberta|2019-05-25|Summer Festival South|29.91|310
3|Rocheleau, LOÏCK|10|2008|CAEM|Québec|2018-10-28|Invitation Régionale 9 et plus et Développement - ANBM 1 (Groupe B - AM)|30.62|289
4|Hibbert, Samuel|10|2007|GGST|Ontario|2018-10-20|Downtown Sprint Meet|30.86|282
5|Li, Michael|10|2008|MAC|Ontario|2019-02-09|Central Region B Champs 2019|30.90|281
6|Michael-Ailuelohia, Seth|10|2008|UCSC|Alberta|2019-05-25|Summer Festival South|30.95|280
7|Wang, Adam|10|2008|OAK|Ontario|2019-02-16|2019 Ontario Winter Festival Championships|31.09|276
8|Vaillancourt, Henri|10|2008|CAMO|Québec|2019-02-16|Championnat provincial 11-12 ans et Paranatation - Hiver|31.11|276
9|Du, Samuel Jinyang|10|2008|MST~|Ontario|2018-12-08|Youth Cup|31.13|275
10|Chu, Aaron|10|2008|OAK|Ontario|2019-02-23|David Lawson Invitational|31.28|271
11|Ha, Carsten|10|2008|APEX|Ontario|2019-02-16|2019 Ontario Winter Festival Championships|31.36|269
12|Rapoport, Eric|10|2008|RAMAC|Ontario|2019-05-12|2019 TOP Cup SC|31.37|269
13|Lee, Luke|10|2009|NYAC|Ontario|2019-02-16|2019 Ontario Winter Festival Championships|31.47|266
14|Benyahia, Riad|10|2007|CAMO|Québec|2018-10-13|ARENA Challenge Automne 2018|31.50|266
15|Grand, Noah|10|2008|ISC|British Columbia|2019-02-10|Speed League 2|31.55|264
16|Jacobs, Colin|10|2008|NYAC|Ontario|2018-12-08|Youth Cup|31.58|264
17|Tao, Zhe Rui|10|2008|RAPID|British Columbia|2019-04-14|Winskill Dolphins LMR|31.59|263
18|Fenning, Andrew|10|2007|UCSC|Alberta|2018-12-15|UCSC Holiday Classic|31.69|261
18|Vilchez, Lucian|10|2008|BTSC|Ontario|2019-02-02|2019 Huronia SC Regional Championships|31.69|261
20|Byrne, David|10|2008|CP|Alberta|2018-11-18|KSC SC Invitational 2018|31.79|258
21|Suchak, Aryan|10|2008|AAC|Ontario|2019-02-16|2019 Ontario Winter Festival Championships|31.90|256
22|Hamilton, Kayden|10|2009|PCSC|Québec|2019-06-09|Finales Regionales Lac St-Louis|31.92|255
23|Zmouli, Wassim Fadel|10|2008|ELITE|Québec|2019-06-15|Championnat provincial 11-12 ans et Paranatation d'été|31.93|255
24|Peraza Blais, Antonny|10|2008|ELITE|Québec|2019-06-02|Festival provincial développement - Ouest|31.94|255
25|Liu, Eric Yee Ming|10|2008|MST~|Ontario|2019-02-16|2019 Ontario Winter Festival Championships|32.04|252
26|Cescon, Benjamin|10|2008|TSC|Ontario|2019-05-11|2019 TOP Cup SC|32.06|252
26|Powell, Dalton|10|2008|RDCSC|Alberta|2018-10-27|Cascade Speed Meet|32.06|252
28|Noel, Tristan|10|2008|RL|Québec|2019-06-15|A Finale régionale ANQCA Provincial développement|32.08|251
29|Zheng, Zhi|10|2008|CDSC|British Columbia|2019-01-20|Canadian Dolphin New Years Invitational 2019|32.09|251
30|Kim, Eun-Woo|10|2007|NYAC|Ontario|2018-12-08|Youth Cup|32.12|250
31|Williams, Austin|10|2007|BBST|Ontario|2018-10-21|Kingston Blue Marlins Pentathlon|32.15|250
32|Rochette, Hubert|10|2009|CNQ|Québec|2019-06-15|A Finale régionale ANQCA Provincial développement|32.18|249
33|Pirvu, Spencer|10|2008|CW|Ontario|2019-05-12|2019 TOP Cup SC|32.19|249
34|Carswell, Riley|10|2007|WEST|Ontario|2018-10-21|2018 RHAC Fall Classic|32.27|247
34|Lee, Alex Seokhoon|10|2008|OAK|Ontario|2019-01-19|Audi Midtown Toronto Winter Classic-SC 12 & U (TPASC)|32.27|247
36|Pomerleau, Laurent|10|2008|CNQ|Québec|2019-06-15|A Finale régionale ANQCA Provincial développement|32.29|247
36|Mecteau, Zachary|10|2008|RL|Québec|2019-03-23|Invitation du printemps NSH|32.29|247
38|Lamoureux, Nataniel|10|2008|ELITE|Québec|2019-06-02|Festival provincial développement - Ouest|32.30|246
39|Skavinski, Nicholas|10|2008|ESWIM|Ontario|2019-05-12|2019 TOP Cup SC|32.34|245
40|Mari, Sébastien|10|2008|PCSC|Québec|2019-05-12|2019 TOP Cup SC|32.37|245
41|Cortese, Logan|10|2008|WAC|Ontario|2018-12-09|Border City Invitational|32.39|244
42|Blackwell, Matthew|10|2008|OTTER|Ontario|2019-02-16|2019 Ontario Winter Festival Championships|32.43|243
42|FAROKHSERESHT, BARSAM|10|2009|CNSL|Québec|2019-06-15|Championnat provincial 11-12 ans et Paranatation d'été|32.43|243
44|Govier, Ashton|10|2007|SFA|British Columbia|2018-11-10|2018 Brad Reid Memorial Invitational|32.45|243
45|Albert, Logan|10|2008|NES|New Brunswick|2019-05-25|Premier Festival Edmundston NB|32.48|242
46|Song, Yiguo|10|2008|RAPID|British Columbia|2019-06-23|SUMMER AGE GROUP CHAMPIONSHIPS|32.49|242
47|Nabozniak, Sawyer|10|2008|KAJ|British Columbia|2018-11-17|2018 KAJ Fall Classic|32.50|242
47|Watson, Scott|10|2008|KAJ|British Columbia|2019-06-23|SUMMER AGE GROUP CHAMPIONSHIPS|32.50|242
49|Gonzales, Colton|10|2009|LCSC|British Columbia|2019-06-23|SUMMER AGE GROUP CHAMPIONSHIPS|32.54|241
50|Mansoor, Matthew|10|2008|BAD|Ontario|2018-11-24|Alex Baumann Invitational|32.57|240