RANK|ATHLETES|AGE|YOB|CLUB|PROVINCE|DATE|MEET|TIME|FINA
1|Semenyuk, Anton|10|2008|NG|Québec|2019-06-15|Championnat provincial 11-12 ans et Paranatation d'été|10:42.37|328
2|Campbell, Silas|10|2007|WAAC|Ontario|2018-12-07|Border City Invitational|10:43.44|327
3|Zhang, Aidan|10|2008|WVOSC|British Columbia|2019-01-27|Chena Distance Meet 2019|10:48.91|319
4|Cao, Tony|10|2008|WSC|British Columbia|2019-04-13|2019 Spartan 11 and Under and LMR Distance|11:02.84|299
5|Mecteau, Zachary|10|2008|RL|Québec|2019-04-13|ARENA Challenge du printemps Développement mixte 2019 CAMO|11:05.80|295
6|Vaillancourt, Henri|10|2008|CAMO|Québec|2019-04-13|ARENA Challenge du printemps Développement mixte 2019 CAMO|11:05.95|295
7|Jacobs, Colin|10|2008|NYAC|Ontario|2018-11-04|NYAC Cup|11:06.45|294
8|Park, Minhyuk|10|2008|LOSC|British Columbia|2019-01-18|Canadian Dolphin New Years Invitational 2019|11:13.27|285
9|Chan, Alonzo|10|2008|SKSC|British Columbia|2018-10-19|SKSC Distance Time Trial #1|11:19.35|278
10|Grewal, Jatinder|10|2008|DELTA|British Columbia|2018-12-02|DSSC Distance LMR|11:25.77|270
11|Sénécal, Malyk|10|2009|NG|Québec|2019-06-15|Championnat provincial 11-12 ans et Paranatation d'été|11:39.95|254
12|Wu, Charlie (can chen)|10|2008|WSC|British Columbia|2019-04-13|2019 Spartan 11 and Under and LMR Distance|11:43.17|250
13|Scissons, Nikolas|10|2008|CPWD|Ontario|2019-02-03|2019 Eastern Ontario Regional Championships (SC/LC)|11:48.22|245
14|Albert, Logan|10|2008|NES|New Brunswick|2018-12-16|Championat par équipe Marianne Limpert|11:48.76|244
15|You, Gavin|10|2008|OAK|Ontario|2018-12-07|Border City Invitational|11:48.91|244
16|Wang, Adam|10|2008|OAK|Ontario|2018-12-07|Border City Invitational|11:50.79|242
17|Matteis, Noah|10|2007|CYPS|Ontario|2018-11-23|LAC - Nothers Fall Invitational|11:58.12|235
18|Zhu, Jimmy|10|2008|WSC|British Columbia|2019-04-13|2019 Spartan 11 and Under and LMR Distance|11:59.43|234
19|Hirch, Christopher|10|2008|SPART|British Columbia|2018-12-02|DSSC Distance LMR|12:07.66|226
20|Rochette, Hubert|10|2009|CNQ|Québec|2019-04-13|ARENA Challenge du printemps Développement mixte 2019 CAMO|12:09.51|224
21|Millar, Benjamin|10|2007|BTSC|Ontario|2018-11-30|2018 Barrie Trojan Cup|12:14.42|220
22|Vilchez, Lucian|10|2008|BTSC|Ontario|2018-11-02|2018 Barrie Aquafest|12:15.76|218
23|Levasseur, Xavier|10|2008|CAEM|Québec|2019-04-13|ARENA Challenge du printemps Développement mixte 2019 CAMO|12:15.91|218
24|Ivancu, Fabrizzio|10|2008|CAMO|Québec|2019-04-13|ARENA Challenge du printemps Développement mixte 2019 CAMO|12:19.16|215
25|Urbanovic, Alex|10|2008|HAC|Ontario|2018-12-07|Steeltown 2018|12:20.17|215
26|Smith, Bayden|10|2008|CHENA|British Columbia|2019-04-13|2019 Spartan 11 and Under and LMR Distance|12:22.97|212
27|Robert, Nicolas|10|2007|CNHR|Québec|2018-10-25|Intra Club 1|12:23.23|212
28|Xu, Xiu Qi|10|2009|CAMO|Québec|2019-04-13|ARENA Challenge du printemps Développement mixte 2019 CAMO|12:23.53|212
29|Lackovic, Nikola|10|2009|WEST|Ontario|2019-05-18|Qualifying for Summer Championships 2019|12:23.75|211
30|Kruger, Rudolf|10|2008|DST|British Columbia|2018-12-09|16th Annual XMAS Cracker Invitational|12:26.16|209
31|Legge, Eugene|10|2008|SWAT|Nova Scotia|2019-06-07|AA Spring Champs|12:33.73|203
32|Khanafer, Mohamad|10|2008|CAMO|Québec|2019-04-13|ARENA Challenge du printemps Développement mixte 2019 CAMO|12:34.55|202
33|Ding, Albert|10|2008|VAC|Ontario|2018-11-17|VAC2018 - 400-800-1500 Free & 200-400 IM Time Trial|12:46.78|193
34|Hasell, Robert|10|2008|SPART|British Columbia|2019-04-13|2019 Spartan 11 and Under and LMR Distance|12:47.94|192
35|Parent, Mathieu|10|2009|CAMO|Québec|2019-04-13|ARENA Challenge du printemps Développement mixte 2019 CAMO|12:49.01|191
36|Briand, Murray|10|2008|SWAT|Nova Scotia|2019-01-12|AA AGD 1|12:50.96|190
37|Cheon, Noah|10|2008|CHENA|British Columbia|2019-04-13|2019 Spartan 11 and Under and LMR Distance|12:53.38|188
38|Sulyatetsky, Michael|10|2008|CAMO|Québec|2019-04-13|ARENA Challenge du printemps Développement mixte 2019 CAMO|12:56.36|186
39|Pop, Robert|10|2007|ROW|Ontario|2018-12-15|ROW In House Competition|12:58.63|184
40|Côté, Julien|10|2008|BG|Québec|2018-12-15|Intra Club|13:02.94|181
41|Telky, Liam|10|2007|CREST|Ontario|2018-11-03|MAC Rising Star #1|13:03.60|181
42|Gevaert, Tyler|10|2008|MUSAC|Ontario|2019-05-11|Distance Time Trial|13:04.46|180
43|Tian, Alan|10|2008|HAC|Ontario|2018-12-07|Steeltown 2018|13:09.71|177
44|Sos, Benjamin|10|2008|ROW|Ontario|2018-12-15|ROW In House Competition|13:15.93|172
45|Van Oyen, Antoine|10|2008|CNQ|Québec|2019-04-13|ARENA Challenge du printemps Développement mixte 2019 CAMO|13:17.75|171
46|Hosny, Hamza|10|2008|CNQ|Québec|2019-04-13|ARENA Challenge du printemps Développement mixte 2019 CAMO|13:22.39|168
47|Schillinger, Eric|10|2008|SBSC|Nova Scotia|2018-11-11|Age Group Development Meet Fall Series #2|13:25.98|166
48|Gilman, Hercules|10|2008|KISU|British Columbia|2018-11-02|VKSC Fall Invitational 2018|13:27.28|165
49|Addison, Mark|10|2008|FAST|New Brunswick|2019-01-20|Distance Qualifier 2019|13:30.91|163
50|Giffard, Lucas|10|2009|NG|Québec|2019-06-09|Finale régionale des Jeux du Québec|13:31.68|163