RANK|ATHLETES|AGE|YOB|CLUB|PROVINCE|DATE|MEET|TIME|FINA
1|Molnar, Joey|10|2008|CASC|Alberta|2019-05-25|Summer Festival South|1:15.18|306
2|Li, Michael|10|2008|MAC|Ontario|2019-02-10|Central Region B Champs 2019|1:16.99|285
3|Wang, Jack|10|2008|COBRA|Ontario|2019-02-16|2019 Ontario Winter Festival Championships|1:17.64|278
4|Du, Samuel Jinyang|10|2008|MST~|Ontario|2018-12-07|Youth Cup|1:17.88|276
5|Cescon, Benjamin|10|2008|TSC|Ontario|2019-02-16|2019 Ontario Winter Festival Championships|1:18.24|272
6|Blackwell, Matthew|10|2008|OTTER|Ontario|2019-02-16|2019 Ontario Winter Festival Championships|1:18.65|268
7|Semenyuk, Anton|10|2008|NG|Québec|2019-06-08|Finale régionale des Jeux du Québec|1:19.63|258
8|Wang, Adam|10|2008|OAK|Ontario|2019-02-16|2019 Ontario Winter Festival Championships|1:19.96|255
9|Williams, Austin|10|2007|BBST|Ontario|2018-10-21|Kingston Blue Marlins Pentathlon|1:20.11|253
10|Lamoureux, Nataniel|10|2008|ELITE|Québec|2019-06-02|Festival provincial développement - Ouest|1:20.18|252
11|Michael-Ailuelohia, Seth|10|2008|UCSC|Alberta|2019-05-25|Summer Festival South|1:20.50|249
12|Ta, Edmund|10|2009|JDSS|Ontario|2019-04-27|2019 Ontario Team Challenge|1:21.39|241
13|Campbell, Silas|10|2007|WAAC|Ontario|2018-12-02|Aqua 7 - AAST vs WAAC|1:21.53|240
14|Wang, Matthew J|10|2008|MST~|Ontario|2019-02-16|2019 Ontario Winter Festival Championships|1:21.61|239
15|Ng, Jalen|10|2008|APEX|Ontario|2019-02-16|2019 Ontario Winter Festival Championships|1:21.68|239
16|Dawson, Oliver|10|2008|GPP|Alberta|2018-10-13|Oktober Opener|1:21.99|236
17|Powell, Dalton|10|2008|RDCSC|Alberta|2018-12-01|Winter Festival North|1:22.09|235
18|Carswell, Riley|10|2007|WEST|Ontario|2018-11-04|SEAL November 2018 - Leamington|1:22.90|228
19|MacNeil, Noah|10|2008|ESWIM|Ontario|2019-02-16|2019 Ontario Winter Festival Championships|1:22.95|228
20|Zhang, NingYuan|10|2008|NYAC|Ontario|2019-02-16|2019 Ontario Winter Festival Championships|1:23.26|225
21|Kim, Eun-Woo|10|2007|NYAC|Ontario|2018-12-07|Youth Cup|1:23.35|225
22|Wei, Harry|10|2008|WEST|Ontario|2019-02-16|2019 Ontario Winter Festival Championships|1:23.43|224
23|Vilchez, Lucian|10|2008|BTSC|Ontario|2019-02-03|2019 Huronia SC Regional Championships|1:23.51|223
24|Byrne, David|10|2008|CP|Alberta|2019-01-19|Pugsley's Plunge 2019|1:23.69|222
25|Fenning, Andrew|10|2007|UCSC|Alberta|2018-10-20|UCSC Fall Start Up|1:23.75|221
26|Courchesne, Justin|10|2007|MEGO|Québec|2018-11-24|Première invitation régionale MLLL|1:23.84|221
27|Beaumadier, Alexandre|10|2008|CASE|Québec|2019-04-13|Grand prix de Montréal Invitation 12 ans et moins|1:24.01|219
28|Pirvu, Spencer|10|2008|CW|Ontario|2018-12-07|Youth Cup|1:24.04|219
29|Mecteau, Zachary|10|2008|RL|Québec|2019-03-23|Invitation du printemps NSH|1:24.50|216
30|Vinizki, Zac|10|2008|NYAC|Ontario|2019-01-19|Audi Midtown Toronto Winter Classic-SC 12 & U (TPASC)|1:24.67|214
31|Grand, Noah|10|2008|ISC|British Columbia|2019-02-10|Speed League 2|1:24.80|213
32|Suchak, Aryan|10|2008|AAC|Ontario|2019-02-16|2019 Ontario Winter Festival Championships|1:24.82|213
33|Beaumadier, Cyriaque|10|2008|CASE|Québec|2019-04-13|Grand prix de Montréal Invitation 12 ans et moins|1:24.96|212
34|Burgi, Alexander|10|2008|WS|Ontario|2019-02-16|2019 Ontario Winter Festival Championships|1:25.23|210
35|Cortese, Logan|10|2008|WAC|Ontario|2018-11-10|2018 Age Group International SC|1:25.55|208
36|You, Gavin|10|2008|OAK|Ontario|2019-02-24|David Lawson Invitational|1:25.56|208
37|Lei, Leo|10|2008|WAC|Ontario|2019-02-16|2019 Ontario Winter Festival Championships|1:25.57|208
38|Gomez, Leonardo|10|2008|RHAC|Ontario|2019-02-16|2019 Ontario Winter Festival Championships|1:25.58|208
39|Peraza Blais, Antonny|10|2008|ELITE|Québec|2019-06-02|Festival provincial développement - Ouest|1:25.88|205
40|Tian, Alan|10|2008|HAC|Ontario|2019-02-16|2019 Ontario Winter Festival Championships|1:26.11|204
41|Fitzgerald, Quinn|10|2008|NKB|Ontario|2019-02-02|2019 Eastern Ontario Regional Championships (SC/LC)|1:26.12|204
42|El Tatawy, Abduallah|10|2007|KWST|Ontario|2018-10-27|ROW Fall First Try Meet|1:26.20|203
43|JINGAN, SAMIR|10|2008|CNSL|Québec|2019-06-02|Festival provincial développement - Ouest|1:26.28|203
44|Rogovoy, Maxim|10|2008|RAMAC|Ontario|2019-02-16|2019 Ontario Winter Festival Championships|1:26.30|202
45|Van Horne, Jacob|10|2008|KMSC|British Columbia|2018-11-24|KMSC November Time Trial Class 2: CLOSED|1:26.39|202
46|Dinaj, Tie|10|2008|TSC|Ontario|2019-02-16|2019 Ontario Winter Festival Championships|1:26.54|201
47|Onur, Arman|10|2007|PCSC|Québec|2018-10-13|ARENA Challenge Automne 2018|1:26.58|200
48|Tian, ZhangFu|10|2008|NYAC|Ontario|2018-12-07|Youth Cup|1:26.65|200
49|Wang, Zitong|10|2008|PCSC|Québec|2019-02-09|Aquafête 2019|1:26.74|199
49|Zmouli, Wassim Fadel|10|2008|ELITE|Québec|2019-06-02|Festival provincial développement - Ouest|1:26.74|199