RANK|ATHLETES|AGE|YOB|CLUB|PROVINCE|DATE|MEET|TIME|FINA
1|Bravener, Alexander|10|2008|SSAT|Ontario|2019-04-07|2019 Top Fish #3 South|50.76|693
2|Semenyuk, Anton|10|2008|NG|Québec|2019-06-16|Championnat provincial 11-12 ans et Paranatation d'été|1:04.63|336
3|Molnar, Joey|10|2008|CASC|Alberta|2019-05-26|Summer Festival South|1:05.80|318
4|Jacobs, Colin|10|2008|NYAC|Ontario|2019-02-17|2019 Ontario Winter Festival Championships|1:08.51|282
5|Cescon, Benjamin|10|2008|TSC|Ontario|2019-05-11|2019 TOP Cup SC|1:08.80|278
6|Watson, Scott|10|2008|KAJ|British Columbia|2019-06-22|SUMMER AGE GROUP CHAMPIONSHIPS|1:08.98|276
7|Du, Samuel Jinyang|10|2008|MST~|Ontario|2018-12-09|Youth Cup|1:09.27|273
8|Fenning, Andrew|10|2007|UCSC|Alberta|2018-11-25|Winter Festival South|1:09.33|272
9|Vilchez, Lucian|10|2008|BTSC|Ontario|2019-02-01|2019 Huronia SC Regional Championships|1:09.48|270
10|Powell, Dalton|10|2008|RDCSC|Alberta|2018-12-16|Age Group Food Bank Challenge|1:09.49|270
11|Hibbert, Samuel|10|2007|GGST|Ontario|2018-10-20|Downtown Sprint Meet|1:09.59|269
12|Skavinski, Nicholas|10|2008|ESWIM|Ontario|2019-05-11|2019 TOP Cup SC|1:09.71|267
13|Wang, Adam|10|2008|OAK|Ontario|2019-02-17|2019 Ontario Winter Festival Championships|1:09.98|264
14|Tao, Zhe Rui|10|2008|RAPID|British Columbia|2019-04-13|Winskill Dolphins LMR|1:10.38|260
15|Mecteau, Zachary|10|2008|RL|Québec|2019-06-16|A Finale régionale ANQCA Provincial développement|1:10.44|259
16|Zheng, Zhi|10|2008|CDSC|British Columbia|2019-01-19|Canadian Dolphin New Years Invitational 2019|1:10.54|258
17|Vaillancourt, Henri|10|2008|CAMO|Québec|2019-06-16|Championnat provincial 11-12 ans et Paranatation d'été|1:11.01|253
18|You, Gavin|10|2008|OAK|Ontario|2019-02-17|2019 Ontario Winter Festival Championships|1:11.03|253
18|Lee, Alex Seokhoon|10|2008|OAK|Ontario|2019-02-17|2019 Ontario Winter Festival Championships|1:11.03|253
20|Lamoureux, Nataniel|10|2008|ELITE|Québec|2019-06-01|Festival provincial développement - Ouest|1:11.12|252
20|Ta, Edmund|10|2009|JDSS|Ontario|2019-04-28|2019 Ontario Team Challenge|1:11.12|252
22|Zhang, Aidan|10|2008|WVOSC|British Columbia|2019-02-03|Burnaby Dynamo LMR & 20 Years Anniversary Invitational|1:11.15|251
23|Byrne, David|10|2008|CP|Alberta|2019-01-19|Pugsley's Plunge 2019|1:11.20|251
24|Skinder, Joseph|10|2008|DYNA|British Columbia|2019-06-02|LMR Championships|1:11.58|247
24|Kim, Laon|10|2008|HYACK|British Columbia|2019-02-23|Winter Age Group Championships|1:11.58|247
26|Issakov, Eitan|10|2008|ELITE|Québec|2019-02-03|Invitation Peter-Suen 2019|1:11.60|247
27|Grand, Noah|10|2008|ISC|British Columbia|2019-01-26|Vancouver Island Regional SC Championships|1:11.64|246
28|Liu, Eric Yee Ming|10|2008|MST~|Ontario|2019-02-17|2019 Ontario Winter Festival Championships|1:11.84|244
29|FAROKHSERESHT, BARSAM|10|2009|CNSL|Québec|2019-06-16|Championnat provincial 11-12 ans et Paranatation d'été|1:11.97|243
30|Noel, Tristan|10|2008|RL|Québec|2019-06-16|A Finale régionale ANQCA Provincial développement|1:12.11|242
31|Hamilton, Kayden|10|2009|PCSC|Québec|2019-05-11|2019 TOP Cup SC|1:12.12|241
32|Rochette, Hubert|10|2009|CNQ|Québec|2019-06-16|A Finale régionale ANQCA Provincial développement|1:12.16|241
33|Pirvu, Spencer|10|2008|CW|Ontario|2019-03-02|Wilmot Aces Team Challenge Cup|1:12.19|241
34|Wang, Jack|10|2008|COBRA|Ontario|2018-11-04|Newmarket Stingrays Fall Invitational|1:12.26|240
35|Williams, Austin|10|2007|BBST|Ontario|2018-11-02|NYAC Cup|1:12.34|239
35|Rogovoy, Maxim|10|2008|RAMAC|Ontario|2019-05-11|2019 TOP Cup SC|1:12.34|239
37|Govier, Ashton|10|2007|SFA|British Columbia|2018-12-08|2018 Spartan Santa LMR|1:12.38|239
38|Yang, Derex|10|2008|HYACK|British Columbia|2019-07-27|SKSC Summer Fest|1:12.40|239
39|Foulds, Matthew|10|2008|TBT|Ontario|2018-12-01|Northwest Narwhal's Massaro Construction LTD Invitational|1:12.45|238
40|Zmouli, Wassim Fadel|10|2008|ELITE|Québec|2019-06-16|Championnat provincial 11-12 ans et Paranatation d'été|1:12.51|238
40|Pomerleau, Laurent|10|2008|CNQ|Québec|2019-06-16|A Finale régionale ANQCA Provincial développement|1:12.51|238
42|Carswell, Riley|10|2007|WEST|Ontario|2018-11-04|SEAL November 2018 - Leamington|1:12.73|235
43|Cao, Tony|10|2008|WSC|British Columbia|2018-11-09|2018 Brad Reid Memorial Invitational|1:12.75|235
44|Cortese, Logan|10|2008|WAC|Ontario|2018-12-08|Border City Invitational|1:12.81|235
45|Ng, Jalen|10|2008|APEX|Ontario|2019-03-03|Steve Kingston Memorial Swim Meet|1:12.83|234
46|Strom, Bennett|10|2008|KSC|Alberta|2018-12-16|Age Group Food Bank Challenge|1:12.85|234
47|Chan, Alonzo|10|2008|SKSC|British Columbia|2018-12-08|2018 Spartan Santa LMR|1:12.86|234
48|Peraza Blais, Antonny|10|2008|ELITE|Québec|2019-06-01|Festival provincial développement - Ouest|1:12.88|234
49|Song, Yiguo|10|2008|RAPID|British Columbia|2019-07-27|SKSC Summer Fest|1:12.90|234
50|Yang, Kris|10|2007|CDSC|British Columbia|2018-10-13|PSW Fall Invitational|1:12.98|233