RANK|ATHLETES|AGE|YOB|CLUB|PROVINCE|DATE|MEET|TIME|FINA
1|Cescon, Benjamin|10|2008|TSC|Ontario|2019-05-12|2019 TOP Cup SC|3:01.30|293
2|Smith, Bayden|10|2008|CHENA|British Columbia|2019-06-23|SUMMER AGE GROUP CHAMPIONSHIPS|3:01.84|290
3|Vaillancourt, Henri|10|2008|CAMO|Québec|2019-03-31|Inter club U12|3:05.43|274
4|Dawson, Oliver|10|2008|GPP|Alberta|2018-11-04|Cygnet Dental & Junction Point Physical Therapy Fast Track into Fall|3:09.40|257
5|Tao, Zhe Rui|10|2008|RAPID|British Columbia|2019-04-13|Winskill Dolphins LMR|3:10.89|251
6|Rogovoy, Maxim|10|2008|RAMAC|Ontario|2019-05-12|2019 TOP Cup SC|3:11.33|249
7|Wang, Matthew J|10|2008|MST~|Ontario|2018-11-25|Alex Baumann Invitational|3:11.50|248
8|Song, Yiguo|10|2008|RAPID|British Columbia|2019-07-28|SKSC Summer Fest|3:13.34|241
9|Lamoureux, Nataniel|10|2008|ELITE|Québec|2019-05-12|2019 TOP Cup SC|3:13.65|240
10|Chen, Lucas|10|2007|RHAC|Ontario|2018-10-21|2018 RHAC Fall Classic|3:14.04|239
11|Yang, Derex|10|2008|HYACK|British Columbia|2019-07-28|SKSC Summer Fest|3:14.47|237
12|Zhang, Aidan|10|2008|WVOSC|British Columbia|2018-11-11|2018 Brad Reid Memorial Invitational|3:14.54|237
13|Wong, Adam|10|2008|WVOSC|British Columbia|2018-12-16|Rapids Fast-Swim Classic|3:17.42|227
14|Watson, Scott|10|2008|KAJ|British Columbia|2019-06-23|SUMMER AGE GROUP CHAMPIONSHIPS|3:17.70|226
15|Walker, Raine|10|2007|NEW|Ontario|2018-12-08|PICK Lisa Flood Christmas Classic 2018|3:18.40|223
16|Mecteau, Zachary|10|2008|RL|Québec|2019-06-15|A Finale régionale ANQCA Provincial développement|3:18.85|222
17|Mastromatteo, Tazio|10|2008|KSS|Ontario|2018-12-02|Last Chance for Man/Sask|3:18.96|221
18|Fenning, Andrew|10|2007|UCSC|Alberta|2018-12-15|UCSC Holiday Classic|3:19.08|221
19|Van Horne, Jacob|10|2008|KMSC|British Columbia|2018-10-20|3rd Annual Technicon Swim Meet|3:19.12|221
20|Williams, Austin|10|2007|BBST|Ontario|2018-10-21|Kingston Blue Marlins Pentathlon|3:19.49|220
21|Djellout, Ramy Mhand|10|2009|CAFA|Québec|2019-06-08|BBQ Développement 2019|3:20.37|217
22|MacNeil, Noah|10|2008|ESWIM|Ontario|2018-11-11|2018 Age Group International SC|3:21.22|214
23|Cheng, Alex Wang Chi|10|2008|CDSC|British Columbia|2019-02-24|Winter Age Group Championships|3:21.47|213
24|Foulds, Matthew|10|2008|TBT|Ontario|2018-12-01|Northwest Narwhal's Massaro Construction LTD Invitational|3:21.82|212
25|Doudou, Ghiles|10|2008|CAMO|Québec|2019-01-22|Intra-Club CAMO Natation|3:22.09|211
26|Billette, Florent|10|2008|ELITE|Québec|2019-06-16|Championnat provincial 11-12 ans et Paranatation d'été|3:22.25|211
27|Fong, Linus|10|2008|SFA|British Columbia|2019-06-23|SUMMER AGE GROUP CHAMPIONSHIPS|3:22.63|209
28|Govier, Ashton|10|2007|SFA|British Columbia|2018-10-13|SFU-SFA LMR Swim Meet|3:23.82|206
29|Pirvu, Spencer|10|2008|CW|Ontario|2019-03-03|Wilmot Aces Team Challenge Cup|3:24.43|204
30|Issakov, Eitan|10|2008|ELITE|Québec|2019-01-13|Nouvel AN U12|3:24.59|204
31|Yu, Matthew|10|2008|WVOSC|British Columbia|2019-01-20|Canadian Dolphin New Years Invitational 2019|3:24.93|202
32|Chew, Liam|10|2009|KAJ|British Columbia|2019-06-23|SUMMER AGE GROUP CHAMPIONSHIPS|3:25.20|202
33|Burgi, Alexander|10|2008|WS|Ontario|2018-12-01|2018 Union Cup|3:25.39|201
34|Hamilton, Kayden|10|2009|PCSC|Québec|2019-06-16|Championnat provincial 11-12 ans et Paranatation d'été|3:25.84|200
35|Lei, Leo|10|2008|WAC|Ontario|2019-05-18|WAC Cup 2|3:25.97|199
36|Chen, Charles|10|2008|RAPID|British Columbia|2019-02-24|Winter Age Group Championships|3:26.17|199
37|Semenyuk, Anton|10|2008|NG|Québec|2019-05-12|2019 TOP Cup SC|3:26.50|198
38|Michael-Ailuelohia, Seth|10|2008|UCSC|Alberta|2019-03-03|Provincials - Short Course|3:26.89|197
39|Unden, Axel|10|2009|CHENA|British Columbia|2019-06-23|SUMMER AGE GROUP CHAMPIONSHIPS|3:26.92|197
40|Onur, Arman|10|2007|PCSC|Québec|2018-12-08|Invitation provinciale des fêtes CSLA|3:27.06|196
41|Li, Burton|10|2009|SFNV|British Columbia|2019-02-24|Winter Age Group Championships|3:27.40|195
42|Woo, Ethan|10|2008|UVPCS|British Columbia|2019-06-23|SUMMER AGE GROUP CHAMPIONSHIPS|3:27.60|195
43|Beaumadier, Cyriaque|10|2008|CASE|Québec|2019-02-16|Championnat provincial 11-12 ans et Paranatation - Hiver|3:27.94|194
44|Blackwell, Matthew|10|2008|OTTER|Ontario|2018-11-11|42nd Cindy Nicholas Invitational|3:28.41|192
45|li, leo|10|2008|RHSD|Ontario|2018-11-25|Alex Baumann Invitational|3:28.60|192
46|Lai, Channiel|10|2007|SKSC|British Columbia|2018-10-13|SFU-SFA LMR Swim Meet|3:29.10|191
47|Du, Gary|10|2008|RAPID|British Columbia|2019-02-24|Winter Age Group Championships|3:29.48|190
48|Macluskie, Tobias|10|2008|COMOX|British Columbia|2019-02-09|Sharks Last Chance Invitational|3:30.06|188
49|Cheung, Shun Yu Julius|10|2008|CDSC|British Columbia|2019-01-20|Canadian Dolphin New Years Invitational 2019|3:30.26|187
50|Hingada, Masahiro|10|2008|TORCH|Ontario|2018-12-08|Border City Invitational|3:30.65|186