RANK|ATHLETES|AGE|YOB|CLUB|PROVINCE|DATE|MEET|TIME|FINA
1|Semenyuk, Anton|10|2008|NG|Québec|2019-05-12|2019 TOP Cup SC|1:15.79|255
2|Blackwell, Matthew|10|2008|OTTER|Ontario|2019-02-16|2019 Ontario Winter Festival Championships|1:16.49|248
3|Jacobs, Colin|10|2008|NYAC|Ontario|2019-02-16|2019 Ontario Winter Festival Championships|1:17.29|240
4|Zheng, Zhi|10|2008|CDSC|British Columbia|2019-01-20|Canadian Dolphin New Years Invitational 2019|1:17.43|239
5|Noel, Tristan|10|2008|RL|Québec|2019-06-15|A Finale régionale ANQCA Provincial développement|1:17.82|235
6|Rapoport, Eric|10|2008|RAMAC|Ontario|2019-05-12|2019 TOP Cup SC|1:17.83|235
7|Song, Yiguo|10|2008|RAPID|British Columbia|2019-07-28|SKSC Summer Fest|1:18.03|233
8|Cescon, Benjamin|10|2008|TSC|Ontario|2019-05-12|2019 TOP Cup SC|1:18.82|226
9|Fenning, Andrew|10|2007|UCSC|Alberta|2018-11-24|Winter Festival South|1:19.05|225
10|Lamoureux, Nataniel|10|2008|ELITE|Québec|2019-06-15|Championnat provincial 11-12 ans et Paranatation d'été|1:19.18|223
11|Yang, Derex|10|2008|HYACK|British Columbia|2019-02-22|Winter Age Group Championships|1:19.23|223
12|Wang, Matthew J|10|2008|MST~|Ontario|2019-02-16|2019 Ontario Winter Festival Championships|1:19.27|223
13|Ta, Edmund|10|2009|JDSS|Ontario|2019-05-12|2019 TOP Cup SC|1:19.55|220
14|Kim, Laon|10|2008|HYACK|British Columbia|2019-02-22|Winter Age Group Championships|1:19.88|218
15|Campbell, Silas|10|2007|WAAC|Ontario|2018-11-17|Expressway Lincoln Fall Invitational|1:20.21|215
16|Molnar, Joey|10|2008|CASC|Alberta|2019-05-25|Summer Festival South|1:20.88|210
17|Jian, Alex|10|2009|MST~|Ontario|2019-06-05|Mallards June In House Competition|1:21.50|205
18|Onur, Arman|10|2007|PCSC|Québec|2018-11-24|2018 CSL Snowflake Invitational|1:21.62|204
19|Grand, Noah|10|2008|ISC|British Columbia|2019-01-25|Vancouver Island Regional SC Championships|1:21.76|203
20|Vaillancourt, Henri|10|2008|CAMO|Québec|2019-03-31|Inter club U12|1:21.93|202
21|Wang, Jack|10|2008|COBRA|Ontario|2019-01-13|2019 Etobicoke A-B Meet|1:21.96|201
22|Gomez, Leonardo|10|2008|RHAC|Ontario|2019-02-16|2019 Ontario Winter Festival Championships|1:22.34|199
23|Chan, Alonzo|10|2008|SKSC|British Columbia|2018-11-11|2018 Brad Reid Memorial Invitational|1:22.60|197
24|Du, Samuel Jinyang|10|2008|MST~|Ontario|2018-10-21|2018 RHAC Fall Classic|1:22.62|197
25|Tao, Zhe Rui|10|2008|RAPID|British Columbia|2019-01-20|Canadian Dolphin New Years Invitational 2019|1:23.03|194
26|Macluskie, Tobias|10|2008|COMOX|British Columbia|2019-01-25|Vancouver Island Regional SC Championships|1:23.18|193
27|Skavinski, Nicholas|10|2008|ESWIM|Ontario|2019-05-12|2019 TOP Cup SC|1:23.63|190
28|Kim, Eun-Woo|10|2007|NYAC|Ontario|2018-12-08|Youth Cup|1:23.78|189
29|Wei, Harry|10|2008|WEST|Ontario|2019-02-16|2019 Ontario Winter Festival Championships|1:23.88|188
30|Baas, Owen|10|2008|CT33|Ontario|2019-04-26|2019 Ontario Team Challenge|1:24.00|187
31|Powell, Dalton|10|2008|RDCSC|Alberta|2018-12-01|Winter Festival North|1:24.57|183
32|Wang, Adam|10|2008|OAK|Ontario|2019-02-23|David Lawson Invitational|1:25.09|180
33|Cheng, Alex Wang Chi|10|2008|CDSC|British Columbia|2019-02-22|Winter Age Group Championships|1:25.14|180
34|Smith, Bayden|10|2008|CHENA|British Columbia|2019-06-21|SUMMER AGE GROUP CHAMPIONSHIPS|1:25.16|179
35|Piatek, Alan|10|2009|KSC|Alberta|2019-05-25|Summer Festival South|1:25.17|179
36|Chen, Ethan|10|2009|BORC|Ontario|2019-04-26|2019 Ontario Team Challenge|1:25.18|179
37|Govier, Ashton|10|2007|SFA|British Columbia|2018-11-11|2018 Brad Reid Memorial Invitational|1:25.60|177
38|Duong, Elven|10|2008|SAMAK|Québec|2019-03-31|Inter club U12|1:25.68|176
39|Malcolm, Evan|10|2008|GGST|Ontario|2018-12-14|Team Showdown 2018|1:25.83|175
40|Wu, Charlie (can chen)|10|2008|WSC|British Columbia|2019-02-22|Winter Age Group Championships|1:25.96|174
41|Zhu, Jimmy|10|2008|WSC|British Columbia|2019-05-26|DSSC 11 & Under Sprint Cup|1:26.07|174
42|Cheon, Noah|10|2008|CHENA|British Columbia|2019-06-21|SUMMER AGE GROUP CHAMPIONSHIPS|1:26.49|171
43|Parent, Mathieu|10|2009|CAMO|Québec|2019-06-15|Championnat provincial 11-12 ans et Paranatation d'été|1:26.69|170
43|Tian, ZhangFu|10|2008|NYAC|Ontario|2019-02-10|Central Region B Champs 2019|1:26.69|170
45|El Tatawy, Abduallah|10|2007|KWST|Ontario|2018-11-09|Swim International 2018|1:27.00|168
46|Walker, Raine|10|2007|NEW|Ontario|2018-12-09|PICK Lisa Flood Christmas Classic 2018|1:27.06|168
47|Fonseca, Simon|10|2008|CAMO|Québec|2019-02-16|Championnat provincial 11-12 ans et Paranatation - Hiver|1:27.13|168
48|Chen, Lucas|10|2007|RHAC|Ontario|2018-10-21|2018 RHAC Fall Classic|1:27.40|166
49|Hamilton, Kayden|10|2009|PCSC|Québec|2019-06-15|Championnat provincial 11-12 ans et Paranatation d'été|1:27.42|166
50|Liu, Eric Yee Ming|10|2008|MST~|Ontario|2019-02-16|2019 Ontario Winter Festival Championships|1:27.44|166