RANK|ATHLETES|AGE|YOB|CLUB|PROVINCE|DATE|MEET|TIME|FINA
1|Cescon, Benjamin|10|2008|TSC|Ontario|2019-05-10|2019 TOP Cup SC|2:41.84|310
2|Du, Samuel Jinyang|10|2008|MST~|Ontario|2018-12-08|Youth Cup|2:44.25|297
3|Semenyuk, Anton|10|2008|NG|Québec|2019-06-15|Championnat provincial 11-12 ans et Paranatation d'été|2:44.83|294
4|Kim, Laon|10|2008|HYACK|British Columbia|2019-02-23|Winter Age Group Championships|2:45.61|290
5|Fenning, Andrew|10|2007|UCSC|Alberta|2018-12-16|UCSC Holiday Classic|2:47.71|279
6|Molnar, Joey|10|2008|CASC|Alberta|2018-12-15|Age Group Food Bank Challenge|2:48.86|273
7|Vaillancourt, Henri|10|2008|CAMO|Québec|2019-02-15|Championnat provincial 11-12 ans et Paranatation - Hiver|2:49.24|271
8|Wang, Jack|10|2008|COBRA|Ontario|2019-02-17|2019 Ontario Winter Festival Championships|2:49.38|271
9|Li, Michael|10|2008|MAC|Ontario|2019-02-17|2019 Ontario Winter Festival Championships|2:49.67|269
10|Zheng, Zhi|10|2008|CDSC|British Columbia|2018-12-14|Rapids Fast-Swim Classic|2:50.73|264
11|Wang, Matthew J|10|2008|MST~|Ontario|2019-02-17|2019 Ontario Winter Festival Championships|2:50.78|264
12|Yang, Derex|10|2008|HYACK|British Columbia|2019-02-23|Winter Age Group Championships|2:51.02|263
13|Smith, Bayden|10|2008|CHENA|British Columbia|2019-06-22|SUMMER AGE GROUP CHAMPIONSHIPS|2:51.22|262
14|Dawson, Oliver|10|2008|GPP|Alberta|2018-11-02|Cygnet Dental & Junction Point Physical Therapy Fast Track into Fall|2:51.24|262
15|Song, Yiguo|10|2008|RAPID|British Columbia|2019-07-27|SKSC Summer Fest|2:51.81|259
16|MacNeil, Noah|10|2008|ESWIM|Ontario|2019-05-10|2019 TOP Cup SC|2:52.49|256
17|Blackwell, Matthew|10|2008|OTTER|Ontario|2019-01-20|Audi Midtown Toronto Winter Classic-SC 12 & U (TPASC)|2:52.72|255
18|Benyahia, Riad|10|2007|CAMO|Québec|2018-10-14|ARENA Challenge Automne 2018|2:52.91|254
19|Lee, Luke|10|2009|NYAC|Ontario|2019-02-17|2019 Ontario Winter Festival Championships|2:52.99|254
20|Powell, Dalton|10|2008|RDCSC|Alberta|2018-12-15|Age Group Food Bank Challenge|2:53.22|253
21|Rogovoy, Maxim|10|2008|RAMAC|Ontario|2019-05-10|2019 TOP Cup SC|2:53.44|252
22|Tao, Zhe Rui|10|2008|RAPID|British Columbia|2019-03-15|Rapids TT #4|2:53.59|251
23|Wong, Adam|10|2008|WVOSC|British Columbia|2018-12-14|Rapids Fast-Swim Classic|2:53.88|250
24|Chan, Alonzo|10|2008|SKSC|British Columbia|2018-12-08|2018 Spartan Santa LMR|2:54.06|249
25|Foulds, Matthew|10|2008|TBT|Ontario|2018-12-08|Youth Cup|2:54.16|249
26|Tian, ZhangFu|10|2008|NYAC|Ontario|2019-02-17|2019 Ontario Winter Festival Championships|2:54.88|246
27|Macluskie, Tobias|10|2008|COMOX|British Columbia|2019-01-25|Vancouver Island Regional SC Championships|2:55.19|245
28|Wang, Adam|10|2008|OAK|Ontario|2019-02-17|2019 Ontario Winter Festival Championships|2:55.20|245
29|Jian, Alex|10|2009|MST~|Ontario|2019-02-17|2019 Ontario Winter Festival Championships|2:55.63|243
30|Skavinski, Nicholas|10|2008|ESWIM|Ontario|2019-02-17|2019 Ontario Winter Festival Championships|2:55.71|242
31|Hamilton, Kayden|10|2009|PCSC|Québec|2019-06-15|Championnat provincial 11-12 ans et Paranatation d'été|2:56.07|241
32|You, Gavin|10|2008|OAK|Ontario|2019-02-17|2019 Ontario Winter Festival Championships|2:56.16|241
33|Campbell, Silas|10|2007|WAAC|Ontario|2018-12-08|Border City Invitational|2:56.92|237
34|Lamoureux, Nataniel|10|2008|ELITE|Québec|2019-06-15|Championnat provincial 11-12 ans et Paranatation d'été|2:57.02|237
35|Grand, Noah|10|2008|ISC|British Columbia|2019-01-25|Vancouver Island Regional SC Championships|2:57.20|236
36|Rapoport, Eric|10|2008|RAMAC|Ontario|2019-05-10|2019 TOP Cup SC|2:57.27|236
37|Watson, Scott|10|2008|KAJ|British Columbia|2019-06-22|SUMMER AGE GROUP CHAMPIONSHIPS|2:57.84|234
38|Gonzales, Colton|10|2009|LCSC|British Columbia|2019-06-22|SUMMER AGE GROUP CHAMPIONSHIPS|2:57.95|233
39|Duong, Elven|10|2008|SAMAK|Québec|2019-03-31|Inter club U12|2:58.20|232
40|Zhang, Aidan|10|2008|WVOSC|British Columbia|2019-01-18|Canadian Dolphin New Years Invitational 2019|2:58.54|231
41|Mecteau, Zachary|10|2008|RL|Québec|2019-02-15|Championnat provincial 11-12 ans et Paranatation - Hiver|2:58.59|231
42|Cheng, Alex Wang Chi|10|2008|CDSC|British Columbia|2019-01-18|Canadian Dolphin New Years Invitational 2019|2:58.61|231
43|Michael-Ailuelohia, Seth|10|2008|UCSC|Alberta|2019-04-27|EVDSC 2019 Annual Invitational Swim Meet|2:58.71|230
44|Yang, Kris|10|2007|CDSC|British Columbia|2018-10-14|PSW Fall Invitational|2:59.13|229
45|Van Horne, Jacob|10|2008|KMSC|British Columbia|2018-10-19|3rd Annual Technicon Swim Meet|2:59.19|229
46|Chen, Charles|10|2008|RAPID|British Columbia|2019-02-23|Winter Age Group Championships|2:59.52|227
47|Pirvu, Spencer|10|2008|CW|Ontario|2019-03-02|Wilmot Aces Team Challenge Cup|2:59.54|227
48|Li, Burton|10|2009|SFNV|British Columbia|2019-06-22|SUMMER AGE GROUP CHAMPIONSHIPS|2:59.56|227
49|Govier, Ashton|10|2007|SFA|British Columbia|2018-11-09|2018 Brad Reid Memorial Invitational|2:59.73|226
50|Lavrov, Anton|10|2007|WVOSC|British Columbia|2018-12-02|Hollyburn Invitational|3:00.17|225