RANK|AGES|CLUB|TEAM|PROVINCE|DATE|MEET|TIME|FINA
1|10 - 10|Cascade Swim Club|CASC B|Alberta|2018-10-27|Cascade Speed Meet|2:07.02|274
2|10 - 10|Mallards Swim Team|MST~ A|Ontario|2018-10-20|2018 RHAC Fall Classic|2:07.32|273
3|10 - 10|Etobicoke Swim Club|ESWIMA|Ontario|2018-12-09|Youth Cup|2:11.69|246
4|10 - 10|Pointe-Claire Swim Club|PCSC A|Québec|2018-12-01|Régionale ANLSL Pointe-Claire|2:12.69|241
5|10 - 10|E.N. Longueuil|ELITEA|Québec|2019-05-11|2019 TOP Cup SC|2:12.94|239
5|10 - 10|E.N. Longueuil|ELIT C|Québec|2019-02-15|Développement 2e chance 14 ans et moins|2:12.94|239
7|10 - 10|Toronto Swim Club|TSC A|Ontario|2018-11-17|York Invitational|2:14.94|229
8|10 - 10|Windsor Aquatic Club|WAC A|Ontario|2018-11-10|2018 Age Group International SC|2:15.53|226
9|10 - 10|Windsor-Essex Swim Team|WEST A|Ontario|2018-10-20|2018 RHAC Fall Classic|2:17.82|215
10|10 - 10|Club Aquatique Montreal|CAMO A|Québec|2018-10-28|Invitation Régionale 9 et plus et Développement - ANBM 1 (Groupe B - AM)|2:18.20|213
11|10 - 10|Sackville Waves Aquatic Team|SWAT B|Nova Scotia|2019-05-05|AA Age Group Development 3|2:18.40|212
12|10 - 10|Wayland Swim Club|WSC A|British Columbia|2019-02-23|Winter Age Group Championships|2:19.01|209
13|10 - 10|West Vancouver Otters|WVOSCC|British Columbia|2018-10-14|SFU-SFA LMR Swim Meet|2:19.36|208
14|10 - 10|Oakville Aquatic Club|OAK A|Ontario|2018-10-13|LAC - Nothers Fall Invitational|2:19.54|207
15|10 - 10|Richmond Hill Aquatic Club|RHAC A|Ontario|2018-11-03|Newmarket Stingrays Fall Invitational|2:20.37|203
16|10 - 10|Riverains Lévis|RL A|Québec|2018-10-14|Coupe d'automne 2018|2:20.70|202
17|10 - 10|UVic Pacific Coast Swimming|UVPCSA|British Columbia|2019-01-25|Vancouver Island Regional SC Championships|2:21.64|198
18|10 - 10|Club de Natation SAMAK|SAMA A|Québec|2019-03-31|Inter club U12|2:21.88|197
19|10 - 10|Island Swimming Club|ISC A|British Columbia|2019-01-25|Vancouver Island Regional SC Championships|2:22.04|196
20|10 - 10|Hyack Swim Club|HYACKD|British Columbia|2018-11-10|2018 Brad Reid Memorial Invitational|2:22.45|194
21|10 - 10|Kitimat Marlins|KMSC A|British Columbia|2019-01-26|Rio Tinto Northern Lights|2:22.98|192
22|10 - 10|Markham Aquatic Club|MAC A|Ontario|2018-11-04|MAC Rising Star #1|2:23.10|192
23|10 - 10|Greater Ottawa Kingfish Swim Club|GO A|Ontario|2018-11-24|GO Polar Bear Invitational12/Under SC 13/Over LC|2:23.37|191
24|10 - 10|Cobra Swim Club|COBRAA|Ontario|2018-11-03|Newmarket Stingrays Fall Invitational|2:24.08|188
25|10 - 10|C.N. St-Laurent|CNSL A|Québec|2019-04-06|Jeux de Montréal 2019|2:24.72|185
25|10 - 10|Club aquatique CDN-NDG|CDND B|Québec|2019-04-06|Jeux de Montréal 2019|2:24.72|185
27|10 - 10|Etobicoke Swim Club|ESWIMB|Ontario|2018-12-21|2019 TOP Cup SC|2:25.23|183
28|10 - 10|University Of Calgary Swim Club|UCSC A|Alberta|2019-04-28|EVDSC 2019 Annual Invitational Swim Meet|2:25.39|183
29|10 - 10|Newmarket Stingrays Swim Club|NEW A|Ontario|2018-11-03|Newmarket Stingrays Fall Invitational|2:25.72|182
30|10 - 10|Nepean Kanata Barracudas|NKB A|Ontario|2018-11-10|Distance and Development Challenge|2:26.18|180
31|10 - 10|Canadian Dolphin Swim Club|CDSC C|British Columbia|2018-11-03|LOSC 12th Annual Short Course Invitational|2:27.40|175
32|10 - 10|Sackville Waves Aquatic Team|SWAT A|Nova Scotia|2019-01-13|AA Winter Champs|2:27.45|175
33|10 - 10|Les Espadons|LES A|New Brunswick|2018-11-17|BLAST INVITATIONAL|2:27.65|175
34|10 - 10|Club aquatique CDN-NDG|CDNDGB|Québec|2019-05-11|2019 TOP Cup SC|2:28.37|172
35|10 - 10|Mallards Swim Team|MST~ B|Ontario|2018-11-24|Alex Baumann Invitational|2:29.55|168
35|10 - 10|Richmond Rapids Swim Club|RAPIDB|British Columbia|2018-10-14|SFU-SFA LMR Swim Meet|2:29.55|168
37|10 - 10|Okotoks Mavericks Swim Club|MAVS A|Alberta|2018-10-20|KSC SC Invitational 2018|2:30.18|166
38|10 - 10|Oakville Aquatic Club|OAK B|Ontario|2019-02-23|David Lawson Invitational|2:30.23|166
39|10 - 10|Pointe-Claire Swim Club|PCSC F|Québec|2018-12-01|ANLSL Regionale 2 - Les Sprints des fêtes|2:30.66|164
40|10 - 10|Club Warrior Swimmers@UW|CW A|Ontario|2018-11-17|Expressway Lincoln Fall Invitational|2:30.77|164
41|10 - 10|Canadian Dolphin Swim Club|CDSC G|British Columbia|2018-12-01|Hollyburn Invitational|2:31.00|163
41|10 - 10|Canadian Dolphin Swim Club|CDSC D|British Columbia|2019-02-24|Winter Age Group Championships|2:31.00|163
43|10 - 10|Selkirk Dolphins|SD A|Manitoba|2019-06-08|Manitoba Open Junior Provincials|2:31.16|163
44|10 - 10|Dorval Swim Club|DSC A|Québec|2018-10-27|Régionale 1 ANLSL|2:31.72|161
45|10 - 10|Conception Bay South Bluefins|CBSB B|Newfoundland|2019-04-07|Bluefins Spring Invitational|2:31.88|160
46|10 - 10|Pointe-Claire Swim Club|PCSC B|Québec|2019-05-11|2019 TOP Cup SC|2:32.04|160
47|10 - 10|Edson Orcas Swim Club|EDSONA|Alberta|2019-02-17|Grande Cache Otters 45th Annual Mountain Meet 2019|2:32.36|159
48|10 - 10|Edmonton Keyano Swim Club|EKSC A|Alberta|2019-01-18|Blue Bears 2019|2:32.68|158
49|10 - 10|Valley East Waves|VEW A|Ontario|2019-02-02|Dave Kensit Memorial SC Championship|2:32.92|157
50|10 - 10|E.N. Longueuil|ELITEB|Québec|2019-05-11|2019 TOP Cup SC|2:33.39|156