RANK|ATHLETES|AGE|YOB|CLUB|PROVINCE|DATE|MEET|TIME|FINA
1|MacNeil, Noah|10|2008|ESWIM|Ontario|2019-02-17|2019 Ontario Winter Festival Championships|1:25.05|279
2|Smith, Bayden|10|2008|CHENA|British Columbia|2019-06-22|SUMMER AGE GROUP CHAMPIONSHIPS|1:25.27|277
3|Wang, Jack|10|2008|COBRA|Ontario|2019-02-17|2019 Ontario Winter Festival Championships|1:26.01|270
4|Tao, Zhe Rui|10|2008|RAPID|British Columbia|2019-04-14|Winskill Dolphins LMR|1:26.86|262
5|Molnar, Joey|10|2008|CASC|Alberta|2019-05-26|Summer Festival South|1:27.36|257
6|Cescon, Benjamin|10|2008|TSC|Ontario|2019-05-11|2019 TOP Cup SC|1:27.68|255
7|Wang, Matthew J|10|2008|MST~|Ontario|2019-02-17|2019 Ontario Winter Festival Championships|1:27.69|255
8|Vaillancourt, Henri|10|2008|CAMO|Québec|2019-03-31|Inter club U12|1:28.68|246
9|Kim, Laon|10|2008|HYACK|British Columbia|2019-02-23|Winter Age Group Championships|1:28.85|245
10|Wong, Adam|10|2008|WVOSC|British Columbia|2018-12-08|16th Annual XMAS Cracker Invitational|1:29.55|239
11|Dawson, Oliver|10|2008|GPP|Alberta|2018-11-03|Cygnet Dental & Junction Point Physical Therapy Fast Track into Fall|1:30.23|234
12|Michael-Ailuelohia, Seth|10|2008|UCSC|Alberta|2019-05-26|Summer Festival South|1:30.63|231
13|Yang, Derex|10|2008|HYACK|British Columbia|2019-02-23|Winter Age Group Championships|1:30.83|229
14|Fenning, Andrew|10|2007|UCSC|Alberta|2018-11-25|Winter Festival South|1:30.89|229
15|Zhang, Aidan|10|2008|WVOSC|British Columbia|2019-01-19|Canadian Dolphin New Years Invitational 2019|1:31.34|225
16|Rogovoy, Maxim|10|2008|RAMAC|Ontario|2019-05-11|2019 TOP Cup SC|1:31.58|223
17|Li, Michael|10|2008|MAC|Ontario|2019-02-10|Central Region B Champs 2019|1:31.78|222
18|Lamoureux, Nataniel|10|2008|ELITE|Québec|2019-06-16|Championnat provincial 11-12 ans et Paranatation d'été|1:31.97|221
19|Brock, Bodhi|10|2008|NYAC|Ontario|2019-01-20|Audi Midtown Toronto Winter Classic-SC 12 & U (TPASC)|1:32.14|219
20|Zhang, NingYuan|10|2008|NYAC|Ontario|2019-02-17|2019 Ontario Winter Festival Championships|1:32.23|219
21|Lei, Leo|10|2008|WAC|Ontario|2019-02-17|2019 Ontario Winter Festival Championships|1:32.35|218
22|Du, Samuel Jinyang|10|2008|MST~|Ontario|2018-10-20|2018 RHAC Fall Classic|1:32.54|217
23|Vinizki, Zac|10|2008|NYAC|Ontario|2018-12-09|Youth Cup|1:32.56|216
24|Song, Yiguo|10|2008|RAPID|British Columbia|2019-06-22|SUMMER AGE GROUP CHAMPIONSHIPS|1:32.72|215
25|li, leo|10|2008|RHSD|Ontario|2018-12-22|2018 Trillium Cup|1:32.73|215
26|Semenyuk, Anton|10|2008|NG|Québec|2019-05-11|2019 TOP Cup SC|1:32.79|215
27|Foulds, Matthew|10|2008|TBT|Ontario|2018-12-09|Youth Cup|1:32.84|214
28|Watson, Scott|10|2008|KAJ|British Columbia|2019-06-16|Nolan's Pharmasave Invitational|1:33.39|211
29|Blackwell, Matthew|10|2008|OTTER|Ontario|2019-01-20|Audi Midtown Toronto Winter Classic-SC 12 & U (TPASC)|1:33.44|210
30|Walker, Raine|10|2007|NEW|Ontario|2018-12-08|PICK Lisa Flood Christmas Classic 2018|1:33.80|208
31|Djellout, Ramy Mhand|10|2009|CAFA|Québec|2019-06-09|BBQ Développement 2019|1:33.92|207
32|Macluskie, Tobias|10|2008|COMOX|British Columbia|2019-01-25|Vancouver Island Regional SC Championships|1:33.95|207
33|Grand, Noah|10|2008|ISC|British Columbia|2019-01-25|Vancouver Island Regional SC Championships|1:33.96|207
34|Van Horne, Jacob|10|2008|KMSC|British Columbia|2018-11-17|2018 PGBSC Medical Northern Invitational|1:34.08|206
35|Wang, Adam|10|2008|OAK|Ontario|2019-02-24|David Lawson Invitational|1:34.49|203
36|Chew, Liam|10|2009|KAJ|British Columbia|2019-06-22|SUMMER AGE GROUP CHAMPIONSHIPS|1:34.89|201
37|Zheng, Zhi|10|2008|CDSC|British Columbia|2019-02-07|CDSC February Time Trial|1:34.93|201
38|Jian, Alex|10|2009|MST~|Ontario|2019-06-05|Mallards June In House Competition|1:34.96|200
39|Yang, Kris|10|2007|CDSC|British Columbia|2018-11-03|LOSC 12th Annual Short Course Invitational|1:35.04|200
40|Yu, Matthew|10|2008|WVOSC|British Columbia|2018-11-18|SFU-Gator LMR Swim Meet|1:35.37|198
41|Fong, Linus|10|2008|SFA|British Columbia|2019-06-22|SUMMER AGE GROUP CHAMPIONSHIPS|1:35.44|197
42|Low, Louis|10|2008|BORC|Ontario|2018-12-22|2018 Trillium Cup|1:35.47|197
43|Williams, Austin|10|2007|BBST|Ontario|2018-11-04|NYAC Cup|1:35.48|197
44|Li, Burton|10|2009|SFNV|British Columbia|2019-06-22|SUMMER AGE GROUP CHAMPIONSHIPS|1:35.66|196
45|Beaumadier, Cyriaque|10|2008|CASE|Québec|2019-04-14|Grand prix de Montréal Invitation 12 ans et moins|1:35.67|196
46|Issakov, Eitan|10|2008|ELITE|Québec|2019-02-03|Invitation Peter-Suen 2019|1:35.97|194
47|Ng, Jalen|10|2008|APEX|Ontario|2018-11-04|NYAC Cup|1:36.42|191
48|You, Gavin|10|2008|OAK|Ontario|2018-11-25|LAC - Nothers Fall Invitational|1:36.44|191
49|Billette, Florent|10|2008|ELITE|Québec|2019-04-28|Développement 2e chance 14 ans et moins|1:36.48|191
50|Rapoport, Eric|10|2008|RAMAC|Ontario|2019-05-11|2019 TOP Cup SC|1:36.56|191