RANK|ATHLETES|AGE|YOB|CLUB|PROVINCE|DATE|MEET|TIME|FINA
1|Du, Samuel Jinyang|10|2008|MST~|Ontario|2018-12-09|Youth Cup|2:38.73|294
2|Molnar, Joey|10|2008|CASC|Alberta|2019-08-04|Mid-Summer Madness|2:40.42|285
3|Semenyuk, Anton|10|2008|NG|Québec|2019-05-11|2019 TOP Cup SC|2:44.16|266
4|Wong, Adam|10|2008|WVOSC|British Columbia|2018-12-08|16th Annual XMAS Cracker Invitational|2:44.93|262
5|Cescon, Benjamin|10|2008|TSC|Ontario|2019-05-11|2019 TOP Cup SC|2:45.51|259
6|Park, Minhyuk|10|2008|LOSC|British Columbia|2019-02-24|Winter Age Group Championships|2:45.60|259
7|Li, Michael|10|2008|MAC|Ontario|2019-02-17|2019 Ontario Winter Festival Championships|2:46.08|257
8|Williams, Austin|10|2007|BBST|Ontario|2018-11-02|NYAC Cup|2:47.77|249
9|Chaires, Colton|10|2008|GO|Ontario|2019-02-17|2019 Ontario Winter Festival Championships|2:47.91|248
10|Kim, Eun-Woo|10|2007|NYAC|Ontario|2018-12-09|Youth Cup|2:47.98|248
11|Skavinski, Nicholas|10|2008|ESWIM|Ontario|2019-02-17|2019 Ontario Winter Festival Championships|2:48.75|245
12|Vaillancourt, Henri|10|2008|CAMO|Québec|2019-03-31|Inter club U12|2:49.82|240
13|Vilchez, Lucian|10|2008|BTSC|Ontario|2018-12-01|2018 Barrie Trojan Cup|2:50.48|237
14|Kruger, Rudolf|10|2008|DST|British Columbia|2019-02-10|Sharks Last Chance Invitational|2:51.04|235
15|Pirvu, Spencer|10|2008|CW|Ontario|2019-05-11|2019 TOP Cup SC|2:51.47|233
16|Campbell, Silas|10|2007|WAAC|Ontario|2018-11-18|Expressway Lincoln Fall Invitational|2:51.50|233
17|Pomerleau, Laurent|10|2008|CNQ|Québec|2019-06-16|A Finale régionale ANQCA Provincial développement|2:51.59|233
18|Ta, Edmund|10|2009|JDSS|Ontario|2019-04-28|2019 Ontario Team Challenge|2:52.01|231
19|Dawson, Oliver|10|2008|GPP|Alberta|2018-11-04|Cygnet Dental & Junction Point Physical Therapy Fast Track into Fall|2:52.87|228
20|Kim, Laon|10|2008|HYACK|British Columbia|2019-02-24|Winter Age Group Championships|2:53.08|227
21|Lee, Luke|10|2009|NYAC|Ontario|2019-02-17|2019 Ontario Winter Festival Championships|2:53.11|227
22|Yang, Kris|10|2007|CDSC|British Columbia|2018-11-03|LOSC 12th Annual Short Course Invitational|2:53.52|225
23|Yao, Felix|10|2008|ESWIM|Ontario|2019-05-11|2019 TOP Cup SC|2:54.00|223
24|Baas, Owen|10|2008|CT33|Ontario|2019-04-28|2019 Ontario Team Challenge|2:54.12|223
25|Beaumadier, Alexandre|10|2008|CASE|Québec|2019-02-16|Championnat provincial 11-12 ans et Paranatation - Hiver|2:54.34|222
26|Cheung, Jeffery|10|2008|UCSC|Alberta|2019-04-26|EVDSC 2019 Annual Invitational Swim Meet|2:54.59|221
27|Watson, Scott|10|2008|KAJ|British Columbia|2018-12-15|26th Annual MJB Law Classic SCM|2:54.76|220
28|Tian, ZhangFu|10|2008|NYAC|Ontario|2019-02-17|2019 Ontario Winter Festival Championships|2:55.06|219
29|Jian, Alex|10|2009|MST~|Ontario|2019-02-17|2019 Ontario Winter Festival Championships|2:55.13|219
30|Mecteau, Zachary|10|2008|RL|Québec|2019-02-16|Championnat provincial 11-12 ans et Paranatation - Hiver|2:55.15|219
31|Gomez, Leonardo|10|2008|RHAC|Ontario|2019-02-17|2019 Ontario Winter Festival Championships|2:55.23|219
32|Hamilton, Kayden|10|2009|PCSC|Québec|2019-06-15|Championnat provincial 11-12 ans et Paranatation d'été|2:55.26|218
33|Zhang, Aidan|10|2008|WVOSC|British Columbia|2019-02-03|Burnaby Dynamo LMR & 20 Years Anniversary Invitational|2:55.65|217
34|Zhu, Jimmy|10|2008|WSC|British Columbia|2019-06-23|SUMMER AGE GROUP CHAMPIONSHIPS|2:55.66|217
35|Yang, Derex|10|2008|HYACK|British Columbia|2018-11-09|2018 Brad Reid Memorial Invitational|2:55.84|216
36|Rogovoy, Maxim|10|2008|RAMAC|Ontario|2019-05-11|2019 TOP Cup SC|2:56.33|214
37|Smith, Bayden|10|2008|CHENA|British Columbia|2019-06-01|LMR Championships|2:56.52|214
38|Baker, Gavin|10|2008|CDSC|British Columbia|2019-02-24|Winter Age Group Championships|2:56.96|212
39|Leckey, Charlie|10|2008|HTAC|Nova Scotia|2018-12-15|Age Group Development Meet|2:57.09|212
40|Ng, Jalen|10|2008|APEX|Ontario|2019-02-17|2019 Ontario Winter Festival Championships|2:57.14|212
41|Rochette, Hubert|10|2009|CNQ|Québec|2019-06-16|A Finale régionale ANQCA Provincial développement|2:57.26|211
42|Cumming, Travis|10|2007|TSC|Ontario|2018-12-09|Border City Invitational|2:57.29|211
43|Tian, Alan|10|2008|HAC|Ontario|2019-02-17|2019 Ontario Winter Festival Championships|2:57.35|211
44|zhu, xiaoyang|10|2008|RHSD|Ontario|2019-02-17|2019 Ontario Winter Festival Championships|2:57.90|209
45|Friesen, Matthew|10|2008|WDSC|British Columbia|2018-12-15|Rapids Fast-Swim Classic|2:58.19|208
46|Sénécal, Malyk|10|2009|NG|Québec|2019-06-15|Championnat provincial 11-12 ans et Paranatation d'été|2:58.34|207
47|Hadley, Harvey|10|2008|WTSC|Nova Scotia|2019-02-16|AA Winter Champs|2:58.37|207
48|Matteis, Noah|10|2007|CYPS|Ontario|2018-11-25|LAC - Nothers Fall Invitational|2:58.69|206
49|Hasell, Robert|10|2008|SPART|British Columbia|2019-06-23|SUMMER AGE GROUP CHAMPIONSHIPS|2:59.11|205
50|Barkan, Danny|10|2008|NEW|Ontario|2019-02-17|2019 Ontario Winter Festival Championships|2:59.14|205