RANK|ATHLETES|AGE|YOB|CLUB|PROVINCE|DATE|MEET|TIME|FINA
1|Balabuck, Rudy|10|2008|TBT|Ontario|2019-04-27|NWO Spring Invitational|2:25.29|319
2|Semenyuk, Anton|10|2008|NG|Québec|2019-06-16|Championnat provincial 11-12 ans et Paranatation d'été|2:25.45|318
3|Jacobs, Colin|10|2008|NYAC|Ontario|2019-02-16|2019 Ontario Winter Festival Championships|2:26.58|311
4|Molnar, Joey|10|2008|CASC|Alberta|2018-12-14|Age Group Food Bank Challenge|2:26.60|311
5|Cescon, Benjamin|10|2008|TSC|Ontario|2019-05-12|2019 TOP Cup SC|2:26.82|310
6|Vaillancourt, Henri|10|2008|CAMO|Québec|2019-02-17|Championnat provincial 11-12 ans et Paranatation - Hiver|2:30.14|289
7|Du, Samuel Jinyang|10|2008|MST~|Ontario|2018-12-07|Youth Cup|2:30.28|289
8|Lee, Luke|10|2009|NYAC|Ontario|2019-02-16|2019 Ontario Winter Festival Championships|2:31.00|284
9|Skavinski, Nicholas|10|2008|ESWIM|Ontario|2019-02-16|2019 Ontario Winter Festival Championships|2:31.16|284
10|Ta, Edmund|10|2009|JDSS|Ontario|2019-04-27|2019 Ontario Team Challenge|2:31.18|283
11|Benyahia, Riad|10|2007|CAMO|Québec|2018-10-28|Invitation Régionale 9 et plus et Développement - ANBM 1 (Groupe B - AM)|2:31.30|283
12|Li, Michael|10|2008|MAC|Ontario|2019-02-16|2019 Ontario Winter Festival Championships|2:31.55|281
13|Wang, Jack|10|2008|COBRA|Ontario|2019-01-13|2019 Etobicoke A-B Meet|2:32.44|276
14|Vilchez, Lucian|10|2008|BTSC|Ontario|2019-02-02|2019 Huronia SC Regional Championships|2:32.55|276
15|Kim, Laon|10|2008|HYACK|British Columbia|2019-02-22|Winter Age Group Championships|2:32.82|274
16|Campbell, Silas|10|2007|WAAC|Ontario|2018-11-17|Expressway Lincoln Fall Invitational|2:33.24|272
17|Zhang, Aidan|10|2008|WVOSC|British Columbia|2019-02-03|Burnaby Dynamo LMR & 20 Years Anniversary Invitational|2:33.58|270
18|Lee, Alex Seokhoon|10|2008|OAK|Ontario|2019-02-16|2019 Ontario Winter Festival Championships|2:33.59|270
19|Mecteau, Zachary|10|2008|RL|Québec|2019-06-15|A Finale régionale ANQCA Provincial développement|2:33.64|270
20|Tao, Zhe Rui|10|2008|RAPID|British Columbia|2019-04-14|Winskill Dolphins LMR|2:33.83|269
21|Fenning, Andrew|10|2007|UCSC|Alberta|2018-10-20|UCSC Fall Start Up|2:33.93|269
22|Zheng, Zhi|10|2008|CDSC|British Columbia|2019-01-19|Canadian Dolphin New Years Invitational 2019|2:34.23|267
23|Foulds, Matthew|10|2008|TBT|Ontario|2018-12-07|Youth Cup|2:34.39|266
24|Watson, Scott|10|2008|KAJ|British Columbia|2019-06-21|SUMMER AGE GROUP CHAMPIONSHIPS|2:35.56|260
25|Pirvu, Spencer|10|2008|CW|Ontario|2019-05-12|2019 TOP Cup SC|2:35.72|259
26|Duong, Elven|10|2008|SAMAK|Québec|2019-03-31|Inter club U12|2:35.78|259
27|Lamoureux, Nataniel|10|2008|ELITE|Québec|2019-06-16|Championnat provincial 11-12 ans et Paranatation d'été|2:35.87|259
28|Ng, Jalen|10|2008|APEX|Ontario|2018-12-07|Youth Cup|2:36.22|257
29|Rogovoy, Maxim|10|2008|RAMAC|Ontario|2019-05-12|2019 TOP Cup SC|2:36.48|256
30|Song, Yiguo|10|2008|RAPID|British Columbia|2019-06-21|SUMMER AGE GROUP CHAMPIONSHIPS|2:36.52|255
31|Yang, Kris|10|2007|CDSC|British Columbia|2018-12-01|Hollyburn Invitational|2:36.93|253
32|Kim, Eun-Woo|10|2007|NYAC|Ontario|2018-12-07|Youth Cup|2:37.08|253
33|Skinder, Joseph|10|2008|DYNA|British Columbia|2019-06-01|LMR Championships|2:37.45|251
34|You, Gavin|10|2008|OAK|Ontario|2018-11-24|LAC - Nothers Fall Invitational|2:37.50|251
35|Rochette, Hubert|10|2009|CNQ|Québec|2019-06-15|A Finale régionale ANQCA Provincial développement|2:37.77|249
36|Lavrov, Anton|10|2007|WVOSC|British Columbia|2018-12-01|Hollyburn Invitational|2:37.98|248
37|Chan, Alonzo|10|2008|SKSC|British Columbia|2018-12-09|2018 Spartan Santa LMR|2:38.08|248
38|Pomerleau, Laurent|10|2008|CNQ|Québec|2019-06-15|A Finale régionale ANQCA Provincial développement|2:38.10|248
39|Park, Minhyuk|10|2008|LOSC|British Columbia|2019-01-19|Canadian Dolphin New Years Invitational 2019|2:38.27|247
40|Beaumadier, Alexandre|10|2008|CASE|Québec|2019-02-17|Championnat provincial 11-12 ans et Paranatation - Hiver|2:38.32|247
41|Baker, Gavin|10|2008|CDSC|British Columbia|2019-02-22|Winter Age Group Championships|2:38.60|245
42|Onur, Arman|10|2007|PCSC|Québec|2018-12-08|Invitation provinciale des fêtes CSLA|2:38.87|244
43|MacNeil, Noah|10|2008|ESWIM|Ontario|2019-02-16|2019 Ontario Winter Festival Championships|2:39.04|243
44|Matteis, Noah|10|2007|CYPS|Ontario|2018-11-24|LAC - Nothers Fall Invitational|2:39.05|243
45|Wang, Adam|10|2008|OAK|Ontario|2019-02-24|David Lawson Invitational|2:39.12|243
46|Govier, Ashton|10|2007|SFA|British Columbia|2018-11-03|LOSC 12th Annual Short Course Invitational|2:39.17|243
47|Yang, Derex|10|2008|HYACK|British Columbia|2019-02-22|Winter Age Group Championships|2:39.23|243
48|Hamilton, Kayden|10|2009|PCSC|Québec|2019-06-16|Championnat provincial 11-12 ans et Paranatation d'été|2:39.35|242
49|Tian, ZhangFu|10|2008|NYAC|Ontario|2019-02-16|2019 Ontario Winter Festival Championships|2:39.59|241
50|Williamson, Clayton|10|2008|ABSC|Ontario|2019-02-23|Swim 2 the beat|2:39.87|240