RANK|ATHLETES|AGE|YOB|CLUB|PROVINCE|DATE|MEET|TIME|FINA
1|Wang, Matthew J|10|2008|MST~|Ontario|2018-11-24|Alex Baumann Invitational|2:52.30|250
2|Semenyuk, Anton|10|2008|NG|Québec|2019-02-15|Championnat provincial 11-12 ans et Paranatation - Hiver|2:53.06|246
3|Song, Yiguo|10|2008|RAPID|British Columbia|2019-06-23|SUMMER AGE GROUP CHAMPIONSHIPS|2:53.70|244
4|Yang, Derex|10|2008|HYACK|British Columbia|2019-07-27|SKSC Summer Fest|2:59.81|220
5|Campbell, Silas|10|2007|WAAC|Ontario|2018-11-18|Expressway Lincoln Fall Invitational|3:01.31|214
6|Zheng, Zhi|10|2008|CDSC|British Columbia|2019-01-19|Canadian Dolphin New Years Invitational 2019|3:03.27|207
7|Van Horne, Jacob|10|2008|KMSC|British Columbia|2019-01-25|Rio Tinto Northern Lights|3:04.56|203
8|Cheng, Alex Wang Chi|10|2008|CDSC|British Columbia|2019-02-24|Winter Age Group Championships|3:06.12|198
9|Vaillancourt, Henri|10|2008|CAMO|Québec|2019-01-22|Intra-Club CAMO Natation|3:10.53|184
10|Wu, Charlie (can chen)|10|2008|WSC|British Columbia|2019-02-24|Winter Age Group Championships|3:10.57|184
11|Grewal, Jatinder|10|2008|DELTA|British Columbia|2018-12-14|Rapids Fast-Swim Classic|3:11.16|183
12|Parent, Mathieu|10|2009|CAMO|Québec|2019-06-15|Championnat provincial 11-12 ans et Paranatation d'été|3:13.82|175
13|Li, Burton|10|2009|SFNV|British Columbia|2019-06-23|SUMMER AGE GROUP CHAMPIONSHIPS|3:14.49|173
14|You, Gavin|10|2008|OAK|Ontario|2019-02-24|David Lawson Invitational|3:14.64|173
15|Chan, Alonzo|10|2008|SKSC|British Columbia|2018-11-09|2018 Brad Reid Memorial Invitational|3:15.72|170
16|Govier, Ashton|10|2007|SFA|British Columbia|2018-11-17|SFU-Gator LMR Swim Meet|3:16.06|169
17|Kim, Laon|10|2008|HYACK|British Columbia|2018-12-14|Rapids Fast-Swim Classic|3:16.59|168
18|Macluskie, Tobias|10|2008|COMOX|British Columbia|2018-12-08|16th Annual XMAS Cracker Invitational|3:16.94|167
19|Wei, William|10|2008|CDSC|British Columbia|2019-02-24|Winter Age Group Championships|3:17.10|167
20|Walker, Raine|10|2007|NEW|Ontario|2018-11-03|Newmarket Stingrays Fall Invitational|3:17.16|166
21|Du, Gary|10|2008|RAPID|British Columbia|2019-03-15|Rapids TT #4|3:17.63|165
22|Cheng, Ronald|10|2008|HYACK|British Columbia|2018-12-09|2018 Spartan Santa LMR|3:18.34|163
23|Park, Minhyuk|10|2008|LOSC|British Columbia|2019-02-24|Winter Age Group Championships|3:18.46|163
24|Khanafer, Mohamad|10|2008|CAMO|Québec|2019-01-22|Intra-Club CAMO Natation|3:21.31|156
25|Bossé, Olivier|10|2008|NES|New Brunswick|2019-01-19|Compétition Distance Meet - Ed'ston 2019|3:21.51|156
26|Woo, Ethan|10|2008|UVPCS|British Columbia|2019-06-23|SUMMER AGE GROUP CHAMPIONSHIPS|3:22.63|153
27|Lian, Austin|10|2007|MST~|Ontario|2018-11-04|2018 BAD Fall Invitational|3:25.58|147
28|Watson, Scott|10|2008|KAJ|British Columbia|2019-06-16|Nolan's Pharmasave Invitational|3:27.68|142
29|Hirch, Christopher|10|2008|SPART|British Columbia|2018-12-09|2018 Spartan Santa LMR|3:29.29|139
30|Levit, Ben|10|2008|SWAT|Nova Scotia|2018-11-10|Age Group Development Meet Fall Series #2|3:29.62|138
31|Laberge, Renaud|10|2007|CNQ|Québec|2018-10-14|Invitation ROSE Nageons pour la cause|3:33.30|131
32|Albert, Logan|10|2008|NES|New Brunswick|2019-05-25|Premier Festival Edmundston NB|3:36.63|125
33|Telky, Liam|10|2007|CREST|Ontario|2018-11-04|MAC Rising Star #1|3:36.71|125
34|Roczniak, Johan|10|2009|SWOTT|Ontario|2019-05-12|BlackFly|3:39.22|121
35|Zhu, Jimmy|10|2008|WSC|British Columbia|2018-12-09|2018 Spartan Santa LMR|3:39.38|121
36|Schillinger, Eric|10|2008|SBSC|Nova Scotia|2019-05-05|AA Age Group Development 3|3:39.70|120
37|JINGAN, SAMIR|10|2008|CNSL|Québec|2019-05-01|2e Intra-Club CNSL 2019|3:40.20|119
38|Dahlstrom, Finn|10|2007|DST|British Columbia|2018-11-10|ISC 2018 Bennett Cup|3:41.46|117
39|Gueldis, Angelo|10|2008|STARS|Ontario|2019-03-03|2019 BAD Spring Invitational|3:42.35|116
40|Rogovoy, Maxim|10|2008|RAMAC|Ontario|2018-11-24|Alex Baumann Invitational|3:43.21|115
41|Briand, Murray|10|2008|SWAT|Nova Scotia|2018-11-10|Age Group Development Meet Fall Series #2|3:43.62|114
42|Gevaert, Tyler|10|2008|MUSAC|Ontario|2019-01-26|Fly Time Trial|3:43.64|114
43|Yim, matthew|10|2008|RAPID|British Columbia|2019-02-24|Winter Age Group Championships|3:44.32|113
44|Shearer, Braeden|10|2008|EBSC|Ontario|2019-02-24|Heats and Finals SC Finale|3:44.80|112
45|Fitzgerald, Quinn|10|2008|NKB|Ontario|2019-01-20|2019 NKB Winter Invitational|3:49.15|106
46|Kormendy, Brady|10|2008|ISC|British Columbia|2019-06-22|June Jamboree|3:49.85|105
47|Levasseur, Xavier|10|2008|CAEM|Québec|2018-12-08|ANBM -Invitation régionale #2 2018-2019|3:52.30|102
48|Rochette, Thomas|10|2009|CNQ|Québec|2019-04-13|ARENA Challenge du printemps Développement mixte 2019 CAMO|3:52.40|101
49|Lindenback, Clayton|10|2008|MAVS|Alberta|2019-02-03|Maverick Madness 2019|3:55.25|98
50|CABRONE, GIANFRANCO|10|2009|ADVENT|British Columbia|2019-07-27|SKSC Summer Fest|3:56.56|96