RANK|AGES|CLUB|TEAM|PROVINCE|DATE|MEET|TIME|FINA
1|10 - 10|Mallards Swim Team|MST~ A|Ontario|2018-10-21|2018 RHAC Fall Classic|2:24.19|247
2|10 - 10|Etobicoke Swim Club|ESWIMA|Ontario|2018-12-07|Youth Cup|2:24.71|244
3|10 - 10|Richmond Hill Aquatic Club|RHAC C|Ontario|2018-10-21|2018 RHAC Fall Classic|2:29.39|222
4|10 - 10|Toronto Swim Club|TSC A|Ontario|2018-11-18|York Invitational|2:33.61|204
5|10 - 10|Oakville Aquatic Club|OAK A|Ontario|2018-11-24|LAC - Nothers Fall Invitational|2:34.29|201
6|10 - 10|Natation Gatineau|NG A|Québec|2019-05-12|2019 TOP Cup SC|2:34.57|200
7|10 - 10|Pointe-Claire Swim Club|PCSC A|Québec|2019-05-12|2019 TOP Cup SC|2:35.21|198
8|10 - 10|E.N. Longueuil|ELITEA|Québec|2019-05-12|2019 TOP Cup SC|2:35.70|196
9|10 - 10|Fredericton Aquanauts Swim Team|FAST A|New Brunswick|2018-12-01|Premier Festival Edmundston NB|2:36.05|195
10|10 - 10|Owen Sound Aquatic Club|OSAC A|Ontario|2019-04-07|Owen Sound Aquatic Club Development meet|2:37.22|190
11|10 - 10|Canadian Dolphin Swim Club|CDSC H|British Columbia|2018-12-01|Hollyburn Invitational|2:37.71|189
12|10 - 10|Canadian Dolphin Swim Club|CDSC E|British Columbia|2019-01-18|Canadian Dolphin New Years Invitational 2019|2:37.74|188
13|10 - 10|Windsor Aquatic Club|WAC A|Ontario|2018-11-11|2018 Age Group International SC|2:37.79|188
14|10 - 10|Richmond Hill Aquatic Club|RHAC A|Ontario|2018-11-04|Newmarket Stingrays Fall Invitational|2:38.59|185
15|10 - 10|West Vancouver Otters|WVOSCB|British Columbia|2018-10-13|SFU-SFA LMR Swim Meet|2:39.41|183
16|10 - 10|Conception Bay South Bluefins|CBSB A|Newfoundland|2019-04-06|Bluefins Spring Invitational|2:39.56|182
17|10 - 10|Vancouver Pacific Swim Club|VPSC C|British Columbia|2019-01-18|Canadian Dolphin New Years Invitational 2019|2:41.71|175
18|10 - 10|Richmond Rapids Swim Club|RAPIDA|British Columbia|2018-10-13|SFU-SFA LMR Swim Meet|2:41.86|174
19|10 - 10|C.N. Région de Québec|CNQ A|Québec|2019-06-15|A Finale régionale ANQCA Provincial développement|2:42.99|171
20|10 - 10|Riverains Lévis|RL A|Québec|2018-10-14|Coupe d'automne 2018|2:43.23|170
21|10 - 10|Island Swimming Club|ISC A|British Columbia|2019-01-25|Vancouver Island Regional SC Championships|2:43.74|168
22|10 - 10|Sackville Waves Aquatic Team|SWAT A|Nova Scotia|2019-02-17|AA Winter Champs|2:44.43|166
23|10 - 10|Markham Aquatic Club|MAC A|Ontario|2019-02-10|Central Region B Champs 2019|2:44.76|165
24|10 - 10|Wayland Swim Club|WSC B|British Columbia|2019-01-19|Canadian Dolphin New Years Invitational 2019|2:45.37|163
25|10 - 10|Mallards Swim Team|MST~ B|Ontario|2018-10-21|Alex Baumann Invitational|2:45.39|163
26|10 - 10|North York Aquatic Club|NYAC B|Ontario|2018-12-07|Youth Cup|2:45.92|162
27|10 - 10|Nepean Kanata Barracudas|NKB A|Ontario|2018-11-11|2018 Age Group International SC|2:46.16|161
28|10 - 10|West Vancouver Otters|WVOSCA|British Columbia|2018-10-13|SFU-SFA LMR Swim Meet|2:46.28|161
29|10 - 10|Saskatoon Laser Swim Club|LASERA|Saskatchewan|2019-03-10|2019 Junior Short Course Provincials|2:46.44|160
30|10 - 10|University Of Calgary Swim Club|UCSC A|Alberta|2019-04-26|EVDSC 2019 Annual Invitational Swim Meet|2:46.86|159
31|10 - 10|Greater Ottawa Kingfish Swim Club|GO A|Ontario|2019-01-19|GO Polar Bear Invitational12/Under SC 13/Over LC|2:47.32|158
32|10 - 10|Newmarket Stingrays Swim Club|NEW A|Ontario|2018-11-04|Newmarket Stingrays Fall Invitational|2:47.76|157
33|10 - 10|Club Warrior Swimmers@UW|CW A|Ontario|2019-05-12|2019 TOP Cup SC|2:48.76|154
34|10 - 10|Pointe-Claire Swim Club|PCSC C|Québec|2019-05-12|2019 TOP Cup SC|2:49.94|151
35|10 - 10|Pointe-Claire Swim Club|PCSC B|Québec|2019-05-12|2019 TOP Cup SC|2:50.53|149
36|10 - 10|Etobicoke Swim Club|ESWIMB|Ontario|2019-05-12|2019 TOP Cup SC|2:50.89|148
37|10 - 10|UVic Pacific Coast Swimming|UVPCSA|British Columbia|2019-05-04|Sharks 10 & Under Challenge|2:51.69|146
38|10 - 10|Calgary Patriots Swim Club|CP A|Alberta|2019-05-11|Fast & Furious Invitational|2:51.88|146
39|10 - 10|Richmond Rapids Swim Club|RAPIDB|British Columbia|2018-10-13|SFU-SFA LMR Swim Meet|2:52.09|145
40|10 - 10|West Vancouver Otters|WVOSCC|British Columbia|2018-10-13|SFU-SFA LMR Swim Meet|2:52.21|145
41|10 - 10|Duncan Stingrays Swim Team|DST A|British Columbia|2019-01-25|Vancouver Island Regional SC Championships|2:52.78|143
42|10 - 10|C.A. St-Eustache|CASE A|Québec|2018-12-08|Invitation provinciale des fêtes CSLA|2:53.30|142
43|10 - 10|Wilmot Aquatic Aces|WAAC A|Ontario|2018-11-18|Expressway Lincoln Fall Invitational|2:53.38|142
44|10 - 10|Fredericton Aquanauts Swim Team|FAST C|New Brunswick|2019-02-09|February Fun Meet Sussex NB|2:54.90|138
45|10 - 10|Oakville Aquatic Club|OAK B|Ontario|2018-10-14|David Lawson Invitational|2:55.66|136
46|10 - 10|Edmonton Keyano Swim Club|EKSC A|Alberta|2019-01-19|Blue Bears 2019|2:56.06|135
47|10 - 10|Surrey Knights Swim Club|SKSC B|British Columbia|2018-10-13|SFU-SFA LMR Swim Meet|2:56.58|134
48|10 - 10|C.N. Les Citadins de Vaudreuil|CITA B|Québec|2019-04-13|ARENA Challenge du printemps Développement mixte 2019 CAMO|2:58.31|130
49|10 - 10|Belleville Beast Swim Team|BYST A|Ontario|2018-11-04|EBSC Fall Invitational Swim Meet|2:58.40|130
50|10 - 10|Okotoks Mavericks Swim Club|MAVS A|Alberta|2019-02-03|Maverick Madness 2019|2:58.47|130