RANK|ATHLETES|AGE|YOB|CLUB|PROVINCE|DATE|MEET|TIME|FINA
1|Semenyuk, Anton|10|2008|NG|Québec|2019-05-11|2019 TOP Cup SC|32.73|295
2|Zheng, Zhi|10|2008|CDSC|British Columbia|2018-12-15|Rapids Fast-Swim Classic|33.66|271
3|Blackwell, Matthew|10|2008|OTTER|Ontario|2019-02-17|2019 Ontario Winter Festival Championships|33.78|268
4|Rapoport, Eric|10|2008|RAMAC|Ontario|2019-05-11|2019 TOP Cup SC|33.95|264
5|Williams, Austin|10|2007|BBST|Ontario|2018-10-21|Kingston Blue Marlins Pentathlon|34.07|261
6|Molnar, Joey|10|2008|CASC|Alberta|2019-03-09|Wild Hair FCM|34.27|257
7|Michael-Ailuelohia, Seth|10|2008|UCSC|Alberta|2019-05-26|Summer Festival South|34.37|255
8|Song, Yiguo|10|2008|RAPID|British Columbia|2019-07-27|SKSC Summer Fest|34.39|254
9|Jacobs, Colin|10|2008|NYAC|Ontario|2019-01-20|Audi Midtown Toronto Winter Classic-SC 12 & U (TPASC)|34.61|249
10|Li, Michael|10|2008|MAC|Ontario|2019-02-09|Central Region B Champs 2019|34.86|244
11|Vaillancourt, Henri|10|2008|CAMO|Québec|2019-04-14|ARENA Challenge du printemps Développement mixte 2019 CAMO|34.90|243
12|Noel, Tristan|10|2008|RL|Québec|2018-12-09|10 ans et moins Nez-Rouge|34.98|242
13|Cortese, Logan|10|2008|WAC|Ontario|2018-12-16|AOA S.E.A.L. at Sarnia Rapids|35.01|241
14|Fenning, Andrew|10|2007|UCSC|Alberta|2018-11-10|NCSA Fall Invitational 2018|35.26|236
15|Tao, Zhe Rui|10|2008|RAPID|British Columbia|2018-12-15|Rapids Fast-Swim Classic|35.29|235
16|Baas, Owen|10|2008|CT33|Ontario|2019-04-27|2019 Ontario Team Challenge|35.36|234
17|Benyahia, Riad|10|2007|CAMO|Québec|2018-10-14|ARENA Challenge Automne 2018|35.43|232
18|Campbell, Silas|10|2007|WAAC|Ontario|2018-12-02|Aqua 7 - AAST vs WAAC|35.47|232
19|Ta, Edmund|10|2009|JDSS|Ontario|2019-04-27|2019 Ontario Team Challenge|35.53|230
20|Wei, Harry|10|2008|WEST|Ontario|2019-02-17|2019 Ontario Winter Festival Championships|35.82|225
21|Kim, Laon|10|2008|HYACK|British Columbia|2018-12-15|Rapids Fast-Swim Classic|35.96|222
22|Wang, Adam|10|2008|OAK|Ontario|2019-02-17|2019 Ontario Winter Festival Championships|36.00|222
23|Lamoureux, Nataniel|10|2008|ELITE|Québec|2019-05-11|2019 TOP Cup SC|36.06|220
24|Grand, Noah|10|2008|ISC|British Columbia|2019-02-10|Speed League 2|36.15|219
25|Paterson, Liam|10|2009|CCSC|Ontario|2019-06-23|Collingwood Invitational 2019|36.16|219
26|Powell, Dalton|10|2008|RDCSC|Alberta|2018-12-16|Age Group Food Bank Challenge|36.28|216
26|Du, Samuel Jinyang|10|2008|MST~|Ontario|2018-10-20|2018 RHAC Fall Classic|36.28|216
28|Wang, Jack|10|2008|COBRA|Ontario|2019-03-02|COBRA Power|36.38|215
29|Fong, Linus|10|2008|SFA|British Columbia|2019-05-11|SFU-SFA LMR Swim Meet|36.40|214
30|Onur, Arman|10|2007|PCSC|Québec|2018-12-09|Invitation provinciale des fêtes CSLA|36.47|213
31|El Tatawy, Abduallah|10|2007|KWST|Ontario|2018-11-25|LAC - Nothers Fall Invitational|36.51|212
32|Cescon, Benjamin|10|2008|TSC|Ontario|2019-03-03|Steve Kingston Memorial Swim Meet|36.53|212
33|Skavinski, Nicholas|10|2008|ESWIM|Ontario|2019-05-11|2019 TOP Cup SC|36.55|212
33|Ng, Jalen|10|2008|APEX|Ontario|2018-12-09|Youth Cup|36.55|212
35|Macluskie, Tobias|10|2008|COMOX|British Columbia|2019-01-26|Vancouver Island Regional SC Championships|36.62|210
35|Barkan, Danny|10|2008|NEW|Ontario|2019-03-03|Steve Kingston Memorial Swim Meet|36.62|210
37|Wong, Adam|10|2008|WVOSC|British Columbia|2018-12-15|Rapids Fast-Swim Classic|36.91|206
37|Du, Gary|10|2008|RAPID|British Columbia|2019-04-13|Winskill Dolphins LMR|36.91|206
39|Friesen, Matthew|10|2008|WDSC|British Columbia|2018-11-17|SFU-Gator LMR Swim Meet|37.04|203
40|Hamilton, Kayden|10|2009|PCSC|Québec|2019-06-09|Finales Regionales Lac St-Louis|37.06|203
41|Suchak, Aryan|10|2008|AAC|Ontario|2019-02-17|2019 Ontario Winter Festival Championships|37.07|203
42|Cumming, Travis|10|2007|TSC|Ontario|2018-12-09|Border City Invitational|37.12|202
43|Carswell, Riley|10|2007|WEST|Ontario|2018-10-20|2018 RHAC Fall Classic|37.13|202
44|Pichette Tremblay, Jacob|10|2008|SHER|Québec|2019-03-24|Invitation Printanière AA et moins tous les âges|37.19|201
45|Wang, Matthew J|10|2008|MST~|Ontario|2019-02-17|2019 Ontario Winter Festival Championships|37.20|201
46|Tong, Aidan|10|2008|MST~|Ontario|2019-02-17|2019 Ontario Winter Festival Championships|37.25|200
47|Reyes, Bryce|10|2007|MMST|Ontario|2018-11-25|BYST Fall Invitational|37.26|200
48|Yang, Derex|10|2008|HYACK|British Columbia|2018-10-27|VPSC Fall Invitational|37.30|199
49|Parent, Mathieu|10|2009|CAMO|Québec|2019-05-11|Finale de l'ANBM 2018-2019 -Challenge|37.40|198
50|Van Horne, Jacob|10|2008|KMSC|British Columbia|2019-01-26|Rio Tinto Northern Lights|37.43|197