RANK|ATHLETES|AGE|YOB|CLUB|PROVINCE|DATE|MEET|TIME|FINA
1|MacNeil, Noah|10|2008|ESWIM|Ontario|2019-02-16|2019 Ontario Winter Festival Championships|39.33|264
2|Wang, Jack|10|2008|COBRA|Ontario|2019-02-16|2019 Ontario Winter Festival Championships|39.99|251
3|Tao, Zhe Rui|10|2008|RAPID|British Columbia|2019-04-13|Winskill Dolphins LMR|40.03|250
4|Dawson, Oliver|10|2008|GPP|Alberta|2018-10-13|Oktober Opener|40.15|248
5|Michael-Ailuelohia, Seth|10|2008|UCSC|Alberta|2019-05-25|Summer Festival South|40.19|247
6|Molnar, Joey|10|2008|CASC|Alberta|2019-08-04|Mid-Summer Madness|40.55|241
7|Vinizki, Zac|10|2008|NYAC|Ontario|2019-01-19|Audi Midtown Toronto Winter Classic-SC 12 & U (TPASC)|41.13|231
8|Wang, Matthew J|10|2008|MST~|Ontario|2019-02-16|2019 Ontario Winter Festival Championships|41.39|227
9|Wong, Adam|10|2008|WVOSC|British Columbia|2018-12-14|Rapids Fast-Swim Classic|41.45|226
10|Song, Yiguo|10|2008|RAPID|British Columbia|2019-07-28|SKSC Summer Fest|41.47|225
11|Lamoureux, Nataniel|10|2008|ELITE|Québec|2019-06-01|Festival provincial développement - Ouest|41.52|224
11|Smith, Bayden|10|2008|CHENA|British Columbia|2019-06-01|LMR Championships|41.52|224
13|Mastromatteo, Tazio|10|2008|KSS|Ontario|2018-12-01|Last Chance for Man/Sask|41.61|223
14|Cescon, Benjamin|10|2008|TSC|Ontario|2019-02-16|2019 Ontario Winter Festival Championships|41.93|218
15|Chen, Lucas|10|2007|RHAC|Ontario|2018-10-20|2018 RHAC Fall Classic|41.94|218
16|Zhang, NingYuan|10|2008|NYAC|Ontario|2019-02-16|2019 Ontario Winter Festival Championships|42.03|216
17|Rogovoy, Maxim|10|2008|RAMAC|Ontario|2019-05-12|2019 TOP Cup SC|42.07|216
18|Benyahia, Riad|10|2007|CAMO|Québec|2018-10-13|ARENA Challenge Automne 2018|42.40|211
19|Zheng, Zhi|10|2008|CDSC|British Columbia|2018-12-14|Rapids Fast-Swim Classic|42.41|211
20|Vaillancourt, Henri|10|2008|CAMO|Québec|2018-10-13|ARENA Challenge Automne 2018|42.52|209
21|Brock, Bodhi|10|2008|NYAC|Ontario|2019-02-16|2019 Ontario Winter Festival Championships|42.81|205
22|Beaumadier, Cyriaque|10|2008|CASE|Québec|2019-04-13|Grand prix de Montréal Invitation 12 ans et moins|42.85|204
23|Watson, Scott|10|2008|KAJ|British Columbia|2018-12-14|26th Annual MJB Law Classic SCM|42.98|202
24|Zhang, Aidan|10|2008|WVOSC|British Columbia|2018-11-09|2018 Brad Reid Memorial Invitational|43.03|202
25|Williams, Austin|10|2007|BBST|Ontario|2018-10-21|Kingston Blue Marlins Pentathlon|43.15|200
26|Wang, Adam|10|2008|OAK|Ontario|2019-02-23|David Lawson Invitational|43.29|198
27|Lei, Leo|10|2008|WAC|Ontario|2019-02-16|2019 Ontario Winter Festival Championships|43.35|197
28|Blackwell, Matthew|10|2008|OTTER|Ontario|2018-11-09|42nd Cindy Nicholas Invitational|43.41|196
29|li, leo|10|2008|RHSD|Ontario|2018-11-24|Alex Baumann Invitational|43.48|195
30|Foulds, Matthew|10|2008|TBT|Ontario|2018-11-23|Blue vs White #1 2018-19|43.50|195
30|Fenning, Andrew|10|2007|UCSC|Alberta|2018-11-24|Winter Festival South|43.50|195
32|Semenyuk, Anton|10|2008|NG|Québec|2019-05-12|2019 TOP Cup SC|43.55|194
33|Low, Louis|10|2008|BORC|Ontario|2019-02-16|2019 Ontario Winter Festival Championships|43.72|192
34|Du, Gary|10|2008|RAPID|British Columbia|2019-03-15|Rapids TT #4|43.86|190
35|Van Horne, Jacob|10|2008|KMSC|British Columbia|2018-10-20|3rd Annual Technicon Swim Meet|43.94|189
36|Kim, Laon|10|2008|HYACK|British Columbia|2018-12-14|Rapids Fast-Swim Classic|44.03|188
37|Hamilton, Kayden|10|2009|PCSC|Québec|2019-05-12|2019 TOP Cup SC|44.47|183
38|Djellout, Ramy Mhand|10|2009|CAFA|Québec|2019-04-06|Jeux de Montréal 2019|44.49|182
39|Dong, Jonathan|10|2008|PCSC|Québec|2018-12-09|Invitation provinciale des fêtes CSLA|44.55|182
40|Ng, Jalen|10|2008|APEX|Ontario|2019-03-02|Steve Kingston Memorial Swim Meet|44.61|181
41|Roczniak, Johan|10|2009|SWOTT|Ontario|2019-02-23|Swim 2 the beat|44.76|179
42|Rapoport, Eric|10|2008|RAMAC|Ontario|2019-05-12|2019 TOP Cup SC|44.81|178
43|Pirvu, Spencer|10|2008|CW|Ontario|2019-03-03|Wilmot Aces Team Challenge Cup|44.86|178
44|Mecteau, Zachary|10|2008|RL|Québec|2019-03-24|Invitation du printemps NSH|44.89|177
45|Cao, Tony|10|2008|WSC|British Columbia|2018-10-28|VPSC Fall Invitational|44.94|177
46|Grand, Noah|10|2008|ISC|British Columbia|2019-02-10|Speed League 2|44.97|177
47|Macluskie, Tobias|10|2008|COMOX|British Columbia|2019-01-27|Vancouver Island Regional SC Championships|45.01|176
48|Onur, Arman|10|2007|PCSC|Québec|2018-12-01|ANLSL Regionale 2 - Les Sprints des fêtes|45.07|175
49|Woo, Ethan|10|2008|UVPCS|British Columbia|2019-01-27|Vancouver Island Regional SC Championships|45.13|175
50|Dinaj, Tie|10|2008|TSC|Ontario|2019-05-12|2019 TOP Cup SC|45.14|175