RANK|ATHLETES|AGE|YOB|CLUB|PROVINCE|DATE|MEET|TIME|FINA
1|Cescon, Benjamin|10|2008|TSC|Ontario|2019-05-25|TSC Time Trial|5:43.54|322
2|Vaillancourt, Henri|10|2008|CAMO|Québec|2019-03-31|Inter club U12|5:56.39|288
3|Semenyuk, Anton|10|2008|NG|Québec|2019-02-16|Championnat provincial 11-12 ans et Paranatation - Hiver|5:58.28|283
4|Yang, Derex|10|2008|HYACK|British Columbia|2019-06-21|SUMMER AGE GROUP CHAMPIONSHIPS|6:03.15|272
5|Wong, Adam|10|2008|WVOSC|British Columbia|2018-11-17|SFU-Gator LMR Swim Meet|6:07.92|262
6|Molnar, Joey|10|2008|CASC|Alberta|2019-01-18|Pugsley's Plunge 2019|6:08.30|261
7|Dawson, Oliver|10|2008|GPP|Alberta|2018-11-04|Cygnet Dental & Junction Point Physical Therapy Fast Track into Fall|6:10.77|256
8|Ng, Jalen|10|2008|APEX|Ontario|2019-03-03|Steve Kingston Memorial Swim Meet|6:13.98|249
9|Zhang, Aidan|10|2008|WVOSC|British Columbia|2019-01-19|Canadian Dolphin New Years Invitational 2019|6:16.82|244
10|You, Gavin|10|2008|OAK|Ontario|2018-12-09|Border City Invitational|6:16.94|243
11|Campbell, Silas|10|2007|WAAC|Ontario|2018-12-09|Border City Invitational|6:17.21|243
12|Mecteau, Zachary|10|2008|RL|Québec|2019-04-13|ARENA Challenge du printemps Développement mixte 2019 CAMO|6:17.29|243
13|Macluskie, Tobias|10|2008|COMOX|British Columbia|2018-12-09|16th Annual XMAS Cracker Invitational|6:18.75|240
14|Wang, Adam|10|2008|OAK|Ontario|2019-02-22|David Lawson Invitational|6:21.06|236
15|Cao, Tony|10|2008|WSC|British Columbia|2019-04-13|2019 Spartan 11 and Under and LMR Distance|6:23.16|232
16|Park, Minhyuk|10|2008|LOSC|British Columbia|2019-02-22|Winter Age Group Championships|6:23.84|230
17|Grewal, Jatinder|10|2008|DELTA|British Columbia|2018-12-15|Rapids Fast-Swim Classic|6:24.32|230
18|Van Horne, Jacob|10|2008|KMSC|British Columbia|2018-10-20|3rd Annual Technicon Swim Meet|6:24.70|229
19|Li, Burton|10|2009|SFNV|British Columbia|2019-06-01|LMR Championships|6:26.75|225
20|Lamoureux, Nataniel|10|2008|ELITE|Québec|2019-03-31|Inter club U12|6:30.74|218
21|Du, Gary|10|2008|RAPID|British Columbia|2019-04-13|Winskill Dolphins LMR|6:31.32|217
22|Chen, Quinton|10|2008|WSC|British Columbia|2019-04-13|2019 Spartan 11 and Under and LMR Distance|6:32.54|215
23|Lipnitskiy, Ivan|10|2008|CHENA|British Columbia|2019-01-26|Chena Distance Meet 2019|6:34.00|213
24|Goyette, Antoine|10|2008|NG|Québec|2019-06-09|Finale régionale des Jeux du Québec|6:35.88|210
25|Duong, Elven|10|2008|SAMAK|Québec|2019-03-31|Inter club U12|6:36.04|210
26|Albert, Logan|10|2008|NES|New Brunswick|2019-01-26|Inter-provinciale LMRL 2019|6:36.83|209
27|Zhu, Jimmy|10|2008|WSC|British Columbia|2019-04-13|2019 Spartan 11 and Under and LMR Distance|6:37.87|207
28|Wu, Charlie (can chen)|10|2008|WSC|British Columbia|2019-04-13|2019 Spartan 11 and Under and LMR Distance|6:37.91|207
29|Burgi, Alexander|10|2008|WS|Ontario|2018-11-11|42nd Cindy Nicholas Invitational|6:38.62|206
30|Seneviratne, Preston|10|2008|HANEY|British Columbia|2019-01-27|SKSC Winter Fest|6:38.72|206
31|Doudou, Ghiles|10|2008|CAMO|Québec|2019-01-22|Intra-Club CAMO Natation|6:39.45|204
32|Roy, Nicholas|10|2007|NKB|Ontario|2018-12-01|Distance and Development Challenge|6:40.86|202
33|JINGAN, SAMIR|10|2008|CNSL|Québec|2019-05-01|2e Intra-Club CNSL 2019|6:43.85|198
34|Smith, Bayden|10|2008|CHENA|British Columbia|2019-01-26|Chena Distance Meet 2019|6:45.12|196
35|Kruger, Rudolf|10|2008|DST|British Columbia|2019-02-10|Sharks Last Chance Invitational|6:45.22|196
36|Parent, Mathieu|10|2009|CAMO|Québec|2019-03-31|Inter club U12|6:46.32|194
37|Laberge, Renaud|10|2007|CNQ|Québec|2018-10-13|Invitation ROSE Nageons pour la cause|6:47.52|192
38|Lin, Arthur|10|2008|WSC|British Columbia|2019-04-13|2019 Spartan 11 and Under and LMR Distance|6:47.80|192
39|Levit, Ben|10|2008|SWAT|Nova Scotia|2019-02-15|AA Winter Champs|6:49.19|190
40|Schillinger, Eric|10|2008|SBSC|Nova Scotia|2019-06-07|AA Spring Champs|6:49.49|190
41|Velicico, Alexandru|10|2008|LOSC|British Columbia|2019-02-10|LMR Championships|6:49.70|189
42|Briand, Murray|10|2008|SWAT|Nova Scotia|2018-12-02|Age Group Development Meet Fall Series #3|6:51.59|187
43|Levasseur, Xavier|10|2008|CAEM|Québec|2019-04-13|ARENA Challenge du printemps Développement mixte 2019 CAMO|6:53.21|185
44|Khanafer, Mohamad|10|2008|CAMO|Québec|2019-03-31|Inter club U12|6:53.45|184
45|Castelo, Tyler|10|2008|CITA|Québec|2019-04-13|ARENA Challenge du printemps Développement mixte 2019 CAMO|6:53.53|184
46|Billette, Florent|10|2008|ELITE|Québec|2019-03-31|Inter club U12|6:55.74|181
47|Addison, Mark|10|2008|FAST|New Brunswick|2019-01-19|Distance Qualifier 2019|6:55.82|181
48|Sénécal, Malyk|10|2009|NG|Québec|2019-06-09|Finale régionale des Jeux du Québec|6:56.27|181
49|Zhang, Jasper|10|2008|SKSC|British Columbia|2019-06-01|LMR Championships|6:56.74|180
50|FAROKHSERESHT, BARSAM|10|2009|CNSL|Québec|2019-05-01|2e Intra-Club CNSL 2019|7:00.39|175