RANK|ATHLETES|AGE|YOB|CLUB|PROVINCE|DATE|MEET|TIME|FINA
1|Anderson, Marit|18|2000|UOFC|Alberta|2018-11-04|Odlum Brown Colleges Cup Pacific Hosted by UBC|8:36.91|797
2|Crowell, Reagan|18|2000|DAL|Nova Scotia|2019-02-10|2019 Subway AUS Swimming Championships|8:56.48|713
3|Davidson, Rosalie|18|2000|NN|Québec|2018-12-16|Ontario Junior International|8:59.84|700
4|Rendall, Kate|18|2000|UT|Ontario|2018-11-24|OUA Fairweather Division Championships 2018|9:01.68|692
5|Ramirez, Roxanna|18|2000|MSSAC|Ontario|2018-11-30|Neptune International (CSPO 25m)|9:01.81|692
6|Quiviger, Zoé|18|2000|CAMO|Québec|2018-12-08|Invitation provinciale AA-AAA Noël + Développement 11-12 ans CAMO|9:05.15|679
7|Desjarlais, Mia|18|2000|NN|Québec|2018-11-04|Festival provincial par équipe section 1|9:08.41|667
8|Taylor, Lauren|18|2000|UVIC|British Columbia|2019-02-09|West Coast Collegiate|9:12.92|651
9|Strzechowska, Zofia|18|2000|ESWIM|Ontario|2018-11-08|2018 Age Group International SC|9:15.92|641
10|Savard, Gabrielle|18|1999|UL|Québec|2018-10-14|Circuit Senior - Étape 1|9:16.86|637
11|Gentleman, Alice|18|2000|UVIC|British Columbia|2018-12-09|16th Annual XMAS Cracker Invitational|9:17.90|634
12|Berrisford, Haley|18|2000|UOFA|Alberta|2018-11-04|Odlum Brown Colleges Cup Pacific Hosted by UBC|9:20.83|624
13|Stokes, Jenna|18|2000|WES|Ontario|2018-11-24|OUA Fairweather Division Championships 2018|9:24.76|611
14|Alameddine, Yasmine|18|2000|MACU|Ontario|2019-02-09|2019 Ontario University Championships|9:34.18|581
15|Milne, Payton|18|2001|MAC|Ontario|2019-04-26|2019 Ontario Team Challenge|9:35.16|578
16|Dumaine, Kate|18|2000|UOFC|Alberta|2018-11-23|Canada West Championships 2018|9:40.22|563
17|Knott, Amy|18|2000|TBT|Ontario|2018-12-09|Youth Cup|9:40.83|562
18|Mouser, Lauren|18|2000|DAL|Nova Scotia|2019-02-10|2019 Subway AUS Swimming Championships|9:41.29|560
19|Hartling, Amy|18|2000|DAL|Nova Scotia|2019-01-19|AUS Invitational|9:42.15|558
20|Rochette, Marianne|18|1999|UL|Québec|2018-12-04|800-1500 UL|9:44.79|550
21|Fawcett, Lauren|18|2000|UG|Ontario|2018-11-24|2018 OUA DeBray Divisional Champs|9:45.78|547
22|Cheveldayoff, Paige|18|2000|MACU|Ontario|2018-11-24|OUA Fairweather Division Championships 2018|9:46.17|546
23|Mosher, Lauren|18|2000|ISC|British Columbia|2018-11-09|ISC 2018 Bennett Cup|9:46.66|545
24|Grover, Kayleigh|18|2000|UG|Ontario|2018-12-09|Dash for Cash|9:46.85|544
25|Janvier, Aela|18|1999|PCSC|Québec|2018-10-14|Circuit Senior - Étape 1|9:50.97|533
26|Caron, Audrey-Anne|18|1999|LMRL|Québec|2018-11-11|Festival provincial par équipe section 2|9:56.21|519
26|Dagasso, Emily|18|2000|TRUW|British Columbia|2018-10-27|Kamloops Fall Swimming Festival|9:56.21|519
28|Kabat, Daniela|18|2000|CASO|Québec|2018-11-11|Festival provincial par équipe section 4|9:57.59|516
29|Kearney, Meaghan|18|2000|UG|Ontario|2019-01-20|Winter Invitational|9:58.09|514
30|Peetsma, Alexandra|18|2000|QUE|Ontario|2019-02-09|2019 Ontario University Championships|9:59.20|511
31|MICHAUD, Carole-Anne|18|2000|RIKI|Québec|2018-11-11|Festival provincial par équipe section 2|10:02.25|504
32|Zhang, Stephanie|18|2000|WAT|Ontario|2018-11-24|OUA Fairweather Division Championships 2018|10:03.32|501
33|Riddall, Ashley|18|2000|WLU|Ontario|2018-11-24|2018 OUA DeBray Divisional Champs|10:06.87|492
34|Leighton, Erica|18|2001|OTTSC|Ontario|2019-02-02|2019 Eastern Ontario Regional Championships (SC/LC)|10:14.23|475
35|Bismuth-Leclerc, Jasmine|18|2000|CASO|Québec|2018-11-11|Festival provincial par équipe section 4|10:22.58|456
36|Yeo, Chiok Yan|18|2001|MAC|Ontario|2019-02-07|Central Region B Champs 2019|10:26.34|448
37|Ducharme, Paula|18|2000|TRUW|British Columbia|2018-11-04|Odlum Brown Colleges Cup Pacific Hosted by UBC|10:26.50|447
38|Kelly, Sarah|18|2000|UNB|New Brunswick|2019-02-10|2019 Subway AUS Swimming Championships|10:33.09|434
39|Cousineau, Anne-Sara|18|2000|LMRL|Québec|2018-11-11|Festival provincial par équipe section 2|10:39.86|420
40|Sauvé, Catherine|18|2000|CDNDG|Québec|2018-11-11|Festival provincial par équipe section 4|10:40.20|419
41|Iacob, Noah|18|2000|CSLA|Québec|2018-11-11|Festival provincial par équipe section 2|10:58.85|385
42|Wojnicz, Logan|18|2000|ROC|Ontario|2018-12-16|Team Showdown 2018|11:01.38|380
43|Fecteau, Ariane|18|2000|MUST|Québec|2019-03-23|Invitation Printanière AA et moins tous les âges|11:07.71|369
44|Douglass, Mackenzie|18|2000|NEW|Ontario|2019-03-01|Steve Kingston Memorial Swim Meet|11:09.83|366
45|Ersil, Sophia|18|2000|CAR|Ontario|2018-11-24|2018 OUA DeBray Divisional Champs|14:40.22|161