RANK|ATHLETES|AGE|YOB|CLUB|PROVINCE|DATE|MEET|TIME|FINA
1|Godon, Sara|18|2000|OTT|Québec|2018-12-01|Neptune International (CSPO 25m)|1:04.83|706
2|Wallich, Mackenzie|18|2000|UOFC|Alberta|2018-11-03|Odlum Brown Colleges Cup Pacific Hosted by UBC|1:05.50|685
3|Vander Leek, Kier|18|2000|UOFA|Alberta|2018-11-03|Odlum Brown Colleges Cup Pacific Hosted by UBC|1:06.14|665
4|Glover, Sydney|18|2000|UOFC|Alberta|2018-10-20|UCSC Fall Start Up|1:06.85|644
5|Davidson, Rosalie|18|2000|UCSJ|Québec|2018-11-16|Collégial#2 - Bois-de-Boulogne - Conf. Sud-Ouest|1:07.48|626
6|Taylor, Lauren|18|2000|UVIC|British Columbia|2018-11-03|Odlum Brown Colleges Cup Pacific Hosted by UBC|1:07.89|615
7|Stever, Carling|18|2000|LU|Ontario|2018-10-13|OUA Sprint Invitational|1:08.08|610
8|Brathwaite, Katrina|18|1999|UCJA|Québec|2018-11-16|Collégial#2 - Bois-de-Boulogne - Conf. Sud-Ouest|1:08.15|608
9|Anderson, Marit|18|2000|UOFC|Alberta|2018-10-20|UCSC Fall Start Up|1:08.46|599
10|Ji, Christina|18|2000|WAT|Ontario|2019-01-26|Badger Invitational Two|1:08.56|597
11|Knudson, Mickayla|18|2000|UOFC|Alberta|2018-10-20|UCSC Fall Start Up|1:08.82|590
12|Tarrant, Sophie|18|2000|WILD|Alberta|2019-02-02|2019 NSA NWT Territorials|1:09.19|581
13|Desjarlais, Mia|18|2000|UCSJ|Québec|2019-03-23|Comp. Collégiale - Sud-Ouest - St-Jérome #7|1:10.32|553
14|Nielson, Kate|18|2000|OTT|Québec|2018-10-13|GO Kingfish Blue and Orange Pentathlon|1:10.33|553
15|Dollinger, Jennifer|18|2000|DSC|Québec|2018-11-25|Bluefins- Invitation Provinciale 11 ans et plus|1:10.34|553
16|Dionne, Kassandra|18|2000|UCGAR|Québec|2018-11-24|Collégiale#2 - Victoriaville - Conf. Nord-Ouest|1:10.37|552
17|Daoud, Nadine|18|2001|UCSC|Alberta|2019-06-21|UCSC Team Champs|1:10.58|547
18|Saville, Renee|18|2000|OTT|Québec|2018-10-13|GO Kingfish Blue and Orange Pentathlon|1:10.97|538
19|Yamani, Sara-Tami|18|2001|CSLA|Québec|2019-05-03|CSLA 1st Annual Splash Bash Intra-Meet|1:10.99|538
20|Iacob, Noah|18|2000|CSLA|Québec|2018-12-08|Invitation provinciale des fêtes CSLA|1:11.00|537
21|Teng, Yifei|18|2000|UG|Ontario|2018-10-13|OUA Sprint Invitational|1:11.01|537
22|Bandstra, Jordyn|18|2000|BADGR|Ontario|2019-01-26|Badger Invitational Two|1:11.17|533
23|Mafouana, Kyscinah|18|2000|ELITE|Québec|2018-11-17|Open Sprint SAMAK 2018|1:11.36|529
24|Peel, Katherine|18|1999|OTT|Québec|2018-10-13|GO Kingfish Blue and Orange Pentathlon|1:11.57|525
24|Mah, Janey|18|2000|SFU|British Columbia|2018-11-03|Odlum Brown Colleges Cup Pacific Hosted by UBC|1:11.57|525
26|Polley, Katie|18|2000|OTT|Québec|2018-10-13|GO Kingfish Blue and Orange Pentathlon|1:11.69|522
27|Létourneau, Anne-Gaelle|18|2000|UCSE|Québec|2018-10-20|Coll. Jonquière #1 - Nord-Est|1:11.76|520
28|Corish, Abbey|18|2001|SDSC|Prince-Edward-Island|2019-04-27|9th Annual Fast and Furious|1:11.94|517
29|Caron-Malboeuf, Véga|18|2000|SAMAK|Québec|2018-11-17|Open Sprint SAMAK 2018|1:12.08|514
30|Otsuki, Madison|18|2000|QUE|Ontario|2018-10-21|Kingston Blue Marlins Pentathlon|1:12.34|508
31|Pauletto, Hailey|18|2001|UCJA|Québec|2019-03-23|Comp. Collégiale - Sud-Ouest - St-Jérome #7|1:12.38|507
32|Tryon, Ryllie|18|2000|LU|Ontario|2018-10-13|OUA Sprint Invitational|1:12.50|505
33|Ramirez, Roxanna|18|2000|MSSAC|Ontario|2018-12-01|Neptune International (CSPO 25m)|1:12.67|501
34|Leung, Megan|18|2000|WAT|Ontario|2019-01-26|Badger Invitational Two|1:12.76|499
35|Coady, Lauryn|18|2001|MPM|Newfoundland|2019-04-06|Bluefins Spring Invitational|1:12.78|499
36|Lépine, Marie-Anne|18|2000|UCSJ|Québec|2019-01-25|Comp. Coll. #4 Marie-Victorin - Conf. Sud-Ouest|1:12.90|496
37|Pittman, Laura|18|1999|MUSC|Newfoundland|2018-10-20|PSC Rock the Block 2018|1:12.91|496
38|Leighton, Amy|18|2001|PRASC|British Columbia|2019-06-02|Northwest Spring Invitational|1:13.02|494
39|Caron, Audrey-Anne|18|1999|LMRL|Québec|2018-10-20|Régionale 1 RDL 20 octobre|1:13.26|489
40|Al Afandi, arwa|18|2000|CNSL|Québec|2018-11-17|Open Sprint SAMAK 2018|1:13.40|486
41|Kirkhope, Sarah|18|2000|UVIC|British Columbia|2018-10-20|2018 OCTOBER SENIOR CIRCUIT|1:13.42|486
42|Shuai, Stephanie|18|1999|OTT|Québec|2018-10-13|GO Kingfish Blue and Orange Pentathlon|1:13.62|482
43|Laupland, Elise|18|2000|QUE|Ontario|2018-10-13|OUA Sprint Invitational|1:13.71|480
44|Girard, Noémie|18|2000|UCGAR|Québec|2018-11-24|Collégiale#2 - Victoriaville - Conf. Nord-Ouest|1:14.32|468
45|Halvorsen, Madison|18|2000|OTT|Québec|2018-10-13|GO Kingfish Blue and Orange Pentathlon|1:14.43|466
46|Kabat, Daniela|18|2000|UCMA|Québec|2019-03-23|Comp. Collégiale - Sud-Ouest - St-Jérome #7|1:14.77|460
47|Bismuth-Leclerc, Jasmine|18|2000|UCMA|Québec|2019-02-22|Comp. Coll. #6 - Outaouais - Conf. Sud-Ouest|1:14.93|457
48|Kehler, Claire|18|2001|CASC|Alberta|2019-03-03|Provincials - Short Course|1:15.36|449
49|Chatel, Daryle|18|2000|UCMV|Québec|2019-01-25|Comp. Coll. #4 Marie-Victorin - Conf. Sud-Ouest|1:15.54|446
50|Bennet, Morgan|18|2001|BLEN|Ontario|2019-04-27|2019 Seal Championships|1:15.72|443