RANK|ATHLETES|AGE|YOB|CLUB|PROVINCE|DATE|MEET|TIME|FINA
1|Brathwaite, Katrina|18|1999|PCSC|Québec|2018-12-14|Ontario Junior International|1:09.31|728
2|Knott, Sarah|18|2000|MCGILL|Québec|2018-11-17|Kemp-Fry AUS Invitational|1:09.97|707
3|Ji, Christina|18|2000|WAT|Ontario|2019-02-07|2019 Ontario University Championships|1:10.54|690
4|Goyette, Tatyanna|18|2000|UDEM|Québec|2019-02-02|Championnat de natation universitaire RSEQ|1:11.58|661
5|Anderson, Rachael|18|2000|UBCT|British Columbia|2018-11-24|Canada West Championships 2018|1:11.67|658
6|Chicoine, Lili|18|2000|BLUE|Québec|2018-11-03|Festival provincial par équipe section 3|1:11.85|653
7|Kolaric, Ana|18|2000|UOFC|Alberta|2018-11-24|Canada West Championships 2018|1:12.00|649
8|Hellard, Jamie|18|1999|UVIC|British Columbia|2018-12-14|Ontario Junior International|1:12.03|648
9|Doner, Jordan|18|2000|SFU|British Columbia|2019-02-09|West Coast Collegiate|1:12.30|641
10|Vander Leek, Kier|18|2000|UOFA|Alberta|2019-02-22|2019 U SPORTS Odlum Brown Swimming Championships|1:12.51|636
11|Smith, Rebecca|18|2000|UT|Ontario|2019-01-12|UT vs Western|1:12.83|627
12|Davidson, Rosalie|18|2000|NN|Québec|2018-11-03|Festival provincial par équipe section 1|1:12.84|627
12|MacDonald, Victoria|18|2000|DAL|Nova Scotia|2019-02-09|2019 Subway AUS Swimming Championships|1:12.84|627
14|Terejko, Gabriella|18|1999|WRMS|Ontario|2018-11-04|NYAC Cup|1:13.42|612
15|Quiviger, Zoé|18|2000|CAMO|Québec|2018-12-08|Invitation provinciale AA-AAA Noël + Développement 11-12 ans CAMO|1:13.69|606
16|McKinley, Aivrey|18|1999|MACU|Ontario|2018-11-24|OUA Fairweather Division Championships 2018|1:14.78|579
17|Konstantinova, Polina|18|2000|SJL|Newfoundland|2018-11-23|2018 Mount Pearl Marlins 3rd Annual Sink or Swim Invitiational|1:14.84|578
18|Charron, Eugénie|18|2000|MUST|Québec|2018-11-03|Festival provincial par équipe section 3|1:15.39|565
19|Heckman, Margaret|18|2001|WAAC|Ontario|2019-05-05|Aqua 7 Finals|1:15.42|565
20|Fazeli, Hiva|18|2000|MACU|Ontario|2019-02-07|2019 Ontario University Championships|1:15.61|561
21|McMurray, Ainsley|18|2000|UT|Ontario|2018-10-19|Downtown Sprint Meet|1:16.04|551
22|MacDougall, Sarah|18|2000|ACAD|Nova Scotia|2018-11-17|Kemp-Fry AUS Invitational|1:16.12|549
23|Loewen, Kennedy|18|2000|SFU|British Columbia|2019-03-08|SFA Time Trial|1:16.46|542
24|Mantik, Jessica|18|2000|UOFA|Alberta|2019-01-19|Blue Bears 2019|1:16.59|539
25|Polkosnik, Grace|18|2000|MCGILL|Québec|2018-11-17|Kemp-Fry AUS Invitational|1:16.86|534
26|Von Sacken Nash, Victoria|18|2000|SFU|British Columbia|2018-11-04|Odlum Brown Colleges Cup Pacific Hosted by UBC|1:16.92|532
27|Ballantyne, Allison|18|2000|UVIC|British Columbia|2018-11-10|ISC 2018 Bennett Cup|1:17.02|530
28|Bruce, Cali|18|2000|ACAD|Nova Scotia|2019-02-09|2019 Subway AUS Swimming Championships|1:17.22|526
29|Cheveldayoff, Paige|18|2000|MACU|Ontario|2018-11-24|OUA Fairweather Division Championships 2018|1:17.27|525
30|Taylor, Lauren|18|2000|UVIC|British Columbia|2019-02-10|West Coast Collegiate|1:17.37|523
31|Corish, Abbey|18|2001|SDSC|Prince-Edward-Island|2019-04-27|9th Annual Fast and Furious|1:17.49|521
32|Tarrant, Sophie|18|2000|WILD|Alberta|2019-02-02|2019 NSA NWT Territorials|1:17.84|514
33|Mah, Janey|18|2000|SFU|British Columbia|2019-02-09|West Coast Collegiate|1:17.99|511
34|Grace, Lianna|18|2000|WES|Ontario|2019-01-12|UT vs Western|1:18.08|509
35|Mersereau, Ashlen|18|2000|MUSC|Newfoundland|2019-02-09|2019 Subway AUS Swimming Championships|1:18.15|508
36|Hardman, Kaylie|18|2000|SFU|British Columbia|2018-11-04|Odlum Brown Colleges Cup Pacific Hosted by UBC|1:18.23|506
37|Maus, Patrizia|18|2000|NRST|British Columbia|2018-10-28|2018 NRST Fall Invitational|1:18.27|505
38|Goodman, Audrey|18|2000|UT|Ontario|2019-01-12|UT vs Western|1:18.34|504
39|Iacob, Noah|18|2000|CSLA|Québec|2018-12-09|Invitation provinciale des fêtes CSLA|1:19.00|491
40|Nielson, Kate|18|2000|OTT|Québec|2018-10-18|uOttawa/Queens /Carleton Tri Meet|1:19.16|488
41|Duncan, Mikaela|18|2000|UOFL|Alberta|2019-02-01|Colleges Cup Mountain|1:19.37|485
42|Bismuth-Leclerc, Jasmine|18|2000|CASO|Québec|2018-12-09|Invitation provinciale des fêtes CSLA|1:19.60|480
43|Bandstra, Jordyn|18|2000|BADGR|Ontario|2018-12-01|Western University Invitational|1:20.01|473
44|Carnegie, Quinlan|18|2000|WLU|Ontario|2018-11-24|2018 OUA DeBray Divisional Champs|1:20.70|461
45|Crowell, Reagan|18|2000|DAL|Nova Scotia|2018-11-03|Mount Allison Invitational 2018|1:20.79|459
46|Ramirez, Roxanna|18|2000|MSSAC|Ontario|2018-10-20|HARVEST/AUTUMN INVITATIONAL|1:21.04|455
47|Shortt, Alexandra|18|2001|VKSC|British Columbia|2019-04-13|VKSC April Time Trial|1:21.11|454
48|Langham, Menley|18|1999|WES|Ontario|2018-11-24|OUA Fairweather Division Championships 2018|1:21.13|454
49|McGrory, Aoife|18|2000|CAR|Ontario|2019-02-07|2019 Ontario University Championships|1:21.25|452
50|Martin Ozimek, Agata|18|2000|EKSC|Alberta|2019-01-19|Blue Bears 2019|1:21.26|451