RANK|ATHLETES|AGE|YOB|CLUB|PROVINCE|DATE|MEET|TIME|FINA
1|Oleksiak, Penelope|18|2000|TSC|Ontario|2018-11-03|NYAC Cup|24.93|810
2|Smith, Rebecca|18|2000|UT|Ontario|2018-11-24|OUA Fairweather Division Championships 2018|25.29|776
3|McMurray, Ainsley|18|2000|UT|Ontario|2018-11-24|OUA Fairweather Division Championships 2018|25.54|753
4|Fernandes, Aryanna|18|2000|AAC|Ontario|2018-12-15|Ontario Junior International|25.68|741
5|Broad, Madison|18|2000|CYPS|Ontario|2018-11-10|2018 Age Group International SC|25.77|733
6|Gold, Aleksa|18|2000|UT|Ontario|2018-11-24|OUA Fairweather Division Championships 2018|25.89|723
7|Godon, Sara|18|2000|OTT|Québec|2019-02-02|Championnat de natation universitaire RSEQ|25.90|722
8|Kolaric, Ana|18|2000|UOFC|Alberta|2019-02-21|2019 U SPORTS Odlum Brown Swimming Championships|26.13|703
9|Esposito, Anna Maria|18|2000|UOFA|Alberta|2018-11-24|Canada West Championships 2018|26.22|696
10|Taylor, Lauren|18|2000|UVPCS|British Columbia|2019-07-20|2018-19 Blue Gold Time Trial #9 (SC)|26.25|693
11|Mao, Xiaoran|18|2000|ESWIM|Ontario|2018-11-10|2018 Age Group International SC|26.28|691
12|Legault-Warren, Elise|18|2000|ULAVAL|Québec|2018-12-07|Défi Nez-Rouge 2018|26.36|685
13|Chiarotto, Joanne|18|2001|BORC|Ontario|2019-04-26|2019 Ontario Team Challenge|26.54|671
14|Mafouana, Kyscinah|18|2000|ELITE|Québec|2018-11-04|Festival provincial par équipe section 1|26.58|668
15|Code, Jessica|18|2000|WES|Ontario|2019-02-21|2019 U SPORTS Odlum Brown Swimming Championships|26.63|664
16|Modrcin, Dora|18|1999|UM|Manitoba|2018-11-17|Bison Sprint IM Invitational|26.67|661
17|Crowell, Reagan|18|2000|DAL|Nova Scotia|2019-01-19|AUS Invitational|26.68|660
18|Miko, Alexandria|18|1999|UM|Manitoba|2018-11-04|Odlum Brown Colleges Cup Pacific Hosted by UBC|26.79|652
18|Fedder, Sarah|18|2000|WES|Ontario|2018-12-01|Western University Invitational|26.79|652
20|Arcand, Alicia|18|2001|||2019-04-07|Champ. Prov. Coll. RSEQ - Vieux-Montréal|26.85|648
21|Mariano, Jacquelyne|18|2000|WAT|Ontario|2019-02-08|2019 Ontario University Championships|26.90|644
22|Roberts, Samantha|18|2000|WES|Ontario|2019-01-19|Winter Invitational|26.93|642
23|Mosher, Lauren|18|2000|ISC|British Columbia|2019-01-25|Vancouver Island Regional SC Championships|26.99|638
24|Chicoine, Lili|18|2000|BLUE|Québec|2018-11-04|Festival provincial par équipe section 3|27.19|624
25|Vander Leek, Kier|18|2000|UOFA|Alberta|2018-11-24|Canada West Championships 2018|27.24|620
25|Lamb, Taylor|18|2000|WES|Ontario|2018-12-01|Western University Invitational|27.24|620
27|Thompson, Rebecca|18|2000|MCGILL|Québec|2018-11-17|Kemp-Fry AUS Invitational|27.26|619
28|Anderson, Marit|18|2000|UOFC|Alberta|2019-02-01|Colleges Cup Mountain|27.29|617
29|Miller, Erin|18|2000|MCGILL|Québec|2018-11-17|Kemp-Fry AUS Invitational|27.30|616
29|Kruger, Kellita|18|2000|WES|Ontario|2019-01-19|Winter Invitational|27.30|616
31|Sicoli, Demetra|18|2000|UOFC|Alberta|2019-02-21|2019 U SPORTS Odlum Brown Swimming Championships|27.31|616
32|Chin, Sydney|18|2000|UG|Ontario|2019-02-07|2019 Ontario University Championships|27.32|615
33|Hellard, Jamie|18|1999|UVIC|British Columbia|2018-12-09|16th Annual XMAS Cracker Invitational|27.33|614
34|Dumaine, Kate|18|2000|UCSC|Alberta|2019-07-13|UCSC Western Finale|27.35|613
35|Terejko, Gabriella|18|1999|WRMS|Ontario|2018-12-15|Ontario Junior International|27.38|611
36|Sanford, Alexie|18|2000|UNB|New Brunswick|2018-11-17|Kemp-Fry AUS Invitational|27.42|608
37|Konstantinova, Polina|18|2000|SJL|Newfoundland|2018-11-24|2018 Mount Pearl Marlins 3rd Annual Sink or Swim Invitiational|27.44|607
38|Haggarty, Sage|18|2001|USC|Ontario|2019-04-26|2019 Ontario Team Challenge|27.46|606
38|Eisen, Alicia|18|2000|UOFC|Alberta|2019-02-01|Colleges Cup Mountain|27.46|606
40|Welsh, Brittany|18|2000|UOFA|Alberta|2018-11-24|Canada West Championships 2018|27.49|604
41|Halvorsen, Madison|18|2000|OTT|Québec|2019-02-02|Championnat de natation universitaire RSEQ|27.51|602
42|Howard, Claire|18|2000|UT|Ontario|2019-01-12|UT vs Western|27.54|600
42|Kearney, Meaghan|18|2000|NEW|Ontario|2018-12-15|Ontario Junior International|27.54|600
44|St. Louis, Melia|18|2000|UOFL|Alberta|2019-01-27|Mint Smartwash Winter Classic|27.57|598
45|Fazeli, Hiva|18|2000|MACU|Ontario|2019-02-08|2019 Ontario University Championships|27.59|597
46|Lancaster, Lia|18|2000|ACAD|Nova Scotia|2019-02-08|2019 Subway AUS Swimming Championships|27.60|597
47|Polley, Katie|18|2000|OTT|Québec|2018-12-02|Neptune International (CSPO 25m)|27.66|593
48|Knudson, Mickayla|18|2000|UOFC|Alberta|2018-10-26|UofC Duel Meet|27.70|590
49|Roughley, Paige|18|2000|DAL|Nova Scotia|2018-11-17|Kemp-Fry AUS Invitational|27.77|586
50|Saville, Renee|18|2000|OTT|Québec|2018-12-02|Neptune International (CSPO 25m)|27.78|585