RANK|AGES|CLUB|TEAM|PROVINCE|DATE|MEET|TIME|FINA
1|18 - 18|University Of Ottawa|OTT A|Québec|2018-10-12|Coupe universitaire #1|1:47.69|670
2|18 - 18|University Of Ottawa|OTT A|Québec|2018-11-10|Coupe Universitaire #3|1:48.09|662
3|18 - 18|Simon Fraser University|SFU C|British Columbia|2018-10-20|2018 OCTOBER SENIOR CIRCUIT|1:52.27|591
4|18 - 18|McGill University|MCGI B|Québec|2018-10-12|Coupe universitaire #1|1:53.16|577
5|18 - 18|Wilfrid Laurier University|WLU B|Ontario|2018-10-14|Badger Invitational One|1:56.49|529
6|18 - 18|Summerside Dolphin Swim Club|SDSC A|Prince-Edward-Island|2019-04-27|9th Annual Fast and Furious|2:02.48|455
7|18 - 18|Collège de Maisonneuve|UCMA A|Québec|2019-02-22|Comp. Coll. #6 - Outaouais - Conf. Sud-Ouest|2:03.23|447
8|18 - 18|Cégep de l'Outaouais|UCO B|Québec|2019-02-22|Comp. Coll. #6 - Outaouais - Conf. Sud-Ouest|2:08.00|399
9|18 - 18|Collège John-Abbott|UCJA B|Québec|2018-11-16|Collégial#2 - Bois-de-Boulogne - Conf. Sud-Ouest|2:09.04|389
10|18 - 18|Cégep de St-Jérôme|UCSJ B|Québec|2018-11-16|Collégial#2 - Bois-de-Boulogne - Conf. Sud-Ouest|2:14.19|346
11|18 - 18|Cégep de Drummondville|UCD B|Québec|2019-02-16|Comp. Collégiale-Nord-Est- Sherbrooke #4|2:33.12|233