RANK|ATHLETES|AGE|YOB|CLUB|PROVINCE|DATE|MEET|TIME|FINA
1|Broad, Madison|18|2000|CYPS|Ontario|2018-11-09|2018 Age Group International SC|27.53|810
2|Modrcin, Dora|18|1999|UM|Manitoba|2018-11-04|Odlum Brown Colleges Cup Pacific Hosted by UBC|27.83|784
3|Smith, Rebecca|18|2000|UT|Ontario|2019-01-19|Winter Invitational|28.53|728
4|Godon, Sara|18|2000|OTT|Québec|2019-02-03|Championnat de natation universitaire RSEQ|28.79|708
5|Janvier, Aela|18|1999|PCSC|Québec|2018-11-02|Festival provincial par équipe section 1|28.82|706
6|Mao, Xiaoran|18|2000|ESWIM|Ontario|2018-12-14|Ontario Junior International|28.88|702
7|Arcand, Alicia|18|2001|UCSJ|Québec|2019-03-23|Comp. Collégiale - Sud-Ouest - St-Jérome #7|29.08|687
8|Spence, Annalise|18|2000|UOFL|Alberta|2019-02-01|Colleges Cup Mountain|29.55|655
9|Okumura, Emma|18|1999|MCGILL|Québec|2018-11-18|AUS Mini Meet|29.61|651
10|Welsh, Brittany|18|2000|UOFA|Alberta|2019-02-01|Colleges Cup Mountain|29.83|637
11|Eisen, Alicia|18|2000|UOFC|Alberta|2019-02-22|2019 U SPORTS Odlum Brown Swimming Championships|29.96|629
11|Glover, Sydney|18|2000|UOFC|Alberta|2018-10-26|UofC Duel Meet|29.96|629
13|Durocher, Madeleine|18|2000|UOFA|Alberta|2018-11-04|Odlum Brown Colleges Cup Pacific Hosted by UBC|29.97|628
14|Bond, Sarah|18|2000|DAL|Nova Scotia|2019-02-09|2019 Subway AUS Swimming Championships|30.05|623
15|Dove-Mcfalls, Carley|18|1999|NN|Québec|2018-11-02|Festival provincial par équipe section 1|30.06|622
16|Taylor, Lauren|18|2000|UVPCS|British Columbia|2019-07-20|2018-19 Blue Gold Time Trial #9 (SC)|30.14|617
17|Ji, Christina|18|2000|WAT|Ontario|2018-11-24|OUA Fairweather Division Championships 2018|30.18|615
18|Otsuki, Madison|18|2000|QUE|Ontario|2018-11-24|2018 OUA DeBray Divisional Champs|30.21|613
19|Oleksiak, Penelope|18|2000|TSC|Ontario|2018-10-20|Downtown Sprint Meet|30.23|612
20|Tryon, Ryllie|18|2000|LU|Ontario|2019-02-09|2019 Ontario University Championships|30.26|610
21|Shewchuk, Claire|18|2000|MCGILL|Québec|2018-11-16|Kemp-Fry AUS Invitational|30.27|609
22|Kruger, Kellita|18|2000|WES|Ontario|2019-02-22|2019 U SPORTS Odlum Brown Swimming Championships|30.30|608
23|Thompson, Rebecca|18|2000|MCGILL|Québec|2018-11-16|Kemp-Fry AUS Invitational|30.31|607
24|Saville, Renee|18|2000|OTT|Québec|2018-12-02|Neptune International (CSPO 25m)|30.34|605
25|Chiarotto, Joanne|18|2001|BORC|Ontario|2019-04-28|2019 Ontario Team Challenge|30.36|604
26|Knudson, Mickayla|18|2000|UOFC|Alberta|2018-11-23|Canada West Championships 2018|30.54|593
27|Na, Katie|18|2000|MCGILL|Québec|2019-02-22|Championnat de natation universitaire RSEQ|30.56|592
28|Vander Leek, Kier|18|2000|UOFA|Alberta|2018-11-03|Odlum Brown Colleges Cup Pacific Hosted by UBC|30.60|590
28|Lindsay, Cassis|18|2000|MACU|Ontario|2018-11-24|OUA Fairweather Division Championships 2018|30.60|590
30|Polley, Katie|18|2000|OTT|Québec|2019-02-02|Championnat de natation universitaire RSEQ|30.77|580
31|Anderson, Sarah|18|2001|CNBO|New Brunswick|2019-05-08|CNBO In-house – Compétition maison CNBO|30.78|580
31|Dagasso, Emily|18|2000|TRUW|British Columbia|2019-02-07|February 2019 Time Trial SCM|30.78|580
33|Pittman, Laura|18|1999|MUSC|Newfoundland|2018-11-24|2018 Mount Pearl Marlins 3rd Annual Sink or Swim Invitiational|30.82|577
34|Claassens, Talea|18|2000|GO|Ontario|2019-02-03|2019 Eastern Ontario Regional Championships (SC/LC)|30.84|576
35|Fitzpatrick, Kate|18|2000|UG|Ontario|2019-01-19|Winter Invitational|30.95|570
36|Mantik, Jessica|18|2000|UOFA|Alberta|2019-02-22|2019 U SPORTS Odlum Brown Swimming Championships|30.97|569
36|hermanson, hannah|18|2000|UT|Ontario|2019-01-19|Winter Invitational|30.97|569
38|Chenail Lafond, Juliette|18|2000|CAMO|Québec|2018-11-02|Festival provincial par équipe section 1|31.01|567
39|Desjardins-Labelle, Mélanie|18|2000|UCO|Québec|2018-11-16|Collégial#2 - Bois-de-Boulogne - Conf. Sud-Ouest|31.19|557
40|Hutton, Jamie|18|2000|UVIC|British Columbia|2018-11-23|Canada West Championships 2018|31.22|555
41|Bruce, Cali|18|2000|ACAD|Nova Scotia|2019-01-19|AUS Invitational|31.28|552
42|Miko, Alexandria|18|1999|UM|Manitoba|2018-11-04|Odlum Brown Colleges Cup Pacific Hosted by UBC|31.30|551
42|Deasy, Sophie|18|2000|QUE|Ontario|2018-11-24|2018 OUA DeBray Divisional Champs|31.30|551
44|Dollinger, Jennifer|18|2000|DSC|Québec|2018-12-20|Intra Club Longue Distance|31.31|551
45|Ballantyne, Allison|18|2000|UVIC|British Columbia|2018-11-11|ISC 2018 Bennett Cup|31.37|547
46|St. Louis, Melia|18|2000|UOFL|Alberta|2018-10-26|UofC Duel Meet|31.46|543
47|McMurray, Ainsley|18|2000|UT|Ontario|2018-10-20|Downtown Sprint Meet|31.51|540
48|Hutchings, Ashley|18|2000|MUSC|Newfoundland|2018-11-24|2018 Mount Pearl Marlins 3rd Annual Sink or Swim Invitiational|31.68|532
49|Le, Cattuong|18|1999|OTT|Québec|2018-10-12|Coupe universitaire #1|31.69|531
50|Mafouana, Kyscinah|18|2000|ELITE|Québec|2018-11-02|Festival provincial par équipe section 1|31.77|527