RANK|ATHLETES|AGE|YOB|CLUB|PROVINCE|DATE|MEET|TIME|FINA
1|Anderson, Marit|18|2000|UOFC|Alberta|2018-11-03|Odlum Brown Colleges Cup Pacific Hosted by UBC|4:08.92|836
2|Smith, Rebecca|18|2000|UT|Ontario|2019-01-12|UT vs Western|4:10.03|825
3|Crowell, Reagan|18|2000|DAL|Nova Scotia|2019-02-08|2019 Subway AUS Swimming Championships|4:15.60|772
4|Mao, Xiaoran|18|2000|ESWIM|Ontario|2018-12-15|Ontario Junior International|4:16.29|766
5|Davidson, Rosalie|18|2000|NN|Québec|2018-11-02|Festival provincial par équipe section 1|4:18.69|745
6|Rendall, Kate|18|2000|UT|Ontario|2018-11-25|OUA Fairweather Division Championships 2018|4:20.60|728
7|Howard, Claire|18|2000|UT|Ontario|2019-01-20|Winter Invitational|4:24.58|696
8|Taylor, Lauren|18|2000|UVIC|British Columbia|2019-02-21|2019 U SPORTS Odlum Brown Swimming Championships|4:24.67|695
9|Ramirez, Roxanna|18|2000|MSSAC|Ontario|2018-10-20|HARVEST/AUTUMN INVITATIONAL|4:25.73|687
10|Quiviger, Zoé|18|2000|CAMO|Québec|2018-12-10|Invitation provinciale AA-AAA Noël + Développement 11-12 ans CAMO|4:27.54|673
11|Stever, Carling|18|2000|LU|Ontario|2018-11-25|2018 OUA DeBray Divisional Champs|4:27.78|671
12|Desjarlais, Mia|18|2000|NN|Québec|2018-11-02|Festival provincial par équipe section 1|4:28.74|664
13|McMurray, Ainsley|18|2000|CSLA|Québec|2018-11-09|Festival provincial par équipe section 2|4:29.32|660
14|Ballantyne, Allison|18|2000|UVIC|British Columbia|2018-12-08|16th Annual XMAS Cracker Invitational|4:29.48|659
15|Berrisford, Haley|18|2000|UOFA|Alberta|2018-11-03|Odlum Brown Colleges Cup Pacific Hosted by UBC|4:30.85|649
16|Stokes, Jenna|18|2000|WES|Ontario|2018-12-01|Western University Invitational|4:32.26|639
17|Rosychuk, Katie|18|2000|SFU|British Columbia|2018-10-20|2018 OCTOBER SENIOR CIRCUIT|4:32.78|635
17|Gentleman, Alice|18|2000|UVIC|British Columbia|2019-01-27|Vancouver Island Regional SC Championships|4:32.78|635
19|Strzechowska, Zofia|18|2000|ESWIM|Ontario|2018-11-11|2018 Age Group International SC|4:33.95|627
20|Dumaine, Kate|18|2000|UCSC|Alberta|2019-07-13|UCSC Western Finale|4:34.18|625
21|Kearney, Meaghan|18|2000|UG|Ontario|2018-11-09|Swim International 2018|4:34.54|623
22|Welsh, Brittany|18|2000|UOFA|Alberta|2018-11-03|Odlum Brown Colleges Cup Pacific Hosted by UBC|4:35.81|614
23|Laupland, Elise|18|2000|QUE|Ontario|2019-02-08|2019 Ontario University Championships|4:36.49|610
24|Marchese, Tassa|18|2000|SFU|British Columbia|2019-02-09|West Coast Collegiate|4:39.31|591
25|Brathwaite, Katrina|18|1999|PCSC|Québec|2018-11-25|Circuit senior étape 2|4:39.39|591
26|Milne, Payton|18|2001|MAC|Ontario|2019-04-28|2019 Ontario Team Challenge|4:40.55|584
27|Rochette, Marianne|18|1999|UL|Québec|2018-12-07|Défi Nez-Rouge 2018|4:40.73|583
28|Hutton, Jamie|18|2000|UVIC|British Columbia|2019-02-10|West Coast Collegiate|4:41.73|576
29|Vachon, Florence|18|1999|CAMO|Québec|2018-11-02|Festival provincial par équipe section 1|4:41.77|576
30|Knott, Amy|18|2000|TBT|Ontario|2018-12-08|Youth Cup|4:41.83|576
31|Hartling, Amy|18|2000|DAL|Nova Scotia|2019-02-08|2019 Subway AUS Swimming Championships|4:42.26|573
32|Christakis, Nicole|18|2000|MACU|Ontario|2018-11-25|OUA Fairweather Division Championships 2018|4:42.37|572
33|Cheveldayoff, Paige|18|2000|MACU|Ontario|2018-11-25|OUA Fairweather Division Championships 2018|4:43.26|567
34|Peetsma, Alexandra|18|2000|QUE|Ontario|2018-11-25|2018 OUA DeBray Divisional Champs|4:43.38|566
35|Mouser, Lauren|18|2000|DAL|Nova Scotia|2019-02-08|2019 Subway AUS Swimming Championships|4:43.98|563
36|Kabat, Daniela|18|2000|CASO|Québec|2018-11-09|Festival provincial par équipe section 4|4:44.17|562
37|Sanford, Alexie|18|2000|UNB|New Brunswick|2018-11-18|Kemp-Fry AUS Invitational|4:44.42|560
38|Stokes, Kathryn|18|2000|MUSC|Newfoundland|2019-02-08|2019 Subway AUS Swimming Championships|4:44.69|559
39|Polley, Katie|18|2000|OTT|Québec|2018-10-12|Coupe universitaire #1|4:45.30|555
40|Caron, Audrey-Anne|18|1999|LMRL|Québec|2018-11-09|Festival provincial par équipe section 2|4:46.08|550
41|Dove-Mcfalls, Carley|18|1999|NN|Québec|2018-10-20|Invitation de l'automne Neptune (CSPO 25m)|4:47.24|544
42|Fawcett, Lauren|18|2000|UG|Ontario|2019-02-08|2019 Ontario University Championships|4:47.33|543
43|Haggarty, Sage|18|2001|USC|Ontario|2019-04-28|2019 Ontario Team Challenge|4:47.78|541
44|Grover, Kayleigh|18|2000|UG|Ontario|2018-11-25|2018 OUA DeBray Divisional Champs|4:47.89|540
45|Kowanda, Kasia|18|2000|UG|Ontario|2019-02-08|2019 Ontario University Championships|4:48.07|539
46|Ashton, Clare|18|2001|CAJ|Ontario|2019-05-15|May Time Trial CAJ|4:48.81|535
47|Riddall, Ashley|18|2000|WLU|Ontario|2018-11-25|2018 OUA DeBray Divisional Champs|4:49.66|530
48|Rudolph, Georgia|18|2000|BADGR|Ontario|2018-12-01|Western University Invitational|4:50.07|528
49|Bandstra, Jordyn|18|2000|BADGR|Ontario|2018-11-09|Swim International 2018|4:50.73|524
50|Teng, Yifei|18|2000|UG|Ontario|2018-10-14|Badger Invitational One|4:52.06|517