RANK|ATHLETES|AGE|YOB|CLUB|PROVINCE|DATE|MEET|TIME|FINA
1|Broad, Madison|18|2000|CYPS|Ontario|2018-11-10|2018 Age Group International SC|2:05.22|863
2|Janvier, Aela|18|1999|PCSC|Québec|2018-11-03|Festival provincial par équipe section 1|2:12.20|733
3|Gold, Aleksa|18|2000|UT|Ontario|2018-11-24|OUA Fairweather Division Championships 2018|2:12.63|726
4|Anderson, Marit|18|2000|UOFC|Alberta|2018-11-24|Canada West Championships 2018|2:13.94|705
5|Mao, Xiaoran|18|2000|ESWIM|Ontario|2018-11-10|2018 Age Group International SC|2:15.09|687
6|Shewchuk, Claire|18|2000|MCGILL|Québec|2018-11-17|Kemp-Fry AUS Invitational|2:15.14|686
7|Brathwaite, Katrina|18|1999|PCSC|Québec|2018-12-08|Invitation Provinciale AA-AAA Pointe-Claire 2018|2:15.95|674
8|Durocher, Madeleine|18|2000|UOFA|Alberta|2019-02-01|Colleges Cup Mountain|2:16.27|669
9|Knudson, Mickayla|18|2000|UOFC|Alberta|2018-11-24|Canada West Championships 2018|2:16.77|662
10|Kruger, Kellita|18|2000|WES|Ontario|2019-02-09|2019 Ontario University Championships|2:16.93|660
11|Na, Katie|18|2000|MCGILL|Québec|2019-02-23|2019 U SPORTS Odlum Brown Swimming Championships|2:17.61|650
12|Bond, Sarah|18|2000|DAL|Nova Scotia|2019-02-10|2019 Subway AUS Swimming Championships|2:17.70|649
13|Godon, Sara|18|2000|OTT|Québec|2018-12-01|Neptune International (CSPO 25m)|2:17.86|646
14|Glover, Sydney|18|2000|UOFC|Alberta|2018-10-27|Rocky Mountain Cup|2:17.95|645
15|Dove-Mcfalls, Carley|18|1999|NN|Québec|2018-11-03|Festival provincial par équipe section 1|2:18.57|637
16|Stever, Carling|18|2000|LU|Ontario|2018-11-24|2018 OUA DeBray Divisional Champs|2:19.57|623
17|Loewen, Kennedy|18|2000|SFU|British Columbia|2019-02-09|West Coast Collegiate|2:19.65|622
18|Wallich, Mackenzie|18|2000|UOFC|Alberta|2018-11-24|Canada West Championships 2018|2:19.91|618
19|Smart, Natalie|18|2001|MPM|Newfoundland|2019-06-07|2019 Summer Classic Invitational|2:20.77|607
20|Polley, Katie|18|2000|OTT|Québec|2019-02-03|Championnat de natation universitaire RSEQ|2:21.03|604
21|Bandstra, Jordyn|18|2000|BADGR|Ontario|2019-02-09|2019 Ontario University Championships|2:21.82|594
22|Tryon, Ryllie|18|2000|LU|Ontario|2019-01-19|Winter Invitational|2:22.00|591
23|Dagasso, Emily|18|2000|TRUW|British Columbia|2018-11-24|Canada West Championships 2018|2:23.25|576
24|Goyette, Tatyanna|18|2000|UDEM|Québec|2018-10-27|Coupe Universitaire 2|2:23.68|571
25|Claassens, Talea|18|2000|GO|Ontario|2019-02-02|2019 Eastern Ontario Regional Championships (SC/LC)|2:24.04|567
26|Dollinger, Jennifer|18|2000|DSC|Québec|2019-05-29|Intra Club Printemps|2:24.38|563
27|Horton, Erin|18|2000|WES|Ontario|2019-02-07|Badger OUA Invitational|2:24.45|562
28|Davidson, Rosalie|18|2000|NN|Québec|2018-12-08|Invitation Provinciale AA-AAA Pointe-Claire 2018|2:24.76|558
29|hermanson, hannah|18|2000|UT|Ontario|2019-01-19|Winter Invitational|2:25.05|555
30|Pittman, Laura|18|1999|MUSC|Newfoundland|2018-11-25|2018 Mount Pearl Marlins 3rd Annual Sink or Swim Invitiational|2:25.09|554
31|Otsuki, Madison|18|2000|QUE|Ontario|2018-11-24|2018 OUA DeBray Divisional Champs|2:25.36|551
32|Caron, Audrey-Anne|18|1999|LMRL|Québec|2018-12-09|Défi Nez-Rouge 2018|2:25.90|545
33|Saville, Renee|18|2000|OTT|Québec|2018-12-01|Neptune International (CSPO 25m)|2:26.06|543
34|Morrison, Kaitlin|18|2000|QUE|Ontario|2018-11-24|2018 OUA DeBray Divisional Champs|2:26.94|534
35|Deasy, Sophie|18|2000|QUE|Ontario|2018-11-24|2018 OUA DeBray Divisional Champs|2:27.17|531
36|Jiang, Qian Xin|18|2000|CAMO|Québec|2018-12-08|Invitation provinciale AA-AAA Noël + Développement 11-12 ans CAMO|2:27.33|530
37|Ji, Christina|18|2000|WAT|Ontario|2018-10-31|Battle of Waterloo|2:27.48|528
38|Kowanda, Kasia|18|2000|UG|Ontario|2018-11-09|Swim International 2018|2:27.52|527
39|Hardman, Kaylie|18|2000|SFU|British Columbia|2019-01-18|SFU vs UVic vs UBC|2:28.04|522
40|Shuai, Stephanie|18|1999|OTT|Québec|2018-10-27|Coupe Universitaire 2|2:28.20|520
41|Dionne, Kassandra|18|2000|UL|Québec|2018-11-03|Festival provincial par équipe section 1|2:28.27|519
42|Berrisford, Haley|18|2000|UOFA|Alberta|2019-01-19|Blue Bears 2019|2:28.61|516
43|Knott, Amy|18|2000|TBT|Ontario|2018-12-09|Youth Cup|2:28.66|515
44|Lindsay, Cassis|18|2000|MACU|Ontario|2018-10-27|McMaster vs Toronto|2:29.08|511
45|Shoemaker, Madelaine|18|2000|WES|Ontario|2018-11-24|OUA Fairweather Division Championships 2018|2:29.13|511
46|Milne, Payton|18|2001|MAC|Ontario|2019-04-28|2019 Ontario Team Challenge|2:29.40|508
47|Desjarlais, Mia|18|2000|NN|Québec|2018-11-03|Festival provincial par équipe section 1|2:29.78|504
48|Fitzpatrick, Kathleen|18|2000|WLU|Ontario|2018-11-24|2018 OUA DeBray Divisional Champs|2:29.90|503
49|Hutchings, Ashley|18|2000|MUSC|Newfoundland|2018-12-01|Age Group Development Meet Fall Series #3|2:30.41|498
50|Thompson, Rebecca|18|2000|MCGILL|Québec|2018-10-27|Coupe Universitaire 2|2:30.63|495