RANK|ATHLETES|AGE|YOB|CLUB|PROVINCE|DATE|MEET|TIME|FINA
1|Smith, Rebecca|18|2000|UT|Ontario|2019-01-20|Winter Invitational|2:10.11|776
2|Oleksiak, Penelope|18|2000|TSC|Ontario|2018-11-03|NYAC Cup|2:10.87|763
3|Fernandes, Aryanna|18|2000|AAC|Ontario|2018-12-15|Ontario Junior International|2:12.84|729
4|Brathwaite, Katrina|18|1999|PCSC|Québec|2018-12-15|Ontario Junior International|2:16.08|679
5|Rendall, Kate|18|2000|UT|Ontario|2019-02-08|2019 Ontario University Championships|2:17.06|664
6|Valihora, Grace|18|2000|MCGILL|Québec|2018-11-18|Kemp-Fry AUS Invitational|2:18.52|643
7|Sicoli, Demetra|18|2000|UOFC|Alberta|2019-02-01|Colleges Cup Mountain|2:20.43|617
8|Miller, Erin|18|2000|MCGILL|Québec|2018-10-12|Coupe universitaire #1|2:21.17|608
9|Burwell, Kaitlyn|18|2000|UT|Ontario|2019-02-08|2019 Ontario University Championships|2:21.31|606
10|Shewchuk, Claire|18|2000|MCGILL|Québec|2019-02-02|Championnat de natation universitaire RSEQ|2:22.45|591
11|Steiner, Giselle|18|2000|UT|Ontario|2018-10-27|McMaster vs Toronto|2:23.12|583
12|McDonald, Abigail|18|2001|SLSC|Ontario|2019-02-03|Dave Kensit Memorial SC Championship|2:23.69|576
13|Kirkhope, Sarah|18|2000|UVIC|British Columbia|2019-01-25|Vancouver Island Regional SC Championships|2:24.73|564
14|Nielson, Kate|18|2000|OTT|Québec|2018-10-12|Coupe universitaire #1|2:25.22|558
15|Ramirez, Roxanna|18|2000|MSSAC|Ontario|2018-11-03|NYAC Cup|2:25.65|553
16|Shoemaker, Madelaine|18|2000|WES|Ontario|2018-12-01|Western University Invitational|2:26.07|549
17|Alameddine, Yasmine|18|2000|MACU|Ontario|2019-02-08|2019 Ontario University Championships|2:26.42|545
18|Berrisford, Haley|18|2000|UOFA|Alberta|2018-11-25|Canada West Championships 2018|2:26.98|538
19|Sun, Haiting|18|2000|SFU|British Columbia|2019-02-09|West Coast Collegiate|2:29.24|514
20|Chenail Lafond, Juliette|18|2000|CAMO|Québec|2018-12-10|Invitation provinciale AA-AAA Noël + Développement 11-12 ans CAMO|2:30.33|503
21|Dagasso, Emily|18|2000|TRUW|British Columbia|2018-11-03|Odlum Brown Colleges Cup Pacific Hosted by UBC|2:30.38|503
22|Desjarlais, Mia|18|2000|NN|Québec|2018-11-02|Festival provincial par équipe section 1|2:30.55|501
23|Sherman, Madeleine|18|2000|QUE|Ontario|2019-02-08|2019 Ontario University Championships|2:30.76|499
24|Liu, Alyna|18|2000|WES|Ontario|2018-11-25|OUA Fairweather Division Championships 2018|2:30.87|498
25|Hardman, Kaylie|18|2000|SFU|British Columbia|2019-01-18|SFU vs UVic vs UBC|2:31.27|494
26|Burwell, Taylor|18|2000|UT|Ontario|2019-01-12|UT vs Western|2:31.31|493
27|Caron-Malboeuf, Véga|18|2000|SAMAK|Québec|2018-11-09|Festival provincial par équipe section 2|2:31.55|491
28|Zhang, Stephanie|18|2000|WAT|Ontario|2018-11-25|OUA Fairweather Division Championships 2018|2:31.68|490
29|Hartling, Amy|18|2000|DAL|Nova Scotia|2019-02-10|2019 Subway AUS Swimming Championships|2:32.34|484
30|Jones, Rebecca|18|2000|UOFR|Saskatchewan|2018-11-25|Canada West Championships 2018|2:34.94|460
31|Davidson, Rosalie|18|2000|NN|Québec|2018-10-21|Invitation de l'automne Neptune (CSPO 25m)|2:36.16|449
32|Bekkers, Sophie|18|2000|ACAD|Nova Scotia|2018-11-18|Kemp-Fry AUS Invitational|2:39.26|423
33|Bismuth-Leclerc, Jasmine|18|2000|CASO|Québec|2018-11-09|Festival provincial par équipe section 4|2:39.38|422
34|Mouser, Lauren|18|2000|DAL|Nova Scotia|2018-11-18|Kemp-Fry AUS Invitational|2:39.45|422
35|Grover, Kayleigh|18|2000|UG|Ontario|2018-11-25|2018 OUA DeBray Divisional Champs|2:39.69|420
36|Teng, Yifei|18|2000|UG|Ontario|2018-12-07|Dash for Cash|2:41.08|409
37|Leighton, Erica|18|2001|OTTSC|Ontario|2019-02-03|2019 Eastern Ontario Regional Championships (SC/LC)|2:41.70|404
38|Coady, Lauryn|18|2001|MPM|Newfoundland|2019-04-05|Bluefins Spring Invitational|2:47.49|364
39|Chebott, Julia|18|2000|UNB|New Brunswick|2018-11-18|Kemp-Fry AUS Invitational|2:48.49|357
40|Hutton, Jamie|18|2000|UVIC|British Columbia|2018-11-10|ISC 2018 Bennett Cup|2:48.97|354
41|Paul-Chowdhury, Andréanne|18|2000|CASE|Québec|2018-11-09|Festival provincial par équipe section 2|2:50.07|347
42|Ducharme, Paula|18|2000|TRUW|British Columbia|2018-11-03|Odlum Brown Colleges Cup Pacific Hosted by UBC|2:51.14|341
43|Cockerill, Emma|18|2000|DCSC|Nova Scotia|2019-02-15|AA Winter Champs|2:54.34|322
44|Cousineau, Anne-Sara|18|2000|LMRL|Québec|2018-11-09|Festival provincial par équipe section 2|3:06.03|265
45|Wojnicz, Logan|18|2000|ROC|Ontario|2019-02-23|Central Region SC C Champs (Winter)|3:09.64|250
46|Chassé, Meiliana|18|2000|GAMIN|Québec|2019-06-09|BBQ groupe d'âge 2019|3:47.99|144