RANK|ATHLETES|AGE|YOB|CLUB|PROVINCE|DATE|MEET|TIME|FINA
1|Kolaric, Ana|18|2000|UOFC|Alberta|2018-11-23|Canada West Championships 2018|31.87|725
2|Anderson, Rachael|18|2000|UBCT|British Columbia|2019-02-21|2019 U SPORTS Odlum Brown Swimming Championships|32.40|690
3|Ji, Christina|18|2000|WAT|Ontario|2019-02-09|2019 Ontario University Championships|32.41|690
4|Hellard, Jamie|18|1999|UVIC|British Columbia|2018-12-07|16th Annual XMAS Cracker Invitational|32.51|683
5|Knott, Sarah|18|2000|MCGILL|Québec|2019-02-21|2019 U SPORTS Odlum Brown Swimming Championships|32.65|674
6|Chicoine, Lili|18|2000|BLUE|Québec|2018-11-02|Festival provincial par équipe section 3|32.77|667
7|Brathwaite, Katrina|18|1999|PCSC|Québec|2018-12-16|Ontario Junior International|33.00|653
8|Vander Leek, Kier|18|2000|UOFA|Alberta|2018-11-23|Canada West Championships 2018|33.38|631
9|Goyette, Tatyanna|18|2000|UDEM|Québec|2018-12-01|Neptune International (CSPO 25m)|33.43|628
10|Bruce, Cali|18|2000|ACAD|Nova Scotia|2018-11-18|Kemp-Fry AUS Invitational|33.55|622
11|Doner, Jordan|18|2000|SFU|British Columbia|2019-02-10|West Coast Collegiate|33.56|621
12|MacDonald, Victoria|18|2000|DAL|Nova Scotia|2019-02-08|2019 Subway AUS Swimming Championships|33.64|617
13|Terejko, Gabriella|18|1999|WRMS|Ontario|2018-11-02|NYAC Cup|33.70|613
14|Broad, Madison|18|2000|CYPS|Ontario|2018-12-16|Ontario Junior International|33.79|608
15|Polkosnik, Grace|18|2000|MCGILL|Québec|2018-11-16|Kemp-Fry AUS Invitational|33.83|606
16|Davidson, Rosalie|18|2000|NN|Québec|2018-11-02|Festival provincial par équipe section 1|34.01|597
17|Quiviger, Zoé|18|2000|CAMO|Québec|2018-11-02|Festival provincial par équipe section 1|34.15|589
18|Mantik, Jessica|18|2000|UOFA|Alberta|2019-02-21|2019 U SPORTS Odlum Brown Swimming Championships|34.18|588
19|Konstantinova, Polina|18|2000|SJL|Newfoundland|2019-06-09|2019 Summer Classic Invitational|34.23|585
20|Chiarotto, Joanne|18|2001|BORC|Ontario|2019-04-28|2019 Ontario Team Challenge|34.41|576
21|Corish, Abbey|18|2001|SDSC|Prince-Edward-Island|2019-04-27|9th Annual Fast and Furious|34.58|568
22|Oleksiak, Penelope|18|2000|TSC|Ontario|2018-10-20|Downtown Sprint Meet|34.65|564
23|Charron, Eugénie|18|2000|MUST|Québec|2018-12-14|Invitation Provinciale des fêtes avec épreuves Ho! Ho! Eau Libre|34.67|563
24|Charles, Anna|18|2001|DST|British Columbia|2019-01-27|Vancouver Island Regional SC Championships|35.00|547
25|Tryon, Ryllie|18|2000|LU|Ontario|2019-02-09|2019 Ontario University Championships|35.19|539
26|MacDougall, Sarah|18|2000|ACAD|Nova Scotia|2018-11-18|Kemp-Fry AUS Invitational|35.20|538
27|McKinley, Aivrey|18|1999|MACU|Ontario|2018-11-25|OUA Fairweather Division Championships 2018|35.25|536
28|Le, Cattuong|18|1999|OTT|Québec|2018-10-27|Coupe Universitaire 2|35.42|528
29|Tarrant, Sophie|18|2000|WILD|Alberta|2019-02-02|2019 NSA NWT Territorials|35.43|528
30|Wallich, Mackenzie|18|2000|UOFC|Alberta|2018-10-20|UCSC Fall Start Up|35.47|526
31|Godon, Sara|18|2000|OTT|Québec|2018-10-13|GO Kingfish Blue and Orange Pentathlon|35.62|519
32|Fazeli, Hiva|18|2000|MACU|Ontario|2019-02-09|2019 Ontario University Championships|35.66|518
33|Taylor, Lauren|18|2000|UVIC|British Columbia|2018-11-11|ISC 2018 Bennett Cup|35.81|511
34|Al Afandi, arwa|18|2000|CNSL|Québec|2018-12-08|Invitation provinciale des fêtes CSLA|35.97|504
35|Joachim, Izzy-Shne|18|2000|GHAC|Ontario|2018-11-24|2018 GHAC November Invitational|35.98|504
36|Mersereau, Ashlen|18|2000|MUSC|Newfoundland|2019-02-08|2019 Subway AUS Swimming Championships|36.01|503
37|Stever, Carling|18|2000|LU|Ontario|2018-10-13|OUA Sprint Invitational|36.03|502
37|Nozewski, Anna|18|2000|WAVES|Alberta|2018-10-21|Fall Challenge|36.03|502
37|Code, Jessica|18|2000|WES|Ontario|2019-01-19|Winter Invitational|36.03|502
40|Mah, Janey|18|2000|SFU|British Columbia|2018-11-03|Odlum Brown Colleges Cup Pacific Hosted by UBC|36.22|494
41|Cheveldayoff, Paige|18|2000|MACU|Ontario|2019-02-08|Badger OUA Invitational|36.26|492
42|Panneton, Anabelle|18|2000|UCMV|Québec|2019-02-08|Comp. Coll. #5 -Vieux-Montréal - Conf. Sud-Ouest|36.40|487
43|Bismuth-Leclerc, Jasmine|18|2000|CASO|Québec|2018-12-08|Invitation provinciale des fêtes CSLA|36.41|486
44|Duncan, Mikaela|18|2000|UOFL|Alberta|2018-11-17|Skin Technologies Marlin Marquee Invitational|36.45|485
45|Crowell, Reagan|18|2000|DAL|Nova Scotia|2018-10-20|10th Annual Jack Scholz Invitational|36.55|481
46|Heckman, Margaret|18|2001|WAAC|Ontario|2019-04-07|WRMS vs WAAC|36.57|480
47|Iacob, Noah|18|2000|CSLA|Québec|2018-12-08|Invitation provinciale des fêtes CSLA|36.66|476
48|Kehler, Claire|18|2001|CASC|Alberta|2019-03-03|Provincials - Short Course|36.79|471
49|Polan, Andrea|18|2001|UCSC|Alberta|2019-07-14|UCSC Western Finale|36.81|471
50|Pauletto, Hailey|18|2001|UCJA|Québec|2019-03-23|Comp. Collégiale - Sud-Ouest - St-Jérome #7|36.83|470