RANK|ATHLETES|AGE|YOB|CLUB|PROVINCE|DATE|MEET|TIME|FINA
1|Smith, Rebecca|18|2000|UT|Ontario|2019-02-09|2019 Ontario University Championships|54.06|835
2|McMurray, Ainsley|18|2000|UT|Ontario|2018-11-25|OUA Fairweather Division Championships 2018|54.52|814
3|Godon, Sara|18|2000|NG|Québec|2018-12-16|Ontario Junior International|55.87|756
4|Gold, Aleksa|18|2000|UT|Ontario|2018-11-25|OUA Fairweather Division Championships 2018|56.21|742
5|Anderson, Marit|18|2000|UOFC|Alberta|2018-11-03|Odlum Brown Colleges Cup Pacific Hosted by UBC|56.51|731
6|Mao, Xiaoran|18|2000|ESWIM|Ontario|2018-12-21|2018 Trillium Cup|56.66|725
7|Kolaric, Ana|18|2000|UOFC|Alberta|2018-10-28|Rocky Mountain Cup|57.30|701
8|Chiarotto, Joanne|18|2001|BORC|Ontario|2019-04-28|2019 Ontario Team Challenge|57.36|699
9|Broad, Madison|18|2000|CYPS|Ontario|2018-11-11|2018 Age Group International SC|57.42|696
10|Crowell, Reagan|18|2000|DAL|Nova Scotia|2019-01-19|AUS Invitational|57.45|695
11|Taylor, Lauren|18|2000|UVIC|British Columbia|2019-02-23|2019 U SPORTS Odlum Brown Swimming Championships|57.52|693
12|Simms, Abby|18|2001|SJL|Newfoundland|2019-06-09|2019 Summer Classic Invitational|57.71|686
13|Esposito, Anna Maria|18|2000|UOFA|Alberta|2018-11-25|Canada West Championships 2018|57.74|685
14|Anderson, Sarah|18|2001|CNBO|New Brunswick|2019-05-08|CNBO In-house – Compétition maison CNBO|58.00|676
15|Fedder, Sarah|18|2000|WES|Ontario|2018-12-01|Western University Invitational|58.15|671
16|Howard, Claire|18|2000|UT|Ontario|2019-01-20|Winter Invitational|58.17|670
17|Rendall, Kate|18|2000|UT|Ontario|2018-11-17|Quad meet|58.52|658
18|Legault-Warren, Elise|18|2000|ULAVAL|Québec|2018-12-09|Défi Nez-Rouge 2018|58.57|656
19|Eisen, Alicia|18|2000|UOFC|Alberta|2019-02-23|2019 U SPORTS Odlum Brown Swimming Championships|58.61|655
20|Roberts, Samantha|18|2000|WES|Ontario|2019-02-09|2019 Ontario University Championships|58.65|654
21|Vachon, Florence|18|1999|CAMO|Québec|2018-11-02|Festival provincial par équipe section 1|58.94|644
22|Glover, Sydney|18|2000|UOFC|Alberta|2018-11-03|Odlum Brown Colleges Cup Pacific Hosted by UBC|58.97|643
23|Mafouana, Kyscinah|18|2000|ELITE|Québec|2018-12-16|Ontario Junior International|58.98|643
24|Valihora, Grace|18|2000|MCGILL|Québec|2018-11-17|Kemp-Fry AUS Invitational|59.04|641
25|Chin, Sydney|18|2000|UG|Ontario|2019-02-09|2019 Ontario University Championships|59.06|640
26|Davidson, Rosalie|18|2000|NN|Québec|2018-12-08|Invitation Provinciale AA-AAA Pointe-Claire 2018|59.07|640
27|Mosher, Lauren|18|2000|ISC|British Columbia|2018-12-08|Invitation Provinciale AA-AAA Pointe-Claire 2018|59.08|639
28|Brown, Mary Beth|18|2000|ACAD|Nova Scotia|2018-11-18|Kemp-Fry AUS Invitational|59.10|639
29|Ballantyne, Allison|18|2000|UVIC|British Columbia|2018-10-20|2018 OCTOBER SENIOR CIRCUIT|59.31|632
30|Hutton, Jamie|18|2000|UVIC|British Columbia|2018-12-08|16th Annual XMAS Cracker Invitational|59.33|631
31|Miller, Erin|18|2000|MCGILL|Québec|2018-11-18|AUS Mini Meet|59.36|630
31|Lamb, Taylor|18|2000|WES|Ontario|2018-11-25|OUA Fairweather Division Championships 2018|59.36|630
33|Doner, Jordan|18|2000|SFU|British Columbia|2019-02-09|West Coast Collegiate|59.46|627
34|Code, Jessica|18|2000|WES|Ontario|2019-02-09|2019 Ontario University Championships|59.48|627
35|Kruger, Kellita|18|2000|WES|Ontario|2018-11-25|OUA Fairweather Division Championships 2018|59.50|626
36|Dove-Mcfalls, Carley|18|1999|NN|Québec|2018-11-02|Festival provincial par équipe section 1|59.65|621
37|Gentleman, Alice|18|2000|UVIC|British Columbia|2018-12-08|16th Annual XMAS Cracker Invitational|59.68|620
38|Marchese, Tassa|18|2000|SFU|British Columbia|2019-02-10|West Coast Collegiate|59.69|620
39|Welsh, Brittany|18|2000|UOFA|Alberta|2019-01-19|Blue Bears 2019|59.72|619
39|Dumaine, Kate|18|2000|UCSC|Alberta|2019-07-14|UCSC Western Finale|59.72|619
39|Toy, Katherine|18|2000|MACU|Ontario|2019-02-09|2019 Ontario University Championships|59.72|619
42|Sanford, Alexie|18|2000|UNB|New Brunswick|2018-11-18|Kemp-Fry AUS Invitational|59.75|618
42|Berrisford, Haley|18|2000|UOFA|Alberta|2019-01-26|Alberta Varsity Dual Meet|59.75|618
44|St. Louis, Melia|18|2000|UOFL|Alberta|2019-01-25|Mint Smartwash Winter Classic|59.77|617
44|Cummiskey, Marina|18|2000|SFU|British Columbia|2019-01-18|SFU vs UVic vs UBC|59.77|617
46|Chicoine, Lili|18|2000|BLUE|Québec|2018-11-02|Festival provincial par équipe section 3|59.79|617
47|Thompson, Rebecca|18|2000|MCGILL|Québec|2018-11-18|Kemp-Fry AUS Invitational|59.91|613
48|Haggarty, Sage|18|2001|USC|Ontario|2019-04-28|2019 Ontario Team Challenge|59.93|613
49|Mariano, Jacquelyne|18|2000|WAT|Ontario|2019-02-09|2019 Ontario University Championships|1:00.00|610
50|Zhou, Chelsea|18|2000|MACU|Ontario|2018-11-25|OUA Fairweather Division Championships 2018|1:00.04|609