RANK|ATHLETES|AGE|YOB|CLUB|PROVINCE|DATE|MEET|TIME|FINA
1|Smith, Rebecca|18|2000|UT|Ontario|2019-02-22|2019 U SPORTS Odlum Brown Swimming Championships|26.68|763
2|McMurray, Ainsley|18|2000|UT|Ontario|2018-11-25|OUA Fairweather Division Championships 2018|27.14|724
3|Fernandes, Aryanna|18|2000|AAC|Ontario|2018-12-15|Ontario Junior International|27.30|712
4|Modrcin, Dora|18|1999|UM|Manitoba|2018-11-23|Canada West Championships 2018|27.37|706
5|Burwell, Kaitlyn|18|2000|UT|Ontario|2019-02-22|2019 U SPORTS Odlum Brown Swimming Championships|27.73|679
6|Broad, Madison|18|2000|CYPS|Ontario|2018-12-15|Ontario Junior International|28.32|638
7|Bruce, Cali|18|2000|ACAD|Nova Scotia|2018-11-18|Kemp-Fry AUS Invitational|28.39|633
8|Mantik, Jessica|18|2000|UOFA|Alberta|2019-02-22|2019 U SPORTS Odlum Brown Swimming Championships|28.49|626
9|Anderson, Sarah|18|2001|CNBO|New Brunswick|2019-05-11|SDSC Devo Meet May 2019|28.53|624
10|Sicoli, Demetra|18|2000|UOFC|Alberta|2019-02-22|2019 U SPORTS Odlum Brown Swimming Championships|28.61|618
10|Roberts, Samantha|18|2000|WES|Ontario|2019-02-22|2019 U SPORTS Odlum Brown Swimming Championships|28.61|618
12|Legault-Warren, Elise|18|2000|ULAVAL|Québec|2018-12-08|Défi Nez-Rouge 2018|28.82|605
13|Mosher, Lauren|18|2000|ISC|British Columbia|2019-01-26|Vancouver Island Regional SC Championships|28.86|602
14|Burwell, Taylor|18|2000|UT|Ontario|2019-02-08|Badger OUA Invitational|28.94|597
15|Valihora, Grace|18|2000|MCGILL|Québec|2018-11-18|Kemp-Fry AUS Invitational|29.02|592
15|Fox, Libby|18|1999|UOFL|Alberta|2018-11-23|Canada West Championships 2018|29.02|592
17|Mafouana, Kyscinah|18|2000|ELITE|Québec|2018-12-15|Ontario Junior International|29.04|591
18|Horton, Erin|18|2000|WES|Ontario|2019-02-08|Badger OUA Invitational|29.06|590
18|Konstantinova, Polina|18|2000|SJL|Newfoundland|2018-11-25|2018 Mount Pearl Marlins 3rd Annual Sink or Swim Invitiational|29.06|590
18|Peel, Katherine|18|1999|OTT|Québec|2018-10-12|Coupe universitaire #1|29.06|590
21|Godon, Sara|18|2000|OTT|Québec|2018-11-10|Coupe Universitaire #3|29.07|589
22|Roughley, Paige|18|2000|DAL|Nova Scotia|2018-11-18|Kemp-Fry AUS Invitational|29.13|586
23|Lamb, Taylor|18|2000|WES|Ontario|2018-12-01|Western University Invitational|29.14|585
24|Miller, Erin|18|2000|MCGILL|Québec|2018-11-16|Kemp-Fry AUS Invitational|29.17|583
25|Kirkhope, Sarah|18|2000|UVIC|British Columbia|2019-02-10|West Coast Collegiate|29.19|582
26|Corson, Sarah|18|2001|UCSC|Alberta|2019-07-14|UCSC Western Finale|29.20|582
27|Wallich, Mackenzie|18|2000|UOFC|Alberta|2018-11-23|Canada West Championships 2018|29.23|580
28|Le, Cattuong|18|1999|OTT|Québec|2018-11-10|Coupe Universitaire #3|29.28|577
29|Zhou, Chelsea|18|2000|MACU|Ontario|2018-11-25|OUA Fairweather Division Championships 2018|29.47|566
30|Ballantyne, Allison|18|2000|UVIC|British Columbia|2018-11-11|ISC 2018 Bennett Cup|29.48|565
31|Chenail Lafond, Juliette|18|2000|CAMO|Québec|2018-11-03|Festival provincial par équipe section 1|29.52|563
32|Code, Jessica|18|2000|WES|Ontario|2019-02-08|2019 Ontario University Championships|29.58|559
33|Shewchuk, Claire|18|2000|MCGILL|Québec|2018-10-12|Coupe universitaire #1|29.59|559
33|Dollinger, Jennifer|18|2000|DSC|Québec|2018-11-10|Festival provincial par équipe section 5 - Nord|29.59|559
35|Shuai, Stephanie|18|1999|OTT|Québec|2018-10-12|Coupe universitaire #1|29.61|558
36|Howard, Claire|18|2000|UT|Ontario|2018-11-17|Quad meet|29.62|557
37|McDonald, Abigail|18|2001|SLSC|Ontario|2019-02-03|Dave Kensit Memorial SC Championship|29.63|557
38|Steiner, Giselle|18|2000|UT|Ontario|2018-11-25|OUA Fairweather Division Championships 2018|29.72|552
39|Na, Katie|18|2000|MCGILL|Québec|2019-02-22|2019 U SPORTS Odlum Brown Swimming Championships|29.74|550
40|Brown, Mary Beth|18|2000|ACAD|Nova Scotia|2018-11-18|Kemp-Fry AUS Invitational|29.82|546
41|Simms, Abby|18|2001|SJL|Newfoundland|2019-06-09|2019 Summer Classic Invitational|29.84|545
42|Okumura, Emma|18|1999|MCGILL|Québec|2018-11-16|Kemp-Fry AUS Invitational|29.85|544
42|Kruger, Kellita|18|2000|WES|Ontario|2019-02-22|2019 U SPORTS Odlum Brown Swimming Championships|29.85|544
44|Caron-Malboeuf, Véga|18|2000|SAMAK|Québec|2018-11-10|Festival provincial par équipe section 2|29.88|543
44|Ji, Christina|18|2000|WAT|Ontario|2019-01-20|Winter Invitational|29.88|543
46|Saville, Renee|18|2000|OTT|Québec|2018-11-10|Coupe Universitaire #3|29.90|542
47|Esposito, Anna Maria|18|2000|UOFA|Alberta|2018-11-23|Canada West Championships 2018|29.94|539
48|Spence, Annalise|18|2000|UOFL|Alberta|2019-01-26|Mint Smartwash Winter Classic|29.95|539
48|Chicoine, Lili|18|2000|BLUE|Québec|2018-11-03|Festival provincial par équipe section 3|29.95|539
50|Iacob, Noah|18|2000|CSLA|Québec|2018-12-09|Invitation provinciale des fêtes CSLA|29.97|538