RANK|ATHLETES|AGE|YOB|CLUB|PROVINCE|DATE|MEET|TIME|FINA
1|Smith, Rebecca|18|2000|UT|Ontario|2019-02-21|2019 U SPORTS Odlum Brown Swimming Championships|57.03|878
2|Arcand, Alicia|18|2001|UCSJ|Québec|2019-03-23|Comp. Collégiale - Sud-Ouest - St-Jérome #7|1:01.49|700
3|Modrcin, Dora|18|1999|UM|Manitoba|2018-11-24|Canada West Championships 2018|1:02.18|677
4|Burwell, Kaitlyn|18|2000|UT|Ontario|2019-02-07|2019 Ontario University Championships|1:02.23|675
5|Brathwaite, Katrina|18|1999|PCSC|Québec|2018-12-07|Invitation Provinciale AA-AAA Pointe-Claire 2018|1:02.50|667
6|Valihora, Grace|18|2000|MCGILL|Québec|2018-11-17|Kemp-Fry AUS Invitational|1:02.98|651
7|Mantik, Jessica|18|2000|UOFA|Alberta|2019-02-21|2019 U SPORTS Odlum Brown Swimming Championships|1:03.10|648
8|McMurray, Ainsley|18|2000|UT|Ontario|2019-01-12|UT vs Western|1:03.28|642
9|Sicoli, Demetra|18|2000|UOFC|Alberta|2019-02-21|2019 U SPORTS Odlum Brown Swimming Championships|1:03.34|640
10|Miller, Erin|18|2000|MCGILL|Québec|2018-11-17|Kemp-Fry AUS Invitational|1:03.65|631
11|Bruce, Cali|18|2000|ACAD|Nova Scotia|2018-11-17|Kemp-Fry AUS Invitational|1:04.05|619
12|Ballantyne, Allison|18|2000|UVIC|British Columbia|2018-11-24|Canada West Championships 2018|1:04.36|610
13|Rendall, Kate|18|2000|UT|Ontario|2019-01-12|UT vs Western|1:04.39|610
14|Kirkhope, Sarah|18|2000|UVIC|British Columbia|2019-02-21|2019 U SPORTS Odlum Brown Swimming Championships|1:04.58|604
15|Steiner, Giselle|18|2000|UT|Ontario|2019-01-19|Winter Invitational|1:04.61|603
16|Howard, Claire|18|2000|UT|Ontario|2018-11-17|Quad meet|1:04.64|602
17|McDonald, Abigail|18|2001|SLSC|Ontario|2019-02-02|Dave Kensit Memorial SC Championship|1:04.91|595
18|Fedder, Sarah|18|2000|WES|Ontario|2019-02-07|2019 Ontario University Championships|1:04.93|594
19|Hardman, Kaylie|18|2000|SFU|British Columbia|2019-02-09|West Coast Collegiate|1:04.96|594
19|Burwell, Taylor|18|2000|UT|Ontario|2019-02-07|Badger OUA Invitational|1:04.96|594
21|Peel, Katherine|18|1999|OTT|Québec|2018-10-27|Coupe Universitaire 2|1:05.07|591
22|Chenail Lafond, Juliette|18|2000|CAMO|Québec|2018-12-07|Invitation provinciale AA-AAA Noël + Développement 11-12 ans CAMO|1:05.29|585
23|Lamb, Taylor|18|2000|WES|Ontario|2018-11-24|OUA Fairweather Division Championships 2018|1:05.50|579
24|Ji, Christina|18|2000|WAT|Ontario|2019-01-26|Badger Invitational Two|1:05.64|575
25|Nielson, Kate|18|2000|OTT|Québec|2018-12-01|Neptune International (CSPO 25m)|1:05.66|575
26|Kruger, Kellita|18|2000|WES|Ontario|2018-11-24|OUA Fairweather Division Championships 2018|1:05.79|571
27|Shewchuk, Claire|18|2000|MCGILL|Québec|2019-02-21|2019 U SPORTS Odlum Brown Swimming Championships|1:05.81|571
28|Mosher, Lauren|18|2000|ISC|British Columbia|2018-12-07|Invitation Provinciale AA-AAA Pointe-Claire 2018|1:05.90|569
29|Liu, Alyna|18|2000|WES|Ontario|2018-11-24|OUA Fairweather Division Championships 2018|1:05.91|568
30|Toy, Katherine|18|2000|MACU|Ontario|2018-11-24|OUA Fairweather Division Championships 2018|1:05.95|567
31|Zhang, Stephanie|18|2000|WAT|Ontario|2018-11-24|OUA Fairweather Division Championships 2018|1:06.26|559
32|Jiang, Qian Xin|18|2000|CAMO|Québec|2018-10-14|Circuit Senior - Étape 1|1:06.32|558
33|Shuai, Stephanie|18|1999|OTT|Québec|2018-10-18|uOttawa/Queens /Carleton Tri Meet|1:06.38|556
34|Alameddine, Yasmine|18|2000|MACU|Ontario|2018-11-24|OUA Fairweather Division Championships 2018|1:06.50|553
35|Dove-Mcfalls, Carley|18|1999|NN|Québec|2018-11-04|Festival provincial par équipe section 1|1:06.66|549
36|Corson, Sarah|18|2001|UCSC|Alberta|2019-07-13|UCSC Western Finale|1:06.68|549
37|Code, Jessica|18|2000|WES|Ontario|2019-02-07|2019 Ontario University Championships|1:06.75|547
38|Godon, Sara|18|2000|OTT|Québec|2018-10-27|Coupe Universitaire 2|1:06.76|547
39|Caron-Malboeuf, Véga|18|2000|SAMAK|Québec|2018-12-01|Neptune International (CSPO 25m)|1:06.77|547
40|Zhou, Chelsea|18|2000|MACU|Ontario|2018-11-24|OUA Fairweather Division Championships 2018|1:06.82|545
41|Roberts, Samantha|18|2000|WES|Ontario|2019-02-07|2019 Ontario University Championships|1:06.93|543
42|Horton, Erin|18|2000|WES|Ontario|2018-12-01|Western University Invitational|1:07.13|538
43|Sun, Haiting|18|2000|SFU|British Columbia|2019-02-10|West Coast Collegiate|1:07.14|538
44|Sherman, Madeleine|18|2000|QUE|Ontario|2018-11-24|2018 OUA DeBray Divisional Champs|1:07.26|535
45|Fox, Libby|18|1999|UOFL|Alberta|2018-10-27|Rocky Mountain Cup|1:07.36|532
46|Jones, Rebecca|18|2000|UOFR|Saskatchewan|2018-11-24|Canada West Championships 2018|1:07.39|532
47|Leung, Megan|18|2000|WAT|Ontario|2019-02-07|2019 Ontario University Championships|1:07.45|530
48|Shoemaker, Madelaine|18|2000|WES|Ontario|2018-11-24|OUA Fairweather Division Championships 2018|1:07.47|530
49|Teng, Yifei|18|2000|UG|Ontario|2019-02-07|2019 Ontario University Championships|1:07.78|523
50|Martin Ozimek, Agata|18|2000|EKSC|Alberta|2018-12-15|JP Fiset Invitational|1:08.35|510