RANK|ATHLETES|AGE|YOB|CLUB|PROVINCE|DATE|MEET|TIME|FINA
1|Broad, Madison|18|2000|CYPS|Ontario|2018-12-15|Ontario Junior International|59.00|811
2|Smith, Rebecca|18|2000|UT|Ontario|2019-01-20|Winter Invitational|1:00.63|747
3|Janvier, Aela|18|1999|PCSC|Québec|2018-11-04|Festival provincial par équipe section 1|1:00.70|745
4|Gold, Aleksa|18|2000|UT|Ontario|2018-11-17|Quad meet|1:01.37|720
5|Modrcin, Dora|18|1999|UM|Manitoba|2018-11-25|Canada West Championships 2018|1:01.68|710
6|Mao, Xiaoran|18|2000|ESWIM|Ontario|2018-12-15|Ontario Junior International|1:01.89|702
7|Arcand, Alicia|18|2001|UCSJ|Québec|2019-03-23|Comp. Collégiale - Sud-Ouest - St-Jérome #7|1:02.05|697
8|Godon, Sara|18|2000|OTT|Québec|2018-11-30|Neptune International (CSPO 25m)|1:02.25|690
9|Oleksiak, Penelope|18|2000|TSC|Ontario|2018-11-03|NYAC Cup|1:03.01|666
10|Bond, Sarah|18|2000|DAL|Nova Scotia|2019-02-08|2019 Subway AUS Swimming Championships|1:03.41|653
11|Kruger, Kellita|18|2000|WES|Ontario|2019-02-08|2019 Ontario University Championships|1:03.65|646
12|Loewen, Kennedy|18|2000|SFU|British Columbia|2019-02-09|West Coast Collegiate|1:03.74|643
13|Shewchuk, Claire|18|2000|MCGILL|Québec|2019-02-21|2019 U SPORTS Odlum Brown Swimming Championships|1:03.76|642
14|Knudson, Mickayla|18|2000|UOFC|Alberta|2018-11-25|Canada West Championships 2018|1:03.97|636
15|Glover, Sydney|18|2000|UOFC|Alberta|2018-11-25|Canada West Championships 2018|1:04.02|635
16|Crisp, Lauren|18|1999|UVPCS|British Columbia|2018-12-09|16th Annual XMAS Cracker Invitational|1:04.13|631
17|Na, Katie|18|2000|MCGILL|Québec|2019-02-21|2019 U SPORTS Odlum Brown Swimming Championships|1:04.22|629
18|Dove-Mcfalls, Carley|18|1999|NN|Québec|2018-11-04|Festival provincial par équipe section 1|1:04.28|627
19|Tryon, Ryllie|18|2000|LU|Ontario|2018-11-25|2018 OUA DeBray Divisional Champs|1:04.33|625
20|Okumura, Emma|18|1999|MCGILL|Québec|2018-11-18|Kemp-Fry AUS Invitational|1:04.42|623
21|Kolaric, Ana|18|2000|UOFC|Alberta|2018-10-28|Rocky Mountain Cup|1:04.45|622
22|Durocher, Madeleine|18|2000|UOFA|Alberta|2018-11-03|Odlum Brown Colleges Cup Pacific Hosted by UBC|1:04.62|617
23|Spence, Annalise|18|2000|UOFL|Alberta|2019-02-21|2019 U SPORTS Odlum Brown Swimming Championships|1:04.68|615
24|Eisen, Alicia|18|2000|UOFC|Alberta|2019-02-21|2019 U SPORTS Odlum Brown Swimming Championships|1:04.95|608
25|Wallich, Mackenzie|18|2000|UOFC|Alberta|2018-11-03|Odlum Brown Colleges Cup Pacific Hosted by UBC|1:05.24|600
26|Otsuki, Madison|18|2000|QUE|Ontario|2018-11-25|2018 OUA DeBray Divisional Champs|1:05.27|599
27|Welsh, Brittany|18|2000|UOFA|Alberta|2019-01-20|Blue Bears 2019|1:05.32|597
28|Ballantyne, Allison|18|2000|UVIC|British Columbia|2018-11-10|ISC 2018 Bennett Cup|1:05.33|597
29|Chenail Lafond, Juliette|18|2000|CAMO|Québec|2018-12-07|Invitation provinciale AA-AAA Noël + Développement 11-12 ans CAMO|1:05.40|595
30|Crowell, Reagan|18|2000|DAL|Nova Scotia|2019-01-19|AUS Invitational|1:05.79|585
31|Stever, Carling|18|2000|LU|Ontario|2019-02-08|2019 Ontario University Championships|1:06.05|578
32|Saville, Renee|18|2000|OTT|Québec|2018-10-18|uOttawa/Queens /Carleton Tri Meet|1:06.06|578
33|Steiner, Giselle|18|2000|UT|Ontario|2018-11-17|Quad meet|1:06.33|571
34|Rendall, Kate|18|2000|UT|Ontario|2018-10-19|Downtown Sprint Meet|1:06.43|568
35|Anderson, Marit|18|2000|UOFC|Alberta|2018-10-20|UCSC Fall Start Up|1:06.63|563
36|Simms, Abby|18|2001|SJL|Newfoundland|2019-06-09|2019 Summer Classic Invitational|1:06.64|563
37|Peel, Katherine|18|1999|OTT|Québec|2018-10-12|Coupe universitaire #1|1:06.73|560
38|Claassens, Talea|18|2000|GO|Ontario|2019-02-01|2019 Eastern Ontario Regional Championships (SC/LC)|1:06.93|555
39|Taylor, Lauren|18|2000|UVIC|British Columbia|2018-11-10|ISC 2018 Bennett Cup|1:07.01|553
39|Polley, Katie|18|2000|OTT|Québec|2018-10-12|Coupe universitaire #1|1:07.01|553
41|Thompson, Rebecca|18|2000|MCGILL|Québec|2019-02-02|Championnat de natation universitaire RSEQ|1:07.10|551
41|Brathwaite, Katrina|18|1999|PCSC|Québec|2018-11-04|Festival provincial par équipe section 1|1:07.10|551
43|hermanson, hannah|18|2000|UT|Ontario|2019-01-12|UT vs Western|1:07.13|550
44|Lindsay, Cassis|18|2000|MACU|Ontario|2018-11-25|OUA Fairweather Division Championships 2018|1:07.17|549
45|Smart, Natalie|18|2001|MPM|Newfoundland|2019-06-09|2019 Summer Classic Invitational|1:07.48|542
46|Dagasso, Emily|18|2000|TRUW|British Columbia|2018-11-03|Odlum Brown Colleges Cup Pacific Hosted by UBC|1:07.52|541
47|Fitzpatrick, Kate|18|2000|UG|Ontario|2019-02-08|2019 Ontario University Championships|1:07.59|539
48|Dollinger, Jennifer|18|2000|DSC|Québec|2018-11-11|Festival provincial par équipe section 5 - Nord|1:07.64|538
49|Shuai, Stephanie|18|1999|OTT|Québec|2018-11-10|Coupe Universitaire #3|1:07.76|535
50|Chin, Sydney|18|2000|UG|Ontario|2019-02-08|2019 Ontario University Championships|1:07.85|533