RANK|ATHLETES|AGE|YOB|CLUB|PROVINCE|DATE|MEET|TIME|FINA
1|Brathwaite, Katrina|18|1999|PCSC|Québec|2018-12-15|Ontario Junior International|2:27.01|767
2|Knott, Sarah|18|2000|MCGILL|Québec|2019-02-23|2019 U SPORTS Odlum Brown Swimming Championships|2:31.97|694
3|Janvier, Aela|18|1999|PCSC|Québec|2018-11-04|Festival provincial par équipe section 1|2:32.70|684
4|Anderson, Rachael|18|2000|UBCT|British Columbia|2019-02-23|2019 U SPORTS Odlum Brown Swimming Championships|2:35.81|644
5|Ji, Christina|18|2000|WAT|Ontario|2019-02-23|2019 U SPORTS Odlum Brown Swimming Championships|2:36.56|635
6|Davidson, Rosalie|18|2000|NN|Québec|2018-11-04|Festival provincial par équipe section 1|2:37.07|628
7|Hellard, Jamie|18|1999|UVIC|British Columbia|2018-12-09|16th Annual XMAS Cracker Invitational|2:37.46|624
8|MacDonald, Victoria|18|2000|DAL|Nova Scotia|2019-02-10|2019 Subway AUS Swimming Championships|2:37.95|618
9|Quiviger, Zoé|18|2000|CAMO|Québec|2018-11-04|Festival provincial par équipe section 1|2:38.37|613
10|Chicoine, Lili|18|2000|BLUE|Québec|2018-11-04|Festival provincial par équipe section 3|2:40.44|590
11|Goyette, Tatyanna|18|2000|UDEM|Québec|2018-11-10|Coupe Universitaire #3|2:40.67|587
12|Rendall, Kate|18|2000|UT|Ontario|2018-11-17|Quad meet|2:40.87|585
13|Vander Leek, Kier|18|2000|UOFA|Alberta|2018-11-25|Canada West Championships 2018|2:41.57|577
14|McKinley, Aivrey|18|1999|MACU|Ontario|2018-11-25|OUA Fairweather Division Championships 2018|2:42.82|564
15|Von Sacken Nash, Victoria|18|2000|SFU|British Columbia|2019-02-10|West Coast Collegiate|2:43.04|562
16|Charron, Eugénie|18|2000|MUST|Québec|2018-11-04|Festival provincial par équipe section 3|2:43.91|553
17|Hardman, Kaylie|18|2000|SFU|British Columbia|2019-03-08|SFA Time Trial|2:44.72|545
18|MacDougall, Sarah|18|2000|ACAD|Nova Scotia|2018-11-18|Kemp-Fry AUS Invitational|2:45.16|540
19|Taylor, Lauren|18|2000|UVIC|British Columbia|2019-01-26|Vancouver Island Regional SC Championships|2:45.44|538
20|Mersereau, Ashlen|18|2000|MUSC|Newfoundland|2019-02-10|2019 Subway AUS Swimming Championships|2:45.64|536
21|Fazeli, Hiva|18|2000|MACU|Ontario|2019-02-08|2019 Ontario University Championships|2:46.50|527
22|Konstantinova, Polina|18|2000|SJL|Newfoundland|2018-11-24|2018 Mount Pearl Marlins 3rd Annual Sink or Swim Invitiational|2:46.74|525
23|Langham, Menley|18|1999|WES|Ontario|2018-11-25|OUA Fairweather Division Championships 2018|2:46.93|523
24|Terejko, Gabriella|18|1999|WRMS|Ontario|2018-11-02|NYAC Cup|2:47.87|515
25|Heckman, Margaret|18|2001|WAAC|Ontario|2019-05-05|Aqua 7 Finals|2:48.10|513
26|Cheveldayoff, Paige|18|2000|MACU|Ontario|2018-11-25|OUA Fairweather Division Championships 2018|2:49.08|504
27|Grace, Lianna|18|2000|WES|Ontario|2019-01-12|UT vs Western|2:49.17|503
28|Mah, Janey|18|2000|SFU|British Columbia|2019-03-08|SFA Time Trial|2:49.92|496
29|Doner, Jordan|18|2000|SFU|British Columbia|2018-11-03|Odlum Brown Colleges Cup Pacific Hosted by UBC|2:50.58|490
30|Duncan, Mikaela|18|2000|UOFL|Alberta|2019-02-01|Colleges Cup Mountain|2:51.01|487
31|Corish, Abbey|18|2001|SDSC|Prince-Edward-Island|2019-05-11|SDSC Devo Meet May 2019|2:52.37|475
32|Polkosnik, Grace|18|2000|MCGILL|Québec|2018-10-12|Coupe universitaire #1|2:53.20|469
33|Bandstra, Jordyn|18|2000|BADGR|Ontario|2019-01-13|Brock SC Invitational|2:53.81|464
34|Desjarlais, Mia|18|2000|NN|Québec|2018-10-21|Invitation de l'automne Neptune (CSPO 25m)|2:54.54|458
35|Iacob, Noah|18|2000|CSLA|Québec|2018-12-07|Invitation provinciale des fêtes CSLA|2:54.65|457
36|Jiang, Qian Xin|18|2000|CAMO|Québec|2018-12-10|Invitation provinciale AA-AAA Noël + Développement 11-12 ans CAMO|2:54.69|457
37|McGrory, Aoife|18|2000|CAR|Ontario|2019-02-08|2019 Ontario University Championships|2:56.71|441
38|Carnegie, Quinlan|18|2000|WLU|Ontario|2018-11-17|Quad meet|2:56.78|441
39|Vachon, Florence|18|1999|CAMO|Québec|2018-11-04|Festival provincial par équipe section 1|2:57.54|435
40|Sostar, Caitlin|18|2000|LU|Ontario|2018-11-25|2018 OUA DeBray Divisional Champs|2:57.62|434
41|Kearney, Meaghan|18|2000|UG|Ontario|2018-11-09|Swim International 2018|2:57.75|433
42|Bismuth-Leclerc, Jasmine|18|2000|CASO|Québec|2018-12-07|Invitation provinciale des fêtes CSLA|2:58.08|431
43|Bell, Ryley|18|2000|OSHAC|Ontario|2018-12-08|Invitation Provinciale AA-AAA Pointe-Claire 2018|2:58.66|427
44|Wong, Eleanor|18|1999|WAT|Ontario|2018-10-27|2018 LU Varsity Invitational|3:00.29|415
45|Anderson, Sarah|18|2001|CNBO|New Brunswick|2019-05-08|CNBO In-house – Compétition maison CNBO|3:00.85|411
46|Martin Ozimek, Agata|18|2000|EKSC|Alberta|2018-10-27|Cascade Speed Meet|3:01.66|406
47|Batt, Brooke|18|2000|MUSC|Newfoundland|2019-02-10|2019 Subway AUS Swimming Championships|3:01.89|404
48|Duwyn, Olivia|18|2000|OSAC|Ontario|2019-02-01|2019 Huronia SC Regional Championships|3:02.16|403
49|Charles, Anna|18|2001|DST|British Columbia|2019-01-26|Vancouver Island Regional SC Championships|3:02.47|401
50|Al Afandi, arwa|18|2000|CNSL|Québec|2018-11-11|Festival provincial par équipe section 5 - Nord|3:02.52|400