RANK|ATHLETES|AGE|YOB|CLUB|PROVINCE|DATE|MEET|TIME|FINA
1|Smith, Rebecca|18|2000|UT|Ontario|2019-02-22|2019 U SPORTS Odlum Brown Swimming Championships|1:54.85|897
2|McMurray, Ainsley|18|2000|UT|Ontario|2018-10-27|McMaster vs Toronto|1:59.34|799
3|Gold, Aleksa|18|2000|UT|Ontario|2018-11-24|OUA Fairweather Division Championships 2018|2:00.41|778
4|Mao, Xiaoran|18|2000|ESWIM|Ontario|2018-12-14|Ontario Junior International|2:00.79|771
5|Anderson, Marit|18|2000|UOFC|Alberta|2018-11-04|Odlum Brown Colleges Cup Pacific Hosted by UBC|2:00.83|770
6|Godon, Sara|18|2000|NG|Québec|2018-12-14|Ontario Junior International|2:00.97|767
7|Crowell, Reagan|18|2000|DAL|Nova Scotia|2019-02-09|Kemp-Fry AUS Invitational|2:02.85|733
8|Howard, Claire|18|2000|UT|Ontario|2019-02-08|Badger OUA Invitational|2:03.41|723
9|Davidson, Rosalie|18|2000|NN|Québec|2018-11-03|Festival provincial par équipe section 1|2:03.81|716
10|Rendall, Kate|18|2000|UT|Ontario|2019-02-08|2019 Ontario University Championships|2:03.87|715
11|Broad, Madison|18|2000|CYPS|Ontario|2018-11-09|2018 Age Group International SC|2:04.48|704
12|Anderson, Rachael|18|2000|UBCT|British Columbia|2019-02-10|West Coast Collegiate|2:05.30|691
13|Brathwaite, Katrina|18|1999|PCSC|Québec|2018-12-07|Invitation Provinciale AA-AAA Pointe-Claire 2018|2:05.61|685
14|Vachon, Florence|18|1999|CAMO|Québec|2018-11-03|Festival provincial par équipe section 1|2:06.17|676
15|Taylor, Lauren|18|2000|UVIC|British Columbia|2019-01-26|Vancouver Island Regional SC Championships|2:06.22|676
16|Simms, Abby|18|2001|SJL|Newfoundland|2019-06-09|2019 Summer Classic Invitational|2:06.96|664
17|Ramirez, Roxanna|18|2000|MSSAC|Ontario|2018-11-04|NYAC Cup|2:07.29|659
18|Valihora, Grace|18|2000|MCGILL|Québec|2019-02-22|2019 U SPORTS Odlum Brown Swimming Championships|2:07.42|657
19|Desjarlais, Mia|18|2000|UCSJ|Québec|2019-03-23|Comp. Collégiale - Sud-Ouest - St-Jérome #7|2:07.62|654
20|Esposito, Anna Maria|18|2000|UOFA|Alberta|2018-11-23|Canada West Championships 2018|2:07.75|652
21|Rosychuk, Katie|18|2000|SFU|British Columbia|2018-11-04|Odlum Brown Colleges Cup Pacific Hosted by UBC|2:07.78|651
22|Ballantyne, Allison|18|2000|UVIC|British Columbia|2018-11-04|Odlum Brown Colleges Cup Pacific Hosted by UBC|2:07.83|650
23|Eisen, Alicia|18|2000|UOFC|Alberta|2019-02-01|Colleges Cup Mountain|2:07.84|650
24|Gentleman, Alice|18|2000|UVIC|British Columbia|2019-01-26|Vancouver Island Regional SC Championships|2:08.09|646
25|Chiarotto, Joanne|18|2001|BORC|Ontario|2019-04-27|2019 Ontario Team Challenge|2:08.14|646
26|Dumaine, Kate|18|2000|UOFC|Alberta|2019-02-07|UofC Varsity TT|2:08.40|642
27|Mosher, Lauren|18|2000|ISC|British Columbia|2018-12-07|Invitation Provinciale AA-AAA Pointe-Claire 2018|2:08.57|639
28|Corson, Sarah|18|2001|UCSC|Alberta|2019-07-13|UCSC Western Finale|2:09.01|633
29|Stever, Carling|18|2000|LU|Ontario|2019-01-19|Winter Invitational|2:09.24|629
30|Toy, Katherine|18|2000|MACU|Ontario|2019-02-07|2019 Ontario University Championships|2:09.74|622
31|Brown, Mary Beth|18|2000|ACAD|Nova Scotia|2018-11-17|Kemp-Fry AUS Invitational|2:09.86|620
32|Welsh, Brittany|18|2000|UOFA|Alberta|2018-10-13|Oktoberfest|2:10.07|617
33|Miller, Erin|18|2000|MCGILL|Québec|2018-10-27|Coupe Universitaire 2|2:10.08|617
34|Hutton, Jamie|18|2000|UVIC|British Columbia|2018-12-07|16th Annual XMAS Cracker Invitational|2:10.09|617
35|Loewen, Kennedy|18|2000|SFU|British Columbia|2019-02-10|West Coast Collegiate|2:10.10|617
36|Marchese, Tassa|18|2000|SFU|British Columbia|2019-02-09|West Coast Collegiate|2:10.14|616
37|Stokes, Jenna|18|2000|WES|Ontario|2018-12-01|Western University Invitational|2:10.37|613
38|Kruger, Kellita|18|2000|WES|Ontario|2019-02-07|2019 Ontario University Championships|2:10.47|612
39|Berrisford, Haley|18|2000|UOFA|Alberta|2018-10-13|Oktoberfest|2:10.58|610
40|Savard, Gabrielle|18|1999|UL|Québec|2018-10-14|Circuit Senior - Étape 1|2:10.70|608
41|Horton, Erin|18|2000|WES|Ontario|2019-01-12|UT vs Western|2:10.71|608
42|Strzechowska, Zofia|18|2000|ESWIM|Ontario|2018-11-09|2018 Age Group International SC|2:11.05|604
43|Laupland, Elise|18|2000|QUE|Ontario|2019-02-07|2019 Ontario University Championships|2:11.16|602
44|Kabat, Daniela|18|2000|CASO|Québec|2018-12-09|Invitation provinciale des fêtes CSLA|2:11.62|596
45|Sanford, Alexie|18|2000|UNB|New Brunswick|2018-11-17|Kemp-Fry AUS Invitational|2:11.69|595
46|Dove-Mcfalls, Carley|18|1999|NN|Québec|2018-11-03|Festival provincial par équipe section 1|2:11.70|595
47|Knott, Amy|18|2000|TBT|Ontario|2018-12-07|Youth Cup|2:11.94|591
48|Kearney, Meaghan|18|2000|UG|Ontario|2019-02-07|2019 Ontario University Championships|2:12.06|590
49|Peetsma, Alexandra|18|2000|QUE|Ontario|2018-11-24|2018 OUA DeBray Divisional Champs|2:12.07|590
50|Cummiskey, Marina|18|2000|SFU|British Columbia|2018-11-04|Odlum Brown Colleges Cup Pacific Hosted by UBC|2:12.11|589