RANK|ATHLETES|AGE|YOB|CLUB|PROVINCE|DATE|MEET|TIME|FINA
1|Fernandes, Aryanna|18|2000|AAC|Ontario|2018-12-16|Ontario Junior International|2:12.00|786
2|Smith, Rebecca|18|2000|UT|Ontario|2019-01-12|UT vs Western|2:13.10|767
3|Brathwaite, Katrina|18|1999|PCSC|Québec|2018-12-16|Ontario Junior International|2:14.26|747
4|Janvier, Aela|18|1999|PCSC|Québec|2018-11-02|Festival provincial par équipe section 1|2:15.50|727
5|Rendall, Kate|18|2000|UT|Ontario|2019-02-21|2019 U SPORTS Odlum Brown Swimming Championships|2:15.95|720
6|Broad, Madison|18|2000|CYPS|Ontario|2018-11-09|2018 Age Group International SC|2:17.07|702
7|Anderson, Rachael|18|2000|UBCT|British Columbia|2018-11-25|Canada West Championships 2018|2:17.51|695
8|Godon, Sara|18|2000|OTT|Québec|2018-12-02|Neptune International (CSPO 25m)|2:17.97|689
9|Mao, Xiaoran|18|2000|ESWIM|Ontario|2018-12-21|2018 Trillium Cup|2:17.99|688
10|Ji, Christina|18|2000|WAT|Ontario|2019-02-21|2019 U SPORTS Odlum Brown Swimming Championships|2:19.95|660
11|Ballantyne, Allison|18|2000|UVIC|British Columbia|2018-12-07|16th Annual XMAS Cracker Invitational|2:20.47|652
12|Knott, Sarah|18|2000|MCGILL|Québec|2019-02-21|2019 U SPORTS Odlum Brown Swimming Championships|2:20.57|651
13|Glover, Sydney|18|2000|UOFC|Alberta|2019-02-21|2019 U SPORTS Odlum Brown Swimming Championships|2:21.01|645
14|Wallich, Mackenzie|18|2000|UOFC|Alberta|2019-02-07|UofC Varsity TT|2:21.83|634
15|Bruce, Cali|18|2000|ACAD|Nova Scotia|2019-02-08|2019 Subway AUS Swimming Championships|2:23.40|613
16|Daoud, Nadine|18|2001|UCSC|Alberta|2019-07-13|UCSC Western Finale|2:23.97|606
17|Stever, Carling|18|2000|LU|Ontario|2018-11-25|2018 OUA DeBray Divisional Champs|2:24.03|605
18|Taylor, Lauren|18|2000|UVIC|British Columbia|2019-02-09|West Coast Collegiate|2:24.14|604
19|MacDonald, Victoria|18|2000|DAL|Nova Scotia|2019-01-19|AUS Invitational|2:24.23|603
20|Hardman, Kaylie|18|2000|SFU|British Columbia|2019-02-09|West Coast Collegiate|2:24.73|596
21|Knudson, Mickayla|18|2000|UOFC|Alberta|2018-11-25|Canada West Championships 2018|2:24.91|594
22|Fedder, Sarah|18|2000|WES|Ontario|2019-02-09|2019 Ontario University Championships|2:25.12|592
23|Hellard, Jamie|18|1999|UVIC|British Columbia|2018-12-07|16th Annual XMAS Cracker Invitational|2:25.56|586
24|Shuai, Stephanie|18|1999|OTT|Québec|2018-10-18|uOttawa/Queens /Carleton Tri Meet|2:25.58|586
25|Simms, Abby|18|2001|SJL|Newfoundland|2019-06-07|2019 Summer Classic Invitational|2:25.62|586
26|Berrisford, Haley|18|2000|UOFA|Alberta|2018-12-15|JP Fiset Invitational|2:25.88|582
27|Nielson, Kate|18|2000|OTT|Québec|2018-11-10|Coupe Universitaire #3|2:26.34|577
28|Ramirez, Roxanna|18|2000|MSSAC|Ontario|2018-12-02|Neptune International (CSPO 25m)|2:26.49|575
29|Mantik, Jessica|18|2000|UOFA|Alberta|2018-11-25|Canada West Championships 2018|2:26.64|573
30|Steiner, Giselle|18|2000|UT|Ontario|2019-01-12|UT vs Western|2:26.78|572
31|Valihora, Grace|18|2000|MCGILL|Québec|2018-11-10|Coupe Universitaire #3|2:26.88|571
32|Welsh, Brittany|18|2000|UOFA|Alberta|2018-10-13|Oktoberfest|2:27.12|568
33|Vander Leek, Kier|18|2000|UOFA|Alberta|2019-01-19|Blue Bears 2019|2:27.36|565
34|Davidson, Rosalie|18|2000|NN|Québec|2018-10-20|Invitation de l'automne Neptune (CSPO 25m)|2:27.40|565
35|Laupland, Elise|18|2000|QUE|Ontario|2019-02-09|2019 Ontario University Championships|2:27.76|560
36|Sicoli, Demetra|18|2000|UOFC|Alberta|2018-11-25|Canada West Championships 2018|2:27.78|560
37|Bandstra, Jordyn|18|2000|BADGR|Ontario|2018-11-25|2018 OUA DeBray Divisional Champs|2:28.17|556
38|Milne, Payton|18|2001|MAC|Ontario|2019-04-26|2019 Ontario Team Challenge|2:28.43|553
39|Dionne, Kassandra|18|2000|UL|Québec|2018-11-02|Festival provincial par équipe section 1|2:28.49|552
40|Von Sacken Nash, Victoria|18|2000|SFU|British Columbia|2019-02-09|West Coast Collegiate|2:28.69|550
41|Dove-Mcfalls, Carley|18|1999|NN|Québec|2018-10-20|Invitation de l'automne Neptune (CSPO 25m)|2:28.74|549
42|Alameddine, Yasmine|18|2000|MACU|Ontario|2018-11-25|OUA Fairweather Division Championships 2018|2:28.76|549
43|Bond, Sarah|18|2000|DAL|Nova Scotia|2019-01-19|AUS Invitational|2:28.96|547
44|Tarrant, Sophie|18|2000|WILD|Alberta|2019-02-02|2019 NSA NWT Territorials|2:29.29|543
45|Toy, Katherine|18|2000|MACU|Ontario|2018-11-03|NYAC Cup|2:29.54|541
46|Caron, Audrey-Anne|18|1999|LMRL|Québec|2018-12-07|Défi Nez-Rouge 2018|2:29.92|537
47|Teng, Yifei|18|2000|UG|Ontario|2019-02-09|2019 Ontario University Championships|2:30.02|535
48|Claassens, Talea|18|2000|GO|Ontario|2019-02-01|2019 Eastern Ontario Regional Championships (SC/LC)|2:31.11|524
49|Kabat, Daniela|18|2000|CASO|Québec|2018-12-07|Invitation provinciale des fêtes CSLA|2:31.46|520
50|Chong, Cassandra|18|2000|WAT|Ontario|2019-02-09|2019 Ontario University Championships|2:31.85|516