RANK|AGES|CLUB|TEAM|PROVINCE|DATE|MEET|TIME|FINA
1|18 - 18|University Of Alberta Varsity Swim Team|UOFA B|Alberta|2018-11-03|Odlum Brown Colleges Cup Pacific Hosted by UBC|2:00.36|631
2|18 - 18|Cégep de St-Jérôme|UCSJ B|Québec|2018-11-30|Comp. Collégiale - Sud-Ouest - St-Jérome #7|2:10.68|493
3|18 - 18|Wilfrid Laurier University|WLU C|Ontario|2018-10-31|Battle of Waterloo|2:11.42|485
4|18 - 18|Memorial University Seahawks|MUSC B|Newfoundland|2019-01-19|AUS Invitational|2:12.07|478
5|18 - 18|Collège Bois-de-Boulogne|UCBB A|Québec|2018-10-12|Coll. Vieux-Montréal#1 - Sud-Ouest|2:35.44|293
6|18 - 18|Cégep de Victoriaville|UCV A|Québec|2018-10-20|Coll. Jonquière #1 - Nord-Est|2:37.20|283
7|18 - 18|Cégep de l'Outaouais|UCO A|Québec|2018-11-30|Comp. Collégiale - Sud-Ouest - John-Abbott #3|3:01.02|185