RANK|ATHLETES|AGE|YOB|CLUB|PROVINCE|DATE|MEET|TIME|FINA
1|Brathwaite, Katrina|18|1999|PCSC|Québec|2018-12-14|Ontario Junior International|4:43.16|781
2|Broad, Madison|18|2000|CYPS|Ontario|2018-12-14|Ontario Junior International|4:46.33|756
3|Janvier, Aela|18|1999|PCSC|Québec|2018-11-03|Festival provincial par équipe section 1|4:50.57|723
4|Rendall, Kate|18|2000|UT|Ontario|2018-11-24|OUA Fairweather Division Championships 2018|4:52.07|712
5|Anderson, Rachael|18|2000|UBCT|British Columbia|2018-11-03|Odlum Brown Colleges Cup Pacific Hosted by UBC|4:57.90|671
6|Ramirez, Roxanna|18|2000|MSSAC|Ontario|2018-11-02|NYAC Cup|4:59.20|662
7|Stever, Carling|18|2000|LU|Ontario|2018-11-24|2018 OUA DeBray Divisional Champs|4:59.45|660
8|Crowell, Reagan|18|2000|DAL|Nova Scotia|2019-02-09|2019 Subway AUS Swimming Championships|5:00.21|655
9|Glover, Sydney|18|2000|UOFC|Alberta|2019-02-22|2019 U SPORTS Odlum Brown Swimming Championships|5:01.17|649
10|Wallich, Mackenzie|18|2000|UOFC|Alberta|2018-11-03|Odlum Brown Colleges Cup Pacific Hosted by UBC|5:03.56|634
11|Berrisford, Haley|18|2000|UOFA|Alberta|2018-11-24|Canada West Championships 2018|5:03.76|633
12|Taylor, Lauren|18|2000|UVIC|British Columbia|2019-01-26|Vancouver Island Regional SC Championships|5:04.50|628
13|Desjarlais, Mia|18|2000|NN|Québec|2018-11-03|Festival provincial par équipe section 1|5:06.69|615
14|Ballantyne, Allison|18|2000|UVIC|British Columbia|2018-11-03|Odlum Brown Colleges Cup Pacific Hosted by UBC|5:07.04|613
15|Hardman, Kaylie|18|2000|SFU|British Columbia|2019-02-10|West Coast Collegiate|5:07.38|611
16|Nielson, Kate|18|2000|OTT|Québec|2018-11-30|Neptune International (CSPO 25m)|5:08.00|607
17|MacDonald, Victoria|18|2000|DAL|Nova Scotia|2019-01-19|AUS Invitational|5:08.99|601
18|Alameddine, Yasmine|18|2000|MACU|Ontario|2018-11-24|OUA Fairweather Division Championships 2018|5:12.03|584
19|Dionne, Kassandra|18|2000|UL|Québec|2018-11-03|Festival provincial par équipe section 1|5:12.43|581
20|Caron, Audrey-Anne|18|1999|LMRL|Québec|2018-12-09|Défi Nez-Rouge 2018|5:15.86|563
21|Laupland, Elise|18|2000|QUE|Ontario|2019-02-07|2019 Ontario University Championships|5:15.96|562
22|Dumaine, Kate|18|2000|UOFC|Alberta|2018-11-24|Canada West Championships 2018|5:18.84|547
23|Hellard, Jamie|18|1999|UVIC|British Columbia|2018-10-20|2018 OCTOBER SENIOR CIRCUIT|5:19.92|542
24|Knott, Amy|18|2000|TBT|Ontario|2018-12-07|Youth Cup|5:20.23|540
25|Kabat, Daniela|18|2000|CASO|Québec|2018-11-10|Festival provincial par équipe section 4|5:23.18|525
26|Milne, Payton|18|2001|MAC|Ontario|2019-04-27|2019 Ontario Team Challenge|5:23.39|524
27|Bond, Sarah|18|2000|DAL|Nova Scotia|2019-01-19|AUS Invitational|5:24.99|517
28|Teng, Yifei|18|2000|UG|Ontario|2019-01-20|Winter Invitational|5:25.76|513
29|Grover, Kayleigh|18|2000|UG|Ontario|2018-11-24|2018 OUA DeBray Divisional Champs|5:27.80|503
30|MICHAUD, Carole-Anne|18|2000|RIKI|Québec|2018-11-10|Festival provincial par équipe section 2|5:28.26|501
31|Langham, Menley|18|1999|WES|Ontario|2018-11-24|OUA Fairweather Division Championships 2018|5:31.07|489
32|Strzechowska, Zofia|18|2000|ESWIM|Ontario|2018-10-26|Gus Ryder Memorial Cup|5:32.72|481
33|Grace, Lianna|18|2000|WES|Ontario|2018-12-01|Western University Invitational|5:34.33|474
34|Moorhouse, Celia|18|2000|CAJ|Ontario|2018-12-09|Dash for Cash|5:38.44|457
35|Bismuth-Leclerc, Jasmine|18|2000|CASO|Québec|2018-12-09|Invitation provinciale des fêtes CSLA|5:43.17|439
36|Dagasso, Emily|18|2000|TRUW|British Columbia|2018-10-13|KISU Triple Pentathlon 2018|5:43.23|438
37|Al Afandi, arwa|18|2000|CNSL|Québec|2018-12-09|Invitation provinciale des fêtes CSLA|5:47.79|421
38|Schinaia-Viger, Lorena|18|2000|CAMO|Québec|2019-05-26|Championnat canadien des maîtres nageurs|5:52.40|405
39|Purdy-Millaire, Victoria|18|2000|NG|Québec|2018-11-03|Festival provincial par équipe section 1|6:00.73|378
40|Douglass, Mackenzie|18|2000|NEW|Ontario|2019-02-23|Central Region SC C Champs (Winter)|6:01.98|374
41|Bell, Ryley|18|2000|OSHAC|Ontario|2018-12-07|Invitation Provinciale AA-AAA Pointe-Claire 2018|6:03.78|368
42|Fortin, Ann|18|2000|CNCC|Québec|2018-12-08|Défi Nez-Rouge 2018|6:04.50|366
43|Ducharme, Paula|18|2000|TRUW|British Columbia|2018-10-13|KISU Triple Pentathlon 2018|6:14.62|337
44|Sachs, Emma|18|2000|WS|Ontario|2019-04-27|2019 Ontario Team Challenge|6:19.33|325
45|Wojnicz, Logan|18|2000|ROC|Ontario|2018-12-15|Team Showdown 2018|6:20.92|321
46|Chassé, Meiliana|18|2000|GAMIN|Québec|2018-12-09|29e Challenge GAMIN - Invitation provincial|7:02.10|236
47|Corasaniti, Gabrielle|18|2001|SWRD|New Brunswick|2019-04-27|Ellen Waters Memorial Meet|7:32.75|191