RANK|AGES|CLUB|TEAM|PROVINCE|DATE|MEET|TIME|FINA
1|13 - 13|Etobicoke Swim Club|ESWIMA|Ontario|2019-02-17|2019 Ontario Winter Festival Championships|3:58.64|648
2|13 - 13|Riverains Lévis|RL A|Québec|2018-11-02|Festival provincial par équipe section 3|4:09.01|570
3|13 - 13|Toronto Swim Club|TSC B|Ontario|2018-12-08|Youth Cup|4:11.77|551
4|13 - 13|Etobicoke Swim Club|ESWIMB|Ontario|2019-02-17|2019 Ontario Winter Festival Championships|4:11.87|551
5|13 - 13|Granite Gators|GGST A|Ontario|2019-02-17|2019 Ontario Winter Festival Championships|4:15.02|531
6|13 - 13|Nepean Kanata Barracudas|NKB A|Ontario|2019-02-17|2019 Ontario Winter Festival Championships|4:15.64|527
7|13 - 13|Oakville Aquatic Club|OAK A|Ontario|2019-02-17|2019 Ontario Winter Festival Championships|4:20.95|495
8|13 - 13|C.N. Requins de Drummondville|RED A|Québec|2018-11-02|Festival provincial par équipe section 3|4:21.05|495
9|13 - 13|Scarborough Swim Club|SCAR A|Ontario|2019-02-17|2019 Ontario Winter Festival Championships|4:22.76|485
10|13 - 13|Swim Ottawa|SWOTTA|Ontario|2019-02-17|2019 Ontario Winter Festival Championships|4:27.59|459
11|13 - 13|Club Nautilus de Matane|CNM A|Québec|2019-06-29|Championnat provincial groupe d'âge AA d'été - section Est|4:27.91|458
12|13 - 13|North York Aquatic Club|NYAC A|Ontario|2019-02-17|2019 Ontario Winter Festival Championships|4:28.19|456
13|13 - 13|C.N. Torpille Inc.|TORP D|Québec|2019-06-29|Championnat provincial groupe d'âge AA d'été - Ouest|4:35.27|422
14|13 - 13|Mtl Nord Natation|CNMN A|Québec|2019-06-29|Championnat provincial groupe d'âge AA d'été - Ouest|4:37.26|413
15|13 - 13|Nepean Kanata Barracudas|NKB B|Ontario|2018-12-01|Neptune International (CSPO 25m)|4:37.28|413
16|13 - 13|Barracudas de Gaspé|BG A|Québec|2019-02-24|Championnat provincial groupe d'âge AA d'hiver - section Est|4:37.80|410
17|13 - 13|É.N. St-Lambert|BLUE B|Québec|2018-11-02|Festival provincial par équipe section 3|4:44.45|382
18|13 - 13|Wilmot Aquatic Aces|WAAC A|Ontario|2018-11-17|Expressway Lincoln Fall Invitational|4:45.27|379
19|13 - 13|C.N. du Haut-Richelieu|CNHR C|Québec|2018-11-09|Festival provincial par équipe section 4|4:47.51|370
20|13 - 13|Halifax Trojan Aquatic Club|HTAC B|Nova Scotia|2019-02-15|AA Winter Champs|4:54.63|344
21|13 - 13|Club de Natation CALAC Lasalle|CALA C|Québec|2018-11-09|Festival provincial par équipe section 5 - Nord|4:58.97|329
22|13 - 13|C.N. St-Laurent|CNSL A|Québec|2018-11-09|Festival provincial par équipe section 5 - Nord|5:04.59|311
23|13 - 13|Yarmouth Y Whitecaps|YYW A|Nova Scotia|2019-02-15|AA Winter Champs|5:08.01|301
24|13 - 13|Belleville Beast Swim Team|BYST B|Ontario|2018-11-25|BYST Fall Invitational|5:21.76|264
25|13 - 13|Halifax Trojan Aquatic Club|HTAC A|Nova Scotia|2019-02-15|AA Winter Champs|5:34.07|236
26|13 - 13|Region Of Waterloo Swim Club|ROW B|Ontario|2018-11-17|Expressway Lincoln Fall Invitational|5:52.00|201