RANK|ATHLETES|AGE|YOB|CLUB|PROVINCE|DATE|MEET|TIME|FINA
1|Stannard, Camryn|13|2004|NRST|British Columbia|2018-11-11|ISC 2018 Bennett Cup|28.56|622
1|Daley, Elan|13|2005|ESWIM|Ontario|2018-11-11|2018 Age Group International SC|28.56|622
3|Jacques, Madisen|13|2005|HYACK|British Columbia|2018-12-15|Rapids Fast-Swim Classic|28.78|607
4|Mercure, Élodie|13|2005|MEGO|Québec|2018-11-10|Festival provincial par équipe section 2|28.92|599
5|Chong Ling, Riya|13|2005|COBRA|Ontario|2018-11-30|Neptune International (CSPO 25m)|29.04|591
6|Nevins, Harper|13|2005|ISC|British Columbia|2019-01-26|Vancouver Island Regional SC Championships|29.10|588
7|Blake, Mikaela|13|2005|SCAR|Ontario|2019-04-27|2019 Ontario Team Challenge|29.16|584
8|Housman, Eliza|13|2004|UCSC|Alberta|2018-10-28|Cascade Speed Meet|29.17|583
9|Raymond, Victoria|13|2005|ESWIM|Ontario|2018-11-11|2018 Age Group International SC|29.30|576
10|Cannings, Kamryn|13|2005|UCSC|Alberta|2019-03-08|UCSC Team Champs|29.41|569
11|Wieclawek, Blythe|13|2005|CATS|Ontario|2018-11-04|2018 Barrie Aquafest|29.46|566
12|Sang, Siporah|13|2005|LAC|Ontario|2019-02-03|2019 Western Region SC Champs|29.54|562
13|Burton, Bridget|13|2005|DST|British Columbia|2019-01-26|Vancouver Island Regional SC Championships|29.60|558
14|Dailloux, Norah|13|2005|CNQ|Québec|2018-11-03|Festival provincial par équipe section 1|29.69|553
15|Gallagher, Hannah|13|2004|ROW|Ontario|2018-11-02|NYAC Cup|29.71|552
16|Firth, Brynn|13|2005|HANEY|British Columbia|2019-07-27|SKSC Summer Fest|29.77|549
17|Becker, Amy|13|2005|UMAN|Manitoba|2018-12-16|ManSask Championships Short Course Open Championships|29.80|547
17|Jerome, Abigail|13|2005|KAJ|British Columbia|2018-12-15|26th Annual MJB Law Classic SCM|29.80|547
19|Thomas, Haley|13|2005|CW|Ontario|2018-10-14|2018 Hall of Fame Meet|29.89|542
20|Sava, Helen Anne|13|2005|RAMAC|Ontario|2018-11-11|2018 Age Group International SC|30.05|534
21|Paridaen Van Veen, Mary|13|2005|DST|British Columbia|2019-01-26|Vancouver Island Regional SC Championships|30.12|530
22|Ryan, Kate|13|2005|GGST|Ontario|2018-12-07|Gatineau Grand Prix|30.23|524
23|Gulyas, Greta|13|2005|RAMAC|Ontario|2018-10-14|2018 Hall of Fame Meet|30.24|524
24|Mendiola, Chloe|13|2005|MAC|Ontario|2018-12-07|Gatineau Grand Prix|30.37|517
25|McAleer, Quinn|13|2005|CP|Alberta|2018-12-16|JP Fiset Invitational|30.39|516
26|Dion, Mélina|13|2004|PCSC|Québec|2018-11-03|Festival provincial par équipe section 1|30.40|515
26|Nixon, Talia|13|2005|FAST|New Brunswick|2019-02-01|NB Open Cup - Coupe NB|30.40|515
28|Tomic, Nika|13|2005|ESWIM|Ontario|2018-10-14|2018 Hall of Fame Meet|30.42|514
29|Zhang, Yolanda|13|2005|SKSC|British Columbia|2019-06-08|Knights June Jamboree 2019|30.44|513
29|Reich, Olivia|13|2005|STSC|Alberta|2018-11-30|Candy Cane Classic|30.44|513
31|Soetaert, Leah|13|2005|EVDSC|British Columbia|2019-05-11|Fast & Furious Invitational|30.47|512
31|Gamelo, Abbygail Janine|13|2005|AAC|Ontario|2018-11-02|NYAC Cup|30.47|512
33|Butler, Leah|13|2005|CP|Alberta|2019-02-01|UCSC Grand Prix|30.49|511
34|French, Hayley|13|2005|UCSC|Alberta|2019-02-01|UCSC Grand Prix|30.50|510
35|Luo, Hope|13|2005|HYACK|British Columbia|2019-07-27|SKSC Summer Fest|30.61|505
36|Wiens, Madison|13|2005|RDCSC|Alberta|2019-03-02|Provincials - Short Course|30.62|504
36|Canamo, Samantha|13|2005|NYAC|Ontario|2018-11-02|NYAC Cup|30.62|504
38|Peterson, Mackenzie|13|2005|TSC|Ontario|2018-12-07|Border City Invitational|30.64|503
39|Thompson, Mya|13|2005|ROD|Saskatchewan|2018-11-10|NCSA Fall Invitational 2018|30.80|495
39|Yu, Natalie|13|2005|HST|British Columbia|2018-12-15|Rapids Fast-Swim Classic|30.80|495
41|Campbell, Lauren|13|2005|LAC|Ontario|2019-02-03|2019 Western Region SC Champs|30.81|495
42|Coolen, Meredith|13|2005|MSSAC|Ontario|2018-11-30|Neptune International (CSPO 25m)|30.82|494
42|Ricard, Florence|13|2005|RED|Québec|2018-11-03|Festival provincial par équipe section 3|30.82|494
44|Smith, Marica|13|2004|BAD|Ontario|2018-10-13|MMST Dash for Cash|30.84|494
44|Lord, Raphaëlle|13|2004|CNQ|Québec|2018-10-14|Invitation ROSE Nageons pour la cause|30.84|494
46|Masic, Ema|13|2005|ESWIM|Ontario|2019-01-12|2019 Etobicoke A-B Meet|30.94|489
47|Shostko-Datch, Yuliya|13|2005|NN|Québec|2018-12-08|Invitation Provinciale AA-AAA Pointe-Claire 2018|30.95|488
48|Sorel, Martine|13|2005|MUST|Québec|2018-11-03|Festival provincial par équipe section 3|30.98|487
49|Jansen, Ella|13|2005|BAD|Ontario|2018-11-04|2018 BAD Fall Invitational|31.01|485
49|Rai, Simran|13|2005|SFA|British Columbia|2018-12-15|Rapids Fast-Swim Classic|31.01|485