RANK|ATHLETES|AGE|YOB|CLUB|PROVINCE|DATE|MEET|TIME|FINA
1|Daley, Elan|13|2005|ESWIM|Ontario|2019-02-16|2019 Ontario Winter Festival Championships|25.69|740
2|Housman, Eliza|13|2004|UCSC|Alberta|2018-10-27|Cascade Speed Meet|26.74|656
3|Lee, Sophia|13|2006|BORC|Ontario|2019-04-26|2019 Ontario Team Challenge|26.76|655
4|Sheng, Jessica|13|2006|MAC|Ontario|2019-04-26|2019 Ontario Team Challenge|27.07|632
5|Gao, Emma|13|2005|MAC|Ontario|2018-12-15|Ontario Junior International|27.12|629
6|McKenzie, Teagan|13|2004|UCSC|Alberta|2018-12-08|Youth Cup|27.16|626
6|Stannard, Camryn|13|2004|NRST|British Columbia|2018-11-10|ISC 2018 Bennett Cup|27.16|626
8|McAleer, Quinn|13|2005|CP|Alberta|2018-12-16|JP Fiset Invitational|27.29|617
8|Dailloux, Norah|13|2005|CNQ|Québec|2018-12-07|Défi Nez-Rouge 2018|27.29|617
10|Courtemanche, Anaee|13|2005|TORP|Québec|2018-11-04|Festival provincial par équipe section 3|27.30|616
11|Wen, Eva|13|2004|HYACK|British Columbia|2018-10-14|PSW Fall Invitational|27.31|616
12|Thompson, Mya|13|2005|ROD|Saskatchewan|2018-12-14|ManSask Championships Short Course Open Championships|27.32|615
13|Lepage, Alexanne|13|2005|VKSC|British Columbia|2019-06-16|Nolan's Pharmasave Invitational|27.33|614
14|Ménard, Justine|13|2005|NN|Québec|2018-11-04|Festival provincial par équipe section 1|27.43|608
15|Wieclawek, Blythe|13|2005|CATS|Ontario|2019-04-26|2019 Ontario Team Challenge|27.45|606
16|Jacques, Madisen|13|2005|HYACK|British Columbia|2018-12-16|Rapids Fast-Swim Classic|27.47|605
17|Tomic, Nika|13|2005|ESWIM|Ontario|2018-12-22|2018 Trillium Cup|27.49|604
17|Mercure, Élodie|13|2005|MEGO|Québec|2018-12-07|Invitation Provinciale AA-AAA Pointe-Claire 2018|27.49|604
19|Mendiola, Chloe|13|2005|MAC|Ontario|2018-12-08|Gatineau Grand Prix|27.55|600
19|Jansen, Ella|13|2005|BAD|Ontario|2019-02-16|2019 Ontario Winter Festival Championships|27.55|600
21|Williams, Abigail|13|2004|SJL|Newfoundland|2018-11-24|2018 Mount Pearl Marlins 3rd Annual Sink or Swim Invitiational|27.56|599
22|Brousseau, Julie|13|2006|SWOTT|Ontario|2019-02-03|2019 Eastern Ontario Regional Championships (SC/LC)|27.66|593
23|Clarke, Emma|13|2005|LSC|Ontario|2018-11-09|Swim International 2018|27.69|591
24|Burton, Bridget|13|2005|DST|British Columbia|2018-12-16|Rapids Fast-Swim Classic|27.74|588
25|McGhan, Maya|13|2005|SWOTT|Ontario|2019-02-03|2019 Eastern Ontario Regional Championships (SC/LC)|27.75|587
26|Chen, Sophia|13|2005|MST~|Ontario|2018-12-08|Youth Cup|27.76|586
27|Nixon, Talia|13|2005|FAST|New Brunswick|2018-12-02|Neptune International (CSPO 25m)|27.80|584
28|Peterson, Mackenzie|13|2005|TSC|Ontario|2018-11-03|NYAC Cup|27.82|582
29|Cannings, Kamryn|13|2005|UCSC|Alberta|2019-06-21|UCSC Team Champs|27.83|582
30|Raymond, Victoria|13|2005|ESWIM|Ontario|2019-02-16|2019 Ontario Winter Festival Championships|27.90|577
31|Couture, Elle|13|2004|SLN|Alberta|2018-10-20|Fall Challenge|27.91|577
32|Wong, Tara|13|2005|CW|Ontario|2019-02-16|2019 Ontario Winter Festival Championships|27.93|576
33|Thomas, Haley|13|2005|CW|Ontario|2018-11-17|Expressway Lincoln Fall Invitational|27.96|574
34|Angus, Devon|13|2005|CASC|Alberta|2018-12-16|JP Fiset Invitational|27.99|572
35|Yao, Angel|13|2006|WSC|British Columbia|2019-01-20|Canadian Dolphin New Years Invitational 2019|28.00|571
36|Shostko-Datch, Yuliya|13|2005|NN|Québec|2018-12-01|Neptune International (CSPO 25m)|28.03|569
37|Jerome, Abigail|13|2005|KAJ|British Columbia|2018-12-15|26th Annual MJB Law Classic SCM|28.04|569
38|Sorel, Martine|13|2005|MUST|Québec|2019-02-02|Invitation Peter-Suen 2019|28.08|566
38|Bensebaa, Leticia|13|2005|GO|Ontario|2018-12-08|Gatineau Grand Prix|28.08|566
40|Morgan, Hannah|13|2005|BAD|Ontario|2018-12-07|Invitation Provinciale AA-AAA Pointe-Claire 2018|28.12|564
41|Barrette, Rosie|13|2005|TORP|Québec|2019-02-24|Championnat provincial groupe d'âge AA d'hiver - section Ouest|28.15|562
42|Kovaluk, Alexia|13|2005|NN|Québec|2018-12-02|Neptune International (CSPO 25m)|28.19|560
42|Coombs, Gillian|13|2005|TSC|Ontario|2018-11-03|NYAC Cup|28.19|560
44|Howse, Olivia|13|2005|EVDSC|British Columbia|2019-01-20|Blue Bears 2019|28.21|559
45|Bugbee, Emily|13|2005|UCSC|Alberta|2019-03-08|UCSC Team Champs|28.25|556
46|McCullagh, Kate|13|2005|KCS|British Columbia|2018-12-14|26th Annual MJB Law Classic SCM|28.29|554
47|Howe, Olivia|13|2005|GO|Ontario|2019-02-03|2019 Eastern Ontario Regional Championships (SC/LC)|28.30|553
48|Roy, Émy|13|2005|RL|Québec|2018-11-04|Festival provincial par équipe section 3|28.31|553
48|Wagner, Charlotte|13|2004|GLEN|Alberta|2018-10-27|Cascade Speed Meet|28.31|553
48|CASTONGUAY, Marie|13|2005|RIKI|Québec|2018-12-07|Défi Nez-Rouge 2018|28.31|553