RANK|AGES|CLUB|TEAM|PROVINCE|DATE|MEET|TIME|FINA
1|13 - 13|Etobicoke Swim Club|ESWIMA|Ontario|2018-12-09|Youth Cup|1:50.82|614
2|13 - 13|Riverains Lévis|RL A|Québec|2018-11-03|Festival provincial par équipe section 3|1:54.69|554
3|13 - 13|Granite Gators|GGST A|Ontario|2019-02-16|2019 Ontario Winter Festival Championships|1:56.31|531
4|13 - 13|Greater Ottawa Kingfish Swim Club|GO A|Ontario|2019-02-16|2019 Ontario Winter Festival Championships|1:56.47|529
5|13 - 13|Oakville Aquatic Club|OAK A|Ontario|2019-02-16|2019 Ontario Winter Festival Championships|1:58.15|507
6|13 - 13|Okotoks Mavericks Swim Club|MAVS C|Alberta|2018-11-03|Jack Frost 2018|1:58.40|504
7|13 - 13|Manta Swim Club|MANTAA|Manitoba|2019-06-08|Manitoba Open Junior Provincials|1:58.68|500
8|13 - 13|Edmonton Keyano Swim Club|EKSC D|Alberta|2019-01-18|Blue Bears 2019|1:58.94|497
9|13 - 13|C.N. Requins de Drummondville|RED A|Québec|2018-11-03|Festival provincial par équipe section 3|1:59.18|494
10|13 - 13|Club Nautilus de Matane|CNM A|Québec|2019-06-29|Championnat provincial groupe d'âge AA d'été - section Est|1:59.29|493
11|13 - 13|Pointe-Claire Swim Club|PCSC A|Québec|2018-11-24|Bluefins- Invitation Provinciale 11 ans et plus|1:59.46|490
12|13 - 13|E.N. Longueuil|ELIT A|Québec|2019-06-29|Championnat provincial groupe d'âge AA d'été - section Est|1:59.54|489
13|13 - 13|Scarborough Swim Club|SCAR A|Ontario|2019-02-16|2019 Ontario Winter Festival Championships|1:59.57|489
14|13 - 13|Côte St-Luc Aquatics|CSLA A|Québec|2018-12-07|Invitation provinciale des fêtes CSLA|1:59.98|484
15|13 - 13|North York Aquatic Club|NYAC A|Ontario|2019-02-16|2019 Ontario Winter Festival Championships|2:00.17|482
16|13 - 13|Oshawa Aquatic Club|OSHACA|Ontario|2019-02-16|2019 Ontario Winter Festival Championships|2:00.72|475
17|13 - 13|Swim Ottawa|SWOTTA|Ontario|2019-02-23|Swim 2 the beat|2:01.13|470
18|13 - 13|Elk Valley Dolphins|EVDSCA|British Columbia|2019-04-28|EVDSC 2019 Annual Invitational Swim Meet|2:02.25|458
19|13 - 13|Sault Surge Aquatic Team|SSAT A|Ontario|2019-02-02|Dave Kensit Memorial SC Championship|2:02.55|454
20|13 - 13|C.A. St-Eustache|CASE A|Québec|2018-12-07|Invitation provinciale des fêtes CSLA|2:02.70|453
21|13 - 13|Island Swimming Club|ISC C|British Columbia|2019-01-25|Vancouver Island Regional SC Championships|2:03.05|449
22|13 - 13|Edmonton Keyano Swim Club|EKSC C|Alberta|2018-12-08|16th Annual XMAS Cracker Invitational|2:03.22|447
23|13 - 13|St. James Seals|SEALSA|Manitoba|2018-10-28|Celebrate Swimming Invitational|2:03.27|446
24|13 - 13|C.N. Torpille Inc.|TORP G|Québec|2019-06-29|Championnat provincial groupe d'âge AA d'été - Ouest|2:03.28|446
25|13 - 13|GARDEN CITY AQUATIC CLUB|GCAC A|Ontario|2019-02-02|2019 Western Region SC Champs|2:03.39|445
26|13 - 13|Nose Creek Swim Association|NCSA C|Alberta|2019-03-08|Silver Tide Invitational|2:03.96|439
27|13 - 13|Nepean Kanata Barracudas|NKB D|Ontario|2018-11-30|Neptune International (CSPO 25m)|2:03.99|439
28|13 - 13|Barracudas de Gaspé|BG A|Québec|2019-01-26|Inter-provinciale LMRL 2019|2:04.01|438
29|13 - 13|Cfb North Bay Thunderbirds|CT33 A|Ontario|2019-01-20|NEOR 3|2:04.07|438
30|13 - 13|London Aquatic Club|LAC C|Ontario|2018-11-25|LAC - Nothers Fall Invitational|2:04.28|436
31|13 - 13|Mtl Nord Natation|CNMN A|Québec|2019-06-29|Championnat provincial groupe d'âge AA d'été - Ouest|2:04.36|435
32|13 - 13|Kelowna Aquajets|KAJ A|British Columbia|2019-03-02|2019 3rd Annual Winter Regional A Championships|2:04.46|434
33|13 - 13|GARDEN CITY AQUATIC CLUB|GCAC B|Ontario|2018-11-03|2018 BAD Fall Invitational|2:04.54|433
34|13 - 13|Mallards Swim Team|MST~ A|Ontario|2019-02-16|2019 Ontario Winter Festival Championships|2:04.73|431
35|13 - 13|J-Dolphins Swim School|JDSS A|Ontario|2018-11-03|Newmarket Stingrays Fall Invitational|2:04.76|431
36|13 - 13|Guelph Marlin Aquatic Club|GMAC B|Ontario|2018-10-20|No Pain No Gain|2:04.81|430
36|13 - 13|Calgary Patriots Swim Club|CP A|Alberta|2019-05-12|Fast & Furious Invitational|2:04.81|430
38|13 - 13|University Of Calgary Swim Club|UCSC E|Alberta|2018-10-20|UCSC Fall Start Up|2:05.78|420
39|13 - 13|Burlington Aquatic Devilrays|BAD B|Ontario|2018-11-03|2018 BAD Winter Novice Invitational|2:05.81|420
40|13 - 13|Windsor Aquatic Club|WAC B|Ontario|2019-02-02|2019 Western Region SC Champs|2:05.94|419
41|13 - 13|Swim Ottawa|SWOTTC|Ontario|2019-02-23|Swim 2 the beat|2:06.01|418
42|13 - 13|Nepean Kanata Barracudas|NKB A|Ontario|2018-11-04|GO Fall Invitational|2:06.12|417
43|13 - 13|Killarney Swim Club|KSC A|Alberta|2018-10-20|Fall Challenge|2:06.30|415
44|13 - 13|Calgary Patriots Swim Club|CP C|Alberta|2019-02-02|Maverick Madness 2019|2:06.33|415
45|13 - 13|Wilmot Aquatic Aces|WAAC A|Ontario|2018-10-28|Joe Kerkhoven Memorial Walker Invitational|2:06.61|412
46|13 - 13|Kingston Blue Marlins|KBM A|Ontario|2018-12-02|Distance and Development Challenge|2:06.75|411
47|13 - 13|É.N. St-Lambert|BLUE B|Québec|2018-11-03|Festival provincial par équipe section 3|2:06.87|409
48|13 - 13|Manta Swim Club|MANTAB|Manitoba|2019-06-08|Manitoba Open Junior Provincials|2:06.88|409
49|13 - 13|Orangeville Otters Swim Club|OOSC C|Ontario|2019-03-03|COBRA Power|2:07.03|408
50|13 - 13|Pointe-Claire Swim Club|PCSC G|Québec|2018-11-24|Bluefins- Invitation Provinciale 11 ans et plus|2:07.21|406