RANK|ATHLETES|AGE|YOB|CLUB|PROVINCE|DATE|MEET|TIME|FINA
1|Vézina, Corinne|13|2004|ELITE|Québec|2018-11-04|Festival provincial par équipe section 1|2:36.85|631
2|Brousseau, Julie|13|2006|SWOTT|Ontario|2019-02-03|2019 Eastern Ontario Regional Championships (SC/LC)|2:39.15|604
3|Campbell, Lauren|13|2005|LAC|Ontario|2019-02-16|2019 Ontario Winter Festival Championships|2:40.90|585
4|Stannard, Camryn|13|2004|NRST|British Columbia|2018-11-09|ISC 2018 Bennett Cup|2:42.16|571
5|Corrigan, Meagan|13|2005|KAJ|British Columbia|2018-12-15|26th Annual MJB Law Classic SCM|2:42.33|569
6|Chen, Amber|13|2005|MAC|Ontario|2019-02-16|2019 Ontario Winter Festival Championships|2:42.86|564
7|Jeon, So Hyun|13|2005|CDNDG|Québec|2018-11-11|Festival provincial par équipe section 4|2:43.33|559
8|O'Regan, Bailey|13|2006|ESWIM|Ontario|2019-02-16|2019 Ontario Winter Festival Championships|2:44.35|548
9|Gao, Emma|13|2005|MAC|Ontario|2018-11-02|NYAC Cup|2:44.49|547
10|Bugbee, Emily|13|2005|UCSC|Alberta|2018-12-08|Youth Cup|2:44.72|545
11|Daley, Elan|13|2005|ESWIM|Ontario|2018-12-21|2018 Trillium Cup|2:45.12|541
11|Van Der Griend, Anouk|13|2005|PCSC|Québec|2018-12-08|Invitation Provinciale AA-AAA Pointe-Claire 2018|2:45.12|541
13|Francis, Claire|13|2004|EKSC|Alberta|2018-12-16|JP Fiset Invitational|2:45.73|535
14|Maryschak, Gracie|13|2005|LOSC|British Columbia|2019-07-28|SKSC Summer Fest|2:46.41|528
15|Albert, Kaelyn|13|2005|SSAT|Ontario|2019-02-02|Dave Kensit Memorial SC Championship|2:46.44|528
16|Russell, Madison|13|2006|BTSC|Ontario|2019-02-01|2019 Huronia SC Regional Championships|2:46.59|527
17|Bergman, Tuesday Astrid|13|2005|ESWIM|Ontario|2018-11-11|2018 Age Group International SC|2:46.77|525
18|Soucy, Mathylde|13|2005|UL|Québec|2018-12-16|Invitation Provinciale des fêtes avec épreuves Ho! Ho! Eau Libre|2:47.07|522
19|Fedderson, Kathryn|13|2005|UCSC|Alberta|2018-12-08|Youth Cup|2:47.16|521
20|Michaud, Élisabeth|13|2005|CNSL|Québec|2018-11-11|Festival provincial par équipe section 5 - Nord|2:47.52|518
21|Revenberg, Grace|13|2005|COMOX|British Columbia|2019-01-26|Vancouver Island Regional SC Championships|2:48.03|513
22|Lepage, Alexanne|13|2005|VKSC|British Columbia|2018-12-15|26th Annual MJB Law Classic SCM|2:48.09|513
23|Clayton, Kate|13|2005|OSC|Alberta|2018-12-16|JP Fiset Invitational|2:48.28|511
23|Peng, Amaris|13|2005|LAC|Ontario|2019-02-16|2019 Ontario Winter Festival Championships|2:48.28|511
25|wang, yunzhe|13|2005|TSC|Ontario|2018-12-08|Youth Cup|2:48.37|510
26|Yalikun, Nafeisha|13|2005|ESWIM|Ontario|2019-01-13|2019 Etobicoke A-B Meet|2:48.65|508
27|Calovini, Sophia|13|2005|STARS|Ontario|2018-11-04|2018 Barrie Aquafest|2:48.69|507
28|Tancon, Tiffany|13|2005|HYACK|British Columbia|2018-12-08|Youth Cup|2:48.75|507
29|Kovaluk, Alexia|13|2005|NN|Québec|2018-11-30|Neptune International (CSPO 25m)|2:48.85|506
29|Bouskill, Holland|13|2005|CSLA|Québec|2019-06-28|Championnat provincial groupe d'âge AA d'été - Ouest|2:48.85|506
31|Ho, Antonia|13|2005|NKB|Ontario|2019-02-03|2019 Eastern Ontario Regional Championships (SC/LC)|2:49.21|502
32|Nardelli, Emma|13|2005|CAMO|Québec|2018-12-10|Invitation provinciale AA-AAA Noël + Développement 11-12 ans CAMO|2:49.31|502
33|Kolesnik, Hannah|13|2005|OSHAC|Ontario|2018-12-08|Invitation Provinciale AA-AAA Pointe-Claire 2018|2:49.41|501
34|Boyd, Trinity|13|2005|ESWIM|Ontario|2018-12-21|2018 Trillium Cup|2:49.44|500
35|Rice, Ariana|13|2005|WAC|Ontario|2019-02-16|2019 Ontario Winter Festival Championships|2:49.56|499
36|Lee, Katherine|13|2004|MAC|Ontario|2018-11-02|NYAC Cup|2:49.93|496
37|Miville Rodrigue, Madayson|13|2005|SHER|Québec|2019-06-28|Championnat provincial groupe d'âge AA d'été - section Est|2:50.06|495
38|Corsaro, Angela|13|2005|EKSC|Alberta|2018-10-27|Cascade Speed Meet|2:50.15|494
39|Beggs, Emma|13|2005|ISS|Ontario|2019-02-16|2019 Ontario Winter Festival Championships|2:50.29|493
40|Mercier, Juliette|13|2005|SWAT|Nova Scotia|2018-12-14|Age Group Development Meet|2:50.42|492
41|Couture, Elle|13|2004|SLN|Alberta|2018-10-26|Tim Horton's Fall Invitational 2018|2:50.53|491
42|Jansen, Ella|13|2005|BAD|Ontario|2018-11-25|Alex Baumann Invitational|2:50.62|490
43|Pittock, Rebecca|13|2005|ISS|Ontario|2019-02-16|2019 Ontario Winter Festival Championships|2:50.63|490
44|Yang, Jenna|13|2005|RHAC|Ontario|2019-02-16|2019 Ontario Winter Festival Championships|2:50.65|490
45|Lakusta, Jaime|13|2005|RIP|Alberta|2018-12-16|JP Fiset Invitational|2:50.70|489
46|Le, Christine|13|2005|CAMO|Québec|2018-11-04|Festival provincial par équipe section 1|2:50.79|489
47|Gauthier, Maeva|13|2005|TORP|Québec|2019-02-23|Championnat provincial groupe d'âge AA d'hiver - section Ouest|2:50.97|487
48|Lemieux, Anna|13|2005|ELITE|Québec|2019-02-23|Championnat provincial groupe d'âge AA d'hiver - section Est|2:51.05|486
49|Finlin, Emma|13|2005|EKSC|Alberta|2018-12-09|16th Annual XMAS Cracker Invitational|2:51.22|485
50|Farnood, Eila|13|2005|TSC|Ontario|2018-12-08|Youth Cup|2:51.23|485