RANK|AGES|CLUB|TEAM|PROVINCE|DATE|MEET|TIME|FINA
1|13 - 13|Etobicoke Swim Club|ESWIMA|Ontario|2019-02-16|2019 Ontario Winter Festival Championships|4:29.00|586
2|13 - 13|Etobicoke Swim Club|ESWIMB|Ontario|2019-02-16|2019 Ontario Winter Festival Championships|4:38.22|530
3|13 - 13|Granite Gators|GGST A|Ontario|2019-02-16|2019 Ontario Winter Festival Championships|4:39.23|524
4|13 - 13|North York Aquatic Club|NYAC A|Ontario|2019-02-16|2019 Ontario Winter Festival Championships|4:45.78|489
5|13 - 13|Scarborough Swim Club|SCAR A|Ontario|2019-02-16|2019 Ontario Winter Festival Championships|4:46.64|484
6|13 - 13|Oakville Aquatic Club|OAK A|Ontario|2019-02-16|2019 Ontario Winter Festival Championships|4:51.11|462
7|13 - 13|Barrie Trojan Swim Club|BTSC A|Ontario|2019-02-16|2019 Ontario Winter Festival Championships|4:54.35|447
8|13 - 13|Swim Ottawa|SWOTTA|Ontario|2019-02-16|2019 Ontario Winter Festival Championships|4:54.43|447
9|13 - 13|Cobra Swim Club|COBR C|Ontario|2018-11-30|Neptune International (CSPO 25m)|5:05.76|399
10|13 - 13|Club Nautilus de Matane|CNM A|Québec|2019-06-28|Championnat provincial groupe d'âge AA d'été - section Est|5:06.72|395
11|13 - 13|Barracudas de Gaspé|BG A|Québec|2019-02-22|Championnat provincial groupe d'âge AA d'hiver - section Est|5:10.43|381
12|13 - 13|Wilmot Aquatic Aces|WAAC A|Ontario|2018-11-18|Expressway Lincoln Fall Invitational|5:20.33|347
13|13 - 13|É.N. St-Lambert|BLUE B|Québec|2018-11-03|Festival provincial par équipe section 3|5:20.68|346
14|13 - 13|Nepean Kanata Barracudas|NKB A|Ontario|2018-11-30|Neptune International (CSPO 25m)|5:21.81|342
15|13 - 13|Beaconsfield Bluefins|BBF A|Québec|2019-04-07|Défi Australien - Australian Challenge|5:39.97|290
16|13 - 13|C.N. St-Laurent|CNSL A|Québec|2019-04-07|Défi Australien - Australian Challenge|5:47.63|271
17|13 - 13|Belleville Beast Swim Team|BYST B|Ontario|2018-11-24|BYST Fall Invitational|5:48.10|270
18|13 - 13|Region Of Waterloo Swim Club|ROW B|Ontario|2018-11-18|Expressway Lincoln Fall Invitational|6:25.20|199
19|13 - 13|C.N. Mont-Laurier|CNML C|Québec|2018-11-10|Festival provincial par équipe section 5 - Ouest|6:43.51|173