RANK|ATHLETES|AGE|YOB|CLUB|PROVINCE|DATE|MEET|TIME|FINA
1|Daley, Elan|13|2005|ESWIM|Ontario|2018-12-16|Ontario Junior International|55.82|758
2|Stannard, Camryn|13|2004|NRST|British Columbia|2018-11-09|ISC 2018 Bennett Cup|57.74|685
3|Gao, Emma|13|2005|MAC|Ontario|2018-12-16|Ontario Junior International|58.42|661
4|Courtemanche, Anaee|13|2005|TORP|Québec|2018-11-02|Festival provincial par équipe section 3|58.63|654
5|Lee, Sophia|13|2006|BORC|Ontario|2019-04-28|2019 Ontario Team Challenge|58.70|652
6|Wen, Eva|13|2004|HYACK|British Columbia|2018-10-13|PSW Fall Invitational|58.78|649
7|Jacques, Madisen|13|2005|HYACK|British Columbia|2018-12-09|Youth Cup|58.81|648
8|McKenzie, Teagan|13|2004|UCSC|Alberta|2018-12-08|Youth Cup|58.84|647
9|Burton, Bridget|13|2005|DST|British Columbia|2019-01-27|Vancouver Island Regional SC Championships|59.12|638
10|Chen, Sophia|13|2005|MST~|Ontario|2019-06-05|Mallards June In House Competition|59.19|636
11|Tomic, Nika|13|2005|ESWIM|Ontario|2019-02-17|2019 Ontario Winter Festival Championships|59.21|635
12|Jansen, Ella|13|2005|BAD|Ontario|2019-02-17|2019 Ontario Winter Festival Championships|59.49|626
13|Brousseau, Julie|13|2006|SWOTT|Ontario|2019-02-02|2019 Eastern Ontario Regional Championships (SC/LC)|59.57|624
14|McAleer, Quinn|13|2005|CP|Alberta|2018-11-17|KSC SC Invitational 2018|59.67|621
15|Williams, Abigail|13|2004|SJL|Newfoundland|2018-11-24|2018 Mount Pearl Marlins 3rd Annual Sink or Swim Invitiational|59.72|619
16|Sava, Helen Anne|13|2005|RAMAC|Ontario|2019-01-12|2019 Etobicoke A-B Meet|59.77|617
17|Mercure, Élodie|13|2005|MEGO|Québec|2018-11-09|Festival provincial par équipe section 2|59.87|614
18|Thomas, Haley|13|2005|CW|Ontario|2018-11-18|Expressway Lincoln Fall Invitational|59.96|612
19|Sheng, Jessica|13|2006|MAC|Ontario|2019-04-28|2019 Ontario Team Challenge|1:00.02|610
20|Dailloux, Norah|13|2005|CNQ|Québec|2018-12-09|Défi Nez-Rouge 2018|1:00.09|608
21|Ménard, Justine|13|2005|NN|Québec|2018-11-02|Festival provincial par équipe section 1|1:00.17|605
22|Raymond, Victoria|13|2005|ESWIM|Ontario|2018-12-21|2018 Trillium Cup|1:00.26|603
23|Yalikun, Nafeisha|13|2005|ESWIM|Ontario|2018-12-21|2018 Trillium Cup|1:00.28|602
24|Howse, Olivia|13|2005|EVDSC|British Columbia|2019-06-20|EVDSC June Time Trial|1:00.34|600
25|Peterson, Mackenzie|13|2005|TSC|Ontario|2018-12-09|Border City Invitational|1:00.42|598
26|Fournier, Léa|13|2005|RL|Québec|2018-12-09|Défi Nez-Rouge 2018|1:00.43|597
27|Bensebaa, Leticia|13|2005|GO|Ontario|2018-12-09|Gatineau Grand Prix|1:00.73|589
27|Mendiola, Chloe|13|2005|MAC|Ontario|2018-12-09|Gatineau Grand Prix|1:00.73|589
29|Clarke, Emma|13|2005|LSC|Ontario|2018-12-08|Dash for Cash|1:00.82|586
30|Dion, Mélina|13|2004|PCSC|Québec|2018-11-02|Festival provincial par équipe section 1|1:00.90|584
30|Nixon, Talia|13|2005|FAST|New Brunswick|2019-02-03|NB Open Cup - Coupe NB|1:00.90|584
32|Wieclawek, Blythe|13|2005|CATS|Ontario|2019-02-01|2019 Huronia SC Regional Championships|1:01.05|579
33|Emon, Megan|13|2005|PERTH|Ontario|2018-12-09|Gatineau Grand Prix|1:01.07|579
34|Campbell, Lauren|13|2005|LAC|Ontario|2018-11-25|LAC - Nothers Fall Invitational|1:01.09|578
35|Blake, Mikaela|13|2005|SCAR|Ontario|2019-04-28|2019 Ontario Team Challenge|1:01.15|577
36|Weiss-Reid, Beatrice|13|2005|GO|Ontario|2018-12-09|Gatineau Grand Prix|1:01.16|576
37|Manning, Brooke|13|2005|GGST|Ontario|2018-10-19|Downtown Sprint Meet|1:01.25|574
38|Sammut, Abigail|13|2005|ESWIM|Ontario|2018-10-14|2018 Hall of Fame Meet|1:01.33|571
39|Ponce de Leon, Mariana|13|2005|UVPCS|British Columbia|2019-01-27|Vancouver Island Regional SC Championships|1:01.38|570
40|Shostko-Datch, Yuliya|13|2005|NN|Québec|2018-11-30|Neptune International (CSPO 25m)|1:01.39|570
41|Angus, Devon|13|2005|CASC|Alberta|2018-10-28|Cascade Speed Meet|1:01.49|567
42|Greber, Jordan|13|2006|GPP|Alberta|2019-06-23|Summer Sizzler|1:01.51|566
43|Robertson, Joanna|13|2005|RIP|Alberta|2018-10-28|Cascade Speed Meet|1:01.54|566
43|Zhang, Yolanda|13|2005|SKSC|British Columbia|2019-01-26|SKSC Winter Fest|1:01.54|566
45|Roy, Émy|13|2005|RL|Québec|2018-11-02|Festival provincial par équipe section 3|1:01.55|565
46|Barrette, Rosie|13|2005|TORP|Québec|2019-02-23|Championnat provincial groupe d'âge AA d'hiver - section Ouest|1:01.56|565
47|Besner, Kaitlyn|13|2005|PCSC|Québec|2018-12-08|Invitation Provinciale AA-AAA Pointe-Claire 2018|1:01.61|564
48|Michaud, Eve|13|2004|CASE|Québec|2018-11-09|Festival provincial par équipe section 2|1:01.63|563
48|Scott Bouris, Naeva|13|2004|UVPCS|British Columbia|2018-10-20|2018 OCTOBER SENIOR CIRCUIT|1:01.63|563
50|Morgan, Hannah|13|2005|BAD|Ontario|2018-11-23|Alex Baumann Invitational|1:01.68|562