RANK|ATHLETES|AGE|YOB|CLUB|PROVINCE|DATE|MEET|TIME|FINA
1|Vézina, Corinne|13|2004|ELITE|Québec|2018-11-02|Festival provincial par équipe section 1|33.37|632
2|Daley, Elan|13|2005|ESWIM|Ontario|2018-10-14|2018 Hall of Fame Meet|34.26|584
3|Corrigan, Meagan|13|2005|KAJ|British Columbia|2018-12-14|26th Annual MJB Law Classic SCM|34.31|581
4|Francis, Claire|13|2004|EKSC|Alberta|2018-12-15|JP Fiset Invitational|34.34|580
5|Bugbee, Emily|13|2005|UCSC|Alberta|2019-07-14|UCSC Western Finale|34.41|576
6|Esson, Summer|13|2005|CVAC|New Brunswick|2019-02-03|NB Open Cup - Coupe NB|34.53|570
7|Stannard, Camryn|13|2004|NRST|British Columbia|2018-11-11|ISC 2018 Bennett Cup|34.59|567
8|Dailloux, Norah|13|2005|CNQ|Québec|2018-12-09|Défi Nez-Rouge 2018|34.69|562
9|Barber, Tess|13|2005|MAVS|Alberta|2018-10-28|Cascade Speed Meet|34.74|560
10|Ercoli, Cassandra|13|2004|DDO|Québec|2018-12-01|Neptune International (CSPO 25m)|34.85|555
11|Van Der Griend, Anouk|13|2005|PCSC|Québec|2018-11-02|Festival provincial par équipe section 1|34.98|548
12|Johnson, Lydia|13|2005|EKSC|Alberta|2018-12-07|16th Annual XMAS Cracker Invitational|35.03|546
13|Brousseau, Julie|13|2006|SWOTT|Ontario|2019-02-01|2019 Eastern Ontario Regional Championships (SC/LC)|35.06|545
14|Cannings, Kamryn|13|2005|UCSC|Alberta|2019-06-21|UCSC Team Champs|35.08|544
15|Calovini, Sophia|13|2005|STARS|Ontario|2018-11-04|2018 Barrie Aquafest|35.23|537
16|Couture, Elle|13|2004|SLN|Alberta|2018-10-21|Fall Challenge|35.28|534
17|Soucy, Mathylde|13|2005|UL|Québec|2018-12-14|Invitation Provinciale des fêtes avec épreuves Ho! Ho! Eau Libre|35.36|531
18|Jeon, So Hyun|13|2005|CDNDG|Québec|2018-11-09|Festival provincial par équipe section 4|35.42|528
19|Chen, Amber|13|2005|MAC|Ontario|2019-04-28|2019 Ontario Team Challenge|35.66|518
20|McAleer, Quinn|13|2005|CP|Alberta|2018-11-18|KSC SC Invitational 2018|35.68|517
21|Campbell, Lauren|13|2005|LAC|Ontario|2018-11-23|LAC - Nothers Fall Invitational|35.77|513
22|Furmanic, Ana|13|2005|GOLD|Saskatchewan|2018-12-15|ManSask Championships Short Course Open Championships|35.85|509
23|Arnott, Grace|13|2005|CP|Alberta|2019-02-01|UCSC Grand Prix|35.86|509
24|Dufour, Anaëlle|13|2005|CNJA|Québec|2018-11-02|Festival provincial par équipe section 5 - Est|35.87|509
25|Michaud, Eve|13|2004|CASE|Québec|2018-11-09|Festival provincial par équipe section 2|35.89|508
26|Ho, Antonia|13|2005|NKB|Ontario|2019-02-01|2019 Eastern Ontario Regional Championships (SC/LC)|35.93|506
27|Kovaluk, Alexia|13|2005|NN|Québec|2018-12-01|Neptune International (CSPO 25m)|35.99|503
28|Chiumera, Alivia|13|2005|SWOTT|Ontario|2019-02-01|2019 Eastern Ontario Regional Championships (SC/LC)|36.09|499
29|Revenberg, Grace|13|2005|COMOX|British Columbia|2018-12-07|16th Annual XMAS Cracker Invitational|36.13|498
30|Lakusta, Jaime|13|2005|RIP|Alberta|2018-12-15|JP Fiset Invitational|36.20|495
31|Suntoke, Farha|13|2005|MSSAC|Ontario|2018-12-01|Neptune International (CSPO 25m)|36.37|488
32|Skula, Amila|13|2005|CREST|Ontario|2018-11-10|2018 Age Group International SC|36.42|486
32|Fedderson, Kathryn|13|2005|UCSC|Alberta|2018-10-20|UCSC Fall Start Up|36.42|486
34|Sprogis, Ava|13|2005|DUCKS|Ontario|2018-11-10|2018 Age Group International SC|36.45|485
35|Chen, Jemimah|13|2005|WSC|British Columbia|2019-01-20|Canadian Dolphin New Years Invitational 2019|36.49|483
35|Kennedy-Munsterman, Matraca|13|2005|DUCKS|Ontario|2019-04-28|2019 Ontario Team Challenge|36.49|483
37|Yalikun, Nafeisha|13|2005|ESWIM|Ontario|2018-10-14|2018 Hall of Fame Meet|36.56|480
38|Ewashko, Anika|13|2005|FMSC|Alberta|2018-12-15|JP Fiset Invitational|36.57|480
39|Nardelli, Emma|13|2005|CAMO|Québec|2018-11-02|Festival provincial par équipe section 1|36.58|479
40|Dobry, Montana|13|2005|NCSA|Alberta|2019-03-10|Silver Tide Invitational|36.64|477
41|Peng, Amaris|13|2005|LAC|Ontario|2019-02-02|2019 Western Region SC Champs|36.67|476
42|Clarke, Emma|13|2005|LSC|Ontario|2018-11-09|Swim International 2018|36.75|473
43|Rice, Ariana|13|2005|WAC|Ontario|2018-12-09|Border City Invitational|36.77|472
44|Légère, Chloé|13|2005|ELITE|Québec|2018-11-02|Festival provincial par équipe section 1|36.83|470
45|Maryschak, Gracie|13|2005|LOSC|British Columbia|2019-06-15|June 2019 Time Trial|36.97|464
46|Luberti, Fiona|13|2005|GMAC|Ontario|2019-02-02|2019 Western Region SC Champs|36.99|464
47|Mercure, Élodie|13|2005|MEGO|Québec|2018-10-13|Coupe d'automne 2018|37.00|463
48|Corsaro, Angela|13|2005|EKSC|Alberta|2018-10-28|Cascade Speed Meet|37.04|462
49|Mercier, Juliette|13|2005|SWAT|Nova Scotia|2018-12-16|Age Group Development Meet|37.12|459
50|Wiman, Kodi|13|2005|KAJ|British Columbia|2018-11-17|2018 KAJ Fall Classic|37.15|458