RANK|AGES|CLUB|TEAM|PROVINCE|DATE|MEET|TIME|FINA
1|13 - 13|Fredericton Aquanauts Swim Team|FAST E|New Brunswick|2019-01-19|Distance Qualifier 2019|10:23.84|382
2|13 - 13|Wilmot Aquatic Aces|WAAC A|Ontario|2018-11-16|Expressway Lincoln Fall Invitational|10:25.57|379
3|13 - 13|Sussex Swordfish|SWRD D|New Brunswick|2019-04-28|Ellen Waters Memorial Meet|10:52.84|333
4|13 - 13|Les Espadons|LES B|New Brunswick|2019-04-28|Ellen Waters Memorial Meet|12:01.26|247
5|13 - 13|Region Of Waterloo Swim Club|ROW A|Ontario|2018-11-16|Expressway Lincoln Fall Invitational|12:30.24|219