RANK|ATHLETES|AGE|YOB|CLUB|PROVINCE|DATE|MEET|TIME|FINA
1|Daley, Elan|13|2005|ESWIM|Ontario|2019-01-12|2019 Etobicoke A-B Meet|2:18.45|681
2|Jacques, Madisen|13|2005|HYACK|British Columbia|2018-12-08|Youth Cup|2:22.04|631
3|Raymond, Victoria|13|2005|ESWIM|Ontario|2018-12-21|2018 Trillium Cup|2:24.00|606
4|Yalikun, Nafeisha|13|2005|ESWIM|Ontario|2018-12-21|2018 Trillium Cup|2:24.62|598
5|Gao, Emma|13|2005|MAC|Ontario|2018-11-03|NYAC Cup|2:24.81|595
6|Sava, Helen Anne|13|2005|RAMAC|Ontario|2019-01-12|2019 Etobicoke A-B Meet|2:24.87|595
7|Lee, Sophia|13|2006|BORC|Ontario|2019-04-26|2019 Ontario Team Challenge|2:24.91|594
8|Vézina, Corinne|13|2004|ELITE|Québec|2018-11-02|Festival provincial par équipe section 1|2:25.30|589
9|Tomic, Nika|13|2005|ESWIM|Ontario|2019-01-12|2019 Etobicoke A-B Meet|2:25.74|584
10|McKenzie, Teagan|13|2004|UCSC|Alberta|2018-10-27|Cascade Speed Meet|2:26.15|579
11|Chen, Jemimah|13|2005|WSC|British Columbia|2019-01-18|Canadian Dolphin New Years Invitational 2019|2:26.26|578
12|Glowinski, Madelyn|13|2005|OAK|Ontario|2018-12-08|Youth Cup|2:26.86|571
13|Stannard, Camryn|13|2004|NRST|British Columbia|2018-10-27|2018 NRST Fall Invitational|2:26.92|570
14|O'Regan, Bailey|13|2006|ESWIM|Ontario|2019-02-17|2019 Ontario Winter Festival Championships|2:27.38|565
15|Jansen, Ella|13|2005|BAD|Ontario|2018-11-25|Alex Baumann Invitational|2:27.46|564
16|Bensebaa, Leticia|13|2005|GO|Ontario|2018-12-08|Gatineau Grand Prix|2:28.08|557
17|Sheng, Jessica|13|2006|MAC|Ontario|2019-04-26|2019 Ontario Team Challenge|2:28.35|554
18|Blake, Mikaela|13|2005|SCAR|Ontario|2019-04-26|2019 Ontario Team Challenge|2:28.46|553
19|Chen, Amber|13|2005|MAC|Ontario|2019-04-26|2019 Ontario Team Challenge|2:28.58|551
20|Sammut, Abigail|13|2005|ESWIM|Ontario|2019-02-17|2019 Ontario Winter Festival Championships|2:28.65|550
21|Gulyas, Greta|13|2005|RAMAC|Ontario|2018-11-09|2018 Age Group International SC|2:29.06|546
22|Canamo, Samantha|13|2005|NYAC|Ontario|2019-02-17|2019 Ontario Winter Festival Championships|2:29.25|544
23|Peterson, Mackenzie|13|2005|TSC|Ontario|2018-12-08|Border City Invitational|2:29.28|543
24|Brousseau, Julie|13|2006|SWOTT|Ontario|2019-02-01|2019 Eastern Ontario Regional Championships (SC/LC)|2:29.42|542
25|Manning, Brooke|13|2005|GGST|Ontario|2018-12-08|Gatineau Grand Prix|2:29.70|539
26|Yao, Angel|13|2006|WSC|British Columbia|2019-01-18|Canadian Dolphin New Years Invitational 2019|2:30.17|534
27|Tancon, Tiffany|13|2005|HYACK|British Columbia|2019-01-12|2019 Hyack Icebreaker Classic|2:30.21|533
28|Wen, Eva|13|2004|HYACK|British Columbia|2018-10-14|PSW Fall Invitational|2:30.48|531
29|Wenger, Summer|13|2005|CRKW|British Columbia|2018-12-07|16th Annual XMAS Cracker Invitational|2:30.63|529
30|Furmanic, Ana|13|2005|GOLD|Saskatchewan|2018-12-13|ManSask Championships Short Course Open Championships|2:30.74|528
31|Soetaert, Leah|13|2005|EVDSC|British Columbia|2019-05-11|Fast & Furious Invitational|2:30.80|527
32|Sheridan, Lily|13|2005|TSC|Ontario|2018-11-03|NYAC Cup|2:30.93|526
33|Coolen, Meredith|13|2005|MSSAC|Ontario|2018-12-02|Neptune International (CSPO 25m)|2:31.05|525
34|Vadeika, Robin|13|2005|USC|Ontario|2019-02-17|2019 Ontario Winter Festival Championships|2:31.07|524
35|Esson, Summer|13|2005|CVAC|New Brunswick|2019-02-01|NB Open Cup - Coupe NB|2:31.09|524
36|Jerodico, Mary Rose|13|2004|SPART|British Columbia|2018-11-04|LOSC 12th Annual Short Course Invitational|2:31.47|520
37|Clarke, Emma|13|2005|LSC|Ontario|2018-12-07|Dash for Cash|2:31.51|520
38|Campbell, Lauren|13|2005|LAC|Ontario|2018-11-10|LAC Fall Time Trial - Part 2|2:31.59|519
39|Francis, Claire|13|2004|EKSC|Alberta|2018-12-15|JP Fiset Invitational|2:31.71|518
40|Courtemanche, Anaee|13|2005|TORP|Québec|2018-12-09|Invitation Provinciale AA-AAA Pointe-Claire 2018|2:31.81|517
41|Schroeder, Katelyn|13|2005|LOSC|British Columbia|2018-12-07|16th Annual XMAS Cracker Invitational|2:31.84|516
42|Mercure, Élodie|13|2005|MEGO|Québec|2018-12-09|Invitation Provinciale AA-AAA Pointe-Claire 2018|2:32.00|515
42|Borges, Alyse|13|2005|SCAR|Ontario|2019-04-26|2019 Ontario Team Challenge|2:32.00|515
44|Lepage, Alexanne|13|2005|VKSC|British Columbia|2018-12-14|26th Annual MJB Law Classic SCM|2:32.09|514
45|Burton, Bridget|13|2005|DST|British Columbia|2018-12-14|Rapids Fast-Swim Classic|2:32.25|512
46|Clayton, Kate|13|2005|OSC|Alberta|2018-12-15|JP Fiset Invitational|2:32.36|511
47|Chen, Sophia|13|2005|MST~|Ontario|2018-11-04|2018 BAD Fall Invitational|2:32.40|511
48|Ryan, Kate|13|2005|GGST|Ontario|2018-12-08|Gatineau Grand Prix|2:32.48|510
49|Calovini, Sophia|13|2005|STARS|Ontario|2018-11-30|2018 Union Cup|2:32.51|510
50|Maryschak, Gracie|13|2005|LOSC|British Columbia|2018-12-07|16th Annual XMAS Cracker Invitational|2:32.57|509