RANK|ATHLETES|AGE|YOB|CLUB|PROVINCE|DATE|MEET|TIME|FINA
1|Vézina, Corinne|13|2004|ELITE|Québec|2018-11-03|Festival provincial par équipe section 1|1:12.88|626
2|Corrigan, Meagan|13|2005|KAJ|British Columbia|2018-12-16|26th Annual MJB Law Classic SCM|1:13.98|598
3|Stannard, Camryn|13|2004|NRST|British Columbia|2018-11-10|ISC 2018 Bennett Cup|1:14.07|596
4|Brousseau, Julie|13|2006|SWOTT|Ontario|2019-02-02|2019 Eastern Ontario Regional Championships (SC/LC)|1:14.12|595
5|Campbell, Lauren|13|2005|LAC|Ontario|2019-02-17|2019 Ontario Winter Festival Championships|1:14.48|586
6|Chen, Amber|13|2005|MAC|Ontario|2019-02-17|2019 Ontario Winter Festival Championships|1:14.51|586
7|Francis, Claire|13|2004|EKSC|Alberta|2018-12-14|JP Fiset Invitational|1:15.52|563
8|Barber, Tess|13|2005|MAVS|Alberta|2018-10-26|Cascade Speed Meet|1:15.61|561
9|Bugbee, Emily|13|2005|UCSC|Alberta|2018-12-09|Youth Cup|1:15.73|558
10|Albert, Kaelyn|13|2005|SSAT|Ontario|2019-02-03|Dave Kensit Memorial SC Championship|1:15.81|556
11|Jeon, So Hyun|13|2005|CDNDG|Québec|2018-11-10|Festival provincial par équipe section 4|1:16.42|543
12|Soucy, Mathylde|13|2005|UL|Québec|2018-12-08|Défi Nez-Rouge 2018|1:16.47|542
13|Yalikun, Nafeisha|13|2005|ESWIM|Ontario|2018-12-22|2018 Trillium Cup|1:16.57|540
14|Fedderson, Kathryn|13|2005|UCSC|Alberta|2018-12-09|Youth Cup|1:16.84|534
15|Michaud, Élisabeth|13|2005|CNSL|Québec|2018-12-09|Invitation provinciale des fêtes CSLA|1:17.12|528
16|Daley, Elan|13|2005|ESWIM|Ontario|2018-11-09|2018 Age Group International SC|1:17.16|527
17|Maryschak, Gracie|13|2005|LOSC|British Columbia|2018-12-08|16th Annual XMAS Cracker Invitational|1:17.24|526
18|Calovini, Sophia|13|2005|STARS|Ontario|2018-11-03|2018 Barrie Aquafest|1:17.29|525
18|Revenberg, Grace|13|2005|COMOX|British Columbia|2019-01-25|Vancouver Island Regional SC Championships|1:17.29|525
20|Ho, Antonia|13|2005|NKB|Ontario|2019-02-02|2019 Eastern Ontario Regional Championships (SC/LC)|1:17.36|523
21|Clayton, Kate|13|2005|OSC|Alberta|2018-12-14|JP Fiset Invitational|1:17.51|520
22|Furmanic, Ana|13|2005|GOLD|Saskatchewan|2018-12-16|ManSask Championships Short Course Open Championships|1:17.56|519
23|Chen, Jemimah|13|2005|WSC|British Columbia|2018-12-15|Rapids Fast-Swim Classic|1:17.67|517
24|Arnott, Grace|13|2005|CP|Alberta|2019-01-19|Pugsley's Plunge 2019|1:17.72|516
25|Johnson, Lydia|13|2005|EKSC|Alberta|2019-01-19|Blue Bears 2019|1:17.73|516
26|Kovaluk, Alexia|13|2005|NN|Québec|2018-12-09|Invitation Provinciale AA-AAA Pointe-Claire 2018|1:17.76|515
27|Jerodico, Mary Rose|13|2004|SPART|British Columbia|2018-11-03|LOSC 12th Annual Short Course Invitational|1:17.80|514
28|wang, yunzhe|13|2005|TSC|Ontario|2018-12-09|Youth Cup|1:18.15|508
29|Sheridan, Lily|13|2005|TSC|Ontario|2019-02-17|2019 Ontario Winter Festival Championships|1:18.18|507
30|Gao, Emma|13|2005|MAC|Ontario|2018-11-04|NYAC Cup|1:18.21|506
31|Ponce de Leon, Mariana|13|2005|UVPCS|British Columbia|2019-01-25|Vancouver Island Regional SC Championships|1:18.23|506
32|Russell, Madison|13|2006|BTSC|Ontario|2019-02-02|2019 Huronia SC Regional Championships|1:18.24|506
33|Van Der Griend, Anouk|13|2005|PCSC|Québec|2018-12-09|Invitation Provinciale AA-AAA Pointe-Claire 2018|1:18.52|500
34|Bergman, Tuesday Astrid|13|2005|ESWIM|Ontario|2018-10-27|Gus Ryder Memorial Cup|1:18.57|499
35|Shostko-Datch, Yuliya|13|2005|NN|Québec|2018-12-02|Neptune International (CSPO 25m)|1:18.90|493
36|Kolesnik, Hannah|13|2005|OSHAC|Ontario|2018-12-09|Invitation Provinciale AA-AAA Pointe-Claire 2018|1:18.92|493
37|Mercure, Élodie|13|2005|MEGO|Québec|2018-12-09|Invitation Provinciale AA-AAA Pointe-Claire 2018|1:18.95|492
38|Nardelli, Emma|13|2005|CAMO|Québec|2018-12-08|Invitation provinciale AA-AAA Noël + Développement 11-12 ans CAMO|1:18.98|492
39|Esson, Summer|13|2005|CVAC|New Brunswick|2019-02-02|NB Open Cup - Coupe NB|1:19.03|491
40|Rice, Ariana|13|2005|WAC|Ontario|2019-02-17|2019 Ontario Winter Festival Championships|1:19.06|490
41|Jacques, Madisen|13|2005|HYACK|British Columbia|2018-12-15|Rapids Fast-Swim Classic|1:19.19|488
42|O'Regan, Bailey|13|2006|ESWIM|Ontario|2019-02-17|2019 Ontario Winter Festival Championships|1:19.20|488
43|Dobry, Montana|13|2005|NCSA|Alberta|2019-03-08|Silver Tide Invitational|1:19.22|487
44|Couture, Elle|13|2004|SLN|Alberta|2018-10-20|Fall Challenge|1:19.30|486
45|Bouskill, Holland|13|2005|CSLA|Québec|2019-06-30|Championnat provincial groupe d'âge AA d'été - Ouest|1:19.31|486
46|Hargadon, Gwyneth|13|2005|SWOTT|Ontario|2019-02-02|2019 Eastern Ontario Regional Championships (SC/LC)|1:19.33|485
47|Peng, Amaris|13|2005|LAC|Ontario|2019-02-17|2019 Ontario Winter Festival Championships|1:19.40|484
48|Gauthier, Maeva|13|2005|TORP|Québec|2019-02-24|Championnat provincial groupe d'âge AA d'hiver - section Ouest|1:19.55|481
49|Canamo, Samantha|13|2005|NYAC|Ontario|2018-12-09|Youth Cup|1:19.58|481
49|McAleer, Quinn|13|2005|CP|Alberta|2018-11-17|KSC SC Invitational 2018|1:19.58|481