RANK|ATHLETES|AGE|YOB|CLUB|PROVINCE|DATE|MEET|TIME|FINA
1|Jacques, Madisen|13|2005|HYACK|British Columbia|2019-06-08|Knights June Jamboree 2019|2:17.80|653
2|Sava, Helen Anne|13|2005|RAMAC|Ontario|2019-02-17|2019 Ontario Winter Festival Championships|2:18.40|645
3|Yao, Angel|13|2006|WSC|British Columbia|2019-01-19|Canadian Dolphin New Years Invitational 2019|2:22.06|596
4|Gulyas, Greta|13|2005|RAMAC|Ontario|2018-11-23|Alex Baumann Invitational|2:23.73|576
5|Paridaen Van Veen, Mary|13|2005|DST|British Columbia|2019-01-25|Vancouver Island Regional SC Championships|2:24.18|570
6|Yalikun, Nafeisha|13|2005|ESWIM|Ontario|2018-11-09|2018 Age Group International SC|2:24.86|562
7|Raymond, Victoria|13|2005|ESWIM|Ontario|2019-02-17|2019 Ontario Winter Festival Championships|2:26.82|540
8|Ford, Kathryn|13|2005|ROCS|Ontario|2019-02-17|2019 Ontario Winter Festival Championships|2:27.38|534
9|Thompson, Mya|13|2005|ROD|Saskatchewan|2018-12-15|ManSask Championships Short Course Open Championships|2:28.11|526
10|Lord, Raphaëlle|13|2004|CNQ|Québec|2018-11-02|Festival provincial par équipe section 1|2:28.55|522
11|Tomic, Nika|13|2005|ESWIM|Ontario|2018-12-21|2018 Trillium Cup|2:28.91|518
12|Campbell, Lauren|13|2005|LAC|Ontario|2019-02-02|2019 Western Region SC Champs|2:29.82|508
13|Gamelo, Abbygail Janine|13|2005|AAC|Ontario|2018-12-09|Youth Cup|2:29.87|508
14|Lastovka, Mattea|13|2005|EKSC|Alberta|2019-01-19|Blue Bears 2019|2:29.94|507
15|Reich, Olivia|13|2005|STSC|Alberta|2018-12-14|JP Fiset Invitational|2:30.41|502
16|Michaud, Élisabeth|13|2005|CNSL|Québec|2018-12-08|Invitation provinciale des fêtes CSLA|2:30.55|501
17|Jerome, Abigail|13|2005|KAJ|British Columbia|2018-12-14|26th Annual MJB Law Classic SCM|2:30.58|501
18|Tancon, Tiffany|13|2005|HYACK|British Columbia|2018-12-09|Youth Cup|2:30.79|499
19|French, Hayley|13|2005|UCSC|Alberta|2018-12-09|Youth Cup|2:30.93|497
20|Chen, Jemimah|13|2005|WSC|British Columbia|2019-01-19|Canadian Dolphin New Years Invitational 2019|2:31.30|494
21|Masic, Ema|13|2005|ESWIM|Ontario|2018-12-09|Invitation Provinciale AA-AAA Pointe-Claire 2018|2:31.36|493
22|Bleakney, Lila|13|2006|GGST|Ontario|2019-02-17|2019 Ontario Winter Festival Championships|2:31.69|490
23|Dion, Mélina|13|2004|PCSC|Québec|2018-12-09|Invitation Provinciale AA-AAA Pointe-Claire 2018|2:31.75|489
24|Ryan, Kate|13|2005|GGST|Ontario|2018-12-09|Gatineau Grand Prix|2:31.77|489
25|Shostko-Datch, Yuliya|13|2005|NN|Québec|2018-11-02|Festival provincial par équipe section 1|2:32.44|483
26|Thomas, Haley|13|2005|CW|Ontario|2018-12-09|Invitation Provinciale AA-AAA Pointe-Claire 2018|2:32.51|482
27|Finlin, Emma|13|2005|EKSC|Alberta|2018-10-28|Cascade Speed Meet|2:32.68|480
28|Ricard, Florence|13|2005|RED|Québec|2018-11-02|Festival provincial par équipe section 3|2:33.04|477
29|Jansen, Ella|13|2005|BAD|Ontario|2018-12-15|Team Showdown 2018|2:33.24|475
30|Smith, Emily|13|2005|BRANT|Ontario|2019-02-17|2019 Ontario Winter Festival Championships|2:33.99|468
31|Maryschak, Gracie|13|2005|LOSC|British Columbia|2019-07-27|SKSC Summer Fest|2:34.04|468
32|Tong, Rachel|13|2005|HYACK|British Columbia|2019-01-12|2019 Hyack Icebreaker Classic|2:34.22|466
33|Firth, Brynn|13|2005|HANEY|British Columbia|2019-07-27|SKSC Summer Fest|2:34.41|464
34|Sang, Siporah|13|2005|LAC|Ontario|2019-02-17|2019 Ontario Winter Festival Championships|2:34.45|464
34|Bensebaa, Leticia|13|2005|GO|Ontario|2018-12-09|Gatineau Grand Prix|2:34.45|464
36|Nevins, Harper|13|2005|ISC|British Columbia|2018-12-09|Invitation Provinciale AA-AAA Pointe-Claire 2018|2:34.77|461
37|Fowler, Emma-Jane|13|2005|WAAC|Ontario|2019-05-05|Aqua 7 Finals|2:34.78|461
38|Tamagi, Avery|13|2005|HYACK|British Columbia|2018-11-09|2018 Brad Reid Memorial Invitational|2:34.89|460
39|Glowinski, Madelyn|13|2005|OAK|Ontario|2018-11-03|NYAC Cup|2:35.33|456
40|Albert, Kaelyn|13|2005|SSAT|Ontario|2018-12-08|Border City Invitational|2:35.38|456
41|Vadeika, Robin|13|2005|USC|Ontario|2019-02-09|Central Region B Champs 2019|2:35.43|455
42|wang, yunzhe|13|2005|TSC|Ontario|2018-11-03|NYAC Cup|2:35.72|453
43|Blake, Mikaela|13|2005|SCAR|Ontario|2019-04-27|2019 Ontario Team Challenge|2:36.14|449
44|Chouinard, Claudel|13|2005|RL|Québec|2018-12-08|Défi Nez-Rouge 2018|2:36.73|444
45|Murrin, Kailey|13|2005|MPM|Newfoundland|2018-11-23|2018 Mount Pearl Marlins 3rd Annual Sink or Swim Invitiational|2:36.83|443
46|Noseworthy, Emily|13|2005|SJL|Newfoundland|2018-11-23|2018 Mount Pearl Marlins 3rd Annual Sink or Swim Invitiational|2:36.84|443
47|Soetaert, Leah|13|2005|EVDSC|British Columbia|2019-05-12|Fast & Furious Invitational|2:37.02|442
48|Jacobson, Sarah|13|2005|VAC|Ontario|2019-02-17|2019 Ontario Winter Festival Championships|2:37.39|438
49|Cyr Bouchard, Cassandre|13|2005|NG|Québec|2019-02-22|Championnat provincial groupe d'âge AA d'hiver - section Ouest|2:37.63|436
50|Chong Ling, Riya|13|2005|COBRA|Ontario|2018-11-03|Newmarket Stingrays Fall Invitational|2:37.98|434