RANK|ATHLETES|AGE|YOB|CLUB|PROVINCE|DATE|MEET|TIME|FINA
1|Glowinski, Madelyn|13|2005|OAK|Ontario|2018-12-07|Youth Cup|1:07.59|623
2|Brousseau, Julie|13|2006|SWOTT|Ontario|2019-02-23|Swim 2 the beat|1:08.29|604
3|McKenzie, Teagan|13|2004|UCSC|Alberta|2018-10-20|UCSC Fall Start Up|1:08.48|599
4|Sheridan, Lily|13|2005|TSC|Ontario|2018-12-07|Youth Cup|1:09.25|579
5|Cannings, Kamryn|13|2005|UCSC|Alberta|2019-03-08|UCSC Team Champs|1:09.35|577
6|Kovaluk, Alexia|13|2005|NN|Québec|2018-12-01|Neptune International (CSPO 25m)|1:10.42|551
7|Thomas, Haley|13|2005|CW|Ontario|2018-11-18|Expressway Lincoln Fall Invitational|1:10.54|548
8|McAleer, Quinn|13|2005|CP|Alberta|2018-11-18|KSC SC Invitational 2018|1:10.76|543
9|Bugbee, Emily|13|2005|UCSC|Alberta|2019-03-08|UCSC Team Champs|1:11.01|537
10|Thompson, Mya|13|2005|ROD|Saskatchewan|2018-11-11|NCSA Fall Invitational 2018|1:11.05|536
11|Greber, Jordan|13|2006|GPP|Alberta|2019-06-23|Summer Sizzler|1:11.10|535
12|Barber, Tess|13|2005|MAVS|Alberta|2018-11-18|KSC SC Invitational 2018|1:11.16|534
13|Soetaert, Leah|13|2005|EVDSC|British Columbia|2019-04-27|EVDSC 2019 Annual Invitational Swim Meet|1:11.60|524
14|Bensebaa, Leticia|13|2005|GO|Ontario|2018-10-13|GO Kingfish Blue and Orange Pentathlon|1:11.91|517
15|Couture, Elle|13|2004|SLN|Alberta|2018-10-26|Tim Horton's Fall Invitational 2018|1:12.12|513
16|Furmanic, Ana|13|2005|GOLD|Saskatchewan|2018-11-03|BKSC Winter Classic Invitational|1:12.17|512
17|Wieclawek, Blythe|13|2005|CATS|Ontario|2018-12-01|2018 Union Cup|1:12.20|511
18|Dion, Mélina|13|2004|PCSC|Québec|2018-11-25|Bluefins- Invitation Provinciale 11 ans et plus|1:12.25|510
19|Van Der Griend, Anouk|13|2005|PCSC|Québec|2018-11-25|Bluefins- Invitation Provinciale 11 ans et plus|1:12.61|502
20|Nykoliation, Claire|13|2004|SCAR|Ontario|2018-10-12|MAC Fall Fest Invitational|1:12.64|502
20|Lemoyne, Marie-Hélène|13|2005|MEGO|Québec|2018-10-13|Coupe d'automne 2018|1:12.64|502
22|Young, Emma|13|2005|ELAC|Ontario|2018-12-07|Youth Cup|1:12.68|501
22|Housman, Eliza|13|2004|UCSC|Alberta|2018-10-20|UCSC Fall Start Up|1:12.68|501
24|Robertson, Joanna|13|2005|RIP|Alberta|2018-10-13|Canmore Pentathlon|1:12.70|500
25|Nixon, Talia|13|2005|FAST|New Brunswick|2018-12-01|Neptune International (CSPO 25m)|1:12.79|499
26|Besner, Kaitlyn|13|2005|PCSC|Québec|2018-11-25|Bluefins- Invitation Provinciale 11 ans et plus|1:12.93|496
27|Chouinard, Claudel|13|2005|RL|Québec|2019-04-27|Défi QNI AllTides|1:12.96|495
28|Bégin-Tremblay, Lily-Rose|13|2005|RL|Québec|2019-04-27|Défi QNI AllTides|1:12.98|495
29|THOMPSON, KAtie|13|2004|KSC|Alberta|2018-10-20|Fall Challenge|1:13.08|493
30|Butler, Leah|13|2005|CP|Alberta|2018-10-20|UCSC Fall Start Up|1:13.09|493
31|Emon, Megan|13|2005|PERTH|Ontario|2019-01-05|Perth Stingrays Mike Brown Meet|1:13.42|486
32|Mendiola, Chloe|13|2005|MAC|Ontario|2018-10-12|MAC Fall Fest Invitational|1:13.46|485
33|Moustgaard, Ella|13|2005|NKB|Ontario|2018-12-01|Neptune International (CSPO 25m)|1:13.64|482
34|LeRoy, Brynne|13|2005|TIDE|New Brunswick|2018-12-01|Neptune International (CSPO 25m)|1:13.66|481
35|Normand, Brianna|13|2005|NKB|Ontario|2018-12-01|Neptune International (CSPO 25m)|1:13.70|480
35|Panida, Cristelle|13|2005|WLBF|British Columbia|2019-03-03|Cariboo Dental Frost Fest|1:13.70|480
37|Esson, Summer|13|2005|CVAC|New Brunswick|2018-12-14|Championat par équipe Marianne Limpert|1:13.76|479
38|Reich, Olivia|13|2005|STSC|Alberta|2018-10-13|Canmore Pentathlon|1:13.82|478
39|Bujak, Moira|13|2005|WEST|Ontario|2019-01-20|Seal Meet #4 2019|1:13.83|478
40|Santana, Isabella|13|2005|HHBF|Ontario|2018-12-01|2018 Union Cup|1:14.00|475
41|Lakusta, Jaime|13|2005|RIP|Alberta|2018-11-18|KSC SC Invitational 2018|1:14.15|472
42|Hébert, Brigitte|13|2005|UL|Québec|2019-05-04|Invitation du Printemps|1:14.25|470
42|Borges, Alyse|13|2005|SCAR|Ontario|2018-10-12|MAC Fall Fest Invitational|1:14.25|470
44|Thebarge, Jessica|13|2006|NG|Québec|2019-06-08|Finale régionale des Jeux du Québec|1:14.28|469
45|Corrigan, Meagan|13|2005|KAJ|British Columbia|2018-10-14|KISU Triple Pentathlon 2018|1:14.32|468
46|Angus, Devon|13|2005|CASC|Alberta|2018-10-20|UCSC Fall Start Up|1:14.34|468
47|Bouskill, Holland|13|2005|CSLA|Québec|2018-12-08|Invitation provinciale des fêtes CSLA|1:14.35|468
48|Fedderson, Kathryn|13|2005|UCSC|Alberta|2018-10-20|UCSC Fall Start Up|1:14.38|467
49|McGhan, Maya|13|2005|SWOTT|Ontario|2019-02-23|Swim 2 the beat|1:14.39|467
50|Doerksen, Stephanie|13|2005|CWC|Alberta|2018-11-11|NCSA Fall Invitational 2018|1:14.46|466