RANK|ATHLETES|AGE|YOB|CLUB|PROVINCE|DATE|MEET|TIME|FINA
1|Jacques, Madisen|13|2005|HYACK|British Columbia|2018-12-08|Youth Cup|1:02.91|654
2|Sava, Helen Anne|13|2005|RAMAC|Ontario|2019-02-16|2019 Ontario Winter Festival Championships|1:03.05|649
3|Raymond, Victoria|13|2005|ESWIM|Ontario|2018-12-22|2018 Trillium Cup|1:04.12|617
4|Daley, Elan|13|2005|ESWIM|Ontario|2018-12-14|Ontario Junior International|1:04.22|614
5|Mercure, Élodie|13|2005|MEGO|Québec|2018-11-11|Festival provincial par équipe section 2|1:05.17|588
6|Chong Ling, Riya|13|2005|COBRA|Ontario|2018-12-01|Neptune International (CSPO 25m)|1:05.24|586
7|Gulyas, Greta|13|2005|RAMAC|Ontario|2019-02-16|2019 Ontario Winter Festival Championships|1:05.40|582
8|Blake, Mikaela|13|2005|SCAR|Ontario|2019-04-26|2019 Ontario Team Challenge|1:05.59|577
9|Yalikun, Nafeisha|13|2005|ESWIM|Ontario|2018-12-22|2018 Trillium Cup|1:05.60|576
10|Tomic, Nika|13|2005|ESWIM|Ontario|2019-01-13|2019 Etobicoke A-B Meet|1:05.68|574
11|Thomas, Haley|13|2005|CW|Ontario|2018-11-18|Expressway Lincoln Fall Invitational|1:06.05|565
12|Gao, Emma|13|2005|MAC|Ontario|2018-12-14|Ontario Junior International|1:06.08|564
13|Gamelo, Abbygail Janine|13|2005|AAC|Ontario|2018-12-08|Youth Cup|1:06.17|562
14|Paridaen Van Veen, Mary|13|2005|DST|British Columbia|2018-12-16|Rapids Fast-Swim Classic|1:06.32|558
15|Stannard, Camryn|13|2004|NRST|British Columbia|2018-10-27|2018 NRST Fall Invitational|1:06.43|555
16|Jerome, Abigail|13|2005|KAJ|British Columbia|2018-12-16|26th Annual MJB Law Classic SCM|1:06.70|548
17|Yao, Angel|13|2006|WSC|British Columbia|2019-01-20|Canadian Dolphin New Years Invitational 2019|1:06.76|547
18|Chen, Sophia|13|2005|MST~|Ontario|2019-06-05|Mallards June In House Competition|1:07.00|541
19|Ryan, Kate|13|2005|GGST|Ontario|2018-12-08|Gatineau Grand Prix|1:07.11|538
20|Shostko-Datch, Yuliya|13|2005|NN|Québec|2018-11-04|Festival provincial par équipe section 1|1:07.15|537
21|Lord, Raphaëlle|13|2004|CNQ|Québec|2018-11-04|Festival provincial par équipe section 1|1:07.27|534
22|Furmanic, Ana|13|2005|GOLD|Saskatchewan|2018-12-14|ManSask Championships Short Course Open Championships|1:07.48|530
23|Nixon, Talia|13|2005|FAST|New Brunswick|2019-02-03|NB Open Cup - Coupe NB|1:07.51|529
24|Masic, Ema|13|2005|ESWIM|Ontario|2018-12-22|2018 Trillium Cup|1:07.52|529
25|Campbell, Lauren|13|2005|LAC|Ontario|2019-02-01|2019 Western Region SC Champs|1:07.53|528
26|Ponce de Leon, Mariana|13|2005|UVPCS|British Columbia|2019-01-27|Vancouver Island Regional SC Championships|1:07.61|526
26|Bleakney, Lila|13|2006|GGST|Ontario|2019-02-16|2019 Ontario Winter Festival Championships|1:07.61|526
28|French, Hayley|13|2005|UCSC|Alberta|2018-12-08|Youth Cup|1:07.68|525
28|Sang, Siporah|13|2005|LAC|Ontario|2019-02-16|2019 Ontario Winter Festival Championships|1:07.68|525
30|Zhang, Yolanda|13|2005|SKSC|British Columbia|2019-07-28|SKSC Summer Fest|1:07.90|520
31|Mendiola, Chloe|13|2005|MAC|Ontario|2019-04-26|2019 Ontario Team Challenge|1:07.92|519
32|Jansen, Ella|13|2005|BAD|Ontario|2018-12-14|Team Showdown 2018|1:08.00|517
33|Peterson, Mackenzie|13|2005|TSC|Ontario|2018-12-09|Border City Invitational|1:08.07|516
34|Glowinski, Madelyn|13|2005|OAK|Ontario|2018-12-08|Youth Cup|1:08.32|510
35|Ford, Kathryn|13|2005|ROCS|Ontario|2019-02-16|2019 Ontario Winter Festival Championships|1:08.38|509
36|Coolen, Meredith|13|2005|MSSAC|Ontario|2018-12-01|Neptune International (CSPO 25m)|1:08.53|506
37|Lastovka, Mattea|13|2005|EKSC|Alberta|2018-11-04|30th Poppy Invitational|1:08.58|504
38|Dion, Mélina|13|2004|PCSC|Québec|2018-12-07|Invitation Provinciale AA-AAA Pointe-Claire 2018|1:08.62|504
39|Ricard, Florence|13|2005|RED|Québec|2018-11-04|Festival provincial par équipe section 3|1:08.65|503
40|Dailloux, Norah|13|2005|CNQ|Québec|2018-11-04|Festival provincial par équipe section 1|1:08.68|502
41|Sammut, Abigail|13|2005|ESWIM|Ontario|2018-10-13|2018 Hall of Fame Meet|1:08.77|500
42|Luo, Hope|13|2005|HYACK|British Columbia|2019-07-28|SKSC Summer Fest|1:08.79|500
43|Canamo, Samantha|13|2005|NYAC|Ontario|2018-12-08|Youth Cup|1:08.81|499
44|Chen, Jemimah|13|2005|WSC|British Columbia|2018-12-16|Rapids Fast-Swim Classic|1:08.89|498
45|Calovini, Sophia|13|2005|STARS|Ontario|2018-11-30|2018 Union Cup|1:08.95|496
46|Housman, Eliza|13|2004|UCSC|Alberta|2018-10-26|Cascade Speed Meet|1:08.97|496
47|Smith, Emily|13|2005|BRANT|Ontario|2019-02-16|2019 Ontario Winter Festival Championships|1:08.98|496
48|Gallagher, Hannah|13|2004|ROW|Ontario|2018-11-04|NYAC Cup|1:08.99|495
49|Tanguay, Daphnée|13|2006|GAMIN|Québec|2019-06-29|Championnat provincial groupe d'âge AA d'été - Ouest|1:09.06|494
50|Jerodico, Mary Rose|13|2004|SPART|British Columbia|2018-11-04|LOSC 12th Annual Short Course Invitational|1:09.11|493