RANK|ATHLETES|AGE|YOB|CLUB|PROVINCE|DATE|MEET|TIME|FINA
1|Thompson, Mya|13|2005|ROD|Saskatchewan|2018-12-13|ManSask Championships Short Course Open Championships|17:29.82|672
2|Scott Bouris, Naeva|13|2004|UVPCS|British Columbia|2018-11-10|ISC 2018 Bennett Cup|17:44.52|644
3|Devlin, Alana|13|2005|EKSC|Alberta|2018-12-07|16th Annual XMAS Cracker Invitational|17:48.58|637
4|Finlin, Emma|13|2005|EKSC|Alberta|2018-12-07|16th Annual XMAS Cracker Invitational|17:55.26|625
5|Tancon, Tiffany|13|2005|HYACK|British Columbia|2019-01-13|2019 Hyack Icebreaker Classic|17:57.52|621
6|Lathangue, Kaya|13|2005|CRKW|British Columbia|2018-12-07|16th Annual XMAS Cracker Invitational|17:59.19|618
7|Fournier, Léa|13|2005|RL|Québec|2018-11-30|Invitation provinciale 2018|18:16.62|589
8|LeRoy, Brynne|13|2005|TIDE|New Brunswick|2018-12-01|Neptune International (CSPO 25m)|18:17.03|589
9|Boyd, Trinity|13|2005|ESWIM|Ontario|2018-12-20|2018 Trillium Cup|18:20.76|583
10|Tong, Rachel|13|2005|HYACK|British Columbia|2019-01-13|2019 Hyack Icebreaker Classic|18:25.30|576
11|Wenger, Summer|13|2005|CRKW|British Columbia|2019-01-25|Vancouver Island Regional SC Championships|18:27.93|572
12|Rachidi, Inass|13|2005|NES|New Brunswick|2018-12-14|Championat par équipe Marianne Limpert|18:31.40|566
13|Kerr, Sloane|13|2005|ROD|Saskatchewan|2018-12-13|ManSask Championships Short Course Open Championships|18:31.77|566
14|Campbell, Lauren|13|2005|LAC|Ontario|2018-11-23|LAC - Nothers Fall Invitational|18:32.02|565
15|Weiss-Reid, Beatrice|13|2005|GO|Ontario|2019-02-03|2019 Eastern Ontario Regional Championships (SC/LC)|18:37.73|557
16|Cossey, Hannah|13|2005|EKSC|Alberta|2018-12-07|16th Annual XMAS Cracker Invitational|18:40.80|552
17|THOMPSON, KAtie|13|2004|KSC|Alberta|2018-11-02|Jack Frost 2018|18:43.09|549
18|Chen, Chloe|13|2005|JDSS|Ontario|2019-02-07|Central Region B Champs 2019|18:54.67|532
19|Coolen, Meredith|13|2005|MSSAC|Ontario|2018-12-01|Neptune International (CSPO 25m)|18:55.59|531
20|Bujak, Moira|13|2005|WEST|Ontario|2019-01-31|2019 Western Region SC Champs|18:56.36|530
21|Seneviratne, Isabella|13|2005|HANEY|British Columbia|2018-12-07|16th Annual XMAS Cracker Invitational|18:57.29|528
22|Bowie, Shayne|13|2005|EKSC|Alberta|2018-12-07|16th Annual XMAS Cracker Invitational|18:57.71|528
23|Clement, Sidney|13|2005|HST|British Columbia|2019-01-27|Chena Distance Meet 2019|18:58.92|526
24|Zhang, Yolanda|13|2005|SKSC|British Columbia|2019-07-28|SKSC Summer Fest|19:00.13|524
25|Harvey, Marie-Pierre|13|2006|NG|Québec|2019-06-30|Championnat provincial groupe d'âge AA d'été - Ouest|19:00.42|524
26|Handregan, Erika|13|2005|MANTA|Manitoba|2018-12-13|ManSask Championships Short Course Open Championships|19:00.72|524
27|Michaud, Élisabeth|13|2005|CNSL|Québec|2018-12-07|Invitation provinciale des fêtes CSLA|19:00.87|523
28|Siah, Kenza|13|2006|CAMO|Québec|2019-06-30|Championnat provincial groupe d'âge AA d'été - Ouest|19:02.28|521
29|Forbes, Téah|13|2005|HTAC|Nova Scotia|2018-12-01|Age Group Development Meet Fall Series #3|19:03.64|520
30|Ly, Stella|13|2006|PCSC|Québec|2019-06-30|Championnat provincial groupe d'âge AA d'été - Ouest|19:06.24|516
31|Ryan, Neve|13|2005|GOLD|Saskatchewan|2018-12-13|ManSask Championships Short Course Open Championships|19:06.48|516
32|Masic, Ema|13|2005|ESWIM|Ontario|2018-12-20|2018 Trillium Cup|19:06.62|516
33|Dawson, Madeleine|13|2005|WS|Ontario|2019-02-07|Central Region B Champs 2019|19:08.03|514
34|Chen, Amber|13|2005|MAC|Ontario|2019-04-26|2019 Ontario Team Challenge|19:08.33|513
35|Firth, Brynn|13|2005|HANEY|British Columbia|2019-07-28|SKSC Summer Fest|19:09.16|512
36|Bergman, Tuesday Astrid|13|2005|ESWIM|Ontario|2018-12-20|2018 Trillium Cup|19:15.31|504
37|Fields, Emma|13|2005|WDSC|British Columbia|2019-04-14|Winskill Dolphins LMR|19:21.36|496
38|Kovaluk, Alexia|13|2005|NN|Québec|2018-12-01|Neptune International (CSPO 25m)|19:21.69|496
39|Belgica, Madison|13|2006|LOSC|British Columbia|2019-07-28|SKSC Summer Fest|19:22.58|495
40|Bégin-Tremblay, Lily-Rose|13|2005|RL|Québec|2018-11-30|Invitation provinciale 2018|19:24.93|492
41|Dillon, Katie|13|2005|MM|Manitoba|2018-12-13|ManSask Championships Short Course Open Championships|19:25.32|491
42|Hussey, Julia|13|2005|TIDE|New Brunswick|2018-12-14|Championat par équipe Marianne Limpert|19:27.61|488
43|wang, Delphine|13|2005|PSW|British Columbia|2018-12-14|Rapids Fast-Swim Classic|19:31.30|484
44|Aucoin, Chloe|13|2006|PCSC|Québec|2019-06-30|Championnat provincial groupe d'âge AA d'été - Ouest|19:31.77|483
45|Krenbrink, Haydyn|13|2005|ROD|Saskatchewan|2018-12-13|ManSask Championships Short Course Open Championships|19:31.84|483
46|Jacobs, Tavin|13|2005|OSC|Alberta|2019-01-18|Blue Bears 2019|19:32.83|482
47|Chouinard, Claudel|13|2005|RL|Québec|2018-11-30|Invitation provinciale 2018|19:35.70|478
48|Proteau, Mathilde|13|2005|RL|Québec|2018-11-30|Invitation provinciale 2018|19:37.16|476
49|Ryan, Kate|13|2005|GGST|Ontario|2018-11-04|NYAC Cup|19:37.40|476
50|Reich, Olivia|13|2005|STSC|Alberta|2019-01-18|Blue Bears 2019|19:38.46|475