RANK|ATHLETES|AGE|YOB|CLUB|PROVINCE|DATE|MEET|TIME|FINA
1|Daley, Elan|13|2005|ESWIM|Ontario|2019-02-16|2019 Ontario Winter Festival Championships|2:02.08|747
2|McKenzie, Teagan|13|2004|UCSC|Alberta|2018-12-07|Youth Cup|2:04.09|711
3|Stannard, Camryn|13|2004|NRST|British Columbia|2018-11-10|ISC 2018 Bennett Cup|2:04.13|710
4|Gao, Emma|13|2005|MAC|Ontario|2019-04-27|2019 Ontario Team Challenge|2:05.31|690
5|Jacques, Madisen|13|2005|HYACK|British Columbia|2018-12-07|Youth Cup|2:06.33|674
6|Jansen, Ella|13|2005|BAD|Ontario|2019-02-16|2019 Ontario Winter Festival Championships|2:06.72|668
7|Tomic, Nika|13|2005|ESWIM|Ontario|2019-01-13|2019 Etobicoke A-B Meet|2:07.92|649
8|Thompson, Mya|13|2005|ROD|Saskatchewan|2018-12-16|ManSask Championships Short Course Open Championships|2:08.28|644
9|Lee, Sophia|13|2006|BORC|Ontario|2019-04-27|2019 Ontario Team Challenge|2:08.47|641
10|Yalikun, Nafeisha|13|2005|ESWIM|Ontario|2019-02-16|2019 Ontario Winter Festival Championships|2:08.55|639
11|Sava, Helen Anne|13|2005|RAMAC|Ontario|2018-12-14|Ontario Junior International|2:09.07|632
11|Scott Bouris, Naeva|13|2004|UVPCS|British Columbia|2018-11-10|ISC 2018 Bennett Cup|2:09.07|632
13|Burton, Bridget|13|2005|DST|British Columbia|2019-01-26|Vancouver Island Regional SC Championships|2:09.38|627
14|Thomas, Haley|13|2005|CW|Ontario|2018-10-14|2018 Hall of Fame Meet|2:09.44|626
15|Courtemanche, Anaee|13|2005|TORP|Québec|2018-11-03|Festival provincial par équipe section 3|2:09.45|626
16|Fournier, Léa|13|2005|RL|Québec|2018-11-03|Festival provincial par équipe section 3|2:09.80|621
17|Sammut, Abigail|13|2005|ESWIM|Ontario|2018-11-09|2018 Age Group International SC|2:10.20|615
18|Sheng, Jessica|13|2006|MAC|Ontario|2019-04-27|2019 Ontario Team Challenge|2:10.31|614
19|Howse, Olivia|13|2005|EVDSC|British Columbia|2019-01-20|Blue Bears 2019|2:10.47|612
20|LeRoy, Brynne|13|2005|TIDE|New Brunswick|2018-12-01|Neptune International (CSPO 25m)|2:10.52|611
21|Manning, Brooke|13|2005|GGST|Ontario|2018-12-07|Gatineau Grand Prix|2:10.59|610
22|Chen, Sophia|13|2005|MST~|Ontario|2019-02-16|2019 Ontario Winter Festival Championships|2:10.77|607
23|Angus, Devon|13|2005|CASC|Alberta|2018-12-14|JP Fiset Invitational|2:10.83|607
24|Clarke, Emma|13|2005|LSC|Ontario|2019-02-16|2019 Ontario Winter Festival Championships|2:11.01|604
25|Devlin, Alana|13|2005|EKSC|Alberta|2018-12-07|16th Annual XMAS Cracker Invitational|2:11.07|603
26|Raymond, Victoria|13|2005|ESWIM|Ontario|2018-12-22|2018 Trillium Cup|2:11.31|600
27|Tancon, Tiffany|13|2005|HYACK|British Columbia|2018-12-07|Youth Cup|2:11.61|596
28|Kerr, Sloane|13|2005|ROD|Saskatchewan|2018-12-16|ManSask Championships Short Course Open Championships|2:11.64|595
29|Campbell, Lauren|13|2005|LAC|Ontario|2018-12-15|Team Showdown 2018|2:11.92|592
30|Weiss-Reid, Beatrice|13|2005|GO|Ontario|2018-12-07|Gatineau Grand Prix|2:12.30|587
31|Dailloux, Norah|13|2005|CNQ|Québec|2018-12-08|Défi Nez-Rouge 2018|2:12.32|586
32|Lemoyne, Marie-Hélène|13|2005|MEGO|Québec|2018-11-10|Festival provincial par équipe section 2|2:12.42|585
33|Greber, Jordan|13|2006|GPP|Alberta|2019-06-23|Summer Sizzler|2:12.56|583
34|Francis, Claire|13|2004|EKSC|Alberta|2018-12-07|16th Annual XMAS Cracker Invitational|2:12.60|583
35|Dion, Mélina|13|2004|PCSC|Québec|2018-12-07|Invitation Provinciale AA-AAA Pointe-Claire 2018|2:12.62|582
36|Peterson, Mackenzie|13|2005|TSC|Ontario|2018-11-04|NYAC Cup|2:12.99|577
37|Coolen, Meredith|13|2005|MSSAC|Ontario|2018-12-01|Neptune International (CSPO 25m)|2:13.05|577
38|Boyd, Trinity|13|2005|ESWIM|Ontario|2018-12-22|2018 Trillium Cup|2:13.41|572
39|Chen, Amber|13|2005|MAC|Ontario|2019-02-16|2019 Ontario Winter Festival Championships|2:13.59|570
40|Robertson, Joanna|13|2005|RIP|Alberta|2018-11-18|KSC SC Invitational 2018|2:13.68|569
41|Van Der Griend, Anouk|13|2005|PCSC|Québec|2018-12-07|Invitation Provinciale AA-AAA Pointe-Claire 2018|2:13.85|566
42|Wenger, Summer|13|2005|CRKW|British Columbia|2018-11-10|ISC 2018 Bennett Cup|2:13.94|565
43|Bensebaa, Leticia|13|2005|GO|Ontario|2018-11-03|GO Fall Invitational|2:13.95|565
44|Tong, Rachel|13|2005|HYACK|British Columbia|2019-01-13|2019 Hyack Icebreaker Classic|2:13.96|565
45|Wen, Eva|13|2004|HYACK|British Columbia|2018-10-13|PSW Fall Invitational|2:14.28|561
46|Williams, Abigail|13|2004|SJL|Newfoundland|2018-11-23|2018 Mount Pearl Marlins 3rd Annual Sink or Swim Invitiational|2:14.33|560
46|Nevins, Harper|13|2005|ISC|British Columbia|2019-01-26|Vancouver Island Regional SC Championships|2:14.33|560
48|Finlin, Emma|13|2005|EKSC|Alberta|2018-12-07|16th Annual XMAS Cracker Invitational|2:14.35|560
49|Heasman, Sydney|13|2005|GLEN|Alberta|2018-12-14|JP Fiset Invitational|2:14.41|559
50|Yao, Angel|13|2006|WSC|British Columbia|2019-06-22|June Jamboree|2:14.47|559