RANK|ATHLETES|AGE|YOB|CLUB|PROVINCE|DATE|MEET|TIME|FINA
1|Wong, Judith|13|2005|ISC|British Columbia|2018-10-20|2018 ISC Oct TT|2:13.40|713
2|Sava, Helen Anne|13|2005|RAMAC|Ontario|2018-12-16|Ontario Junior International|2:15.65|679
3|McKenzie, Teagan|13|2004|UCSC|Alberta|2018-12-09|Youth Cup|2:17.19|656
4|Tomic, Nika|13|2005|ESWIM|Ontario|2019-02-17|2019 Ontario Winter Festival Championships|2:21.16|602
5|Manning, Brooke|13|2005|GGST|Ontario|2019-02-17|2019 Ontario Winter Festival Championships|2:21.38|599
6|Glowinski, Madelyn|13|2005|OAK|Ontario|2018-12-09|Youth Cup|2:22.06|591
7|Raymond, Victoria|13|2005|ESWIM|Ontario|2019-01-13|2019 Etobicoke A-B Meet|2:22.32|587
8|Sheng, Jessica|13|2006|MAC|Ontario|2019-04-28|2019 Ontario Team Challenge|2:23.21|577
9|Gulyas, Greta|13|2005|RAMAC|Ontario|2018-12-22|2018 Trillium Cup|2:23.67|571
10|Jansen, Ella|13|2005|BAD|Ontario|2019-02-17|2019 Ontario Winter Festival Championships|2:23.80|570
11|Campbell, Lauren|13|2005|LAC|Ontario|2018-12-16|Team Showdown 2018|2:23.82|569
12|Clayton, Kate|13|2005|OSC|Alberta|2018-12-15|JP Fiset Invitational|2:23.86|569
13|Canamo, Samantha|13|2005|NYAC|Ontario|2019-02-17|2019 Ontario Winter Festival Championships|2:24.02|567
14|Burton, Bridget|13|2005|DST|British Columbia|2019-01-27|Vancouver Island Regional SC Championships|2:24.06|566
15|Jacques, Madisen|13|2005|HYACK|British Columbia|2018-11-09|2018 Brad Reid Memorial Invitational|2:24.65|560
16|Stannard, Camryn|13|2004|NRST|British Columbia|2018-11-09|ISC 2018 Bennett Cup|2:24.67|559
17|Lathangue, Kaya|13|2005|CRKW|British Columbia|2019-01-27|Vancouver Island Regional SC Championships|2:24.96|556
18|Sammut, Abigail|13|2005|ESWIM|Ontario|2019-02-17|2019 Ontario Winter Festival Championships|2:25.28|552
19|Gao, Emma|13|2005|MAC|Ontario|2019-02-10|Central Region B Champs 2019|2:25.55|549
20|Daley, Elan|13|2005|ESWIM|Ontario|2018-12-22|2018 Trillium Cup|2:25.86|546
21|Mendiola, Chloe|13|2005|MAC|Ontario|2019-02-10|Central Region B Champs 2019|2:25.88|545
22|Schroeder, Katelyn|13|2005|LOSC|British Columbia|2018-12-08|16th Annual XMAS Cracker Invitational|2:26.10|543
23|Lee, Sophia|13|2006|BORC|Ontario|2019-04-28|2019 Ontario Team Challenge|2:26.30|541
24|Courtemanche, Anaee|13|2005|TORP|Québec|2018-12-08|Invitation Provinciale AA-AAA Pointe-Claire 2018|2:26.51|538
25|Blevins, Anna|13|2005|EKSC|Alberta|2018-12-08|16th Annual XMAS Cracker Invitational|2:26.60|537
26|O'Regan, Bailey|13|2006|ESWIM|Ontario|2019-02-17|2019 Ontario Winter Festival Championships|2:26.73|536
27|Beggs, Emma|13|2005|ISS|Ontario|2019-02-17|2019 Ontario Winter Festival Championships|2:26.74|536
28|Wenger, Summer|13|2005|CRKW|British Columbia|2018-11-09|ISC 2018 Bennett Cup|2:26.77|536
29|Angus, Devon|13|2005|CASC|Alberta|2018-12-15|JP Fiset Invitational|2:26.78|535
30|Vadeika, Robin|13|2005|USC|Ontario|2018-12-09|Youth Cup|2:27.12|532
31|Sheridan, Lily|13|2005|TSC|Ontario|2018-12-09|Youth Cup|2:27.15|531
32|Bernier, Ariane|13|2005|PCSC|Québec|2018-12-08|Invitation Provinciale AA-AAA Pointe-Claire 2018|2:27.54|527
33|Schwindt, Jessica|13|2005|OAK|Ontario|2019-02-17|2019 Ontario Winter Festival Championships|2:27.56|527
34|Heasman, Sydney|13|2005|GLEN|Alberta|2018-12-15|JP Fiset Invitational|2:27.58|527
35|Andrews, Abigail|13|2005|SJL|Newfoundland|2018-12-08|Invitation Provinciale AA-AAA Pointe-Claire 2018|2:27.67|526
36|Bensebaa, Leticia|13|2005|GO|Ontario|2018-12-08|Gatineau Grand Prix|2:27.82|524
37|Forbes, Téah|13|2005|HTAC|Nova Scotia|2018-12-15|Age Group Development Meet|2:28.08|521
37|Sorel, Martine|13|2005|MUST|Québec|2018-11-03|Festival provincial par équipe section 3|2:28.08|521
39|Wieclawek, Blythe|13|2005|CATS|Ontario|2019-02-02|2019 Huronia SC Regional Championships|2:28.24|520
40|Pupatello, Leia|13|2005|WAC|Ontario|2018-12-09|Border City Invitational|2:28.29|519
41|Chen, Sophia|13|2005|MST~|Ontario|2018-11-25|Alex Baumann Invitational|2:28.36|519
42|Burczyk, Emilia|13|2005|MSSAC|Ontario|2018-12-01|Neptune International (CSPO 25m)|2:28.40|518
43|Thompson, Mya|13|2005|ROD|Saskatchewan|2018-11-24|Goldfins Invitational|2:28.53|517
44|Tancon, Tiffany|13|2005|HYACK|British Columbia|2019-01-12|2019 Hyack Icebreaker Classic|2:29.14|510
45|Boyd, Trinity|13|2005|ESWIM|Ontario|2019-02-17|2019 Ontario Winter Festival Championships|2:29.22|510
46|Langford, Morgan|13|2005|WLBF|British Columbia|2018-12-15|26th Annual MJB Law Classic SCM|2:29.91|503
47|Esson, Summer|13|2005|CVAC|New Brunswick|2019-02-03|NB Open Cup - Coupe NB|2:29.92|503
48|Yao, Angel|13|2006|WSC|British Columbia|2019-01-19|Canadian Dolphin New Years Invitational 2019|2:29.95|502
49|Blake, Mikaela|13|2005|SCAR|Ontario|2018-11-10|42nd Cindy Nicholas Invitational|2:30.19|500
50|Devlin, Alana|13|2005|EKSC|Alberta|2018-12-15|JP Fiset Invitational|2:30.41|498