RANK|ATHLETES|AGE|YOB|CLUB|PROVINCE|DATE|MEET|TIME|FINA
1|Gao, Emma|13|2005|MAC|Ontario|2019-04-26|2019 Ontario Team Challenge|9:03.84|684
2|Yalikun, Nafeisha|13|2005|ESWIM|Ontario|2018-12-16|Ontario Junior International|9:11.66|656
3|Sava, Helen Anne|13|2005|RAMAC|Ontario|2019-01-11|2019 Etobicoke A-B Meet|9:15.40|642
4|McKenzie, Teagan|13|2004|UCSC|Alberta|2018-10-28|Cascade Speed Meet|9:15.89|641
5|Jansen, Ella|13|2005|BAD|Ontario|2018-11-02|2018 BAD Fall Invitational|9:17.79|634
6|Thompson, Mya|13|2005|ROD|Saskatchewan|2018-11-23|Goldfins Invitational|9:23.74|614
7|Devlin, Alana|13|2005|EKSC|Alberta|2019-01-18|Blue Bears 2019|9:25.23|609
8|Tomic, Nika|13|2005|ESWIM|Ontario|2018-12-20|2018 Trillium Cup|9:26.44|605
9|Jacques, Madisen|13|2005|HYACK|British Columbia|2018-11-09|2018 Brad Reid Memorial Invitational|9:26.79|604
10|Vézina, Corinne|13|2004|ELITE|Québec|2018-11-04|Festival provincial par équipe section 1|9:27.22|603
11|Morgan, Hannah|13|2005|BAD|Ontario|2019-02-16|2019 Ontario Winter Festival Championships|9:27.78|601
12|Tancon, Tiffany|13|2005|HYACK|British Columbia|2018-12-09|Youth Cup|9:30.21|594
13|Sammut, Abigail|13|2005|ESWIM|Ontario|2018-11-08|2018 Age Group International SC|9:30.77|592
14|Finlin, Emma|13|2005|EKSC|Alberta|2019-01-18|Blue Bears 2019|9:31.87|588
15|Lathangue, Kaya|13|2005|CRKW|British Columbia|2019-01-25|Vancouver Island Regional SC Championships|9:32.01|588
16|Courtemanche, Anaee|13|2005|TORP|Québec|2018-12-06|Invitation Provinciale AA-AAA Pointe-Claire 2018|9:32.15|588
17|Angus, Devon|13|2005|CASC|Alberta|2018-12-13|JP Fiset Invitational|9:33.64|583
18|Fournier, Léa|13|2005|RL|Québec|2018-11-04|Festival provincial par équipe section 3|9:34.35|581
19|Tekker, Julia|13|2004|GGST|Ontario|2018-11-08|2018 Age Group International SC|9:35.25|578
20|Thomas, Haley|13|2005|CW|Ontario|2018-11-16|Expressway Lincoln Fall Invitational|9:36.75|574
21|Corsaro, Angela|13|2005|EKSC|Alberta|2019-01-18|Blue Bears 2019|9:37.14|572
22|Manning, Brooke|13|2005|GGST|Ontario|2018-12-09|Gatineau Grand Prix|9:37.15|572
23|Tong, Rachel|13|2005|HYACK|British Columbia|2018-12-13|JP Fiset Invitational|9:37.21|572
24|Vadeika, Robin|13|2005|USC|Ontario|2019-02-16|2019 Ontario Winter Festival Championships|9:38.29|569
25|Glowinski, Madelyn|13|2005|OAK|Ontario|2018-12-09|Youth Cup|9:38.67|568
26|Weiss-Reid, Beatrice|13|2005|GO|Ontario|2018-12-09|Gatineau Grand Prix|9:38.85|567
27|Kerr, Sloane|13|2005|ROD|Saskatchewan|2018-12-15|ManSask Championships Short Course Open Championships|9:38.88|567
28|Burton, Bridget|13|2005|DST|British Columbia|2019-01-25|Vancouver Island Regional SC Championships|9:39.68|565
29|Raymond, Victoria|13|2005|ESWIM|Ontario|2018-12-20|2018 Trillium Cup|9:39.74|565
30|Campbell, Lauren|13|2005|LAC|Ontario|2018-12-16|Team Showdown 2018|9:39.93|564
31|Boyd, Trinity|13|2005|ESWIM|Ontario|2019-01-11|2019 Etobicoke A-B Meet|9:40.46|563
32|Bird, Taylor|13|2004|CREST|Ontario|2018-12-07|Border City Invitational|9:40.62|562
33|Howse, Olivia|13|2005|EVDSC|British Columbia|2019-01-18|Blue Bears 2019|9:41.60|559
34|Robertson, Joanna|13|2005|RIP|Alberta|2018-12-13|JP Fiset Invitational|9:41.89|558
35|Handregan, Erika|13|2005|MANTA|Manitoba|2018-12-06|Invitation Provinciale AA-AAA Pointe-Claire 2018|9:42.86|556
36|Yao, Angel|13|2006|WSC|British Columbia|2019-01-18|Canadian Dolphin New Years Invitational 2019|9:44.28|552
37|THOMPSON, KAtie|13|2004|KSC|Alberta|2018-10-28|Cascade Speed Meet|9:44.76|550
38|Sheng, Jessica|13|2006|MAC|Ontario|2019-04-26|2019 Ontario Team Challenge|9:44.97|550
39|Wenger, Summer|13|2005|CRKW|British Columbia|2018-11-09|ISC 2018 Bennett Cup|9:48.05|541
40|Clarke, Emma|13|2005|LSC|Ontario|2019-02-16|2019 Ontario Winter Festival Championships|9:48.63|540
41|Rachidi, Inass|13|2005|NES|New Brunswick|2018-11-17|BLAST INVITATIONAL|9:48.80|539
42|LeRoy, Brynne|13|2005|TIDE|New Brunswick|2018-11-30|Neptune International (CSPO 25m)|9:49.20|538
43|Bensebaa, Leticia|13|2005|GO|Ontario|2018-11-24|Alex Baumann Invitational|9:50.12|535
44|Bowie, Shayne|13|2005|EKSC|Alberta|2019-01-18|Blue Bears 2019|9:50.45|535
45|Ponton, Emma|13|2006|DDO|Québec|2019-06-28|Championnat provincial groupe d'âge AA d'été - Ouest|9:50.62|534
46|Lord, Raphaëlle|13|2004|CNQ|Québec|2018-11-04|Festival provincial par équipe section 1|9:50.68|534
47|Cossey, Hannah|13|2005|EKSC|Alberta|2019-01-18|Blue Bears 2019|9:50.84|533
48|Fields, Emma|13|2005|WDSC|British Columbia|2018-12-16|Rapids Fast-Swim Classic|9:51.31|532
49|Wilson, Corah|13|2005|CASC|Alberta|2018-12-13|JP Fiset Invitational|9:51.33|532
50|Coolen, Meredith|13|2005|MSSAC|Ontario|2018-11-30|Neptune International (CSPO 25m)|9:51.57|532