RANK|ATHLETES|AGE|YOB|CLUB|PROVINCE|DATE|MEET|TIME|FINA
1|Sava, Helen Anne|13|2005|RAMAC|Ontario|2019-02-16|2019 Ontario Winter Festival Championships|1:03.44|652
2|McKenzie, Teagan|13|2004|UCSC|Alberta|2018-10-28|Cascade Speed Meet|1:04.44|622
3|Daley, Elan|13|2005|ESWIM|Ontario|2018-11-11|2018 Age Group International SC|1:04.81|612
4|Tomic, Nika|13|2005|ESWIM|Ontario|2019-02-16|2019 Ontario Winter Festival Championships|1:05.46|594
5|Glowinski, Madelyn|13|2005|OAK|Ontario|2018-12-07|Youth Cup|1:05.85|583
6|Raymond, Victoria|13|2005|ESWIM|Ontario|2019-02-16|2019 Ontario Winter Festival Championships|1:05.94|581
7|Sheng, Jessica|13|2006|MAC|Ontario|2019-04-27|2019 Ontario Team Challenge|1:06.13|576
8|Burton, Bridget|13|2005|DST|British Columbia|2019-01-26|Vancouver Island Regional SC Championships|1:06.20|574
9|Canamo, Samantha|13|2005|NYAC|Ontario|2018-11-03|NYAC Cup|1:06.32|571
10|Lee, Sophia|13|2006|BORC|Ontario|2019-04-27|2019 Ontario Team Challenge|1:06.59|564
11|Bernier, Ariane|13|2005|PCSC|Québec|2018-12-07|Invitation Provinciale AA-AAA Pointe-Claire 2018|1:06.80|559
12|Clayton, Kate|13|2005|OSC|Alberta|2018-12-16|JP Fiset Invitational|1:07.01|553
13|Courtemanche, Anaee|13|2005|TORP|Québec|2018-11-04|Festival provincial par équipe section 3|1:07.22|548
14|Jacques, Madisen|13|2005|HYACK|British Columbia|2018-11-11|2018 Brad Reid Memorial Invitational|1:07.25|547
15|Wieclawek, Blythe|13|2005|CATS|Ontario|2019-04-27|2019 Ontario Team Challenge|1:07.66|538
16|Borges, Alyse|13|2005|SCAR|Ontario|2019-02-16|2019 Ontario Winter Festival Championships|1:07.67|537
17|Wen, Eva|13|2004|HYACK|British Columbia|2018-10-13|PSW Fall Invitational|1:07.77|535
18|Manning, Brooke|13|2005|GGST|Ontario|2019-02-16|2019 Ontario Winter Festival Championships|1:07.79|534
19|Gulyas, Greta|13|2005|RAMAC|Ontario|2019-02-16|2019 Ontario Winter Festival Championships|1:07.95|531
20|Mendiola, Chloe|13|2005|MAC|Ontario|2019-02-16|2019 Ontario Winter Festival Championships|1:07.96|530
21|Chen, Sophia|13|2005|MST~|Ontario|2019-06-05|Mallards June In House Competition|1:08.01|529
22|Sheridan, Lily|13|2005|TSC|Ontario|2019-02-16|2019 Ontario Winter Festival Championships|1:08.06|528
23|Burczyk, Emilia|13|2005|MSSAC|Ontario|2019-02-16|2019 Ontario Winter Festival Championships|1:08.10|527
24|Nevins, Harper|13|2005|ISC|British Columbia|2019-01-26|Vancouver Island Regional SC Championships|1:08.12|527
25|Sammut, Abigail|13|2005|ESWIM|Ontario|2018-11-11|2018 Age Group International SC|1:08.15|526
26|Sorel, Martine|13|2005|MUST|Québec|2018-12-15|Invitation Provinciale des fêtes avec épreuves Ho! Ho! Eau Libre|1:08.18|525
27|Young, Emma|13|2005|ELAC|Ontario|2019-02-02|Dave Kensit Memorial SC Championship|1:08.19|525
28|Angus, Devon|13|2005|CASC|Alberta|2018-12-16|JP Fiset Invitational|1:08.32|522
29|Schroeder, Katelyn|13|2005|LOSC|British Columbia|2018-12-09|16th Annual XMAS Cracker Invitational|1:08.35|521
30|Roy, Émy|13|2005|RL|Québec|2018-11-04|Festival provincial par équipe section 3|1:08.51|518
31|Soetaert, Leah|13|2005|EVDSC|British Columbia|2019-01-20|Blue Bears 2019|1:08.58|516
32|Butler, Leah|13|2005|CP|Alberta|2018-10-28|Cascade Speed Meet|1:08.64|515
33|Coolen, Meredith|13|2005|MSSAC|Ontario|2018-11-30|Neptune International (CSPO 25m)|1:08.77|512
34|Nixon, Talia|13|2005|FAST|New Brunswick|2019-02-01|NB Open Cup - Coupe NB|1:08.83|511
35|Zhang, Yolanda|13|2005|SKSC|British Columbia|2019-07-28|SKSC Summer Fest|1:08.89|509
36|Pupatello, Leia|13|2005|WAC|Ontario|2018-11-11|2018 Age Group International SC|1:08.96|508
37|Jansen, Ella|13|2005|BAD|Ontario|2018-11-04|2018 BAD Fall Invitational|1:09.04|506
38|Blake, Mikaela|13|2005|SCAR|Ontario|2019-02-16|2019 Ontario Winter Festival Championships|1:09.08|505
39|Scott Bouris, Naeva|13|2004|UVPCS|British Columbia|2018-11-10|ISC 2018 Bennett Cup|1:09.11|504
40|Wang, Lisa|13|2005|MAC|Ontario|2019-02-09|Central Region B Champs 2019|1:09.14|504
40|Stannard, Camryn|13|2004|NRST|British Columbia|2018-10-27|2018 NRST Fall Invitational|1:09.14|504
42|Blevins, Anna|13|2005|EKSC|Alberta|2018-12-16|JP Fiset Invitational|1:09.17|503
43|Lathangue, Kaya|13|2005|CRKW|British Columbia|2019-01-26|Vancouver Island Regional SC Championships|1:09.20|502
44|Firth, Brynn|13|2005|HANEY|British Columbia|2019-07-28|SKSC Summer Fest|1:09.32|500
45|Crevier, Megane|13|2005|ELITE|Québec|2018-12-15|Invitation Provinciale des fêtes avec épreuves Ho! Ho! Eau Libre|1:09.43|497
46|Lemoyne, Marie-Hélène|13|2005|MEGO|Québec|2018-11-11|Festival provincial par équipe section 2|1:09.50|496
47|Bensebaa, Leticia|13|2005|GO|Ontario|2018-12-07|Gatineau Grand Prix|1:09.57|494
48|Keane, Breanne|13|2005|TRIT|Alberta|2018-12-16|JP Fiset Invitational|1:09.60|494
49|Tran, Bao Ngoc Sophia|13|2005|OAK|Ontario|2019-02-09|Central Region B Champs 2019|1:09.61|494
50|Morgan, Hannah|13|2005|BAD|Ontario|2019-02-16|2019 Ontario Winter Festival Championships|1:09.64|493