RANK|ATHLETES|AGE|YOB|CLUB|PROVINCE|DATE|MEET|TIME|FINA
1|Tomic, Nika|13|2005|ESWIM|Ontario|2019-06-05|2019 ESWIM Class 1 Time Trial - June 5|30.27|609
2|McKenzie, Teagan|13|2004|UCSC|Alberta|2018-10-27|Cascade Speed Meet|30.28|609
3|Sava, Helen Anne|13|2005|RAMAC|Ontario|2019-01-13|2019 Etobicoke A-B Meet|30.35|605
4|Mendiola, Chloe|13|2005|MAC|Ontario|2019-04-28|2019 Ontario Team Challenge|30.71|584
5|Bernier, Ariane|13|2005|PCSC|Québec|2018-12-09|Invitation Provinciale AA-AAA Pointe-Claire 2018|30.90|573
6|Sheng, Jessica|13|2006|MAC|Ontario|2019-04-28|2019 Ontario Team Challenge|30.93|571
7|Jacques, Madisen|13|2005|HYACK|British Columbia|2018-10-27|VPSC Fall Invitational|31.01|567
8|Blake, Mikaela|13|2005|SCAR|Ontario|2019-04-28|2019 Ontario Team Challenge|31.09|562
9|Burton, Bridget|13|2005|DST|British Columbia|2019-01-25|Vancouver Island Regional SC Championships|31.13|560
10|Soetaert, Leah|13|2005|EVDSC|British Columbia|2019-05-12|Fast & Furious Invitational|31.15|559
11|Canamo, Samantha|13|2005|NYAC|Ontario|2018-12-07|Youth Cup|31.19|557
12|Raymond, Victoria|13|2005|ESWIM|Ontario|2019-01-13|2019 Etobicoke A-B Meet|31.28|552
13|Reich, Olivia|13|2005|STSC|Alberta|2018-12-14|JP Fiset Invitational|31.43|544
14|Pupatello, Leia|13|2005|WAC|Ontario|2018-12-09|Border City Invitational|31.49|541
15|Cannings, Kamryn|13|2005|UCSC|Alberta|2019-06-21|UCSC Team Champs|31.56|538
16|Campbell, Lauren|13|2005|LAC|Ontario|2019-02-01|2019 Western Region SC Champs|31.58|537
16|Sorel, Martine|13|2005|MUST|Québec|2018-12-14|Invitation Provinciale des fêtes avec épreuves Ho! Ho! Eau Libre|31.58|537
18|Stannard, Camryn|13|2004|NRST|British Columbia|2018-10-28|2018 NRST Fall Invitational|31.61|535
19|Brill, Kassidy|13|2005|UCSC|Alberta|2018-10-27|Cascade Speed Meet|31.63|534
19|Clayton, Kate|13|2005|OSC|Alberta|2018-12-14|JP Fiset Invitational|31.63|534
21|Williams, Abigail|13|2004|SJL|Newfoundland|2018-11-23|2018 Mount Pearl Marlins 3rd Annual Sink or Swim Invitiational|31.71|530
22|Courtemanche, Anaee|13|2005|TORP|Québec|2018-11-02|Festival provincial par équipe section 3|31.73|529
23|Firth, Brynn|13|2005|HANEY|British Columbia|2019-07-27|SKSC Summer Fest|31.76|528
24|Angus, Devon|13|2005|CASC|Alberta|2018-11-17|KSC SC Invitational 2018|31.77|527
25|Roy, Émy|13|2005|RL|Québec|2018-11-02|Festival provincial par équipe section 3|31.80|526
25|Mah, Morgan|13|2005|CP|Alberta|2019-03-02|Provincials - Short Course|31.80|526
27|Milot, Camille|13|2006|CAFA|Québec|2019-06-09|BBQ groupe d'âge 2019|31.84|524
28|Schroeder, Katelyn|13|2005|LOSC|British Columbia|2018-12-07|16th Annual XMAS Cracker Invitational|31.87|522
29|Zhang, Yolanda|13|2005|SKSC|British Columbia|2019-06-08|Knights June Jamboree 2019|31.90|521
29|Burczyk, Emilia|13|2005|MSSAC|Ontario|2018-12-02|Neptune International (CSPO 25m)|31.90|521
31|Sheridan, Lily|13|2005|TSC|Ontario|2019-02-17|2019 Ontario Winter Festival Championships|31.91|520
32|Nixon, Talia|13|2005|FAST|New Brunswick|2019-02-02|NB Open Cup - Coupe NB|32.07|512
33|Nevins, Harper|13|2005|ISC|British Columbia|2018-11-10|ISC 2018 Bennett Cup|32.08|512
34|Wieclawek, Blythe|13|2005|CATS|Ontario|2019-04-28|2019 Ontario Team Challenge|32.09|511
35|Cho, Isabelle|13|2004|APEX|Ontario|2018-11-04|NYAC Cup|32.14|509
36|Butler, Leah|13|2005|CP|Alberta|2019-02-01|UCSC Grand Prix|32.17|508
37|Wang, Lisa|13|2005|MAC|Ontario|2019-04-28|2019 Ontario Team Challenge|32.19|507
38|Manning, Brooke|13|2005|GGST|Ontario|2019-02-17|2019 Ontario Winter Festival Championships|32.21|506
39|Morgan, Hannah|13|2005|BAD|Ontario|2019-02-17|2019 Ontario Winter Festival Championships|32.22|505
40|Crevier, Megane|13|2005|ELITE|Québec|2018-11-02|Festival provincial par équipe section 1|32.27|503
41|Sammut, Abigail|13|2005|ESWIM|Ontario|2019-02-17|2019 Ontario Winter Festival Championships|32.28|502
42|Hodges, Lara|13|2005|MM|Manitoba|2018-12-15|ManSask Championships Short Course Open Championships|32.34|500
43|Park, Elena|13|2005|GOLD|Saskatchewan|2019-07-13|UCSC Western Finale|32.35|499
44|Blevins, Anna|13|2005|EKSC|Alberta|2018-12-15|JP Fiset Invitational|32.41|496
45|Young, Emma|13|2005|ELAC|Ontario|2019-04-28|2019 Ontario Team Challenge|32.42|496
45|Sang, Siporah|13|2005|LAC|Ontario|2019-02-01|2019 Western Region SC Champs|32.42|496
47|Lee, Sophia|13|2006|BORC|Ontario|2019-04-28|2019 Ontario Team Challenge|32.43|495
48|Chen, Sophia|13|2005|MST~|Ontario|2018-11-23|Alex Baumann Invitational|32.47|494
49|Ménard, Justine|13|2005|NN|Québec|2018-11-02|Festival provincial par équipe section 1|32.50|492
50|Villasenor, Isabella|13|2005|RAPID|British Columbia|2019-01-26|SKSC Winter Fest|32.54|490