RANK|ATHLETES|AGE|YOB|CLUB|PROVINCE|DATE|MEET|TIME|FINA
1|Jacques, Madisen|13|2005|HYACK|British Columbia|2018-12-07|Youth Cup|5:00.60|653
2|Jansen, Ella|13|2005|BAD|Ontario|2019-02-16|2019 Ontario Winter Festival Championships|5:04.24|630
3|Vézina, Corinne|13|2004|ELITE|Québec|2018-11-03|Festival provincial par équipe section 1|5:04.31|629
4|Yalikun, Nafeisha|13|2005|ESWIM|Ontario|2019-02-16|2019 Ontario Winter Festival Championships|5:06.05|619
5|O'Regan, Bailey|13|2006|ESWIM|Ontario|2019-02-16|2019 Ontario Winter Festival Championships|5:06.55|616
6|Daley, Elan|13|2005|ESWIM|Ontario|2018-12-22|2018 Trillium Cup|5:07.36|611
7|Stannard, Camryn|13|2004|NRST|British Columbia|2018-11-11|ISC 2018 Bennett Cup|5:07.63|609
8|Sava, Helen Anne|13|2005|RAMAC|Ontario|2018-11-24|Alex Baumann Invitational|5:07.94|607
9|Tancon, Tiffany|13|2005|HYACK|British Columbia|2018-12-15|Rapids Fast-Swim Classic|5:08.50|604
10|Glowinski, Madelyn|13|2005|OAK|Ontario|2018-12-07|Youth Cup|5:08.87|602
11|McKenzie, Teagan|13|2004|UCSC|Alberta|2018-12-07|Youth Cup|5:09.16|600
12|Raymond, Victoria|13|2005|ESWIM|Ontario|2018-10-26|Gus Ryder Memorial Cup|5:09.58|598
13|Campbell, Lauren|13|2005|LAC|Ontario|2018-11-23|LAC - Nothers Fall Invitational|5:11.04|589
14|Chen, Jemimah|13|2005|WSC|British Columbia|2019-01-19|Canadian Dolphin New Years Invitational 2019|5:12.44|581
15|Gulyas, Greta|13|2005|RAMAC|Ontario|2018-12-22|2018 Trillium Cup|5:12.72|580
16|Finlin, Emma|13|2005|EKSC|Alberta|2019-01-20|Blue Bears 2019|5:12.85|579
17|Tomic, Nika|13|2005|ESWIM|Ontario|2018-10-26|Gus Ryder Memorial Cup|5:13.25|577
18|Gao, Emma|13|2005|MAC|Ontario|2019-04-27|2019 Ontario Team Challenge|5:13.65|575
19|Lee, Sophia|13|2006|BORC|Ontario|2019-04-27|2019 Ontario Team Challenge|5:14.07|572
20|Williams, Abigail|13|2004|SJL|Newfoundland|2018-11-25|2018 Mount Pearl Marlins 3rd Annual Sink or Swim Invitiational|5:15.95|562
21|Boyd, Trinity|13|2005|ESWIM|Ontario|2019-02-16|2019 Ontario Winter Festival Championships|5:16.03|562
22|Sammut, Abigail|13|2005|ESWIM|Ontario|2018-10-26|Gus Ryder Memorial Cup|5:16.78|558
23|Michaud, Élisabeth|13|2005|CNSL|Québec|2018-12-09|Invitation provinciale des fêtes CSLA|5:17.19|556
24|Schroeder, Katelyn|13|2005|LOSC|British Columbia|2018-11-03|LOSC 12th Annual Short Course Invitational|5:18.25|550
25|Manning, Brooke|13|2005|GGST|Ontario|2018-11-11|42nd Cindy Nicholas Invitational|5:18.45|549
26|Tong, Rachel|13|2005|HYACK|British Columbia|2018-12-14|JP Fiset Invitational|5:19.91|542
27|Masic, Ema|13|2005|ESWIM|Ontario|2019-02-16|2019 Ontario Winter Festival Championships|5:20.55|538
28|Thompson, Mya|13|2005|ROD|Saskatchewan|2018-12-16|ManSask Championships Short Course Open Championships|5:20.89|537
29|Wenger, Summer|13|2005|CRKW|British Columbia|2018-12-09|16th Annual XMAS Cracker Invitational|5:21.11|536
30|Yao, Angel|13|2006|WSC|British Columbia|2019-01-19|Canadian Dolphin New Years Invitational 2019|5:21.15|535
31|Vadeika, Robin|13|2005|USC|Ontario|2019-02-16|2019 Ontario Winter Festival Championships|5:21.65|533
32|Chen, Amber|13|2005|MAC|Ontario|2019-04-27|2019 Ontario Team Challenge|5:22.20|530
33|Ryan, Kate|13|2005|GGST|Ontario|2018-12-07|Gatineau Grand Prix|5:22.46|529
34|Kerr, Sloane|13|2005|ROD|Saskatchewan|2018-12-16|ManSask Championships Short Course Open Championships|5:22.47|529
34|Maryschak, Gracie|13|2005|LOSC|British Columbia|2018-11-03|LOSC 12th Annual Short Course Invitational|5:22.47|529
36|Ford, Kathryn|13|2005|ROCS|Ontario|2019-02-16|2019 Ontario Winter Festival Championships|5:22.79|527
37|Lord, Raphaëlle|13|2004|CNQ|Québec|2018-11-03|Festival provincial par équipe section 1|5:23.02|526
38|Chong Ling, Riya|13|2005|COBRA|Ontario|2018-11-30|Neptune International (CSPO 25m)|5:23.20|525
39|Nixon, Talia|13|2005|FAST|New Brunswick|2019-02-02|NB Open Cup - Coupe NB|5:23.40|524
40|Angus, Devon|13|2005|CASC|Alberta|2018-10-28|Cascade Speed Meet|5:23.92|522
41|Blake, Mikaela|13|2005|SCAR|Ontario|2019-04-27|2019 Ontario Team Challenge|5:24.06|521
42|Furmanic, Ana|13|2005|GOLD|Saskatchewan|2018-12-16|ManSask Championships Short Course Open Championships|5:24.10|521
43|Canamo, Samantha|13|2005|NYAC|Ontario|2018-11-02|NYAC Cup|5:24.24|520
44|THOMPSON, KAtie|13|2004|KSC|Alberta|2018-10-28|Cascade Speed Meet|5:24.78|518
45|Tekker, Julia|13|2004|GGST|Ontario|2018-11-10|2018 Age Group International SC|5:25.28|515
46|Mercure, Élodie|13|2005|MEGO|Québec|2018-11-10|Festival provincial par équipe section 2|5:25.36|515
47|Calovini, Sophia|13|2005|STARS|Ontario|2018-11-02|2018 Barrie Aquafest|5:25.84|513
48|Corsaro, Angela|13|2005|EKSC|Alberta|2019-01-20|Blue Bears 2019|5:26.17|511
49|Champagne, Amélia|13|2005|RED|Québec|2018-11-03|Festival provincial par équipe section 3|5:26.30|510
50|Clement, Sidney|13|2005|HST|British Columbia|2019-01-19|Canadian Dolphin New Years Invitational 2019|5:26.51|509