RANK|ATHLETES|AGE|YOB|CLUB|PROVINCE|DATE|MEET|TIME|FINA
1|Daley, Elan|13|2005|ESWIM|Ontario|2019-01-12|2019 Etobicoke A-B Meet|4:26.65|680
2|Jansen, Ella|13|2005|BAD|Ontario|2019-02-17|2019 Ontario Winter Festival Championships|4:26.81|679
3|Yalikun, Nafeisha|13|2005|ESWIM|Ontario|2018-11-11|2018 Age Group International SC|4:27.36|674
4|Gao, Emma|13|2005|MAC|Ontario|2019-04-28|2019 Ontario Team Challenge|4:27.50|673
5|Sava, Helen Anne|13|2005|RAMAC|Ontario|2019-02-17|2019 Ontario Winter Festival Championships|4:28.21|668
6|Jacques, Madisen|13|2005|HYACK|British Columbia|2018-11-11|2018 Brad Reid Memorial Invitational|4:28.49|666
7|Thompson, Mya|13|2005|ROD|Saskatchewan|2018-11-24|Goldfins Invitational|4:30.22|653
8|McKenzie, Teagan|13|2004|UCSC|Alberta|2018-12-08|Youth Cup|4:30.96|648
9|Devlin, Alana|13|2005|EKSC|Alberta|2018-12-08|16th Annual XMAS Cracker Invitational|4:35.26|618
10|Fournier, Léa|13|2005|RL|Québec|2018-11-02|Festival provincial par équipe section 3|4:35.70|615
11|Tomic, Nika|13|2005|ESWIM|Ontario|2018-12-08|Invitation Provinciale AA-AAA Pointe-Claire 2018|4:36.07|613
12|Morgan, Hannah|13|2005|BAD|Ontario|2019-02-17|2019 Ontario Winter Festival Championships|4:36.40|610
13|Scott Bouris, Naeva|13|2004|UVPCS|British Columbia|2018-10-20|2018 OCTOBER SENIOR CIRCUIT|4:36.54|609
14|Sammut, Abigail|13|2005|ESWIM|Ontario|2018-11-11|2018 Age Group International SC|4:37.00|606
15|Tancon, Tiffany|13|2005|HYACK|British Columbia|2018-12-08|Youth Cup|4:37.12|606
16|Burton, Bridget|13|2005|DST|British Columbia|2019-01-27|Vancouver Island Regional SC Championships|4:37.16|605
17|Vadeika, Robin|13|2005|USC|Ontario|2019-02-17|2019 Ontario Winter Festival Championships|4:37.25|605
18|Tong, Rachel|13|2005|HYACK|British Columbia|2018-12-16|JP Fiset Invitational|4:37.90|600
19|Howse, Olivia|13|2005|EVDSC|British Columbia|2019-01-19|Blue Bears 2019|4:37.92|600
20|Angus, Devon|13|2005|CASC|Alberta|2018-10-27|Cascade Speed Meet|4:38.42|597
21|Lathangue, Kaya|13|2005|CRKW|British Columbia|2018-12-08|16th Annual XMAS Cracker Invitational|4:38.77|595
22|Campbell, Lauren|13|2005|LAC|Ontario|2018-12-14|Team Showdown 2018|4:39.09|593
23|Courtemanche, Anaee|13|2005|TORP|Québec|2018-12-08|Invitation Provinciale AA-AAA Pointe-Claire 2018|4:39.29|592
24|Manning, Brooke|13|2005|GGST|Ontario|2018-12-08|Gatineau Grand Prix|4:39.49|590
25|Bymoen, Quinnlan|13|2005|UCSC|Alberta|2019-02-01|UCSC Grand Prix|4:39.79|588
26|Chen, Sophia|13|2005|MST~|Ontario|2019-02-17|2019 Ontario Winter Festival Championships|4:40.38|585
27|Finlin, Emma|13|2005|EKSC|Alberta|2019-01-19|Blue Bears 2019|4:40.74|582
28|Bowie, Shayne|13|2005|EKSC|Alberta|2019-01-19|Blue Bears 2019|4:40.91|581
29|Rachidi, Inass|13|2005|NES|New Brunswick|2019-05-25|Premier Festival Edmundston NB|4:41.24|579
30|Clarke, Emma|13|2005|LSC|Ontario|2019-02-17|2019 Ontario Winter Festival Championships|4:41.49|578
30|Kerr, Sloane|13|2005|ROD|Saskatchewan|2018-12-14|ManSask Championships Short Course Open Championships|4:41.49|578
32|Glowinski, Madelyn|13|2005|OAK|Ontario|2018-12-08|Youth Cup|4:41.60|577
33|Weiss-Reid, Beatrice|13|2005|GO|Ontario|2019-02-01|2019 Eastern Ontario Regional Championships (SC/LC)|4:41.65|577
34|Thomas, Haley|13|2005|CW|Ontario|2018-12-08|Invitation Provinciale AA-AAA Pointe-Claire 2018|4:41.85|576
35|Chen, Chloe|13|2005|JDSS|Ontario|2019-02-17|2019 Ontario Winter Festival Championships|4:42.03|574
36|Yao, Angel|13|2006|WSC|British Columbia|2019-01-20|Canadian Dolphin New Years Invitational 2019|4:42.58|571
37|Robertson, Joanna|13|2005|RIP|Alberta|2018-12-16|JP Fiset Invitational|4:43.06|568
38|THOMPSON, KAtie|13|2004|KSC|Alberta|2018-10-27|Cascade Speed Meet|4:43.08|568
39|Wenger, Summer|13|2005|CRKW|British Columbia|2018-11-11|ISC 2018 Bennett Cup|4:43.20|567
40|Kennedy, Keira|13|2006|CASC|Alberta|2019-08-03|Mid-Summer Madness|4:43.33|567
41|Kovaluk, Alexia|13|2005|NN|Québec|2018-12-02|Neptune International (CSPO 25m)|4:43.53|565
42|Tekker, Julia|13|2004|GGST|Ontario|2018-11-11|2018 Age Group International SC|4:43.73|564
43|Cannings, Kamryn|13|2005|UCSC|Alberta|2019-02-01|UCSC Grand Prix|4:44.01|563
44|Chen, Amber|13|2005|MAC|Ontario|2019-04-28|2019 Ontario Team Challenge|4:44.11|562
45|Ford, Kathryn|13|2005|ROCS|Ontario|2019-02-17|2019 Ontario Winter Festival Championships|4:44.38|560
46|Hall, Savanna|13|2005|COMOX|British Columbia|2019-06-22|June Jamboree|4:44.62|559
46|Firth, Brynn|13|2005|HANEY|British Columbia|2019-06-08|Knights June Jamboree 2019|4:44.62|559
48|Coolen, Meredith|13|2005|MSSAC|Ontario|2018-12-02|Neptune International (CSPO 25m)|4:45.02|557
49|Handregan, Erika|13|2005|MANTA|Manitoba|2018-12-08|Invitation Provinciale AA-AAA Pointe-Claire 2018|4:45.21|555
50|Schroeder, Katelyn|13|2005|LOSC|British Columbia|2018-11-04|LOSC 12th Annual Short Course Invitational|4:45.36|555