RANK|AGES|CLUB|TEAM|PROVINCE|DATE|MEET|TIME|FINA
1|13 - 13|Toronto Swim Club|TSC A|Ontario|2012-03-03|2012 SC Junior & PARA Provincials|4:29.70|603
2|13 - 13|Vancouver Pacific Swim Club|VPSC B|British Columbia|2012-03-01|2012 TAS SwimBC SC AAA Championships|4:50.39|483
3|13 - 13|Pointe-Claire Swim Club|PCSC W|Québec|2011-12-18|Invitation Pointe-Claire Provincial 1 2011|4:59.94|439
4|13 - 13|Olympian Swim Club|OSC C|Alberta|2012-01-15|Blue Bears|5:05.06|417
5|13 - 13|Parkland Pirates Aquatic Club|PPAC A|Alberta|2012-01-15|Blue Bears|5:43.38|292
6|13 - 13|Conception Bay South Bluefins|CBSB A|Newfoundland|2012-03-16|SHORT COURSE CHAMPIONSHIPS|5:43.77|291