RANK|ATHLETES|AGE|YOB|CLUB|PROVINCE|DATE|MEET|TIME|FINA
1|Metcalfe, Hillary|13|1998|LOSC|British Columbia|2012-03-04|2012 TAS SwimBC SC AAA Championships|1:12.75|640
2|Smith, Madalyn|13|1998|RDCSC|Alberta|2012-02-19|2012 Speedo Western Canadian Championships|1:12.87|637
3|Drescher, Cassandra|13|1998|SWA|Ontario|2012-03-03|2012 SC Junior & PARA Provincials|1:13.75|614
4|Bragman, Alexis|13|1998|TSC|Ontario|2012-03-03|2012 SC Junior & PARA Provincials|1:13.99|608
5|Andison, Bailey|13|1997|PERTH|Ontario|2012-03-06|OFSAA 2012 Swim Championship|1:14.00|608
6|Bleackley, Samantha|13|1998|PGB|British Columbia|2012-03-04|2012 TAS SwimBC SC AAA Championships|1:14.42|598
7|Carnevale, Sofia|13|1998|ESWIM|Ontario|2012-03-03|2012 SC Junior & PARA Provincials|1:14.60|593
8|Higuchi, Tiara|13|1998|MSSAC|Ontario|2012-03-03|2012 SC Junior & PARA Provincials|1:14.68|591
9|Gilberg, Kiersten|13|1998|WDSC|British Columbia|2012-03-04|2012 TAS SwimBC SC AAA Championships|1:14.90|586
10|Smit-Anseeuw, Esmee|13|1998|PSW|British Columbia|2012-03-04|2012 TAS SwimBC SC AAA Championships|1:15.10|581
11|Selmanovic, Enna|13|1997|MSSAC|Ontario|2012-03-06|OFSAA 2012 Swim Championship|1:15.51|572
12|Cameron, Baillie|13|1998|GHAC|Ontario|2011-12-10|Team Aquatic Supplies Dash for Cash|1:15.54|571
13|Margitai, Lili|13|1997|EKSC|Alberta|2011-12-02|JP Fiset International|1:15.55|571
14|Reilly, Taylor|13|1998|WDSC|British Columbia|2012-03-04|2012 TAS SwimBC SC AAA Championships|1:16.01|561
15|Smith, Amy|13|1997|PICK|Ontario|2011-12-10|Team Aquatic Supplies Dash for Cash|1:16.23|556
16|Roy, Kyla|13|1998|UMAN|Manitoba|2012-03-18|Man/Sask Short Course Provincial Championships|1:16.46|551
17|Halvorsen, Alexis|13|1998|TBT|Ontario|2012-03-18|Man/Sask Short Course Provincial Championships|1:16.53|549
18|Cumetti, Jasmine|13|1998|PCSC|Québec|2012-02-26|Championnat provincial AQUAM groupes d'âge|1:17.09|538
19|Xue, Serena|13|1998|RAPID|British Columbia|2011-12-04|FastSwim Classic|1:17.14|536
20|Lee, Kiah|13|1998|VKSC|British Columbia|2012-03-04|2012 TAS SwimBC SC AAA Championships|1:17.17|536
21|Henderson, Holly|13|1998|BAD|Ontario|2012-01-21|MMST Winter Dash for Cash|1:17.47|530
22|Poulin, Frédérique|13|1998|CADAC|Québec|2011-12-16|Invitation provinciale P1-P2 de Noël 2011|1:17.51|529
23|Wagner, Emily|13|1997|CASC|Alberta|2011-11-06|Cascade Speed Meet "BLUE"|1:17.66|526
24|Whelan, Jasmine|13|1999|HYACK|British Columbia|2012-03-04|2012 TAS SwimBC SC AAA Championships|1:17.69|525
25|Luo, Min Fei|13|1997|VPSC|British Columbia|2011-10-29|2011 VPSC Invitational|1:17.79|523
26|Tran, Carolyn|13|1998|CYPS|Ontario|2012-03-03|2012 SC Junior & PARA Provincials|1:17.87|522
27|Wog, Kelsey|13|1998|UMAN|Manitoba|2011-12-04|Prairie Winter International|1:17.89|521
28|Laderoute, Laura|13|1998|UNCAN|Swimming Canada|2012-01-08|2012 Pacific Coast All-Star Meet|1:17.92|521
29|Raines, Jasmine|13|1998|ROW|Ontario|2011-12-17|Invitation de Noël P1-P2|1:18.01|519
30|Gerardi, Brie-Anna|13|1998|CALAC|Québec|2012-02-26|Championnat provincial AQUAM groupes d'âge|1:18.22|515
31|Touchette-Mcgowan, Jeanne|13|1997|PCSC|Québec|2011-11-13|Swim International|1:18.28|513
32|Koch, Isabella|13|1997|PSW|British Columbia|2011-10-29|2011 VPSC Invitational|1:18.29|513
33|Ganski, Sarah|13|1998|CAMO|Québec|2011-12-16|Invitation provinciale P1-P2 de Noël 2011|1:18.40|511
34|Snell, Julia|13|1998|MANTA|Manitoba|2011-12-04|Prairie Winter International|1:18.46|510
35|de Leeuw, Maria|13|1999|NRST|British Columbia|2012-07-20|BC Summer Games|1:18.51|509
36|Windsor, Nicole|13|1998|HTAC|Nova Scotia|2012-03-03|East Coast Short Course Championship|1:18.59|507
37|Morris, Emily|13|1998|VPSC|British Columbia|2012-07-20|BC Summer Games|1:18.64|506
38|Feschuk, Aileen|13|1998|HTAC|Nova Scotia|2012-03-03|East Coast Short Course Championship|1:18.70|505
39|Ye, Liuqing (Selina)|13|1998|WVOSC|British Columbia|2012-02-19|2012 Speedo Western Canadian Championships|1:18.80|503
40|Lamontagne, Sara Jade|13|1998|CNSH|Québec|2012-02-26|Championnat provincial AQUAM groupes d'âge|1:18.89|502
41|Mcarthur, Erin|13|1998|WGB|Yukon|2011-12-10|2011 PCS Xmas Cracker Invitational|1:18.96|500
42|Aficionado, Aleckxeis|13|1998|WDSC|British Columbia|2011-11-20|LOSC 5th Annual Short Course Invitational|1:19.17|496
43|Marks, Chloé|13|1998|SAMAK|Québec|2012-02-19|2012 Speedo Eastern Canadian Championships|1:19.34|493
44|Marcoux, Eryka|13|1998|PCSC|Québec|2012-02-26|Championnat provincial AQUAM groupes d'âge|1:19.40|492
45|Xia, Yuwei|13|1998|CASC|Alberta|2012-03-10|2012 Speedo Alberta Age Group Championships|1:19.43|491
46|Hansen, Rachel|13|1997|GGST|Ontario|2011-11-12|Metro Stores Fall Invitational|1:19.48|490
47|Nowicki, Nicole|13|1998|YORK|Ontario|2012-02-12|2012 Central Region SC Champs|1:19.53|490
48|Simmonds, Angelina|13|1998|HWAC|Nova Scotia|2012-03-03|East Coast Short Course Championship|1:19.67|487
49|Cooper, Marian|13|1998|CCSC|Ontario|2012-03-03|2012 SC Junior & PARA Provincials|1:19.77|485
50|Wilson, Erin|13|1998|MSSAC|Ontario|2012-03-03|2012 SC Junior & PARA Provincials|1:19.97|481