RANK|ATHLETES|AGE|YOB|CLUB|PROVINCE|DATE|MEET|TIME|FINA
1|Kidd, Georgia|13|1998|OSC|Alberta|2012-02-17|2012 Speedo Western Canadian Championships|26.55|671
2|Rode, Rachel|13|1998|WEST|Ontario|2012-04-20|Division 1 Team Champs|26.91|644
3|Ball, Emma|13|1998|GMAC|Ontario|2012-03-02|2012 SC Junior & PARA Provincials|27.18|625
4|Momen, Ariana|13|1998|CHENA|British Columbia|2012-02-17|2012 Speedo Western Canadian Championships|27.19|625
5|Lam, Heather|13|1998|VPSC|British Columbia|2012-03-02|2012 TAS SwimBC SC AAA Championships|27.27|619
6|Brozo, Quincy|13|1997|MMST|Ontario|2012-03-06|OFSAA 2012 Swim Championship|27.34|614
6|Pratt, Taryn|13|1998|CASC|Alberta|2012-03-10|2012 Speedo Alberta Age Group Championships|27.34|614
8|Glysz, Cierra|13|1999|COBRA|Ontario|2012-01-22|MMST Winter Dash for Cash|27.40|610
9|Glover, Mackenzie|13|1998|UMAN|Manitoba|2011-12-02|Prairie Winter International|27.55|601
10|Saroukian, Sophia|13|1998|EKSC|Alberta|2012-02-17|2012 Speedo Western Canadian Championships|27.66|593
10|Guay-Boisvert, Janelle|13|1998|CADAC|Québec|2012-02-24|Championnat provincial AQUAM groupes d'âge|27.66|593
10|Yang, Wendy|13|1998|HYACK|British Columbia|2012-03-02|2012 TAS SwimBC SC AAA Championships|27.66|593
13|Beaudry, Eliana|13|1998|CASE|Québec|2012-07-31|Finale provinciale des Jeux du Québec 2012|27.71|590
13|Wog, Kelsey|13|1998|UMAN|Manitoba|2012-03-16|Man/Sask Short Course Provincial Championships|27.71|590
15|Kiff, Julia|13|1998|TSC|Ontario|2011-12-03|Youth Cup|27.75|588
16|Yu, Jessica|13|1998|NKB|Ontario|2011-12-18|Invitation de Noël P1-P2|27.83|583
17|Feschuk, Aileen|13|1998|HTAC|Nova Scotia|2012-03-02|East Coast Short Course Championship|27.84|582
18|Noble, Madeline|13|1998|TSC|Ontario|2012-03-02|2012 SC Junior & PARA Provincials|27.86|581
19|Bullock, Nicole|13|1998|OAK|Ontario|2012-02-17|2012 Speedo Eastern Canadian Championships|27.93|576
20|Macdermaid, Emma|13|1998|RDCSC|Alberta|2012-03-10|2012 Speedo Alberta Age Group Championships|27.95|575
21|Baker, Pari|13|1997|MSSAC|Ontario|2012-03-06|OFSAA 2012 Swim Championship|28.00|572
21|Pogany, Shayla|13|1998|KSC|Alberta|2012-03-10|2012 Speedo Alberta Age Group Championships|28.00|572
21|Beacham, Ashleigh|13|1997|MS|Ontario|2011-12-04|Aqua 7 ATTAC vs WRMS|28.00|572
24|Metcalfe, Hillary|13|1998|LOSC|British Columbia|2011-12-02|FastSwim Classic|28.03|570
25|Hedley, Lauren|13|1998|MAVS|Alberta|2012-03-10|2012 Speedo Alberta Age Group Championships|28.06|568
25|Silotch, Catherine|13|1998|SJL|Newfoundland|2012-03-02|East Coast Short Course Championship|28.06|568
27|Higuchi, Tiara|13|1998|MSSAC|Ontario|2012-04-20|Division 1 Team Champs|28.12|565
27|Drescher, Cassandra|13|1998|SWA|Ontario|2012-03-02|2012 SC Junior & PARA Provincials|28.12|565
29|Dobbin, Clare|13|1998|GGST|Ontario|2011-12-17|Invitation Pointe-Claire Provincial 2 2011|28.13|564
30|Polley, Sarah|13|1998|HTAC|Nova Scotia|2012-06-02|Ken Dunn Invitational|28.14|564
30|Huber, Natalia|13|1998|GOLD|Saskatchewan|2012-03-16|Man/Sask Short Course Provincial Championships|28.14|564
32|Dunphy, Anna|13|1998|WAVES|Alberta|2012-03-10|2012 Speedo Alberta Age Group Championships|28.17|562
33|Carnevale, Sofia|13|1998|ESWIM|Ontario|2012-04-20|Division 1 Team Champs|28.18|561
33|Mason, Geneva|13|1998|NYAC|Ontario|2012-03-02|2012 SC Junior & PARA Provincials|28.18|561
35|Caya, Rachel|13|1998|MEGO|Québec|2012-06-15|Finale régionale des Jeux du Québec 2012 - Mauricie|28.19|561
36|Tetreault, Trista|13|1998|PSW|British Columbia|2012-03-02|2012 TAS SwimBC SC AAA Championships|28.20|560
37|Roper, Samantha|13|1998|LSC|Ontario|2012-03-02|2012 SC Junior & PARA Provincials|28.23|558
38|Pauletto, Jillian|13|1999|PCSC|Québec|2012-04-20|Section 1 - Championnat par équipe|28.29|555
39|Laderoute, Laura|13|1998|UNCAN|Swimming Canada|2011-12-10|13th Annual Paul Bergen Junior Int'l Invitational|28.30|554
40|Doyon, Lydia|13|1998|PSW|British Columbia|2011-12-10|KCS MJB Law Ice Classic|28.33|552
41|Nackoney, Payton|13|1998|KISU|British Columbia|2011-12-10|KCS MJB Law Ice Classic|28.35|551
42|Molloy, Hannah|13|1998|MM|Manitoba|2011-12-02|Prairie Winter International SEMI|28.37|550
42|Bryant, Alexa|13|1998|VASC|British Columbia|2012-03-02|2012 TAS SwimBC SC AAA Championships|28.37|550
44|Bergen, Paige|13|1998|CASC|Alberta|2012-03-10|2012 Speedo Alberta Age Group Championships|28.38|549
45|Powell, Madison|13|1997|VASC|British Columbia|2011-11-11|Island Pacific Cup|28.41|548
46|Hoang, Jennifer|13|1998|TORCH|Ontario|2011-12-03|Youth Cup|28.43|546
46|Sorocky, Christine|13|1998|ESWIM|Ontario|2011-12-03|Mega City|28.43|546
48|Hayalioglu, Melisa|13|1998|RHAC|Ontario|2011-12-03|Youth Cup|28.44|546
49|Hamel, Sandrine|13|1998|CSQ|Québec|2012-05-27|Sélection des Jeux du Québec (Capitale-Nationale)|28.45|545
50|Savage, Erika|13|1998|DUCKS|Ontario|2011-12-17|Invitation Pointe-Claire Provincial 1 2011|28.46|545