RANK|ATHLETES|AGE|YOB|CLUB|PROVINCE|DATE|MEET|TIME|FINA
1|Metcalfe, Hillary|13|1998|LOSC|British Columbia|2012-03-03|2012 TAS SwimBC SC AAA Championships|4:58.13|671
2|Saroukian, Sophia|13|1998|EKSC|Alberta|2012-02-17|2012 Speedo Western Canadian Championships|4:58.93|665
3|Wog, Kelsey|13|1998|UMAN|Manitoba|2012-02-17|2012 Speedo Western Canadian Championships|5:00.58|654
4|Hanus, Danielle|13|1998|NEW|Ontario|2012-03-02|2012 SC Junior & PARA Provincials|5:00.67|654
5|Smit-Anseeuw, Esmee|13|1998|PSW|British Columbia|2011-12-11|KCS MJB Law Ice Classic|5:03.79|634
6|Bullock, Nicole|13|1998|OAK|Ontario|2011-12-02|Youth Cup|5:04.22|631
7|Laderoute, Laura|13|1998|UNCAN|Swimming Canada|2012-01-08|2012 Pacific Coast All-Star Meet|5:05.79|622
8|McDonald, Stephanie|13|1998|ESWIM|Ontario|2012-03-02|2012 SC Junior & PARA Provincials|5:05.96|621
9|Malone, Jenna|13|1998|UCRO|Ontario|2012-02-04|2012 EOSA SC Regional Championships|5:07.92|609
10|Bosenius, Angela|13|1999|ESWIM|Ontario|2012-03-02|2012 SC Junior & PARA Provincials|5:08.50|605
11|Lamontagne, Sara Jade|13|1998|CNSH|Québec|2012-02-26|Championnat provincial AQUAM groupes d'âge|5:09.23|601
12|Kidd, Georgia|13|1998|OSC|Alberta|2011-12-02|JP Fiset International|5:09.49|600
13|Cieplucha, Tessa|13|1998|COBRA|Ontario|2012-03-02|2012 SC Junior & PARA Provincials|5:09.80|598
14|Bragman, Alexis|13|1998|TSC|Ontario|2011-12-02|Youth Cup|5:09.84|598
15|Gibson, Jessie|13|1998|SPART|British Columbia|2012-01-15|Hyack Icebreaker Classic 2012|5:10.70|593
16|Powell, Madison|13|1997|VASC|British Columbia|2011-11-13|Island Pacific Cup|5:10.96|591
17|Dalke, Megan|13|1998|KCS|British Columbia|2012-03-03|2012 TAS SwimBC SC AAA Championships|5:11.05|591
18|Gold, Vanessa|13|1998|TSC|Ontario|2012-02-17|2012 Speedo Eastern Canadian Championships|5:11.18|590
19|Drescher, Cassandra|13|1998|SWA|Ontario|2012-02-17|2012 Speedo Eastern Canadian Championships|5:11.60|587
20|Lineham, Hayley|13|1998|COBRA|Ontario|2012-03-02|2012 SC Junior & PARA Provincials|5:13.57|576
21|Pratt, Taryn|13|1998|CASC|Alberta|2011-11-06|Cascade Speed Meet "BLUE"|5:14.18|573
22|Johnston, Laura|13|1998|ESWIM|Ontario|2011-12-02|Youth Cup|5:14.20|573
23|Fabugais-Inaba, Alexandra|13|1998|OAK|Ontario|2011-12-02|Youth Cup|5:15.17|568
24|Bosenius, Emily|13|1999|ESWIM|Ontario|2012-03-02|2012 SC Junior & PARA Provincials|5:15.41|566
25|Yang, Chuchu|13|1998|NKB|Ontario|2012-02-17|2012 Speedo Eastern Canadian Championships|5:15.71|565
26|Lee, Kiah|13|1998|VKSC|British Columbia|2012-03-03|2012 TAS SwimBC SC AAA Championships|5:16.11|563
27|Cumetti, Jasmine|13|1998|PCSC|Québec|2012-02-26|Championnat provincial AQUAM groupes d'âge|5:16.41|561
28|Mothe, Bailey|13|1999|PSW|British Columbia|2012-03-03|2012 TAS SwimBC SC AAA Championships|5:16.96|558
29|Niedbala, Rebecca|13|1998|ESWIM|Ontario|2012-03-02|2012 SC Junior & PARA Provincials|5:17.58|555
30|Stene, Shelby|13|1998|GOLD|Saskatchewan|2012-03-18|Man/Sask Short Course Provincial Championships|5:17.76|554
31|Luo, Min Fei|13|1997|VPSC|British Columbia|2011-11-12|Fall Into Finals|5:18.08|552
32|Lamoureux, Brooke|13|1998|COMOX|British Columbia|2012-03-03|2012 TAS SwimBC SC AAA Championships|5:18.29|551
33|Yu, Jessica|13|1998|NKB|Ontario|2011-12-17|Invitation de Noël P1-P2|5:18.36|551
34|Henderson, Holly|13|1998|BAD|Ontario|2012-04-21|Division 1 Team Champs|5:19.52|545
35|Wilm, Ingrid|13|1998|CASC|Alberta|2012-03-09|2012 Speedo Alberta Age Group Championships|5:19.81|543
36|Ramier, Emily|13|1997|OAK|Ontario|2011-11-11|Swim International|5:19.86|543
37|Decarlo, Brooke|13|1999|BTSC|Ontario|2012-04-21|Division 2 Team Championships|5:19.96|543
38|Mitrea, Irina|13|1998|PPO|Québec|2012-02-26|Championnat provincial AQUAM groupes d'âge|5:20.43|540
39|Dunlop, Katie|13|1998|KAJ|British Columbia|2012-03-03|2012 TAS SwimBC SC AAA Championships|5:20.53|540
40|Walker, Elisha|13|1998|DS|Ontario|2011-12-10|DS December Time Trial|5:20.71|539
41|Garbett, Danica|13|1998|NEW|Ontario|2012-03-02|2012 SC Junior & PARA Provincials|5:21.19|536
42|Ferrari, Alexandra|13|1998|RHAC|Ontario|2012-04-27|RHAC TIME TRIAL|5:21.28|536
43|Wishloff, Sarah|13|1997|OSC|Alberta|2011-12-02|JP Fiset International|5:21.32|536
44|McCann, Meryn|13|1998|DS|Ontario|2011-12-10|DS December Time Trial|5:21.64|534
45|Lam, Heather|13|1998|VPSC|British Columbia|2011-11-12|Fall Into Finals|5:21.67|534
46|Paradkar, Madeline|13|1998|DS|Ontario|2011-12-10|DS December Time Trial|5:22.19|531
47|Beaudin, Jenna|13|1999|CRKW|British Columbia|2012-07-20|BC Summer Games|5:22.68|529
48|Feschuk, Aileen|13|1998|HTAC|Nova Scotia|2012-03-03|East Coast Short Course Championship|5:22.81|528
49|Chaput, Ariane|13|1998|DDO|Québec|2012-04-21|Section 2 - Championnat par équipe|5:22.86|528
50|Molloy, Hannah|13|1998|MM|Manitoba|2012-01-15|UCSC Grand Prix|5:23.03|527