RANK|ATHLETES|AGE|YOB|CLUB|PROVINCE|DATE|MEET|TIME|FINA
1|Kidd, Georgia|13|1998|OSC|Alberta|2011-12-11|2011 PCS Xmas Cracker Invitational|1:03.54|650
2|Vuong, Megan|13|1997|MSSAC|Ontario|2012-03-06|OFSAA 2012 Swim Championship|1:04.92|609
3|Hanus, Danielle|13|1998|NEW|Ontario|2012-03-01|2012 SC Junior & PARA Provincials|1:04.98|608
4|D'Aoust, Danielle|13|1997|GMAC|Ontario|2012-03-06|OFSAA 2012 Swim Championship|1:05.05|606
5|Ye, Cathy|13|1997|RAPID|British Columbia|2011-11-19|LOSC 5th Annual Short Course Invitational|1:05.50|593
6|Glysz, Cierra|13|1999|COBRA|Ontario|2012-03-01|2012 SC Junior & PARA Provincials|1:05.70|588
7|Yang, Wendy|13|1998|HYACK|British Columbia|2012-01-28|VPSC Dash For Cash|1:05.74|587
8|Pogany, Shayla|13|1998|KSC|Alberta|2011-12-11|2011 PCS Xmas Cracker Invitational|1:05.80|585
9|Genich, Hannah|13|1998|NORAC|Ontario|2012-03-01|2012 SC Junior & PARA Provincials|1:06.02|579
10|Beaudry, Eliana|13|1998|CASE|Québec|2012-07-14|Invitation Estivale CAMO, P1-P2|1:06.23|574
11|Gibson, Jessie|13|1998|SPART|British Columbia|2011-11-19|LOSC 5th Annual Short Course Invitational|1:06.48|567
12|Gold, Vanessa|13|1998|TSC|Ontario|2012-03-01|2012 SC Junior & PARA Provincials|1:06.86|558
13|Smit-Anseeuw, Esmee|13|1998|PSW|British Columbia|2011-12-11|KCS MJB Law Ice Classic|1:06.91|556
14|Paradkar, Madeline|13|1998|DS|Ontario|2011-12-16|Invitation provinciale P1-P2 de Noël 2011|1:06.92|556
15|Wishloff, Sarah|13|1997|OSC|Alberta|2011-12-03|JP Fiset International|1:07.03|553
16|Yu, Jessica|13|1998|NKB|Ontario|2011-12-04|Youth Cup|1:07.27|548
17|Saroukian, Sophia|13|1998|EKSC|Alberta|2012-03-11|2012 Speedo Alberta Age Group Championships|1:07.31|547
18|Dagasso, Gabrielle|13|1998|LAC|Ontario|2011-12-18|Invitation Pointe-Claire Provincial 2 2011|1:07.39|545
19|Marks, Chloé|13|1998|SAMAK|Québec|2012-02-24|Championnat provincial AQUAM groupes d'âge|1:07.52|541
20|Aficionado, Aleckxeis|13|1998|WDSC|British Columbia|2012-03-03|2012 TAS SwimBC SC AAA Championships|1:07.55|541
21|Mason, Geneva|13|1998|NYAC|Ontario|2011-12-04|Youth Cup|1:07.70|537
22|Terriault, Andrea|13|1998|CAMO|Québec|2012-02-24|Championnat provincial AQUAM groupes d'âge|1:08.05|529
23|Ball, Emma|13|1998|GMAC|Ontario|2012-04-20|Division 1 Team Champs|1:08.07|528
24|Pratt, Taryn|13|1998|CASC|Alberta|2011-12-03|JP Fiset International|1:08.12|527
24|Mitrea, Irina|13|1998|PPO|Québec|2012-02-24|Championnat provincial AQUAM groupes d'âge|1:08.12|527
26|Yang, Chuchu|13|1998|NKB|Ontario|2012-03-01|2012 SC Junior & PARA Provincials|1:08.13|527
27|Glover, Mackenzie|13|1998|UMAN|Manitoba|2012-02-19|2012 Speedo Western Canadian Championships|1:08.22|525
28|Dalke, Megan|13|1998|KCS|British Columbia|2012-03-03|2012 TAS SwimBC SC AAA Championships|1:08.24|524
29|Eley, Cailyn|13|1999|BTSC|Ontario|2012-08-18|2012 Ontario Summer Games|1:08.32|523
30|Guay-Boisvert, Janelle|13|1998|CADAC|Québec|2012-02-24|Championnat provincial AQUAM groupes d'âge|1:08.68|514
31|Edmonds, Ruah|13|1998|HWAC|Nova Scotia|2012-03-04|East Coast Short Course Championship|1:08.73|513
32|Wog, Kelsey|13|1998|UMAN|Manitoba|2012-01-22|New Year's Invitational|1:08.78|512
33|Jung-hartnell, Camille|13|1998|MANTA|Manitoba|2012-03-16|Man/Sask Short Course Provincial Championships|1:08.85|511
34|Despond, Samantha|13|1998|OAK|Ontario|2011-11-12|Swim International|1:08.94|509
35|Decarlo, Brooke|13|1999|BTSC|Ontario|2012-04-20|Division 2 Team Championships|1:08.99|508
36|Zhang, Wennie|13|1997|CW|Ontario|2012-03-06|OFSAA 2012 Swim Championship|1:09.01|507
37|Robinson, Brianna|13|1998|WS|Ontario|2012-02-12|2012 Central Region SC Champs|1:09.12|505
38|Hirsch, Sydney|13|1998|CW|Ontario|2012-02-04|WOSA 2011-2012 SC Regional Champs|1:09.13|504
39|Kaczor, Samantha|13|1998|DUCKS|Ontario|2011-12-04|Youth Cup|1:09.14|504
39|Martin, Allison|13|1998|TSC|Ontario|2011-12-04|Youth Cup|1:09.14|504
41|Mark, Devon|13|1998|VPSC|British Columbia|2012-03-03|2012 TAS SwimBC SC AAA Championships|1:09.29|501
42|McDonald, Stephanie|13|1998|ESWIM|Ontario|2012-01-22|2012 A-B Meet|1:09.33|500
43|Krallis, Amelia|13|1998|PCSC|Québec|2011-12-18|Invitation Pointe-Claire Provincial 2 2011|1:09.44|498
44|Little, Ava|13|1999|NKB|Ontario|2012-03-01|2012 SC Junior & PARA Provincials|1:09.52|496
45|Tetreault, Trista|13|1998|PSW|British Columbia|2011-12-11|KCS MJB Law Ice Classic|1:09.58|495
46|Luo, Min Fei|13|1997|VPSC|British Columbia|2011-10-29|2011 VPSC Invitational|1:09.63|494
47|Molloy, Hannah|13|1998|MM|Manitoba|2011-12-03|Prairie Winter International|1:09.64|493
48|Janzen, Brooklyn|13|1998|STSC|Alberta|2012-03-11|2012 Speedo Alberta Age Group Championships|1:09.68|493
48|Caswell, Lauren|13|1998|VPSC|British Columbia|2012-03-03|2012 TAS SwimBC SC AAA Championships|1:09.68|493
50|Holtby, Cassandra|13|1997|ROW|Ontario|2012-03-06|OFSAA 2012 Swim Championship|1:09.76|491