RANK|ATHLETES|AGE|YOB|CLUB|PROVINCE|DATE|MEET|TIME|FINA
1|Saroukian, Sophia|13|1998|EKSC|Alberta|2012-02-16|2012 Speedo Western Canadian Championships|16:46.50|785
2|Gold, Vanessa|13|1998|TSC|Ontario|2012-02-16|2012 Speedo Eastern Canadian Championships|17:21.73|708
3|Johnston, Laura|13|1998|ESWIM|Ontario|2012-02-16|2012 Speedo Eastern Canadian Championships|17:26.99|697
4|Stene, Shelby|13|1998|GOLD|Saskatchewan|2012-03-15|Man/Sask Short Course Provincial Championships|17:28.39|695
5|Macdermaid, Emma|13|1998|RDCSC|Alberta|2012-02-16|2012 Speedo Western Canadian Championships|17:31.23|689
6|McDonald, Stephanie|13|1998|ESWIM|Ontario|2012-01-20|2012 A-B Meet|17:41.68|669
7|Walker, Elisha|13|1998|DS|Ontario|2012-06-09|DS June 2012 Time Trials|17:54.29|645
8|Cieplucha, Tessa|13|1998|COBRA|Ontario|2012-03-01|2012 SC Junior & PARA Provincials|18:00.81|634
9|Niedbala, Rebecca|13|1998|ESWIM|Ontario|2012-02-16|2012 Speedo Eastern Canadian Championships|18:08.06|621
10|Terriault, Andrea|13|1998|CAMO|Québec|2012-02-16|2012 Speedo Eastern Canadian Championships|18:12.32|614
11|Pappalardo, Talia|13|1998|BBST|Ontario|2012-03-01|2012 SC Junior & PARA Provincials|18:24.23|594
12|Lineham, Hayley|13|1998|COBRA|Ontario|2011-12-09|PICK Lisa Flood Christmas Classic 2011|18:26.98|590
13|Dagasso, Gabrielle|13|1998|LAC|Ontario|2012-03-01|2012 SC Junior & PARA Provincials|18:31.45|583
14|Jung-hartnell, Camille|13|1998|MANTA|Manitoba|2012-03-15|Man/Sask Short Course Provincial Championships|18:37.36|574
15|Cameron, Baillie|13|1998|GHAC|Ontario|2012-01-20|2012 A-B Meet|18:38.10|572
16|Lamontagne, Sara Jade|13|1998|CNSH|Québec|2011-12-17|Défi Endurance-Vitesse d'Avant-Noël (P1-P2)|18:43.36|564
17|Mitrea, Irina|13|1998|PPO|Québec|2012-02-24|Championnat provincial AQUAM groupes d'âge|18:44.80|562
18|Marchand, Julia|13|1998|OSC|Alberta|2011-12-09|2011 PCS Xmas Cracker Invitational|18:49.58|555
19|Gay, Micah|13|1998|VPSC|British Columbia|2012-01-20|CDSC New Years Invitational|18:50.18|554
20|Loeschnik, Emma|13|1998|MAC|Ontario|2012-03-01|2012 SC Junior & PARA Provincials|18:52.19|551
21|Polley, Sarah|13|1998|HTAC|Nova Scotia|2012-03-01|East Coast Short Course Championship|18:54.47|548
22|Copeland, Keri-Lyn|13|1998|HHBF|Ontario|2012-01-20|25th Annual Oakville Invitational|18:55.65|546
23|Miller, Madison|13|1997|GOLD|Saskatchewan|2011-10-27|Saskatoon Goldfins Invitational|18:59.55|541
24|Kanaan, Malorie|13|1998|NG|Québec|2012-02-24|Championnat provincial AQUAM groupes d'âge|19:02.71|536
25|Straszynski, Lucy|13|1999|TSC|Ontario|2012-05-07|May 7 2012 Class II Time Trial|19:04.68|533
26|Ullrich, Heidi|13|1998|UVPCS|British Columbia|2011-12-09|2011 PCS Xmas Cracker Invitational|19:06.52|531
27|Brouillette, Sarah-Ève|13|1999|CARAT|Québec|2012-07-12|Duel CARAT-MVD|19:09.75|526
27|Vandenberg, Emily|13|1999|AJAX|Ontario|2012-06-17|Ajax Season Ender Time Trial|19:09.75|526
29|Guthrie, Hailley|13|1998|TRENT|Ontario|2012-02-03|Huronia Region Short Course Regionals|19:10.10|526
30|Gibson, Jessie|13|1998|SPART|British Columbia|2012-01-07|Spartan New Year Time Trial|19:12.33|523
31|Yang, Chuchu|13|1998|NKB|Ontario|2012-01-08|Mike Brown Invitational 2012|19:12.52|523
32|Martin, Allison|13|1998|TSC|Ontario|2012-01-20|25th Annual Oakville Invitational|19:13.05|522
33|Alexiuk, Mackenzie|13|1998|MM|Manitoba|2012-03-15|Man/Sask Short Course Provincial Championships|19:16.13|518
34|Lindsay, Mikhaila|13|1998|OSC|Alberta|2012-01-13|Blue Bears|19:17.00|517
35|Belzile, Alexia|13|1998|CALAC|Québec|2012-02-24|Championnat provincial AQUAM groupes d'âge|19:18.95|514
36|Dunlop, Katie|13|1998|KAJ|British Columbia|2011-11-04|Time Trial November 4, 2011|19:18.97|514
37|Martin, Kayla|13|1997|KSS|Ontario|2011-11-13|KSS Fall Invitational Swim Meet 2011|19:20.37|512
38|Boily, Roxanne|13|1999|CNCB|Québec|2012-02-24|Championnat provincial AQUAM groupes d'âge|19:22.69|509
39|Hunt, Hannah|13|1998|OAK|Ontario|2012-01-20|25th Annual Oakville Invitational|19:23.58|508
40|Genich, Hannah|13|1998|NORAC|Ontario|2011-11-19|NORAC Fall Distance Time Trial|19:24.31|507
41|Holdip, Vienna|13|1999|OAK|Ontario|2012-03-01|2012 SC Junior & PARA Provincials|19:25.16|506
42|Doelle, Alida|13|1998|HTAC|Nova Scotia|2012-03-01|East Coast Short Course Championship|19:27.14|503
43|Policht, Sandra|13|1998|ESWIM|Ontario|2012-01-20|2012 A-B Meet|19:28.56|501
44|Hussey, Stephanie|13|1998|PCSC|Québec|2012-02-24|Championnat provincial AQUAM groupes d'âge|19:32.14|497
45|Tajcnar, Riley|13|1999|||2012-07-27|Alberta Summer Games|19:32.36|497
46|Silotch, Catherine|13|1998|SJL|Newfoundland|2011-11-12|Fall Classic 2011|19:34.10|494
47|Belsh, Gabriella|13|1998|FAST|New Brunswick|2012-02-03|Championnat du NB en Bassin Court - NB Short Course Open Championship|19:35.16|493
48|Waldie, Nicole|13|1998|PCSC|Québec|2012-02-24|Championnat provincial AQUAM groupes d'âge|19:37.34|490
49|Brodie, Alexis|13|1998|NYAC|Ontario|2012-03-01|2012 SC Junior & PARA Provincials|19:38.64|489
50|Whelan, Jasmine|13|1999|HYACK|British Columbia|2012-01-15|Hyack Icebreaker Classic 2012|19:39.82|487