RANK|ATHLETES|AGE|YOB|CLUB|PROVINCE|DATE|MEET|TIME|FINA
1|Metcalfe, Hillary|13|1998|LOSC|British Columbia|2011-10-30|2011 VPSC Invitational|1:09.07|584
2|Luo, Min Fei|13|1997|VPSC|British Columbia|2011-10-30|2011 VPSC Invitational|1:09.45|574
3|Beaudry, Eliana|13|1998|CASE|Québec|2012-05-26|Finale régionale des Jeux du Québec - Laurentides|1:10.11|558
4|Saroukian, Sophia|13|1998|EKSC|Alberta|2012-01-29|2012 Speedo Alberta Provincial Championships SC|1:10.32|553
5|Dunphy, Anna|13|1998|WAVES|Alberta|2012-01-29|2012 Speedo Alberta Provincial Championships SC|1:10.91|539
6|Tetreault, Trista|13|1998|PSW|British Columbia|2011-10-30|2011 VPSC Invitational|1:11.52|526
7|Richard, Myriam|13|1998|CSQ|Québec|2012-05-26|Sélection des Jeux du Québec (Capitale-Nationale)|1:11.53|525
8|Aficionado, Aleckxeis|13|1998|WDSC|British Columbia|2012-01-28|VPSC Dash For Cash|1:11.54|525
9|Smith, Madalyn|13|1998|RDCSC|Alberta|2012-03-11|2012 Speedo Alberta Age Group Championships|1:11.76|520
10|Marks, Chloé|13|1998|SAMAK|Québec|2012-01-15|Invitation Provinciale "Peter-Suen" - P1-P2|1:11.86|518
11|Poulin, Frédérique|13|1998|CADAC|Québec|2012-01-28|Compétition régional #2 Rouyn-Noranda|1:12.05|514
12|Lamontagne, Sara Jade|13|1998|CNSH|Québec|2011-10-29|Halloween P1-P2|1:12.09|513
13|Mark, Devon|13|1998|VPSC|British Columbia|2011-10-30|2011 VPSC Invitational|1:12.14|512
14|Walker, Elisha|13|1998|DS|Ontario|2011-11-06|Bolzano International - Italy|1:12.23|510
15|Kidd, Georgia|13|1998|OSC|Alberta|2011-09-24|Home Opener|1:12.34|508
16|Ye, Liuqing (Selina)|13|1998|WVOSC|British Columbia|2012-01-22|CDSC New Years Invitational|1:12.37|507
17|Kennedy, Sasha|13|1998|NYAC|Ontario|2012-02-25|BAD February Invitational|1:12.47|505
18|Genich, Hannah|13|1998|NORAC|Ontario|2011-10-22|NORAC 2011 Fall Invitational|1:12.83|498
19|Guthrie, Hailley|13|1998|TRENT|Ontario|2012-01-22|PICK Winter Swim Fest 2012|1:12.86|497
20|Strange, Haley|13|1999|||2012-07-29|Alberta Summer Games|1:12.87|497
21|Ye, Cathy|13|1997|RAPID|British Columbia|2011-10-30|2011 VPSC Invitational|1:12.93|496
22|Guay-Boisvert, Janelle|13|1998|CADAC|Québec|2011-11-12|Compétition Régionale MVD|1:12.95|495
23|Normand, Alexia|13|1998|CSQ|Québec|2012-05-26|Sélection des Jeux du Québec (Capitale-Nationale)|1:13.03|494
24|Lam, Heather|13|1998|VPSC|British Columbia|2011-10-30|2011 VPSC Invitational|1:13.10|492
24|Gay, Micah|13|1998|VPSC|British Columbia|2012-01-28|VPSC Dash For Cash|1:13.10|492
26|Yu, Jessica|13|1998|NKB|Ontario|2011-10-22|GO Kingfish Fall Invitational 2011|1:13.14|492
27|Hedley, Lauren|13|1998|MAVS|Alberta|2012-03-11|2012 Speedo Alberta Age Group Championships|1:13.23|490
28|Wong, Samantha|13|1999|CASC|Alberta|2012-03-11|2012 Speedo Alberta Age Group Championships|1:13.39|486
29|Radun, Emma|13|1997|CW|Ontario|2012-03-07|OFSAA 2012 Swim Championship|1:13.44|485
30|Kaczor, Samantha|13|1998|DUCKS|Ontario|2012-01-22|PICK Winter Swim Fest 2012|1:13.46|485
31|Doyon, Lydia|13|1998|PSW|British Columbia|2011-10-30|2011 VPSC Invitational|1:13.95|476
32|Mcarthur, Erin|13|1998|WGB|Yukon|2011-10-28|Ryan Downing Memorial Swim Meet|1:13.97|475
33|Brouillette, Sarah-Ève|13|1999|CARAT|Québec|2012-03-31|Invitation P1 P2|1:14.00|475
34|Dalke, Megan|13|1998|KCS|British Columbia|2011-11-12|Vernon Fall Invitational|1:14.08|473
35|Koch, Isabella|13|1997|PSW|British Columbia|2011-10-30|2011 VPSC Invitational|1:14.12|472
35|DiCastri, Abby|13|1998|COMET|Alberta|2012-03-11|2012 Speedo Alberta Age Group Championships|1:14.12|472
37|Hamel, Sandrine|13|1998|CSQ|Québec|2012-05-26|Sélection des Jeux du Québec (Capitale-Nationale)|1:14.17|471
38|Ellard, Olivia|13|1998|PERTH|Ontario|2011-11-13|EBSC Fall Invitational Swim Meet|1:14.32|468
39|Andison, Bailey|13|1997|PERTH|Ontario|2011-11-13|EBSC Fall Invitational Swim Meet|1:14.39|467
40|Nakano, Robyn|13|1999|LOSC|British Columbia|2012-06-16|L/A OSC Intraclub Meet|1:14.41|467
41|Sutherland, Makena|13|1998|KCS|British Columbia|2011-11-12|Vernon Fall Invitational|1:14.45|466
42|Lee, Kiah|13|1998|VKSC|British Columbia|2011-11-12|Vernon Fall Invitational|1:14.59|463
43|Cooper, Marian|13|1998|CCSC|Ontario|2012-06-16|20th CCSC Swiss Chalet Outdoor|1:14.62|463
44|Reilly, Taylor|13|1998|WDSC|British Columbia|2011-10-30|2011 VPSC Invitational|1:14.70|461
45|Pogany, Shayla|13|1998|KSC|Alberta|2011-12-17|KSC Club Champs|1:14.73|461
45|Silotch, Catherine|13|1998|SJL|Newfoundland|2012-07-13|Legends July 13 SC Mini-meet|1:14.73|461
47|Morin, Daphnée|13|1998|NCC|Québec|2012-03-25|Invitation provinciale P1-P2|1:14.87|458
48|Chaput, Ariane|13|1998|DDO|Québec|2012-05-27|Finale régionale des Jeux du Québec- Lac St-Louis|1:14.91|457
49|Hickman, Caroline|13|1997|SJL|Newfoundland|2011-12-02|PSC Provincial Heats and Finals Invitational|1:14.98|456
50|Momen, Ariana|13|1998|CHENA|British Columbia|2011-10-30|2011 VPSC Invitational|1:15.04|455