RANK|ATHLETES|AGE|YOB|CLUB|PROVINCE|DATE|MEET|TIME|FINA
1|Kidd, Georgia|13|1998|OSC|Alberta|2012-02-18|2012 Speedo Western Canadian Championships|56.42|739
2|Margitai, Lili|13|1997|EKSC|Alberta|2011-12-03|JP Fiset International|57.86|685
3|Pratt, Taryn|13|1998|CASC|Alberta|2012-03-09|2012 Speedo Alberta Age Group Championships|58.82|652
4|Walker, Elisha|13|1998|DS|Ontario|2012-06-09|Invitation provinciale P1-P2 de Noël 2011|59.06|644
5|Saroukian, Sophia|13|1998|EKSC|Alberta|2012-02-17|2012 Speedo Western Canadian Championships|59.17|640
6|Lam, Heather|13|1998|VPSC|British Columbia|2012-03-03|2012 TAS SwimBC SC AAA Championships|59.34|635
7|Rode, Rachel|13|1998|WEST|Ontario|2012-03-04|2012 SC Junior & PARA Provincials|59.66|625
8|McCann, Meryn|13|1998|DS|Ontario|2012-06-09|DS June 2012 Time Trials|59.83|619
9|Pogany, Shayla|13|1998|KSC|Alberta|2011-12-04|Prairie Winter International|59.93|616
10|Mason, Geneva|13|1998|NYAC|Ontario|2011-12-04|Youth Cup|59.96|615
11|Gold, Vanessa|13|1998|TSC|Ontario|2012-03-04|2012 SC Junior & PARA Provincials|1:00.04|613
12|Glysz, Cierra|13|1999|COBRA|Ontario|2012-03-04|2012 SC Junior & PARA Provincials|1:00.12|610
13|Momen, Ariana|13|1998|CHENA|British Columbia|2011-12-09|KCS MJB Law Ice Classic|1:00.17|609
14|Yang, Wendy|13|1998|HYACK|British Columbia|2012-03-03|2012 TAS SwimBC SC AAA Championships|1:00.32|604
15|Beaudry, Eliana|13|1998|CASE|Québec|2012-05-04|Section 4 - Championnat par équipe|1:00.34|604
16|Bullock, Nicole|13|1998|OAK|Ontario|2012-02-18|2012 Speedo Eastern Canadian Championships|1:00.37|603
17|Dunphy, Anna|13|1998|WAVES|Alberta|2012-03-09|2012 Speedo Alberta Age Group Championships|1:00.48|599
18|Doyon, Lydia|13|1998|PSW|British Columbia|2011-12-09|KCS MJB Law Ice Classic|1:00.64|595
19|Polley, Sarah|13|1998|HTAC|Nova Scotia|2012-06-01|Ken Dunn Invitational|1:00.74|592
20|Wog, Kelsey|13|1998|UMAN|Manitoba|2012-01-21|New Year's Invitational|1:00.75|592
21|Noble, Madeline|13|1998|TSC|Ontario|2012-04-22|Division 1 Team Champs|1:00.92|587
22|Huber, Natalia|13|1998|GOLD|Saskatchewan|2012-06-02|Dual with the Rods #3|1:00.95|586
23|Gibson, Jessie|13|1998|SPART|British Columbia|2012-01-14|Hyack Icebreaker Classic 2012|1:01.01|584
24|Yang, Chuchu|13|1998|NKB|Ontario|2012-03-04|2012 SC Junior & PARA Provincials|1:01.02|584
25|Macdermaid, Emma|13|1998|RDCSC|Alberta|2011-10-28|Saskatoon Goldfins Invitational|1:01.07|582
26|Martin, Allison|13|1998|TSC|Ontario|2012-03-04|2012 SC Junior & PARA Provincials|1:01.09|582
27|Breault, Katie|13|1998|NKB|Ontario|2012-03-04|2012 SC Junior & PARA Provincials|1:01.12|581
28|Glover, Mackenzie|13|1998|UMAN|Manitoba|2011-12-04|Prairie Winter International|1:01.22|578
28|Copeland, Keri-Lyn|13|1998|HHBF|Ontario|2012-03-04|2012 SC Junior & PARA Provincials|1:01.22|578
30|Fabugais-Inaba, Alexandra|13|1998|OAK|Ontario|2011-12-04|Youth Cup|1:01.26|577
31|Lamoureux, Brooke|13|1998|COMOX|British Columbia|2012-03-03|2012 TAS SwimBC SC AAA Championships|1:01.34|575
31|Dagasso, Gabrielle|13|1998|LAC|Ontario|2011-12-16|Invitation Pointe-Claire Provincial 2 2011|1:01.34|575
33|Roper, Samantha|13|1998|LSC|Ontario|2011-12-17|Invitation de Noël P1-P2|1:01.40|573
33|Hoang, Jennifer|13|1998|TORCH|Ontario|2011-12-04|Youth Cup|1:01.40|573
35|Drescher, Cassandra|13|1998|SWA|Ontario|2012-03-04|2012 SC Junior & PARA Provincials|1:01.44|572
35|Wilm, Ingrid|13|1998|CASC|Alberta|2012-02-17|2012 Speedo Western Canadian Championships|1:01.44|572
37|Mitrea, Irina|13|1998|PPO|Québec|2012-02-25|Championnat provincial AQUAM groupes d'âge|1:01.45|572
38|Caya, Rachel|13|1998|MEGO|Québec|2012-04-20|Section 2 - Championnat par équipe|1:01.48|571
39|Ganski, Sarah|13|1998|CAMO|Québec|2012-01-28|Dernière Chance P1-P2|1:01.50|570
40|Hodge, Sarah|13|1998|HAC|Ontario|2011-12-04|Youth Cup|1:01.53|569
41|Yu, Jessica|13|1998|NKB|Ontario|2011-12-04|Youth Cup|1:01.54|569
41|Metcalfe, Hillary|13|1998|LOSC|British Columbia|2011-10-29|2011 VPSC Invitational|1:01.54|569
43|Tran, Carolyn|13|1998|CYPS|Ontario|2012-03-04|2012 SC Junior & PARA Provincials|1:01.67|565
44|Bruhn, India|13|1999|NYAC|Ontario|2012-02-11|2012 Central Region SC Champs|1:01.69|565
45|Feschuk, Aileen|13|1998|HTAC|Nova Scotia|2012-02-18|2012 Speedo Eastern Canadian Championships|1:01.70|565
45|Halvorsen, Alexis|13|1998|TBT|Ontario|2012-03-17|Man/Sask Short Course Provincial Championships|1:01.70|565
47|Dalke, Megan|13|1998|KCS|British Columbia|2012-02-17|2012 Speedo Western Canadian Championships|1:01.71|564
48|Malone, Jenna|13|1998|UCRO|Ontario|2012-01-06|Mike Brown Invitational 2012|1:01.73|564
49|Wishloff, Sarah|13|1997|OSC|Alberta|2011-12-03|JP Fiset International|1:01.74|563
50|Will-Dryden, Anaka|13|1998|OAK|Ontario|2012-03-04|2012 SC Junior & PARA Provincials|1:01.81|562