RANK|ATHLETES|AGE|YOB|CLUB|PROVINCE|DATE|MEET|TIME|FINA
1|Metcalfe, Hillary|13|1998|LOSC|British Columbia|2011-12-09|13th Annual Paul Bergen Junior Int'l Invitational|33.48|636
2|Halvorsen, Alexis|13|1998|TBT|Ontario|2012-04-15|NWO Open Swim Meet|33.69|624
3|Smith, Madalyn|13|1998|RDCSC|Alberta|2012-02-16|2012 Speedo Western Canadian Championships|33.73|622
4|Gilberg, Kiersten|13|1998|WDSC|British Columbia|2012-02-16|2012 Speedo Western Canadian Championships|33.80|618
5|Drescher, Cassandra|13|1998|SWA|Ontario|2012-02-16|2012 Speedo Eastern Canadian Championships|34.52|580
6|Bleackley, Samantha|13|1998|PGB|British Columbia|2012-02-16|2012 Speedo Western Canadian Championships|34.76|568
7|Pauletto, Jillian|13|1999|PCSC|Québec|2012-04-21|Section 1 - Championnat par équipe|34.96|559
8|Henderson, Holly|13|1998|BAD|Ontario|2012-02-16|2012 Speedo Eastern Canadian Championships|35.01|556
9|Roy, Kyla|13|1998|UMAN|Manitoba|2012-03-17|Man/Sask Short Course Provincial Championships|35.06|554
10|Bragman, Alexis|13|1998|TSC|Ontario|2012-02-16|2012 Speedo Eastern Canadian Championships|35.21|547
11|Cameron, Baillie|13|1998|GHAC|Ontario|2012-01-21|2012 A-B Meet|35.24|545
12|Snell, Julia|13|1998|MANTA|Manitoba|2011-12-01|Prairie Winter International|35.30|543
13|Guay-Boisvert, Janelle|13|1998|CADAC|Québec|2012-02-25|Championnat provincial AQUAM groupes d'âge|35.31|542
14|Lee, Kiah|13|1998|VKSC|British Columbia|2011-12-09|KCS MJB Law Ice Classic|35.62|528
15|Windsor, Nicole|13|1998|HTAC|Nova Scotia|2012-03-04|East Coast Short Course Championship|35.66|526
15|Ganski, Sarah|13|1998|CAMO|Québec|2011-11-25|Invitation provinciale P1 et P2 avec finales|35.66|526
17|Luo, Min Fei|13|1997|VPSC|British Columbia|2011-10-29|2011 VPSC Invitational|35.69|525
18|Reilly, Taylor|13|1998|WDSC|British Columbia|2012-02-16|2012 Speedo Western Canadian Championships|35.77|521
19|Wong, Samantha|13|1999|CASC|Alberta|2012-03-09|2012 Speedo Alberta Age Group Championships|35.83|519
20|Feschuk, Aileen|13|1998|HTAC|Nova Scotia|2012-03-04|East Coast Short Course Championship|36.01|511
21|Simmonds, Angelina|13|1998|HWAC|Nova Scotia|2012-03-04|East Coast Short Course Championship|36.08|508
22|Carnevale, Sofia|13|1998|ESWIM|Ontario|2012-01-21|2012 A-B Meet|36.10|507
23|Cumetti, Jasmine|13|1998|PCSC|Québec|2011-12-16|Invitation Pointe-Claire Provincial 2 2011|36.14|506
23|Marks, Chloé|13|1998|SAMAK|Québec|2012-02-25|Championnat provincial AQUAM groupes d'âge|36.14|506
25|Saunderson, Emma|13|1998|ROD|Saskatchewan|2012-03-17|Man/Sask Short Course Provincial Championships|36.35|497
25|Raines, Jasmine|13|1998|ROW|Ontario|2011-12-18|Invitation de Noël P1-P2|36.35|497
27|Xue, Serena|13|1998|RAPID|British Columbia|2011-12-02|FastSwim Classic|36.36|496
28|Poulin, Frédérique|13|1998|CADAC|Québec|2011-11-12|Compétition Régionale MVD|36.43|494
29|Ye, Liuqing (Selina)|13|1998|WVOSC|British Columbia|2012-02-16|2012 Speedo Western Canadian Championships|36.45|493
30|Whelan, Jasmine|13|1999|HYACK|British Columbia|2012-02-16|2012 Speedo Western Canadian Championships|36.46|492
31|Gerardi, Brie-Anna|13|1998|CALAC|Québec|2012-02-25|Championnat provincial AQUAM groupes d'âge|36.50|491
32|Cheng, Michelle|13|1997|MST~|Ontario|2011-10-22|Rhac fall Classic|36.59|487
33|Wog, Kelsey|13|1998|UMAN|Manitoba|2011-12-01|Prairie Winter International|36.63|486
34|Rheaume, Sabrina|13|1998|TORP|Québec|2012-08-01|Finale provinciale des Jeux du Québec 2012|36.65|485
35|Andison, Bailey|13|1997|PERTH|Ontario|2011-11-12|EBSC Fall Invitational Swim Meet|36.69|483
36|Gibson, Jessie|13|1998|SPART|British Columbia|2011-12-04|FastSwim Classic|36.82|478
37|Kidd, Georgia|13|1998|OSC|Alberta|2011-12-09|2011 PCS Xmas Cracker Invitational|36.83|478
38|Lamontagne, Sara Jade|13|1998|CNSH|Québec|2011-12-18|Défi Endurance-Vitesse d'Avant-Noël (P1-P2)|36.89|475
39|Hansen, Rachel|13|1997|GGST|Ontario|2011-10-16|2011 Hall of Fame Meet|36.90|475
40|Touchette-Mcgowan, Jeanne|13|1997|PCSC|Québec|2011-12-16|Invitation Pointe-Claire Provincial 2 2011|36.98|472
41|Fiddler, Autumn|13|1999|GOLD|Saskatchewan|2012-03-17|Man/Sask Short Course Provincial Championships|37.00|471
42|Mcarthur, Erin|13|1998|WGB|Yukon|2011-10-28|Ryan Downing Memorial Swim Meet|37.04|470
43|Xia, Yuwei|13|1998|CASC|Alberta|2012-03-09|2012 Speedo Alberta Age Group Championships|37.06|469
44|Menzel, Breana|13|1998|RDCSC|Alberta|2012-03-09|2012 Speedo Alberta Age Group Championships|37.08|468
45|Kvedaras, Anna|13|1998|GHAC|Ontario|2012-01-21|2012 A-B Meet|37.22|463
46|Brouillette, Sarah-Ève|13|1999|CARAT|Québec|2012-02-25|Championnat provincial AQUAM groupes d'âge|37.23|462
47|Caya, Rachel|13|1998|MEGO|Québec|2012-06-15|Finale régionale des Jeux du Québec 2012 - Mauricie|37.31|459
48|Hesterman, Emilia|13|1999|MAVS|Alberta|2012-03-09|2012 Speedo Alberta Age Group Championships|37.39|456
49|Hickman, Caroline|13|1997|SJL|Newfoundland|2011-11-11|Fall Classic 2011|37.42|455
50|Tremblay-Cadieux, Claudia|13|1998|GAMIN|Québec|2012-01-29|Dernière Chance P1-P2|37.43|455