RANK|AGES|CLUB|TEAM|PROVINCE|DATE|MEET|TIME|FINA
1|13 - 13|Toronto Swim Club|TSC A|Ontario|2012-03-02|2012 SC Junior & PARA Provincials|1:52.00|577
2|13 - 13|Nepean Kanata Barracudas|NKB B|Ontario|2012-03-02|2012 SC Junior & PARA Provincials|1:57.36|501
3|13 - 13|Silvertide Swim Club|STSC A|Alberta|2011-11-05|JP Fiset International|1:59.05|480
4|13 - 13|Vancouver Pacific Swim Club|VPSC B|British Columbia|2012-03-03|2012 TAS SwimBC SC AAA Championships|1:59.15|479
4|13 - 13|Vancouver Pacific Swim Club|ZONE5A|British Columbia|2012-07-22|BC Summer Games|1:59.15|479
6|13 - 13|Trent Swim Club|TREN A|Ontario|2011-11-05|Invitation de Noël P1-P2|2:02.10|445
7|13 - 13|Cobra Swim Club|COBR B|Ontario|2011-11-05|2011 Barrie Aquafest|2:03.25|433
8|13 - 13|SUDBURY LAURENTIAN SWIM CLUB|SLSC B|Ontario|2011-10-22|NEOR Developmental Meet #1|2:03.61|429
9|13 - 13|Orillia Channel Cats|CATS A|Ontario|2012-02-04|Huronia Region Short Course Regionals|2:04.06|424
10|13 - 13|Victoria Amateur Swim Club|IS A|British Columbia|2012-01-22|VIR Championships|2:04.53|419
11|13 - 13|Cambridge Aquajets|CAJ A|Ontario|2012-02-05|WOSA 2011-2012 SC Regional Champs|2:05.80|407
12|13 - 13|Crest Swimming|CRES A|Ontario|2012-02-11|2012 Central Region SC Champs|2:06.03|405
13|13 - 13|C.N. PPO|PPO B|Québec|2011-12-03|Invitation Noël P1 et P2 avec finales (25m)|2:06.80|397
14|13 - 13|University Of Calgary Swim Club|UCSC B|Alberta|2011-10-16|UCSC Fall Start Up|2:06.93|396
15|13 - 13|Richmond Rapids Swim Club|RAPI A|British Columbia|2011-12-10|2011 PCS Xmas Cracker Invitational|2:06.94|396
16|13 - 13|UVic Pacific Coast Swimming|UVPC B|British Columbia|2011-12-10|2011 PCS Xmas Cracker Invitational|2:08.47|382
17|13 - 13|SUDBURY LAURENTIAN SWIM CLUB|SLSC A|Ontario|2011-12-11|NEOR Developmental Meet #2|2:08.92|378
18|13 - 13|Orangeville Otters Swim Club|OOSC A|Ontario|2012-02-19|20th Annual BDO Challenge|2:09.01|377
19|13 - 13|Wilmot Aquatic Aces|WOA A|Ontario|2012-05-05|Aqua 7 Finals|2:09.19|376
20|13 - 13|St. Johns Legends Swim Club|SJL B|Newfoundland|2012-05-04|Provincial Developmental Meet East|2:10.30|366
21|13 - 13|Prince George Barracudas|PGB B|British Columbia|2011-10-22|The Regional Kick Off Swim Meet|2:10.76|362
22|13 - 13|Parkland Pirates Aquatic Club|PPAC A|Alberta|2011-10-23|JP Fiset International|2:10.84|362
23|13 - 13|Guelph Marlin Aquatic Club|GMAC A|Ontario|2011-10-30|Team Aquatic Supplies Dash for Cash|2:11.29|358
24|13 - 13|C.N. Torpille Inc.|TORP A|Québec|2012-06-23|Festival 3 Été|2:11.84|353
25|13 - 13|Cascade Swim Club|CASC C|Alberta|2011-12-11|Cascade Age Group Challenge 2011|2:12.17|351
26|13 - 13|Windsor-Essex Swim Team|WEST A|Ontario|2012-04-28|2012 Year-End S.E.A.L. Meet|2:13.44|341
27|13 - 13|W.Ross Macdonald Swimming|WRMS A|Ontario|2011-10-30|Joe Kerkhoven Memorial Walker Invitational|2:13.60|340
28|13 - 13|Thunder Bay Thunderbolts|TBT A|Ontario|2012-02-05|NWO REGIONAL CHAMPS 2012|2:14.34|334
29|13 - 13|Red Deer Catalina Swim Club|RDCS C|Alberta|2011-10-28|Saskatoon Goldfins Invitational|2:14.35|334
30|13 - 13|Ajax Swimming|AJAX B|Ontario|2012-05-26|Newmarket Stingrays Invitational|2:14.80|331
31|13 - 13|Etobicoke Swim Club|ESWI A|Ontario|2011-11-06|2011 Autumn Invitational|2:15.02|329
32|13 - 13|South Western Aquatics|SWA A|Ontario|2012-02-12|SWA Winter INVITATIONAL|2:15.40|326
33|13 - 13|Middlesex Swimming|MS Q|Ontario|2011-12-04|Aqua 7 ATTAC vs WRMS|2:15.63|324
34|13 - 13|Calgary Winter Club|CWC A|Alberta|2011-12-11|Cascade Age Group Challenge 2011|2:15.77|323
35|13 - 13|Rocky Island Swim Club|RISC A|Ontario|2012-01-22|Jesse Coward Winterlude Meet|2:16.17|321
36|13 - 13|Conception Bay South Bluefins|CBSB C|Newfoundland|2011-11-12|Satellite Invitational|2:16.34|319
37|13 - 13|Windsor-Essex Swim Team|WEST D|Ontario|2012-01-22|RHAC Winter Invitational|2:18.38|306
38|13 - 13|UVic Pacific Coast Swimming|PCS A|British Columbia|2011-10-22|NRST Fall Invitational|2:18.50|305
39|13 - 13|Codiac Vikings Aquatic Club|CVAC A|New Brunswick|2011-10-30|SSC Halloween Invitational|2:19.26|300
40|13 - 13|Mississauga Aquatic Club|MSSA B|Ontario|2012-03-03|7th Annual Spring Sprint Invitational|2:20.07|295
41|13 - 13|Ottawa Swim Club|OTTSCA|Ontario|2012-06-17|Brockville Splash 2012|2:20.19|294
42|13 - 13|Greater Ottawa Kingfish Swim Club|GO C|Ontario|2012-06-17|Brockville Splash 2012|2:20.50|292
43|13 - 13|Leamington Lasers Swim Team|LLST A|Ontario|2012-04-28|2012 Year-End S.E.A.L. Meet|2:20.58|291
44|13 - 13|Conception Bay South Bluefins|CBSB A|Newfoundland|2011-12-03|PSC Provincial Heats and Finals Invitational|2:21.62|285
45|13 - 13|Prince George Barracudas|PGB C|British Columbia|2011-11-20|Medical Sprints Fall Invitational|2:22.95|277
46|13 - 13|Oakville Aquatic Club|OAK D|Ontario|2011-12-03|Mega City|2:24.65|267
47|13 - 13|Ernestown Barracuda Swim Club|EBSC B|Ontario|2011-12-04|Distance & Development Meet|2:24.89|266
48|13 - 13|St. Johns Legends Swim Club|SJL A|Newfoundland|2011-10-15|Provincial Developmental Meet East|2:25.05|265
49|13 - 13|Vancouver Pacific Swim Club|VPSC C|British Columbia|2012-05-12|SFU-SFA LMR swim meet|2:25.21|264
50|13 - 13|Wilmot Aquatic Aces|WOA A|Ontario|2011-10-30|Time Trial Oct 30th|2:26.95|255