RANK|ATHLETES|AGE|YOB|CLUB|PROVINCE|DATE|MEET|TIME|FINA
1|Margitai, Lili|13|1997|EKSC|Alberta|2011-12-02|JP Fiset International|2:03.12|736
2|Pratt, Taryn|13|1998|CASC|Alberta|2012-02-19|2012 Speedo Western Canadian Championships|2:03.94|721
3|Saroukian, Sophia|13|1998|EKSC|Alberta|2012-02-19|2012 Speedo Western Canadian Championships|2:04.63|709
4|Kidd, Georgia|13|1998|OSC|Alberta|2011-12-09|2011 PCS Xmas Cracker Invitational|2:04.86|705
5|Metcalfe, Hillary|13|1998|LOSC|British Columbia|2012-03-02|2012 TAS SwimBC SC AAA Championships|2:06.47|679
6|Walker, Elisha|13|1998|DS|Ontario|2011-12-16|Invitation provinciale P1-P2 de Noël 2011|2:07.15|668
7|Gold, Vanessa|13|1998|TSC|Ontario|2012-03-02|2012 SC Junior & PARA Provincials|2:08.28|650
8|Lam, Heather|13|1998|VPSC|British Columbia|2012-03-16|Splash & Dash: Last chance to make trials|2:08.33|650
9|Glysz, Cierra|13|1999|COBRA|Ontario|2012-03-02|2012 SC Junior & PARA Provincials|2:08.84|642
10|Macdermaid, Emma|13|1998|RDCSC|Alberta|2012-02-19|2012 Speedo Western Canadian Championships|2:09.14|637
11|Bullock, Nicole|13|1998|OAK|Ontario|2011-12-02|Youth Cup|2:09.76|628
12|Lamoureux, Brooke|13|1998|COMOX|British Columbia|2012-03-02|2012 TAS SwimBC SC AAA Championships|2:09.98|625
13|Pogany, Shayla|13|1998|KSC|Alberta|2011-12-02|Prairie Winter International|2:10.09|624
14|Malone, Jenna|13|1998|UCRO|Ontario|2012-02-05|2012 EOSA SC Regional Championships|2:10.33|620
14|Wog, Kelsey|13|1998|UMAN|Manitoba|2012-03-18|Man/Sask Short Course Provincial Championships|2:10.33|620
16|Dalke, Megan|13|1998|KCS|British Columbia|2012-03-02|2012 TAS SwimBC SC AAA Championships|2:10.41|619
17|Doyon, Lydia|13|1998|PSW|British Columbia|2011-10-29|2011 VPSC Invitational|2:10.43|619
18|McDonald, Stephanie|13|1998|ESWIM|Ontario|2012-03-02|2012 SC Junior & PARA Provincials|2:10.59|616
19|Stene, Shelby|13|1998|GOLD|Saskatchewan|2012-03-18|Man/Sask Short Course Provincial Championships|2:10.87|612
20|Terriault, Andrea|13|1998|CAMO|Québec|2012-02-26|Championnat provincial AQUAM groupes d'âge|2:10.89|612
21|McCann, Meryn|13|1998|DS|Ontario|2011-12-16|Invitation provinciale P1-P2 de Noël 2011|2:11.04|610
22|Wishloff, Sarah|13|1997|OSC|Alberta|2011-12-09|2011 PCS Xmas Cracker Invitational|2:11.15|609
23|Bragman, Alexis|13|1998|TSC|Ontario|2011-12-16|Invitation provinciale P1-P2 de Noël 2011|2:11.40|605
24|Lamontagne, Sara Jade|13|1998|CNSH|Québec|2012-02-26|Championnat provincial AQUAM groupes d'âge|2:11.53|603
25|Johnston, Laura|13|1998|ESWIM|Ontario|2012-02-19|2012 Speedo Eastern Canadian Championships|2:11.80|600
26|Rode, Rachel|13|1998|WEST|Ontario|2012-03-02|2012 SC Junior & PARA Provincials|2:11.83|599
27|Martin, Allison|13|1998|TSC|Ontario|2012-03-02|2012 SC Junior & PARA Provincials|2:11.92|598
28|Mitrea, Irina|13|1998|PPO|Québec|2012-02-26|Championnat provincial AQUAM groupes d'âge|2:12.00|597
29|Yang, Chuchu|13|1998|NKB|Ontario|2012-03-02|2012 SC Junior & PARA Provincials|2:12.10|596
30|Dunphy, Anna|13|1998|WAVES|Alberta|2011-12-02|JP Fiset International|2:12.11|595
31|Copeland, Keri-Lyn|13|1998|HHBF|Ontario|2012-03-02|2012 SC Junior & PARA Provincials|2:12.63|588
32|Glover, Mackenzie|13|1998|UMAN|Manitoba|2012-01-22|New Year's Invitational|2:12.75|587
33|Decarlo, Brooke|13|1999|BTSC|Ontario|2012-03-02|2012 SC Junior & PARA Provincials|2:12.84|586
34|Yu, Jessica|13|1998|NKB|Ontario|2011-12-02|Youth Cup|2:13.06|583
35|Tetreault, Trista|13|1998|PSW|British Columbia|2012-03-02|2012 TAS SwimBC SC AAA Championships|2:13.10|582
35|Hansen, Rachel|13|1997|GGST|Ontario|2011-10-16|2011 Hall of Fame Meet|2:13.10|582
37|Hodge, Sarah|13|1998|HAC|Ontario|2011-12-02|Youth Cup|2:13.20|581
38|Will-Dryden, Anaka|13|1998|OAK|Ontario|2012-02-12|2012 Central Region SC Champs|2:13.21|581
39|Beaudry, Eliana|13|1998|CASE|Québec|2012-02-26|Championnat provincial AQUAM groupes d'âge|2:13.24|580
40|Molloy, Hannah|13|1998|MM|Manitoba|2011-10-30|Celebrate Swimming Invitational 2011|2:13.26|580
41|Savage, Erika|13|1998|DUCKS|Ontario|2011-12-02|Youth Cup|2:13.30|580
42|Niedbala, Rebecca|13|1998|ESWIM|Ontario|2012-03-02|2012 SC Junior & PARA Provincials|2:13.37|579
43|Drescher, Cassandra|13|1998|SWA|Ontario|2012-03-02|2012 SC Junior & PARA Provincials|2:13.45|578
44|Lindsay, Mikhaila|13|1998|OSC|Alberta|2012-03-11|2012 Speedo Alberta Age Group Championships|2:13.51|577
45|Zaraska, Melanya|13|1997|ESWIM|Ontario|2011-11-11|Swim International|2:13.67|575
46|Poulin, Frédérique|13|1998|CADAC|Québec|2011-12-16|Invitation provinciale P1-P2 de Noël 2011|2:13.75|574
47|Fabugais-Inaba, Alexandra|13|1998|OAK|Ontario|2012-01-22|25th Annual Oakville Invitational|2:13.91|572
48|Wilm, Ingrid|13|1998|CASC|Alberta|2012-02-16|2012 Speedo Western Canadian Championships|2:14.02|570
49|Wagner, Emily|13|1997|CASC|Alberta|2011-11-06|Cascade Speed Meet "BLUE"|2:14.03|570
50|Hirsch, Sydney|13|1998|CW|Ontario|2012-02-04|WOSA 2011-2012 SC Regional Champs|2:14.07|570