RANK|ATHLETES|AGE|YOB|CLUB|PROVINCE|DATE|MEET|TIME|FINA
1|Glover, Mackenzie|13|1998|UMAN|Manitoba|2012-02-17|2012 Speedo Western Canadian Championships|1:01.76|715
2|Kidd, Georgia|13|1998|OSC|Alberta|2011-12-11|2011 PCS Xmas Cracker Invitational|1:03.77|649
3|Ball, Emma|13|1998|GMAC|Ontario|2012-03-01|2012 SC Junior & PARA Provincials|1:03.86|646
4|McCann, Meryn|13|1998|DS|Ontario|2012-06-09|DS June 2012 Time Trials|1:04.14|638
5|Ellard, Olivia|13|1998|PERTH|Ontario|2012-03-01|2012 SC Junior & PARA Provincials|1:04.44|629
6|Hanus, Danielle|13|1998|NEW|Ontario|2012-03-01|2012 SC Junior & PARA Provincials|1:04.86|617
7|Laderoute, Laura|13|1998|UNCAN|Swimming Canada|2012-01-07|2012 Pacific Coast All-Star Meet|1:05.21|607
8|Wilm, Ingrid|13|1998|CASC|Alberta|2011-12-04|JP Fiset International|1:05.37|603
9|Pratt, Taryn|13|1998|CASC|Alberta|2012-02-17|2012 Speedo Western Canadian Championships|1:05.56|597
10|Lam, Heather|13|1998|VPSC|British Columbia|2012-03-02|2012 TAS SwimBC SC AAA Championships|1:05.86|589
11|Rode, Rachel|13|1998|WEST|Ontario|2012-03-01|2012 SC Junior & PARA Provincials|1:05.94|587
12|Molloy, Hannah|13|1998|MM|Manitoba|2012-01-22|New Year's Invitational|1:06.10|583
13|Powell, Madison|13|1997|VASC|British Columbia|2011-12-11|2011 PCS Xmas Cracker Invitational|1:06.70|567
14|Dunlop, Katie|13|1998|KAJ|British Columbia|2012-02-17|2012 Speedo Western Canadian Championships|1:06.72|567
15|Gay, Micah|13|1998|VPSC|British Columbia|2012-01-28|VPSC Dash For Cash|1:06.76|566
16|Polley, Sarah|13|1998|HTAC|Nova Scotia|2012-06-01|Ken Dunn Invitational|1:06.84|564
17|Kaczor, Samantha|13|1998|DUCKS|Ontario|2012-03-01|2012 SC Junior & PARA Provincials|1:06.89|562
18|Yang, Wendy|13|1998|HYACK|British Columbia|2012-03-02|2012 TAS SwimBC SC AAA Championships|1:07.03|559
19|Genich, Hannah|13|1998|NORAC|Ontario|2012-03-01|2012 SC Junior & PARA Provincials|1:07.18|555
20|Heebner, Kristina|13|1998|NG|Québec|2011-12-18|Invitation de Noël P1-P2|1:07.24|554
20|Pogany, Shayla|13|1998|KSC|Alberta|2012-02-17|2012 Speedo Western Canadian Championships|1:07.24|554
22|D'Aoust, Danielle|13|1997|GMAC|Ontario|2012-03-07|OFSAA 2012 Swim Championship|1:07.25|553
23|Keyworth, Maggie|13|1998|GGST|Ontario|2012-04-21|Division 1 Team Champs|1:07.37|550
24|Yang, Chuchu|13|1998|NKB|Ontario|2012-03-01|2012 SC Junior & PARA Provincials|1:07.56|546
25|Silotch, Catherine|13|1998|SJL|Newfoundland|2011-12-16|Invitation Pointe-Claire Provincial 2 2011|1:07.58|545
26|Noble, Madeline|13|1998|TSC|Ontario|2012-04-21|Division 1 Team Champs|1:07.60|545
27|Robinson, Aitana|13|1997|LAC|Ontario|2012-03-07|OFSAA 2012 Swim Championship|1:07.83|539
28|Ye, Liuqing (Selina)|13|1998|WVOSC|British Columbia|2012-03-02|2012 TAS SwimBC SC AAA Championships|1:07.91|537
29|Grewal, Annika|13|1997|OAK|Ontario|2011-11-13|Swim International|1:07.99|536
29|Tetreault, Trista|13|1998|PSW|British Columbia|2012-03-01|2012 TAS SwimBC SC AAA Championships|1:07.99|536
31|Halvorsen, Alexis|13|1998|TBT|Ontario|2011-11-13|KSS Fall Invitational Swim Meet 2011|1:08.08|533
31|Hedley, Lauren|13|1998|MAVS|Alberta|2012-03-09|2012 Speedo Alberta Age Group Championships|1:08.08|533
33|Ryan, Camille|13|1997|LAC|Ontario|2012-03-07|OFSAA 2012 Swim Championship|1:08.15|532
34|Dunphy, Anna|13|1998|WAVES|Alberta|2012-03-09|2012 Speedo Alberta Age Group Championships|1:08.16|532
35|McDonald, Stephanie|13|1998|ESWIM|Ontario|2012-03-03|2012 SC Junior & PARA Provincials|1:08.24|530
36|Luo, Min Fei|13|1997|VPSC|British Columbia|2011-11-12|Fall Into Finals|1:08.32|528
37|Walker, Elisha|13|1998|DS|Ontario|2011-12-17|Invitation provinciale P1-P2 de Noël 2011|1:08.40|526
38|Hoang, Jennifer|13|1998|TORCH|Ontario|2011-12-02|Youth Cup|1:08.42|525
38|Gibson, Jessie|13|1998|SPART|British Columbia|2012-01-15|Hyack Icebreaker Classic 2012|1:08.42|525
40|Hirsch, Sydney|13|1998|CW|Ontario|2012-02-05|WOSA 2011-2012 SC Regional Champs|1:08.91|514
41|Ganski, Sarah|13|1998|CAMO|Québec|2011-12-17|Invitation provinciale P1-P2 de Noël 2011|1:08.92|514
42|Beaudry, Eliana|13|1998|CASE|Québec|2012-02-25|Championnat provincial AQUAM groupes d'âge|1:08.96|513
43|Janzen, Brooklyn|13|1998|STSC|Alberta|2012-03-09|2012 Speedo Alberta Age Group Championships|1:09.02|512
44|Tonellato, Emma|13|1998|CW|Ontario|2012-04-21|Division 2 Team Championships|1:09.11|510
45|Pappalardo, Talia|13|1998|BBST|Ontario|2012-03-01|2012 SC Junior & PARA Provincials|1:09.14|509
46|Aficionado, Aleckxeis|13|1998|WDSC|British Columbia|2012-03-02|2012 TAS SwimBC SC AAA Championships|1:09.17|509
47|Richard, Myriam|13|1998|CSQ|Québec|2012-02-25|Championnat provincial AQUAM groupes d'âge|1:09.21|508
47|Cornacchia, Danielle|13|1998|PICK|Ontario|2012-03-03|2012 SC Junior & PARA Provincials|1:09.21|508
49|Hett, Amanda|13|1998|GMAC|Ontario|2012-01-14|Joanne Malar Invitational|1:09.25|507
50|Glysz, Cierra|13|1999|COBRA|Ontario|2012-01-22|MMST Winter Dash for Cash|1:09.27|506