RANK|ATHLETES|AGE|YOB|CLUB|PROVINCE|DATE|MEET|TIME|FINA
1|Saroukian, Sophia|13|1998|EKSC|Alberta|2012-02-19|2012 Speedo Western Canadian Championships|8:52.36|753
2|Pratt, Taryn|13|1998|CASC|Alberta|2012-02-19|2012 Speedo Western Canadian Championships|8:57.60|732
3|Margitai, Lili|13|1997|EKSC|Alberta|2011-12-01|JP Fiset International|9:07.51|693
4|Gold, Vanessa|13|1998|TSC|Ontario|2012-04-22|Division 1 Team Champs|9:09.69|684
5|Macdermaid, Emma|13|1998|RDCSC|Alberta|2012-02-19|2012 Speedo Western Canadian Championships|9:10.17|683
6|Bullock, Nicole|13|1998|OAK|Ontario|2012-02-19|2012 Speedo Eastern Canadian Championships|9:10.26|682
7|McDonald, Stephanie|13|1998|ESWIM|Ontario|2012-02-19|2012 Speedo Eastern Canadian Championships|9:12.42|674
8|Johnston, Laura|13|1998|ESWIM|Ontario|2012-03-03|2012 SC Junior & PARA Provincials|9:13.31|671
9|Metcalfe, Hillary|13|1998|LOSC|British Columbia|2012-03-01|2012 TAS SwimBC SC AAA Championships|9:13.38|671
10|Dalke, Megan|13|1998|KCS|British Columbia|2012-03-01|2012 TAS SwimBC SC AAA Championships|9:16.02|661
11|Stene, Shelby|13|1998|GOLD|Saskatchewan|2012-02-19|2012 Speedo Western Canadian Championships|9:18.51|652
12|Lamoureux, Brooke|13|1998|COMOX|British Columbia|2012-03-01|2012 TAS SwimBC SC AAA Championships|9:18.78|651
13|Walker, Elisha|13|1998|DS|Ontario|2012-06-09|DS June 2012 Time Trials|9:20.85|644
14|Powell, Madison|13|1997|VASC|British Columbia|2011-12-11|2011 PCS Xmas Cracker Invitational|9:21.98|640
15|Rapson, Katelynn|13|1997|OAK|Ontario|2011-12-01|Youth Cup|9:24.90|631
16|Terriault, Andrea|13|1998|CAMO|Québec|2012-04-22|Section 1 - Championnat par équipe|9:26.60|625
17|Lam, Heather|13|1998|VPSC|British Columbia|2012-03-01|2012 TAS SwimBC SC AAA Championships|9:28.51|619
18|Pogany, Shayla|13|1998|KSC|Alberta|2011-12-01|Prairie Winter International|9:29.18|616
19|Glysz, Cierra|13|1999|COBRA|Ontario|2012-01-21|MMST Winter Dash for Cash|9:30.52|612
20|Niedbala, Rebecca|13|1998|ESWIM|Ontario|2012-02-19|2012 Speedo Eastern Canadian Championships|9:30.72|611
21|Bragman, Alexis|13|1998|TSC|Ontario|2011-11-04|2011 Harvest Invitational|9:32.62|605
22|Lineham, Hayley|13|1998|COBRA|Ontario|2012-03-03|2012 SC Junior & PARA Provincials|9:33.00|604
23|Lindsay, Mikhaila|13|1998|OSC|Alberta|2012-03-09|2012 Speedo Alberta Age Group Championships|9:33.65|602
24|Mitrea, Irina|13|1998|PPO|Québec|2012-04-22|Section 1 - Championnat par équipe|9:33.75|602
25|McCann, Meryn|13|1998|DS|Ontario|2011-12-10|DS December Time Trial|9:33.98|601
26|Molloy, Hannah|13|1998|MM|Manitoba|2011-12-01|Prairie Winter International|9:35.20|597
27|Drescher, Cassandra|13|1998|SWA|Ontario|2012-03-03|2012 SC Junior & PARA Provincials|9:36.59|593
28|Bosenius, Emily|13|1999|ESWIM|Ontario|2012-03-03|2012 SC Junior & PARA Provincials|9:37.20|591
29|Smit-Anseeuw, Esmee|13|1998|PSW|British Columbia|2012-03-01|2012 TAS SwimBC SC AAA Championships|9:37.77|589
30|Ramier, Emily|13|1997|OAK|Ontario|2011-11-04|2011 Harvest Invitational|9:38.74|586
31|Kidd, Georgia|13|1998|OSC|Alberta|2012-01-13|Blue Bears|9:38.90|586
32|Cieplucha, Tessa|13|1998|COBRA|Ontario|2012-01-07|COBRA CA$H CHALLENGE 2012|9:39.07|585
33|Hanus, Danielle|13|1998|NEW|Ontario|2012-01-20|2012 A-B Meet|9:39.82|583
34|Doyon, Lydia|13|1998|PSW|British Columbia|2011-12-09|KCS MJB Law Ice Classic|9:40.62|581
35|Pauletto, Jillian|13|1999|PCSC|Québec|2012-04-22|Section 1 - Championnat par équipe|9:41.17|579
36|Garbett, Danica|13|1998|NEW|Ontario|2012-01-20|2012 A-B Meet|9:41.20|579
37|Bosenius, Angela|13|1999|ESWIM|Ontario|2012-03-03|2012 SC Junior & PARA Provincials|9:41.93|577
38|Malone, Jenna|13|1998|UCRO|Ontario|2012-01-08|Mike Brown Invitational 2012|9:41.99|577
39|Ullrich, Heidi|13|1998|UVPCS|British Columbia|2012-03-01|2012 TAS SwimBC SC AAA Championships|9:42.06|576
40|Pappalardo, Talia|13|1998|BBST|Ontario|2012-03-03|2012 SC Junior & PARA Provincials|9:42.48|575
41|Cameron, Baillie|13|1998|GHAC|Ontario|2011-11-26|GHAC Pre-Req Invitational|9:43.61|572
42|Wishloff, Sarah|13|1997|OSC|Alberta|2011-12-11|2011 PCS Xmas Cracker Invitational|9:43.64|572
43|Lamontagne, Sara Jade|13|1998|CNSH|Québec|2012-01-14|Invitation P1-P2 DDO Invitational|9:45.53|566
44|Fabugais-Inaba, Alexandra|13|1998|OAK|Ontario|2011-11-04|2011 Harvest Invitational|9:45.93|565
45|Halvorsen, Alexis|13|1998|TBT|Ontario|2011-12-01|Prairie Winter International|9:46.85|562
46|Dunphy, Anna|13|1998|WAVES|Alberta|2011-12-01|JP Fiset International|9:47.72|560
47|Lindsay, Cheyenne|13|1998|OSC|Alberta|2012-03-09|2012 Speedo Alberta Age Group Championships|9:47.83|560
48|Dagasso, Gabrielle|13|1998|LAC|Ontario|2012-02-11|SWA Winter INVITATIONAL|9:48.72|557
49|Tran, Carolyn|13|1998|CYPS|Ontario|2012-02-03|WOSA 2011-2012 SC Regional Champs|9:49.37|555
50|Gibson, Jessie|13|1998|SPART|British Columbia|2011-12-02|FastSwim Classic|9:50.14|553