RANK|ATHLETES|AGE|YOB|CLUB|PROVINCE|DATE|MEET|TIME|FINA
1|Beaudry, Eliana|13|1998|CASE|Québec|2012-08-01|Finale provinciale des Jeux du Québec 2012|28.48|627
2|Kidd, Georgia|13|1998|OSC|Alberta|2012-02-16|2012 Speedo Western Canadian Championships|29.18|583
3|Pogany, Shayla|13|1998|KSC|Alberta|2012-02-16|2012 Speedo Western Canadian Championships|29.19|582
4|Ball, Emma|13|1998|GMAC|Ontario|2012-02-16|2012 Speedo Eastern Canadian Championships|29.39|570
5|Glover, Mackenzie|13|1998|UMAN|Manitoba|2011-12-01|Prairie Winter International|29.68|554
6|Wog, Kelsey|13|1998|UMAN|Manitoba|2012-03-18|Man/Sask Short Course Provincial Championships|29.83|545
7|Marks, Chloé|13|1998|SAMAK|Québec|2012-02-16|2012 Speedo Eastern Canadian Championships|29.93|540
8|Yu, Jessica|13|1998|NKB|Ontario|2011-12-16|Invitation de Noël P1-P2|30.02|535
9|Poirier, Valérie|13|1998|LLOU|Québec|2012-02-26|Championnat provincial AQUAM groupes d'âge|30.18|527
10|Tetreault, Trista|13|1998|PSW|British Columbia|2011-12-10|KCS MJB Law Ice Classic|30.30|520
11|Saroukian, Sophia|13|1998|EKSC|Alberta|2012-02-16|2012 Speedo Western Canadian Championships|30.31|520
12|Feschuk, Aileen|13|1998|HTAC|Nova Scotia|2012-02-16|2012 Speedo Eastern Canadian Championships|30.47|512
13|Guay-Boisvert, Janelle|13|1998|CADAC|Québec|2012-02-26|Championnat provincial AQUAM groupes d'âge|30.51|510
14|Genich, Hannah|13|1998|NORAC|Ontario|2011-10-22|NORAC 2011 Fall Invitational|30.56|507
15|Hamel, Sandrine|13|1998|CSQ|Québec|2012-05-27|Sélection des Jeux du Québec (Capitale-Nationale)|30.57|507
16|Powell, Madison|13|1997|VASC|British Columbia|2011-11-13|Island Pacific Cup|30.61|505
17|Caya, Rachel|13|1998|MEGO|Québec|2012-02-26|Championnat provincial AQUAM groupes d'âge|30.62|504
18|Kaczor, Samantha|13|1998|DUCKS|Ontario|2012-02-16|2012 Speedo Eastern Canadian Championships|30.69|501
19|Edmonds, Ruah|13|1998|HWAC|Nova Scotia|2012-03-02|East Coast Short Course Championship|30.86|493
20|Mason, Geneva|13|1998|NYAC|Ontario|2011-12-18|Alex Baumann Invitational 2011|30.88|492
20|Duranleau, Éléonore|13|1999|SAMAK|Québec|2012-05-26|Finale régionale des jeux du Québec Rive-Sud|30.88|492
22|Gibson, Jessie|13|1998|SPART|British Columbia|2011-12-04|FastSwim Classic|30.91|490
23|Aficionado, Aleckxeis|13|1998|WDSC|British Columbia|2011-12-04|FastSwim Classic|30.94|489
24|Smit-Anseeuw, Esmee|13|1998|PSW|British Columbia|2011-12-10|KCS MJB Law Ice Classic|30.97|487
24|Tardif, Rébecca|13|1998|MEGO|Québec|2012-02-26|Championnat provincial AQUAM groupes d'âge|30.97|487
26|Robinson, Kennedy|13|1998|GLEN|Alberta|2012-03-10|2012 Speedo Alberta Age Group Championships|31.00|486
27|Huber, Natalia|13|1998|GOLD|Saskatchewan|2012-03-18|Man/Sask Short Course Provincial Championships|31.04|484
28|Nackoney, Payton|13|1998|KISU|British Columbia|2011-12-10|KCS MJB Law Ice Classic|31.11|481
28|Ye, Cathy|13|1997|RAPID|British Columbia|2011-10-30|2011 VPSC Invitational|31.11|481
30|Normand, Alexia|13|1998|CSQ|Québec|2012-05-27|Sélection des Jeux du Québec (Capitale-Nationale)|31.15|479
31|Saunderson, Emma|13|1998|ROD|Saskatchewan|2012-03-18|Man/Sask Short Course Provincial Championships|31.16|478
32|Hussey, Stephanie|13|1998|PCSC|Québec|2011-12-17|Invitation Pointe-Claire Provincial 2 2011|31.25|474
33|Arcand, Maurane|13|1998|NN|Québec|2011-12-17|Invitation Pointe-Claire Provincial 2 2011|31.31|472
34|Ye, Liuqing (Selina)|13|1998|WVOSC|British Columbia|2012-01-22|CDSC New Years Invitational|31.32|471
35|Wilm, Ingrid|13|1998|CASC|Alberta|2012-03-10|2012 Speedo Alberta Age Group Championships|31.34|470
36|Polley, Sarah|13|1998|HTAC|Nova Scotia|2012-01-14|Acadia Senior Meet 2012|31.37|469
37|Dobbin, Clare|13|1998|GGST|Ontario|2011-12-17|Invitation Pointe-Claire Provincial 2 2011|31.38|468
37|Krallis, Amelia|13|1998|PCSC|Québec|2011-12-17|Invitation Pointe-Claire Provincial 2 2011|31.38|468
37|Reimer, Alyssa|13|1998|MANTA|Manitoba|2012-03-18|Man/Sask Short Course Provincial Championships|31.38|468
40|Dagasso, Gabrielle|13|1998|LAC|Ontario|2012-02-10|SWA Winter INVITATIONAL|31.40|468
41|Mark, Devon|13|1998|VPSC|British Columbia|2011-12-10|KCS MJB Law Ice Classic|31.43|466
42|Wong, Samantha Lum|13|1998|WSC|British Columbia|2011-12-04|FastSwim Classic|31.46|465
43|Provost, Ashley|13|1999|CARAT|Québec|2012-08-01|Finale provinciale des Jeux du Québec 2012|31.47|464
44|Molloy, Hannah|13|1998|MM|Manitoba|2012-01-21|New Year's Invitational|31.50|463
45|Clark, Emily|13|1999|||2012-07-28|Alberta Summer Games|31.55|461
46|Janzen, Brooklyn|13|1998|STSC|Alberta|2012-02-12|Silver Tide Winter Invitational|31.59|459
47|Sutherland, Makena|13|1998|KCS|British Columbia|2011-12-10|KCS MJB Law Ice Classic|31.61|458
48|Yang, Chuchu|13|1998|NKB|Ontario|2011-12-16|Invitation de Noël P1-P2|31.62|458
49|Lamontagne, Sara Jade|13|1998|CNSH|Québec|2011-10-30|Halloween P1-P2|31.63|457
50|Paradkar, Madeline|13|1998|DS|Ontario|2011-11-06|Bolzano International - Italy|31.65|457