RANK|ATHLETES|AGE|YOB|CLUB|PROVINCE|DATE|MEET|TIME|FINA
1|Hanus, Danielle|13|1998|NEW|Ontario|2012-03-03|2012 SC Junior & PARA Provincials|2:22.76|605
2|Kidd, Georgia|13|1998|OSC|Alberta|2011-12-10|2011 PCS Xmas Cracker Invitational|2:23.82|592
3|Gibson, Jessie|13|1998|SPART|British Columbia|2011-11-20|LOSC 5th Annual Short Course Invitational|2:24.76|580
4|Paradkar, Madeline|13|1998|DS|Ontario|2011-12-18|Invitation provinciale P1-P2 de Noël 2011|2:24.86|579
5|Saroukian, Sophia|13|1998|EKSC|Alberta|2012-03-09|2012 Speedo Alberta Age Group Championships|2:25.45|572
6|Glysz, Cierra|13|1999|COBRA|Ontario|2012-03-03|2012 SC Junior & PARA Provincials|2:25.61|570
7|Lineham, Hayley|13|1998|COBRA|Ontario|2012-03-03|2012 SC Junior & PARA Provincials|2:25.66|570
8|Smit-Anseeuw, Esmee|13|1998|PSW|British Columbia|2012-03-04|2012 TAS SwimBC SC AAA Championships|2:27.10|553
9|Ye, Cathy|13|1997|RAPID|British Columbia|2011-11-20|LOSC 5th Annual Short Course Invitational|2:28.33|539
10|Yu, Jessica|13|1998|NKB|Ontario|2011-12-18|Invitation de Noël P1-P2|2:29.53|526
11|Terriault, Andrea|13|1998|CAMO|Québec|2012-04-20|Section 1 - Championnat par équipe|2:29.72|524
12|Gold, Vanessa|13|1998|TSC|Ontario|2012-02-18|2012 Speedo Eastern Canadian Championships|2:29.76|524
13|Ullrich, Heidi|13|1998|UVPCS|British Columbia|2012-03-04|2012 TAS SwimBC SC AAA Championships|2:30.25|519
14|Cieplucha, Tessa|13|1998|COBRA|Ontario|2011-12-03|Youth Cup|2:30.27|519
15|Dalke, Megan|13|1998|KCS|British Columbia|2012-03-04|2012 TAS SwimBC SC AAA Championships|2:30.53|516
16|Dagasso, Gabrielle|13|1998|LAC|Ontario|2011-12-16|Invitation Pointe-Claire Provincial 2 2011|2:30.55|516
17|Genich, Hannah|13|1998|NORAC|Ontario|2012-03-03|2012 SC Junior & PARA Provincials|2:30.83|513
18|Johnston, Laura|13|1998|ESWIM|Ontario|2012-03-03|2012 SC Junior & PARA Provincials|2:31.18|509
19|Wishloff, Sarah|13|1997|OSC|Alberta|2011-12-10|2011 PCS Xmas Cracker Invitational|2:31.79|503
19|Cooper, Marian|13|1998|CCSC|Ontario|2012-08-17|2012 Ontario Summer Games|2:31.79|503
21|Lamontagne, Sara Jade|13|1998|CNSH|Québec|2011-11-26|Invitation provinciale P1 et P2 avec finales|2:32.26|499
22|Ostrem, Emma|13|1998|CHENA|British Columbia|2011-12-09|KCS MJB Law Ice Classic|2:32.47|497
23|Cloutier, Amélie|13|1999|CARAT|Québec|2012-07-31|Finale provinciale des Jeux du Québec 2012|2:32.98|492
24|Jazbec, Carly|13|1998|OAK|Ontario|2012-03-03|2012 SC Junior & PARA Provincials|2:33.44|487
25|Wog, Kelsey|13|1998|UMAN|Manitoba|2011-10-30|Celebrate Swimming Invitational 2011|2:33.86|483
26|Lamoureux, Brooke|13|1998|COMOX|British Columbia|2012-03-04|2012 TAS SwimBC SC AAA Championships|2:33.95|482
27|Mitrea, Irina|13|1998|PPO|Québec|2012-04-20|Section 1 - Championnat par équipe|2:34.26|479
28|Loeschnik, Emma|13|1998|MAC|Ontario|2012-03-03|2012 SC Junior & PARA Provincials|2:35.08|472
29|Despond, Samantha|13|1998|OAK|Ontario|2011-11-13|Swim International|2:35.10|472
30|Pogany, Shayla|13|1998|KSC|Alberta|2011-12-04|Prairie Winter International|2:35.34|470
31|Jung-hartnell, Camille|13|1998|MANTA|Manitoba|2012-01-27|January 26 Time Trial|2:35.43|469
32|Metcalfe, Hillary|13|1998|LOSC|British Columbia|2011-11-20|LOSC 5th Annual Short Course Invitational|2:35.48|468
32|Hirsch, Sydney|13|1998|CW|Ontario|2012-03-03|2012 SC Junior & PARA Provincials|2:35.48|468
34|Krallis, Amelia|13|1998|PCSC|Québec|2011-12-16|Invitation Pointe-Claire Provincial 2 2011|2:36.38|460
35|Pratt, Taryn|13|1998|CASC|Alberta|2011-12-02|JP Fiset International|2:36.65|458
36|Bragman, Alexis|13|1998|TSC|Ontario|2011-12-03|Youth Cup|2:36.70|457
37|Hunt, Hannah|13|1998|OAK|Ontario|2012-01-22|25th Annual Oakville Invitational|2:36.87|456
38|Bosenius, Angela|13|1999|ESWIM|Ontario|2012-03-03|2012 SC Junior & PARA Provincials|2:37.44|451
39|Alberton, Laura|13|1998|BG|Québec|2012-02-25|Championnat provincial AQUAM groupes d'âge|2:37.46|451
40|Garabandic, Helen|13|1998|VPSC|British Columbia|2012-03-04|2012 TAS SwimBC SC AAA Championships|2:37.64|449
41|Saunderson, Emma|13|1998|ROD|Saskatchewan|2012-03-17|Man/Sask Short Course Provincial Championships|2:38.18|445
42|Yang, Wendy|13|1998|HYACK|British Columbia|2012-03-04|2012 TAS SwimBC SC AAA Championships|2:38.27|444
43|Edmonds, Ruah|13|1998|HWAC|Nova Scotia|2012-02-05|Championnat du NB en Bassin Court - NB Short Course Open Championship|2:38.36|443
44|Savage, Erika|13|1998|DUCKS|Ontario|2011-12-16|Invitation Pointe-Claire Provincial 1 2011|2:38.40|443
45|Beaudin, Jenna|13|1999|CRKW|British Columbia|2012-07-20|BC Summer Games|2:38.65|441
46|Choquette, Eveline|13|1998|WTSC|Nova Scotia|2012-03-03|East Coast Short Course Championship|2:38.81|439
47|Berry, Jaylene|13|1998|RAPID|British Columbia|2012-03-04|2012 TAS SwimBC SC AAA Championships|2:39.00|438
48|Liritzis, Grace|13|1998|NBYT|Ontario|2012-02-05|Dave Kensit Memorial Championship Meet|2:39.40|435
49|Hussey, Stephanie|13|1998|PCSC|Québec|2012-02-25|Championnat provincial AQUAM groupes d'âge|2:39.62|433
50|Yang, Chuchu|13|1998|NKB|Ontario|2011-12-18|Invitation de Noël P1-P2|2:39.68|432