RANK|ATHLETES|AGE|YOB|CLUB|PROVINCE|DATE|MEET|TIME|FINA
1|Drescher, Cassandra|13|1998|SWA|Ontario|2012-03-01|2012 SC Junior & PARA Provincials|2:35.87|643
2|Metcalfe, Hillary|13|1998|LOSC|British Columbia|2012-02-17|2012 Speedo Western Canadian Championships|2:36.75|632
3|Bragman, Alexis|13|1998|TSC|Ontario|2012-03-01|2012 SC Junior & PARA Provincials|2:39.33|602
4|Smith, Madalyn|13|1998|RDCSC|Alberta|2012-03-11|2012 Speedo Alberta Age Group Championships|2:39.58|599
5|Wog, Kelsey|13|1998|UMAN|Manitoba|2012-03-16|Man/Sask Short Course Provincial Championships|2:40.10|593
6|Higuchi, Tiara|13|1998|MSSAC|Ontario|2012-03-01|2012 SC Junior & PARA Provincials|2:40.69|587
7|Pauletto, Jillian|13|1999|PCSC|Québec|2012-04-22|Section 1 - Championnat par équipe|2:41.58|577
8|Carnevale, Sofia|13|1998|ESWIM|Ontario|2012-03-01|2012 SC Junior & PARA Provincials|2:41.69|576
9|Wagner, Emily|13|1997|CASC|Alberta|2011-11-05|Cascade Speed Meet "BLUE"|2:41.90|574
10|Cumetti, Jasmine|13|1998|PCSC|Québec|2012-02-24|Championnat provincial AQUAM groupes d'âge|2:42.37|569
11|Smit-Anseeuw, Esmee|13|1998|PSW|British Columbia|2012-03-03|2012 TAS SwimBC SC AAA Championships|2:42.68|566
12|Smith, Amy|13|1997|PICK|Ontario|2011-12-09|Team Aquatic Supplies Dash for Cash|2:43.45|558
13|Cameron, Baillie|13|1998|GHAC|Ontario|2011-12-09|Team Aquatic Supplies Dash for Cash|2:43.50|557
14|Whelan, Jasmine|13|1999|HYACK|British Columbia|2012-03-03|2012 TAS SwimBC SC AAA Championships|2:44.43|548
15|Lamontagne, Sara Jade|13|1998|CNSH|Québec|2012-02-24|Championnat provincial AQUAM groupes d'âge|2:44.46|547
16|Laderoute, Laura|13|1998|UNCAN|Swimming Canada|2012-01-07|2012 Pacific Coast All-Star Meet|2:44.80|544
17|Bosenius, Angela|13|1999|ESWIM|Ontario|2012-04-22|Division 1 Team Champs|2:45.08|541
18|Reilly, Taylor|13|1998|WDSC|British Columbia|2012-03-03|2012 TAS SwimBC SC AAA Championships|2:45.21|540
19|Cieplucha, Tessa|13|1998|COBRA|Ontario|2012-03-01|2012 SC Junior & PARA Provincials|2:45.80|534
20|Bleackley, Samantha|13|1998|PGB|British Columbia|2012-03-03|2012 TAS SwimBC SC AAA Championships|2:46.17|531
21|Snell, Julia|13|1998|MANTA|Manitoba|2011-12-03|Prairie Winter International|2:46.39|529
22|Touchette-Mcgowan, Jeanne|13|1997|PCSC|Québec|2011-11-12|Swim International|2:46.45|528
23|Poulin, Frédérique|13|1998|CADAC|Québec|2011-12-17|Invitation provinciale P1-P2 de Noël 2011|2:46.47|528
24|Henderson, Holly|13|1998|BAD|Ontario|2012-03-01|2012 SC Junior & PARA Provincials|2:47.28|520
25|Hanus, Danielle|13|1998|NEW|Ontario|2011-11-13|Metro Stores Fall Invitational|2:47.31|520
26|Marcoux, Eryka|13|1998|PCSC|Québec|2012-02-24|Championnat provincial AQUAM groupes d'âge|2:47.44|519
27|Xue, Serena|13|1998|RAPID|British Columbia|2011-12-03|FastSwim Classic|2:47.47|518
28|Roy, Kyla|13|1998|UMAN|Manitoba|2012-03-16|Man/Sask Short Course Provincial Championships|2:47.61|517
29|Hansen, Rachel|13|1997|GGST|Ontario|2011-11-13|Metro Stores Fall Invitational|2:48.40|510
30|Choquette, Eveline|13|1998|WTSC|Nova Scotia|2012-03-02|East Coast Short Course Championship|2:48.43|510
31|Feschuk, Aileen|13|1998|HTAC|Nova Scotia|2012-03-02|East Coast Short Course Championship|2:48.79|506
32|Halvorsen, Alexis|13|1998|TBT|Ontario|2012-03-16|Man/Sask Short Course Provincial Championships|2:48.91|505
33|Andison, Bailey|13|1997|PERTH|Ontario|2011-10-23|GO Kingfish Fall Invitational 2011|2:49.09|504
34|Raines, Jasmine|13|1998|ROW|Ontario|2011-12-16|Invitation de Noël P1-P2|2:49.11|503
35|Ramier, Emily|13|1997|OAK|Ontario|2011-11-12|Swim International|2:49.20|503
36|Stene, Shelby|13|1998|GOLD|Saskatchewan|2012-03-16|Man/Sask Short Course Provincial Championships|2:49.24|502
37|Zaraska, Melanya|13|1997|ESWIM|Ontario|2011-11-12|Swim International|2:49.36|501
38|Morris, Emily|13|1998|VPSC|British Columbia|2012-07-21|BC Summer Games|2:49.67|498
39|Fiddler, Autumn|13|1999|GOLD|Saskatchewan|2012-03-16|Man/Sask Short Course Provincial Championships|2:49.73|498
40|Simmonds, Angelina|13|1998|HWAC|Nova Scotia|2012-03-02|East Coast Short Course Championship|2:49.80|497
41|Lee, Kiah|13|1998|VKSC|British Columbia|2012-01-21|KAJ SnowFest Meet|2:50.29|493
42|Bullock, Nicole|13|1998|OAK|Ontario|2011-11-12|Swim International|2:50.61|490
43|Ryder, Eva|13|1998|RAPID|British Columbia|2012-03-03|2012 TAS SwimBC SC AAA Championships|2:50.77|489
44|Gilberg, Kiersten|13|1998|WDSC|British Columbia|2012-02-17|2012 Speedo Western Canadian Championships|2:50.89|488
45|Belsh, Gabriella|13|1998|FAST|New Brunswick|2012-04-13|2012 Marianne Limpert Team Championships/Championnat d'equipes|2:51.13|486
46|Labrecque, Geneviève|13|1997|CSQ|Québec|2011-10-29|Coupe d'automne (P1-P2)|2:51.23|485
47|Wilson, Erin|13|1998|MSSAC|Ontario|2011-11-26|Nothers Fall Invitational 2011|2:51.28|484
48|Menzel, Breana|13|1998|RDCSC|Alberta|2011-12-11|2011 PCS Xmas Cracker Invitational|2:51.35|484
49|Garbett, Danica|13|1998|NEW|Ontario|2012-03-01|2012 SC Junior & PARA Provincials|2:51.49|483
50|Nowicki, Nicole|13|1998|YORK|Ontario|2012-02-11|2012 Central Region SC Champs|2:51.52|482