RANK|ATHLETES|AGE|YOB|CLUB|PROVINCE|DATE|MEET|TIME|FINA
1|Ball, Emma|13|1998|GMAC|Ontario|2012-03-01|2012 SC Junior & PARA Provincials|28.88|704
2|Glover, Mackenzie|13|1998|UMAN|Manitoba|2012-02-16|2012 Speedo Western Canadian Championships|29.47|663
3|Kidd, Georgia|13|1998|OSC|Alberta|2012-02-16|2012 Speedo Western Canadian Championships|29.58|655
4|Rode, Rachel|13|1998|WEST|Ontario|2012-03-01|2012 SC Junior & PARA Provincials|30.08|623
4|Laderoute, Laura|13|1998|UNCAN|Swimming Canada|2011-12-11|13th Annual Paul Bergen Junior Int'l Invitational|30.08|623
6|Wilm, Ingrid|13|1998|CASC|Alberta|2012-02-16|2012 Speedo Western Canadian Championships|30.12|621
7|Hanus, Danielle|13|1998|NEW|Ontario|2011-12-17|Invitation provinciale P1-P2 de Noël 2011|30.57|594
8|Margitai, Lili|13|1997|EKSC|Alberta|2011-12-03|JP Fiset International|31.04|567
9|Polley, Sarah|13|1998|HTAC|Nova Scotia|2012-03-03|East Coast Short Course Championship|31.06|566
10|Pogany, Shayla|13|1998|KSC|Alberta|2012-02-16|2012 Speedo Western Canadian Championships|31.07|565
11|Lam, Heather|13|1998|VPSC|British Columbia|2012-01-08|2012 Pacific Coast All-Star Meet|31.11|563
12|Richard, Myriam|13|1998|CSQ|Québec|2012-02-24|Championnat provincial AQUAM groupes d'âge|31.14|562
12|Ye, Liuqing (Selina)|13|1998|WVOSC|British Columbia|2012-01-22|CDSC New Years Invitational|31.14|562
14|Silotch, Catherine|13|1998|SJL|Newfoundland|2012-02-16|2012 Speedo Eastern Canadian Championships|31.22|557
15|Aficionado, Aleckxeis|13|1998|WDSC|British Columbia|2011-12-03|FastSwim Classic|31.27|555
16|Ellard, Olivia|13|1998|PERTH|Ontario|2012-02-16|2012 Speedo Eastern Canadian Championships|31.28|554
17|Bellehumeur-Béchamp, Lily|13|1999|CSQ|Québec|2012-08-03|Finale provinciale des Jeux du Québec 2012|31.31|553
18|Beaudry, Eliana|13|1998|CASE|Québec|2012-02-24|Championnat provincial AQUAM groupes d'âge|31.33|551
19|Kaczor, Samantha|13|1998|DUCKS|Ontario|2012-02-16|2012 Speedo Eastern Canadian Championships|31.50|543
20|Hedley, Lauren|13|1998|MAVS|Alberta|2012-03-11|2012 Speedo Alberta Age Group Championships|31.52|542
21|Molloy, Hannah|13|1998|MM|Manitoba|2011-12-01|Prairie Winter International|31.53|541
22|Yang, Wendy|13|1998|HYACK|British Columbia|2012-03-02|2012 TAS SwimBC SC AAA Championships|31.62|536
23|Powell, Madison|13|1997|VASC|British Columbia|2011-12-09|2011 PCS Xmas Cracker Invitational|31.65|535
24|Heebner, Kristina|13|1998|NG|Québec|2012-02-24|Championnat provincial AQUAM groupes d'âge|31.71|532
25|McCann, Meryn|13|1998|DS|Ontario|2011-12-17|Invitation provinciale P1-P2 de Noël 2011|31.72|531
26|Gay, Micah|13|1998|VPSC|British Columbia|2011-12-11|KCS MJB Law Ice Classic|31.73|531
27|Pappalardo, Talia|13|1998|BBST|Ontario|2012-02-05|2012 EOSA SC Regional Championships|31.80|527
28|Keyworth, Maggie|13|1998|GGST|Ontario|2011-12-18|Invitation Pointe-Claire Provincial 2 2011|31.86|524
29|McDonald, Stephanie|13|1998|ESWIM|Ontario|2012-03-01|2012 SC Junior & PARA Provincials|31.87|524
29|Yang, Chuchu|13|1998|NKB|Ontario|2012-03-01|2012 SC Junior & PARA Provincials|31.87|524
31|Arcand, Maurane|13|1998|NN|Québec|2012-02-24|Championnat provincial AQUAM groupes d'âge|31.91|522
32|Ganski, Sarah|13|1998|CAMO|Québec|2011-12-17|Invitation provinciale P1-P2 de Noël 2011|31.93|521
33|Noble, Madeline|13|1998|TSC|Ontario|2011-12-03|Youth Cup|31.99|518
34|Normand, Alexia|13|1998|CSQ|Québec|2012-02-24|Championnat provincial AQUAM groupes d'âge|32.01|517
35|Poucher, Carolyn|13|1998|EBSC|Ontario|2012-02-05|2012 EOSA SC Regional Championships|32.34|501
36|Wong, Samantha|13|1999|CASC|Alberta|2012-03-11|2012 Speedo Alberta Age Group Championships|32.36|500
37|Luo, Min Fei|13|1997|VPSC|British Columbia|2011-10-29|2011 VPSC Invitational|32.42|498
38|Wog, Kelsey|13|1998|UMAN|Manitoba|2012-01-21|New Year's Invitational|32.49|494
39|Grewal, Annika|13|1997|OAK|Ontario|2011-10-23|Brad Townsend Fall Classic 2011|32.50|494
40|Danyluk, Daphné|13|1998|PPO|Québec|2012-02-24|Championnat provincial AQUAM groupes d'âge|32.56|491
41|Goettke, Klara|13|1998|||2011-12-18|Défi Endurance-Vitesse d'Avant-Noël (P1-P2)|32.62|489
42|Belzile, Alexia|13|1998|CALAC|Québec|2012-02-24|Championnat provincial AQUAM groupes d'âge|32.66|487
43|Wong, Samantha Lum|13|1998|WSC|British Columbia|2011-12-03|FastSwim Classic|32.68|486
44|Stoyan, Jessica|13|1998|MSSAC|Ontario|2012-03-01|2012 SC Junior & PARA Provincials|32.74|483
45|Touchette-Mcgowan, Jeanne|13|1997|PCSC|Québec|2011-12-18|Invitation Pointe-Claire Provincial 2 2011|32.76|482
46|Genich, Hannah|13|1998|NORAC|Ontario|2011-10-22|NORAC 2011 Fall Invitational|32.81|480
47|Gibson, Jessie|13|1998|SPART|British Columbia|2011-12-04|FastSwim Classic|32.84|479
48|Cobb, Gillian|13|1998|VPSC|British Columbia|2011-12-10|KCS MJB Law Ice Classic|32.86|478
49|Henderson, Jessica|13|1998|MM|Manitoba|2012-03-18|Man/Sask Short Course Provincial Championships|32.87|477
50|Huber, Natalia|13|1998|GOLD|Saskatchewan|2012-03-18|Man/Sask Short Course Provincial Championships|32.88|477