RANK|ATHLETES|AGE|YOB|CLUB|PROVINCE|DATE|MEET|TIME|FINA
1|Kidd, Georgia|13|1998|OSC|Alberta|2012-02-18|2012 Speedo Western Canadian Championships|2:15.61|696
2|Glover, Mackenzie|13|1998|UMAN|Manitoba|2012-02-18|2012 Speedo Western Canadian Championships|2:15.80|693
3|McCann, Meryn|13|1998|DS|Ontario|2012-06-09|DS June 2012 Time Trials|2:16.38|684
4|Margitai, Lili|13|1997|EKSC|Alberta|2011-12-03|JP Fiset International|2:17.76|663
5|Ellard, Olivia|13|1998|PERTH|Ontario|2012-03-03|2012 SC Junior & PARA Provincials|2:18.14|658
6|Wilm, Ingrid|13|1998|CASC|Alberta|2011-12-17|Invitation Pointe-Claire Provincial 2 2011|2:19.92|633
7|Hanus, Danielle|13|1998|NEW|Ontario|2011-12-16|Invitation provinciale P1-P2 de Noël 2011|2:20.76|622
7|Ball, Emma|13|1998|GMAC|Ontario|2012-03-03|2012 SC Junior & PARA Provincials|2:20.76|622
9|Laderoute, Laura|13|1998|UNCAN|Swimming Canada|2012-01-07|2012 Pacific Coast All-Star Meet|2:21.09|618
10|Lam, Heather|13|1998|VPSC|British Columbia|2012-03-04|2012 TAS SwimBC SC AAA Championships|2:22.32|602
11|Heebner, Kristina|13|1998|NG|Québec|2011-12-17|Invitation de Noël P1-P2|2:22.44|600
12|Dunlop, Katie|13|1998|KAJ|British Columbia|2012-03-04|2012 TAS SwimBC SC AAA Championships|2:22.68|597
13|Pratt, Taryn|13|1998|CASC|Alberta|2012-02-18|2012 Speedo Western Canadian Championships|2:23.13|591
14|Powell, Madison|13|1997|VASC|British Columbia|2011-12-10|2011 PCS Xmas Cracker Invitational|2:23.26|590
14|Gay, Micah|13|1998|VPSC|British Columbia|2012-01-28|VPSC Dash For Cash|2:23.26|590
16|Grewal, Annika|13|1997|OAK|Ontario|2011-11-12|Swim International|2:23.30|589
17|McDonald, Stephanie|13|1998|ESWIM|Ontario|2011-11-12|Swim International|2:23.76|584
18|Yang, Chuchu|13|1998|NKB|Ontario|2012-03-03|2012 SC Junior & PARA Provincials|2:24.00|581
19|Pappalardo, Talia|13|1998|BBST|Ontario|2012-02-04|2012 EOSA SC Regional Championships|2:24.17|579
20|Touchette-Mcgowan, Jeanne|13|1997|PCSC|Québec|2011-12-17|Invitation Pointe-Claire Provincial 2 2011|2:24.95|569
20|Malone, Jenna|13|1998|UCRO|Ontario|2012-02-04|2012 EOSA SC Regional Championships|2:24.95|569
22|Skrlac, Andraya|13|1999|CASC|Alberta|2012-03-10|2012 Speedo Alberta Age Group Championships|2:25.10|568
23|Pogany, Shayla|13|1998|KSC|Alberta|2012-03-17|Man/Sask Short Course Provincial Championships|2:25.12|567
24|Gibson, Jessie|13|1998|SPART|British Columbia|2011-11-20|LOSC 5th Annual Short Course Invitational|2:25.27|566
25|Rode, Rachel|13|1998|WEST|Ontario|2012-03-03|2012 SC Junior & PARA Provincials|2:25.32|565
26|Walker, Elisha|13|1998|DS|Ontario|2011-12-16|Invitation provinciale P1-P2 de Noël 2011|2:25.46|563
27|Gold, Vanessa|13|1998|TSC|Ontario|2012-04-22|Division 1 Team Champs|2:25.50|563
28|Saroukian, Sophia|13|1998|EKSC|Alberta|2012-01-14|Blue Bears|2:25.72|560
29|Molloy, Hannah|13|1998|MM|Manitoba|2011-12-04|Prairie Winter International|2:25.85|559
30|Metcalfe, Hillary|13|1998|LOSC|British Columbia|2011-11-20|LOSC 5th Annual Short Course Invitational|2:26.10|556
31|Ganski, Sarah|13|1998|CAMO|Québec|2012-01-28|Dernière Chance P1-P2|2:26.14|556
32|Smit-Anseeuw, Esmee|13|1998|PSW|British Columbia|2011-12-10|KCS MJB Law Ice Classic|2:26.28|554
32|Keyworth, Maggie|13|1998|GGST|Ontario|2012-04-22|Division 1 Team Champs|2:26.28|554
34|Tetreault, Trista|13|1998|PSW|British Columbia|2012-03-04|2012 TAS SwimBC SC AAA Championships|2:26.35|553
35|Silotch, Catherine|13|1998|SJL|Newfoundland|2011-12-17|Invitation Pointe-Claire Provincial 2 2011|2:26.99|546
36|Yang, Wendy|13|1998|HYACK|British Columbia|2012-03-04|2012 TAS SwimBC SC AAA Championships|2:27.14|544
37|Cieplucha, Tessa|13|1998|COBRA|Ontario|2011-12-04|Youth Cup|2:27.22|543
38|Boyle, Victoria|13|1999|HTAC|Nova Scotia|2012-06-02|Ken Dunn Invitational|2:27.31|543
39|Richard, Myriam|13|1998|CSQ|Québec|2012-02-26|Championnat provincial AQUAM groupes d'âge|2:27.39|542
40|Mothe, Bailey|13|1999|PSW|British Columbia|2012-03-04|2012 TAS SwimBC SC AAA Championships|2:27.74|538
41|Stoyan, Jessica|13|1998|MSSAC|Ontario|2012-03-03|2012 SC Junior & PARA Provincials|2:27.82|537
42|Wog, Kelsey|13|1998|UMAN|Manitoba|2011-10-30|Celebrate Swimming Invitational 2011|2:28.06|534
43|Luo, Min Fei|13|1997|VPSC|British Columbia|2011-11-12|Fall Into Finals|2:28.12|534
44|Lindsay, Mikhaila|13|1998|OSC|Alberta|2012-03-10|2012 Speedo Alberta Age Group Championships|2:28.22|533
45|Ye, Liuqing (Selina)|13|1998|WVOSC|British Columbia|2012-03-04|2012 TAS SwimBC SC AAA Championships|2:28.31|532
46|Kaczor, Samantha|13|1998|DUCKS|Ontario|2012-03-03|2012 SC Junior & PARA Provincials|2:28.38|531
47|Noble, Madeline|13|1998|TSC|Ontario|2012-04-22|Division 1 Team Champs|2:28.41|531
48|Hirsch, Sydney|13|1998|CW|Ontario|2012-02-04|WOSA 2011-2012 SC Regional Champs|2:28.43|530
49|Fabugais-Inaba, Alexandra|13|1998|OAK|Ontario|2011-12-04|Youth Cup|2:28.48|530
50|Tonellato, Emma|13|1998|CW|Ontario|2012-04-22|Division 2 Team Championships|2:28.80|526