RANK|AGES|CLUB|TEAM|PROVINCE|DATE|MEET|TIME|FINA
1|13 - 13|Toronto Swim Club|TSC A|Ontario|2011-11-20|York Invitational|2:04.77|547
2|13 - 13|Vancouver Pacific Swim Club|VPSC B|British Columbia|2012-03-02|2012 TAS SwimBC SC AAA Championships|2:13.35|448
3|13 - 13|Etobicoke Swim Club|ESWI B|Ontario|2012-02-12|2012 SC Junior & PARA Provincials|2:13.57|446
4|13 - 13|Trent Swim Club|TREN A|Ontario|2011-11-06|Invitation de Noël P1-P2|2:15.95|423
5|13 - 13|Richmond Rapids Swim Club|RAPI B|British Columbia|2012-03-02|2012 TAS SwimBC SC AAA Championships|2:18.36|401
6|13 - 13|Region Of Waterloo Swim Club|ROW B|Ontario|2011-11-13|Swim International|2:18.56|399
7|13 - 13|Richmond Rapids Swim Club|RAPI A|British Columbia|2012-02-11|2012 SwimBC SC AA Championships|2:18.61|399
8|13 - 13|Mississauga Aquatic Club|MSSACB|Ontario|2012-06-09|CENTRAL REGION LC CHAMPIONSHIPS|2:20.01|387
8|13 - 13|Mississauga Aquatic Club|MSSA C|Ontario|2011-12-17|Invitation provinciale P1-P2 de Noël 2011|2:20.01|387
10|13 - 13|Cambridge Aquajets|CAJ A|Ontario|2012-02-18|20th Annual BDO Challenge|2:21.97|371
11|13 - 13|Orillia Channel Cats|CATS A|Ontario|2012-02-05|Huronia Region Short Course Regionals|2:23.20|362
12|13 - 13|Prince George Barracudas|PGB B|British Columbia|2011-11-19|Medical Sprints Fall Invitational|2:23.61|359
13|13 - 13|Crest Swimming|CRES A|Ontario|2012-02-12|2012 Central Region SC Champs|2:24.73|350
14|13 - 13|SUDBURY LAURENTIAN SWIM CLUB|SLSC A|Ontario|2011-12-10|NEOR Developmental Meet #2|2:24.88|349
15|13 - 13|Orangeville Otters Swim Club|OOSC A|Ontario|2012-02-18|20th Annual BDO Challenge|2:24.96|349
16|13 - 13|Golden Horseshoe Aquatic Club|GHAC B|Ontario|2012-02-04|WOSA 2011-2012 SC Regional Champs|2:25.51|345
17|13 - 13|University Of Calgary Swim Club|UCSC B|Alberta|2011-11-06|Cascade Speed Meet "BLUE"|2:27.25|333
18|13 - 13|Parkland Gators Swim Club|PGSC A|Manitoba|2012-03-03|Manitoba Junior and 10&U Provincial SC Championships|2:28.56|324
19|13 - 13|Mississauga Aquatic Club|MSSA A|Ontario|2012-03-04|7th Annual Spring Sprint Invitational|2:29.14|320
20|13 - 13|Victoria Amateur Swim Club|IS D|British Columbia|2011-11-12|Island Pacific Cup|2:29.38|319
21|13 - 13|Cascade Swim Club|CASC B|Alberta|2012-01-21|Pugsley's Plunge|2:29.97|315
22|13 - 13|South Western Aquatics|SWA A|Ontario|2012-02-11|SWA Winter INVITATIONAL|2:30.00|315
23|13 - 13|London Aquatic Club|LAC D|Ontario|2011-11-05|2011 Harvest Invitational|2:30.18|314
24|13 - 13|Windsor-Essex Swim Team|WEST D|Ontario|2012-01-21|RHAC Winter Invitational|2:30.49|312
25|13 - 13|SUDBURY LAURENTIAN SWIM CLUB|SLSC B|Ontario|2011-10-23|SSMAC Invitational 2011|2:31.04|308
26|13 - 13|Codiac Vikings Aquatic Club|CVAC A|New Brunswick|2011-11-19|Fall Splash Invitational|2:31.05|308
27|13 - 13|St. Johns Legends Swim Club|SJL D|Newfoundland|2012-05-05|Provincial Developmental Meet East|2:31.72|304
28|13 - 13|Saskatoon Goldfins Swim Club|GOLD B|Saskatchewan|2012-01-14|Goldfins Dual with the RODS #2 PART 2|2:32.23|301
29|13 - 13|Etobicoke Swim Club|ESWI A|Ontario|2011-11-05|2011 Autumn Invitational|2:32.53|299
30|13 - 13|Thunder Bay Thunderbolts|TBT A|Ontario|2011-12-10|NWO REGIONAL CHAMPS 2012|2:33.36|294
31|13 - 13|Rocky Island Swim Club|RISC A|Ontario|2012-02-05|Huronia Region Short Course Regionals|2:34.31|289
32|13 - 13|Newmarket Stingrays Swim Club|NEW D|Ontario|2011-12-17|Invitation provinciale P1-P2 de Noël 2011|2:34.68|287
33|13 - 13|Conception Bay South Bluefins|CBSB B|Newfoundland|2011-12-04|Satellite Invitational|2:34.90|286
34|13 - 13|Ajax Swimming|AJAX B|Ontario|2012-05-27|Newmarket Stingrays Invitational|2:35.62|282
35|13 - 13|Parkland Pirates Aquatic Club|PPAC A|Alberta|2011-12-03|JP Fiset International|2:36.00|280
36|13 - 13|Guelph Marlin Aquatic Club|GMAC D|Ontario|2011-10-30|Hallowe'en R.I.P. Relay Only Meet|2:36.44|277
37|13 - 13|Kelowna Aquajets|KAJ A|British Columbia|2011-10-16|Iron Sprint 2011|2:36.74|276
38|13 - 13|Oakville Aquatic Club|OAK B|Ontario|2011-11-05|2011 Autumn Invitational|2:36.96|275
39|13 - 13|C.N. St-Laurent|CNSL A|Québec|2011-11-20|Invitation provinciale 16e Challenge P1-P2|2:36.99|275
40|13 - 13|Middlesex Swimming|MS X|Ontario|2011-10-30|Attac/Middlesex vs NHAC|2:37.41|272
41|13 - 13|Windsor-Essex Swim Team|WEST C|Ontario|2012-04-28|2012 Year-End S.E.A.L. Meet|2:38.86|265
42|13 - 13|Mississauga Aquatic Club|MSSA E|Ontario|2011-12-18|2011 Mississauga Open|2:39.57|261
43|13 - 13|C.N. Dollard-Des-Ormeaux|DDO B|Québec|2012-03-25|Invitation provinciale 17e Challenge P1-P2|2:41.49|252
44|13 - 13|Mount Pearl Marlins Swim Club|MPM A|Newfoundland|2011-12-04|PSC Provincial Heats and Finals Invitational|2:42.60|247
45|13 - 13|Ernestown Barracuda Swim Club|EBSC B|Ontario|2012-01-06|Mike Brown Invitational 2012|2:43.03|245
46|13 - 13|Conception Bay South Bluefins|CBSB A|Newfoundland|2011-11-11|Provincial Developmental Meet East|2:43.46|243
47|13 - 13|Campbell River Killer Whales|CRKW B|British Columbia|2012-02-18|Eliminator Invitational|2:44.02|241
48|13 - 13|North Bay Y Titans|NBYT B|Ontario|2011-10-23|NEOR Developmental Meet #1|2:44.36|239
49|13 - 13|Middlesex Swimming|MS L|Ontario|2012-02-26|AQUA 7 Time Trial MXA vs WOA|2:45.07|236
50|13 - 13|Goulbourn Sea Hawks|GSH A|Ontario|2012-01-06|Mike Brown Invitational 2012|2:45.47|234