RANK|AGES|CLUB|TEAM|PROVINCE|DATE|MEET|TIME|FINA
1|13 - 13|Toronto Swim Club|TSC A|Ontario|2012-03-04|2012 SC Junior & PARA Provincials|4:02.56|632
2|13 - 13|Silvertide Swim Club|STSC A|Alberta|2012-03-09|2012 Speedo Alberta Age Group Championships|4:22.78|497
3|13 - 13|Aurora Ducks Swimming Club|DUCK B|Ontario|2011-12-17|Invitation Pointe-Claire Provincial 1 2011|4:30.92|453
4|13 - 13|Pointe-Claire Swim Club|PCSC M|Québec|2011-12-17|Invitation Pointe-Claire Provincial 1 2011|4:44.56|391
5|13 - 13|Parkland Pirates Aquatic Club|PPAC A|Alberta|2012-01-14|Blue Bears|4:46.63|383
6|13 - 13|Conception Bay South Bluefins|CBSB A|Newfoundland|2012-03-17|SHORT COURSE CHAMPIONSHIPS|5:09.76|303