RANK|ATHLETES|AGE|YOB|CLUB|PROVINCE|DATE|MEET|TIME|FINA
1|Saroukian, Sophia|13|1998|EKSC|Alberta|2012-02-18|2012 Speedo Western Canadian Championships|4:15.69|775
2|Pratt, Taryn|13|1998|CASC|Alberta|2012-03-10|2012 Speedo Alberta Age Group Championships|4:19.06|745
3|Margitai, Lili|13|1997|EKSC|Alberta|2011-12-04|JP Fiset International|4:20.94|729
4|Macdermaid, Emma|13|1998|RDCSC|Alberta|2012-02-18|2012 Speedo Western Canadian Championships|4:26.05|688
5|Gold, Vanessa|13|1998|TSC|Ontario|2012-04-20|Division 1 Team Champs|4:27.64|676
6|McDonald, Stephanie|13|1998|ESWIM|Ontario|2012-03-04|2012 SC Junior & PARA Provincials|4:27.95|673
7|Metcalfe, Hillary|13|1998|LOSC|British Columbia|2012-03-04|2012 TAS SwimBC SC AAA Championships|4:28.29|671
8|Johnston, Laura|13|1998|ESWIM|Ontario|2012-03-04|2012 SC Junior & PARA Provincials|4:29.37|663
9|Dalke, Megan|13|1998|KCS|British Columbia|2012-03-04|2012 TAS SwimBC SC AAA Championships|4:30.76|653
10|Lam, Heather|13|1998|VPSC|British Columbia|2012-03-04|2012 TAS SwimBC SC AAA Championships|4:30.84|652
11|Pogany, Shayla|13|1998|KSC|Alberta|2011-12-10|2011 PCS Xmas Cracker Invitational|4:31.36|648
12|Stene, Shelby|13|1998|GOLD|Saskatchewan|2012-02-18|2012 Speedo Western Canadian Championships|4:31.73|646
13|Bullock, Nicole|13|1998|OAK|Ontario|2012-02-18|2012 Speedo Eastern Canadian Championships|4:31.74|646
14|Kidd, Georgia|13|1998|OSC|Alberta|2012-01-14|Blue Bears|4:32.15|643
15|Powell, Madison|13|1997|VASC|British Columbia|2011-12-10|2011 PCS Xmas Cracker Invitational|4:32.47|640
16|Lamoureux, Brooke|13|1998|COMOX|British Columbia|2012-03-04|2012 TAS SwimBC SC AAA Championships|4:34.18|629
17|Lamontagne, Sara Jade|13|1998|CNSH|Québec|2012-02-25|Championnat provincial AQUAM groupes d'âge|4:34.38|627
18|Terriault, Andrea|13|1998|CAMO|Québec|2012-02-25|Championnat provincial AQUAM groupes d'âge|4:34.62|625
19|Wog, Kelsey|13|1998|UMAN|Manitoba|2012-03-16|Man/Sask Short Course Provincial Championships|4:34.67|625
20|Doyon, Lydia|13|1998|PSW|British Columbia|2011-12-10|KCS MJB Law Ice Classic|4:34.77|624
21|Walker, Elisha|13|1998|DS|Ontario|2012-06-09|DS June 2012 Time Trials|4:35.17|622
22|Malone, Jenna|13|1998|UCRO|Ontario|2011-12-17|Invitation Pointe-Claire Provincial 2 2011|4:36.15|615
23|Niedbala, Rebecca|13|1998|ESWIM|Ontario|2012-04-20|Division 1 Team Champs|4:36.78|611
24|Glover, Mackenzie|13|1998|UMAN|Manitoba|2011-12-03|Prairie Winter International|4:37.18|608
25|Mitrea, Irina|13|1998|PPO|Québec|2012-02-25|Championnat provincial AQUAM groupes d'âge|4:37.22|608
26|Bosenius, Angela|13|1999|ESWIM|Ontario|2012-04-20|Division 1 Team Champs|4:37.57|606
27|Glysz, Cierra|13|1999|COBRA|Ontario|2012-03-04|2012 SC Junior & PARA Provincials|4:37.86|604
28|Wagner, Emily|13|1997|CASC|Alberta|2011-11-05|Cascade Speed Meet "BLUE"|4:37.88|604
29|Molloy, Hannah|13|1998|MM|Manitoba|2011-12-03|Prairie Winter International|4:38.03|603
30|Lineham, Hayley|13|1998|COBRA|Ontario|2012-03-04|2012 SC Junior & PARA Provincials|4:38.65|599
31|Wishloff, Sarah|13|1997|OSC|Alberta|2011-12-10|2011 PCS Xmas Cracker Invitational|4:38.89|597
32|Pauletto, Jillian|13|1999|PCSC|Québec|2012-04-20|Section 1 - Championnat par équipe|4:39.20|595
33|Bragman, Alexis|13|1998|TSC|Ontario|2011-11-23|TSC Nov 23 Time Trial|4:40.55|587
34|Rapson, Katelynn|13|1997|OAK|Ontario|2011-12-03|Youth Cup|4:41.29|582
35|Dagasso, Gabrielle|13|1998|LAC|Ontario|2011-12-17|Invitation Pointe-Claire Provincial 2 2011|4:41.50|581
36|Bosenius, Emily|13|1999|ESWIM|Ontario|2012-03-04|2012 SC Junior & PARA Provincials|4:42.34|576
37|Lindsay, Mikhaila|13|1998|OSC|Alberta|2012-03-10|2012 Speedo Alberta Age Group Championships|4:42.76|573
38|Kanaan, Malorie|13|1998|NG|Québec|2012-04-20|Section 2 - Championnat par équipe|4:42.83|573
39|Hanus, Danielle|13|1998|NEW|Ontario|2012-01-21|2012 A-B Meet|4:43.12|571
40|Gibson, Jessie|13|1998|SPART|British Columbia|2011-11-19|LOSC 5th Annual Short Course Invitational|4:43.28|570
40|Belzile, Alexia|13|1998|CALAC|Québec|2012-04-27|Section 3 - Championnat par équipe|4:43.28|570
42|Ellard, Olivia|13|1998|PERTH|Ontario|2011-12-16|Invitation de Noël P1-P2|4:43.33|570
43|Gay, Micah|13|1998|VPSC|British Columbia|2011-12-10|KCS MJB Law Ice Classic|4:43.63|568
44|Savage, Erika|13|1998|DUCKS|Ontario|2011-12-03|Youth Cup|4:43.90|566
45|Ramier, Emily|13|1997|OAK|Ontario|2011-11-12|Swim International|4:44.05|565
46|Pépin, Sarajeanne|13|1998|LAVAL|Québec|2012-05-04|Section 4 - Championnat par équipe|4:44.26|564
47|Richard, Myriam|13|1998|CSQ|Québec|2012-02-25|Championnat provincial AQUAM groupes d'âge|4:44.29|564
48|Hirsch, Sydney|13|1998|CW|Ontario|2012-02-05|WOSA 2011-2012 SC Regional Champs|4:45.36|557
49|Mothe, Bailey|13|1999|PSW|British Columbia|2012-03-04|2012 TAS SwimBC SC AAA Championships|4:45.52|556
50|Feschuk, Aileen|13|1998|HTAC|Nova Scotia|2012-03-02|East Coast Short Course Championship|4:45.63|556