RANK|ATHLETES|AGE|YOB|CLUB|PROVINCE|DATE|MEET|TIME|FINA
1|Metcalfe, Hillary|13|1998|LOSC|British Columbia|2012-03-02|2012 TAS SwimBC SC AAA Championships|2:18.95|721
2|Wog, Kelsey|13|1998|UMAN|Manitoba|2012-03-15|Man/Sask Short Course Provincial Championships|2:22.35|670
3|Kidd, Georgia|13|1998|OSC|Alberta|2011-12-09|2011 PCS Xmas Cracker Invitational|2:22.42|669
4|Margitai, Lili|13|1997|EKSC|Alberta|2011-12-03|JP Fiset International|2:22.60|667
5|Hanus, Danielle|13|1998|NEW|Ontario|2012-03-04|2012 SC Junior & PARA Provincials|2:22.70|665
6|Smit-Anseeuw, Esmee|13|1998|PSW|British Columbia|2011-12-09|KCS MJB Law Ice Classic|2:24.46|641
7|Bullock, Nicole|13|1998|OAK|Ontario|2011-12-04|Youth Cup|2:25.08|633
8|Malone, Jenna|13|1998|UCRO|Ontario|2012-02-03|2012 EOSA SC Regional Championships|2:25.11|633
9|Gibson, Jessie|13|1998|SPART|British Columbia|2012-01-14|Hyack Icebreaker Classic 2012|2:25.33|630
10|Lamontagne, Sara Jade|13|1998|CNSH|Québec|2012-02-19|2012 Speedo Eastern Canadian Championships|2:25.58|626
11|Saroukian, Sophia|13|1998|EKSC|Alberta|2012-03-10|2012 Speedo Alberta Age Group Championships|2:25.59|626
11|Pratt, Taryn|13|1998|CASC|Alberta|2011-12-03|JP Fiset International|2:25.59|626
13|Laderoute, Laura|13|1998|UNCAN|Swimming Canada|2012-01-07|2012 Pacific Coast All-Star Meet|2:26.16|619
14|Powell, Madison|13|1997|VASC|British Columbia|2011-11-11|Island Pacific Cup|2:26.19|619
15|McDonald, Stephanie|13|1998|ESWIM|Ontario|2011-12-04|Youth Cup|2:26.45|615
16|Dalke, Megan|13|1998|KCS|British Columbia|2012-03-02|2012 TAS SwimBC SC AAA Championships|2:26.73|612
17|Yang, Chuchu|13|1998|NKB|Ontario|2012-02-19|2012 Speedo Eastern Canadian Championships|2:26.94|609
18|Cieplucha, Tessa|13|1998|COBRA|Ontario|2012-03-04|2012 SC Junior & PARA Provincials|2:27.38|604
18|Bragman, Alexis|13|1998|TSC|Ontario|2012-03-04|2012 SC Junior & PARA Provincials|2:27.38|604
20|Dunlop, Katie|13|1998|KAJ|British Columbia|2012-03-02|2012 TAS SwimBC SC AAA Championships|2:27.60|601
21|Glover, Mackenzie|13|1998|UMAN|Manitoba|2011-12-03|Prairie Winter International|2:28.10|595
22|Andison, Bailey|13|1997|PERTH|Ontario|2012-03-07|OFSAA 2012 Swim Championship|2:28.81|587
23|Hansen, Rachel|13|1997|GGST|Ontario|2011-11-11|Metro Stores Fall Invitational|2:29.18|582
24|Mothe, Bailey|13|1999|PSW|British Columbia|2012-03-02|2012 TAS SwimBC SC AAA Championships|2:29.29|581
25|Drescher, Cassandra|13|1998|SWA|Ontario|2012-03-04|2012 SC Junior & PARA Provincials|2:29.40|580
26|Bosenius, Angela|13|1999|ESWIM|Ontario|2012-03-04|2012 SC Junior & PARA Provincials|2:29.48|579
27|Higuchi, Tiara|13|1998|MSSAC|Ontario|2011-12-17|Invitation provinciale P1-P2 de Noël 2011|2:29.61|577
28|Lee, Kiah|13|1998|VKSC|British Columbia|2012-03-02|2012 TAS SwimBC SC AAA Championships|2:29.64|577
29|Stene, Shelby|13|1998|GOLD|Saskatchewan|2012-06-02|Dual with the Rods #3|2:29.70|576
30|Wishloff, Sarah|13|1997|OSC|Alberta|2011-12-09|2011 PCS Xmas Cracker Invitational|2:29.89|574
31|Beaudry, Eliana|13|1998|CASE|Québec|2012-08-02|Finale provinciale des Jeux du Québec 2012|2:30.25|570
32|Touchette-Mcgowan, Jeanne|13|1997|PCSC|Québec|2011-12-18|Invitation Pointe-Claire Provincial 2 2011|2:30.59|566
33|Poulin, Frédérique|13|1998|CADAC|Québec|2011-12-17|Invitation provinciale P1-P2 de Noël 2011|2:30.69|565
34|Tran, Carolyn|13|1998|CYPS|Ontario|2012-03-04|2012 SC Junior & PARA Provincials|2:30.79|564
35|Cornacchia, Danielle|13|1998|PICK|Ontario|2012-02-10|2012 Central Region SC Champs|2:30.84|563
36|Paradkar, Madeline|13|1998|DS|Ontario|2011-12-17|Invitation provinciale P1-P2 de Noël 2011|2:30.88|563
37|Wilm, Ingrid|13|1998|CASC|Alberta|2011-12-18|Invitation Pointe-Claire Provincial 2 2011|2:30.98|562
38|Glysz, Cierra|13|1999|COBRA|Ontario|2012-01-21|MMST Winter Dash for Cash|2:31.03|561
39|Yu, Jessica|13|1998|NKB|Ontario|2011-12-16|Invitation de Noël P1-P2|2:31.15|560
40|Molloy, Hannah|13|1998|MM|Manitoba|2012-01-21|New Year's Invitational|2:31.23|559
41|McCann, Meryn|13|1998|DS|Ontario|2011-12-17|Invitation provinciale P1-P2 de Noël 2011|2:31.33|558
42|Decarlo, Brooke|13|1999|BTSC|Ontario|2012-03-04|2012 SC Junior & PARA Provincials|2:31.42|557
43|Doyon, Lydia|13|1998|PSW|British Columbia|2011-12-09|KCS MJB Law Ice Classic|2:31.46|556
44|Heebner, Kristina|13|1998|NG|Québec|2011-12-16|Invitation de Noël P1-P2|2:31.48|556
45|Fabugais-Inaba, Alexandra|13|1998|OAK|Ontario|2012-01-22|25th Annual Oakville Invitational|2:31.49|556
46|Yang, Wendy|13|1998|HYACK|British Columbia|2012-01-14|Hyack Icebreaker Classic 2012|2:31.52|556
47|Chaput, Ariane|13|1998|DDO|Québec|2011-12-18|Invitation Pointe-Claire Provincial 2 2011|2:31.91|551
48|Walker, Elisha|13|1998|DS|Ontario|2012-06-09|DS June 2012 Time Trials|2:32.00|550
49|Ellard, Olivia|13|1998|PERTH|Ontario|2011-12-16|Invitation de Noël P1-P2|2:32.01|550
49|Choquette, Eveline|13|1998|WTSC|Nova Scotia|2012-03-04|East Coast Short Course Championship|2:32.01|550