RANK|ATHLETES|AGE|YOB|CLUB|PROVINCE|DATE|MEET|TIME|FINA
1|Béasse, Gabrielle|11|2007|CAMO|Québec|2019-02-16|Championnat provincial 11-12 ans et Paranatation - Hiver|28.25|556
2|Bezanson, Maya|11|2007|ESWIM|Ontario|2018-12-22|2018 Trillium Cup|28.40|547
3|Firth, Kailyn|11|2007|HANEY|British Columbia|2019-06-23|SUMMER AGE GROUP CHAMPIONSHIPS|28.62|535
4|Vistal, Mandy Joan|11|2007|CDNDG|Québec|2019-02-16|Championnat provincial 11-12 ans et Paranatation - Hiver|28.65|533
5|Statkevicius, Sylvia|11|2007|ESWIM|Ontario|2019-02-16|2019 Ontario Winter Festival Championships|28.69|531
6|Audet, Vanessa|11|2007|CNQ|Québec|2019-04-13|ARENA Challenge du printemps Développement mixte 2019 CAMO|28.80|525
7|Dreghici, Jessica|11|2007|CW|Ontario|2019-02-16|2019 Ontario Winter Festival Championships|28.92|518
8|Matteis, Kaidance|11|2006|CYPS|Ontario|2018-12-09|Border City Invitational|29.07|510
9|Mills, Syrah|11|2007|GCAC|Ontario|2019-02-16|2019 Ontario Winter Festival Championships|29.15|506
10|Rupert, Bridget|11|2006|UVPCS|British Columbia|2018-11-10|ISC 2018 Bennett Cup|29.17|505
11|Duvall, Abigail|11|2007|WAC|Ontario|2018-12-09|Border City Invitational|29.31|498
12|Andrusak, Riley|11|2007|ISC|British Columbia|2019-02-24|Winter Age Group Championships|29.35|496
12|Zha, Alice|11|2007|CDNDG|Québec|2019-06-15|Championnat provincial 11-12 ans et Paranatation d'été|29.35|496
14|Shackell, Margaret|11|2007|NYAC|Ontario|2019-01-19|Audi Midtown Toronto Winter Classic-SC 12 & U (TPASC)|29.50|488
15|Yazedjian, Elsa|11|2007|CDNDG|Québec|2019-02-15|Championnat provincial 11-12 ans et Paranatation - Hiver|29.56|485
16|LACHAPELLE, JULIETTE|11|2007|CAMO|Québec|2019-02-16|Championnat provincial 11-12 ans et Paranatation - Hiver|29.58|484
17|Jeon, Ye Hyun|11|2007|CDNDG|Québec|2019-06-15|Championnat provincial 11-12 ans et Paranatation d'été|29.60|483
18|Loseth, Angel|11|2006|VKSC|British Columbia|2018-12-15|26th Annual MJB Law Classic SCM|29.62|483
19|THÉRIAULT-DUBÉ, ALICE|11|2007|CAMO|Québec|2019-02-16|Championnat provincial 11-12 ans et Paranatation - Hiver|29.66|481
20|Hall, Violette|11|2008|CSLA|Québec|2019-02-16|Championnat provincial 11-12 ans et Paranatation - Hiver|29.70|479
21|Eguia, Alecksis France|11|2007|EKSC|Alberta|2019-01-18|Blue Bears 2019|29.71|478
22|Lloyd, Delia|11|2006|ESWIM|Ontario|2018-11-10|2018 Age Group International SC|29.75|476
23|Suh, Clara|11|2007|SKSC|British Columbia|2019-06-23|SUMMER AGE GROUP CHAMPIONSHIPS|29.76|476
24|Sheppard, Kennadie|11|2007|LCSC|British Columbia|2018-10-27|2018 NRST Fall Invitational|29.84|472
25|Angove, Sienna|11|2006|KCS|British Columbia|2018-12-14|26th Annual MJB Law Classic SCM|29.88|470
26|Gratton, Romy|11|2007|CAMO|Québec|2018-12-10|Invitation provinciale AA-AAA Noël + Développement 11-12 ans CAMO|29.90|469
26|Marcovitz, Kate|11|2007|UVPCS|British Columbia|2019-08-04|Mid-Summer Madness|29.90|469
28|Denes, Julia|11|2007|BTSC|Ontario|2019-02-16|2019 Ontario Winter Festival Championships|29.92|468
28|Chan, Taylor|11|2007|BAD|Ontario|2019-02-16|2019 Ontario Winter Festival Championships|29.92|468
30|Wongsoputro, Natalie|11|2007|SKSC|British Columbia|2019-06-23|SUMMER AGE GROUP CHAMPIONSHIPS|29.93|468
31|Korczewski, Isabella|11|2006|UCSC|Alberta|2018-11-18|KSC SC Invitational 2018|29.95|467
32|Craig, Kiah|11|2006|ISC|British Columbia|2018-11-09|ISC 2018 Bennett Cup|30.05|462
33|Vujosevic, Eva|11|2006|ESWIM|Ontario|2018-10-13|2018 Hall of Fame Meet|30.08|461
34|Jou, Emily|11|2006|GATOR|British Columbia|2018-10-14|SFU-SFA LMR Swim Meet|30.09|460
35|Lawrence, Elizabeth|11|2007|FS|Saskatchewan|2018-12-14|ManSask Championships Short Course Open Championships|30.10|460
36|Charapova, Katya|11|2007|GO|Ontario|2019-02-02|2019 Eastern Ontario Regional Championships (SC/LC)|30.15|457
37|Reci, Tyra|11|2007|ESWIM|Ontario|2019-02-16|2019 Ontario Winter Festival Championships|30.18|456
38|Rodgers, Sienna|11|2007|UCSC|Alberta|2019-06-21|UCSC Team Champs|30.21|455
38|Cosic, Milena|11|2007|CP|Alberta|2019-05-12|Fast & Furious Invitational|30.21|455
40|Wang, Mackenzie|11|2007|HYACK|British Columbia|2019-06-23|SUMMER AGE GROUP CHAMPIONSHIPS|30.23|454
41|Donald, Amelie|11|2007|EKSC|Alberta|2019-03-03|Provincials - Short Course|30.24|453
42|Donnelly, Megan|11|2007|BAD|Ontario|2019-02-16|2019 Ontario Winter Festival Championships|30.30|451
43|Jia, Jade|11|2006|HYACK|British Columbia|2018-10-28|VPSC Fall Invitational|30.32|450
44|Zucchet, Mikayla|11|2007|COBRA|Ontario|2018-12-01|Neptune International (CSPO 25m)|30.36|448
45|Wilson, Victoria|11|2008|LSC|Ontario|2019-04-27|2019 Ontario Team Challenge|30.39|447
46|Esposito, Gabriella|11|2007|DSC|Québec|2019-02-16|Championnat provincial 11-12 ans et Paranatation - Hiver|30.45|444
47|Chiu, Briana|11|2007|VPSC|British Columbia|2019-06-22|SUMMER AGE GROUP CHAMPIONSHIPS|30.46|444
48|Allaire, Delphine|11|2006|ETM|Québec|2018-11-04|Festival provincial par équipe section 5 - Sud|30.54|440
49|Connell, Madilyn|11|2007|CASC|Alberta|2018-12-16|JP Fiset Invitational|30.58|438
50|Yao, Adora|11|2007|ESWIM|Ontario|2018-12-22|2018 Trillium Cup|30.59|438