RANK|ATHLETES|AGE|YOB|CLUB|PROVINCE|DATE|MEET|TIME|FINA
1|Duvall, Abigail|11|2007|WAC|Ontario|2018-11-11|2018 Age Group International SC|32.76|481
2|Andrusak, Riley|11|2007|ISC|British Columbia|2019-06-23|SUMMER AGE GROUP CHAMPIONSHIPS|32.82|478
3|Lloyd, Delia|11|2006|ESWIM|Ontario|2018-11-11|2018 Age Group International SC|33.13|465
4|Li, Effie|11|2007|GATOR|British Columbia|2018-12-14|Rapids Fast-Swim Classic|33.28|458
5|Craig, Kiah|11|2006|ISC|British Columbia|2018-11-10|ISC 2018 Bennett Cup|33.38|454
6|Lu, Esther|11|2007|LAC|Ontario|2019-02-01|2019 Western Region SC Champs|33.47|451
7|Wongsoputro, Natalie|11|2007|SKSC|British Columbia|2019-06-23|SUMMER AGE GROUP CHAMPIONSHIPS|33.51|449
8|Yazedjian, Elsa|11|2007|CDNDG|Québec|2019-02-16|Championnat provincial 11-12 ans et Paranatation - Hiver|33.60|445
9|Rupert, Bridget|11|2006|UVPCS|British Columbia|2018-11-10|ISC 2018 Bennett Cup|33.82|437
10|Lipton, Harper|11|2007|NYAC|Ontario|2019-02-17|2019 Ontario Winter Festival Championships|33.84|436
11|Visscher, Sahara|11|2007|OSC|Alberta|2018-12-14|JP Fiset Invitational|33.95|432
12|Yao, Adora|11|2007|ESWIM|Ontario|2018-10-13|2018 Hall of Fame Meet|34.16|424
13|Allaire, Delphine|11|2006|ETM|Québec|2018-12-09|Défi Nez-Rouge 2018|34.44|414
14|Wang, Mackenzie|11|2007|HYACK|British Columbia|2019-06-23|SUMMER AGE GROUP CHAMPIONSHIPS|34.54|410
15|Chen, Victoria|11|2007|UCSC|Alberta|2018-10-27|Cascade Speed Meet|34.55|410
16|Joseph, Anna|11|2008|CP|Alberta|2019-03-08|Silver Tide Invitational|34.56|409
16|Dreghici, Jessica|11|2007|CW|Ontario|2019-02-03|2019 Western Region SC Champs|34.56|409
18|Shulman, Emily|11|2006|CSLA|Québec|2018-11-09|Festival provincial par équipe section 2|34.61|408
18|Firth, Kailyn|11|2007|HANEY|British Columbia|2019-07-27|SKSC Summer Fest|34.61|408
20|Crane, Kailee|11|2006|EKSC|Alberta|2018-10-27|Cascade Speed Meet|34.65|406
21|Chiu, Briana|11|2007|VPSC|British Columbia|2019-06-21|SUMMER AGE GROUP CHAMPIONSHIPS|34.71|404
22|Sheppard, Kennadie|11|2007|LCSC|British Columbia|2019-02-09|Sharks Last Chance Invitational|34.72|404
23|Eguia, Alecksis France|11|2007|EKSC|Alberta|2018-12-01|Candy Cane Classic|34.79|401
24|McDermott, Madison|11|2007|BTSC|Ontario|2019-03-03|Trojan Pentathlon|34.83|400
25|Durand, Gemma|11|2007|WVOSC|British Columbia|2019-04-14|Winskill Dolphins LMR|34.85|399
26|Yang, Yunsu|11|2007|LAC|Ontario|2019-02-01|2019 Western Region SC Champs|34.94|396
27|Do, Madison|11|2007|COBRA|Ontario|2019-03-03|COBRA Power|34.95|396
28|Cosic, Milena|11|2007|CP|Alberta|2019-01-19|Pugsley's Plunge 2019|35.01|394
29|Summers, Karyssa|11|2007|UCSC|Alberta|2018-12-15|JP Fiset Invitational|35.02|393
30|Reci, Tyra|11|2007|ESWIM|Ontario|2019-02-17|2019 Ontario Winter Festival Championships|35.03|393
30|Vieira, Alexandra|11|2007|COBRA|Ontario|2019-03-03|COBRA Power|35.03|393
32|LACHAPELLE, JULIETTE|11|2007|CAMO|Québec|2019-02-16|Championnat provincial 11-12 ans et Paranatation - Hiver|35.17|388
33|Martin, Hailey|11|2007|NCSA|Alberta|2019-03-02|Provincials - Short Course|35.18|388
34|Audet, Vanessa|11|2007|CNQ|Québec|2018-12-09|Défi Nez-Rouge 2018|35.21|387
35|Evans, Emma|11|2006|SPART|British Columbia|2018-10-14|KISU Triple Pentathlon 2018|35.22|387
36|Dotzlaf, Dakota|11|2007|PPAC|Alberta|2019-03-01|Provincials - Short Course|35.35|382
37|THÉRIAULT-DUBÉ, ALICE|11|2007|CAMO|Québec|2019-02-16|Championnat provincial 11-12 ans et Paranatation - Hiver|35.40|381
37|Statkevicius, Sylvia|11|2007|ESWIM|Ontario|2018-10-13|2018 Hall of Fame Meet|35.40|381
39|Cong-Bowers, Lynn|11|2006|YORK|Ontario|2018-12-09|Vaughan Aquatic Club 30th Annual Roy Jacobson Inv 2018|35.48|378
39|Wang, Wendy|11|2007|WSC|British Columbia|2018-11-09|2018 Brad Reid Memorial Invitational|35.48|378
41|Huang, Elina|11|2007|PSW|British Columbia|2019-06-23|SUMMER AGE GROUP CHAMPIONSHIPS|35.50|378
42|Denes, Julia|11|2007|BTSC|Ontario|2019-03-03|Trojan Pentathlon|35.51|377
43|Aubry, Danika|11|2007|SAMAK|Québec|2018-11-09|Festival provincial par équipe section 2|35.55|376
44|Evans, Jocelyn|11|2007|CP|Alberta|2019-02-02|Maverick Madness 2019|35.63|373
45|Wang, Angela Jiachen|11|2007|MST~|Ontario|2019-02-17|2019 Ontario Winter Festival Championships|35.68|372
46|MITCHELL, AVERY|11|2007|KSC|Alberta|2018-12-15|Age Group Food Bank Challenge|35.71|371
47|Zou, Laura|11|2008|PSW|British Columbia|2019-06-21|SUMMER AGE GROUP CHAMPIONSHIPS|35.85|367
48|Zou, Lillian|11|2007|GO|Ontario|2019-02-02|2019 Eastern Ontario Regional Championships (SC/LC)|35.88|366
49|Jodoin, Grace|11|2007|OSC|Alberta|2019-03-02|Provincials - Short Course|35.90|365
50|Donnelly, Megan|11|2007|BAD|Ontario|2019-02-03|2019 Western Region SC Champs|35.91|365