RANK|ATHLETES|AGE|YOB|CLUB|PROVINCE|DATE|MEET|TIME|FINA
1|Wang, Angela Jiachen|11|2007|MST~|Ontario|2019-02-16|2019 Ontario Winter Festival Championships|5:19.75|542
2|Chiu, Briana|11|2007|VPSC|British Columbia|2019-06-21|SUMMER AGE GROUP CHAMPIONSHIPS|5:21.78|532
3|Wheeler, Bronwen|11|2007|SPART|British Columbia|2018-12-15|Rapids Fast-Swim Classic|5:22.89|527
4|Bezanson, Maya|11|2007|ESWIM|Ontario|2018-12-22|2018 Trillium Cup|5:24.09|521
5|Andrusak, Riley|11|2007|ISC|British Columbia|2019-06-21|SUMMER AGE GROUP CHAMPIONSHIPS|5:24.90|517
6|Qi, Kelly|11|2008|WDSC|British Columbia|2019-06-21|SUMMER AGE GROUP CHAMPIONSHIPS|5:26.50|509
7|Angove, Sienna|11|2006|KCS|British Columbia|2018-12-16|26th Annual MJB Law Classic SCM|5:29.66|495
8|Jenkins, Ridley|11|2007|CDSC|British Columbia|2019-02-22|Winter Age Group Championships|5:31.07|489
9|Yazedjian, Elsa|11|2007|CDNDG|Québec|2018-11-10|Festival provincial par équipe section 4|5:31.27|488
10|Shackell, Margaret|11|2007|NYAC|Ontario|2018-12-07|Youth Cup|5:32.99|480
11|Denes, Julia|11|2007|BTSC|Ontario|2019-04-27|2019 Ontario Team Challenge|5:33.22|479
12|Choi, Yeonwoo|11|2007|HYACK|British Columbia|2019-06-21|SUMMER AGE GROUP CHAMPIONSHIPS|5:36.60|465
13|Larson, Macey|11|2007|LOSC|British Columbia|2019-06-21|SUMMER AGE GROUP CHAMPIONSHIPS|5:37.57|461
14|McDermott, Madison|11|2007|BTSC|Ontario|2019-03-02|Trojan Pentathlon|5:37.74|460
15|Statkevicius, Sylvia|11|2007|ESWIM|Ontario|2018-12-07|Youth Cup|5:38.60|457
16|Lawrence, Elizabeth|11|2007|FS|Saskatchewan|2018-12-16|ManSask Championships Short Course Open Championships|5:40.62|449
17|Firth, Kailyn|11|2007|HANEY|British Columbia|2019-07-28|SKSC Summer Fest|5:41.89|444
18|Vertue, Chloe|11|2007|PGB|British Columbia|2019-02-22|Winter Age Group Championships|5:42.00|443
19|Matteis, Kaidance|11|2006|CYPS|Ontario|2018-11-23|LAC - Nothers Fall Invitational|5:43.04|439
20|Zha, Alice|11|2007|CDNDG|Québec|2019-06-16|Championnat provincial 11-12 ans et Paranatation d'été|5:45.17|431
21|McKinstry, Katie|11|2006|TSC|Ontario|2018-12-07|Youth Cup|5:45.56|430
22|LACHAPELLE, JULIETTE|11|2007|CAMO|Québec|2019-02-16|Championnat provincial 11-12 ans et Paranatation - Hiver|5:45.72|429
23|Cescon, Emily|11|2006|TSC|Ontario|2018-11-02|NYAC Cup|5:46.09|428
24|Monterola, Leigh|11|2007|SKSC|British Columbia|2019-06-21|SUMMER AGE GROUP CHAMPIONSHIPS|5:46.86|425
25|Okugawa, Hana|11|2007|SCAR|Ontario|2019-04-27|2019 Ontario Team Challenge|5:46.94|425
26|Harlos, Ava|11|2007|ROD|Saskatchewan|2018-12-16|ManSask Championships Short Course Open Championships|5:48.57|419
27|Kurihara, Kanna|11|2007|BVOSC|British Columbia|2019-01-25|Rio Tinto Northern Lights|5:49.78|414
28|Luberti, Andrea|11|2007|GMAC|Ontario|2018-12-15|Team Showdown 2018|5:50.31|412
29|Rodriguez, Juliana|11|2007|CAMO|Québec|2019-03-31|Inter club U12|5:50.41|412
30|Uy, Grace|11|2007|NYAC|Ontario|2019-02-16|2019 Ontario Winter Festival Championships|5:50.96|410
31|Craig, Kiah|11|2006|ISC|British Columbia|2018-11-11|ISC 2018 Bennett Cup|5:51.36|409
32|Vicente, Savannah|11|2007|TSC|Ontario|2019-03-02|Steve Kingston Memorial Swim Meet|5:51.75|407
33|Luu, Kaitlyn|11|2007|NWN|Ontario|2018-11-02|NYAC Cup|5:51.98|407
34|Wood, Maria|11|2007|PGB|British Columbia|2018-12-16|26th Annual MJB Law Classic SCM|5:53.14|403
35|Kissuk, Sophie|11|2007|OAK|Ontario|2019-02-16|2019 Ontario Winter Festival Championships|5:53.65|401
36|Ng, Nathalie|11|2007|GATOR|British Columbia|2019-06-21|SUMMER AGE GROUP CHAMPIONSHIPS|5:54.37|398
37|Ronque, Rachel Anne|11|2007|GATOR|British Columbia|2019-01-19|Canadian Dolphin New Years Invitational 2019|5:54.39|398
38|Thompson, Hannah|11|2007|CYPS|Ontario|2019-02-16|2019 Ontario Winter Festival Championships|5:54.54|398
39|Reci, Tyra|11|2007|ESWIM|Ontario|2018-12-22|2018 Trillium Cup|5:54.78|397
40|Fudge, Rylee|11|2006|OTTER|Ontario|2018-11-11|42nd Cindy Nicholas Invitational|5:54.98|396
41|Bowen, Clare|11|2006|OTTER|Ontario|2018-11-11|42nd Cindy Nicholas Invitational|5:55.10|396
42|Eguia, Alecksis France|11|2007|EKSC|Alberta|2018-12-14|JP Fiset Invitational|5:55.18|396
43|Vistal, Mandy Joan|11|2007|CDNDG|Québec|2019-02-16|Championnat provincial 11-12 ans et Paranatation - Hiver|5:55.28|395
44|Brousseau, Charlotte|11|2007|CAMO|Québec|2019-06-16|Championnat provincial 11-12 ans et Paranatation d'été|5:56.05|393
45|Shi, Carolyne|11|2007|SKSC|British Columbia|2019-06-21|SUMMER AGE GROUP CHAMPIONSHIPS|5:56.47|391
46|Jiang, Selina|11|2007|PSW|British Columbia|2019-06-21|SUMMER AGE GROUP CHAMPIONSHIPS|5:56.51|391
47|Mills, Syrah|11|2007|GCAC|Ontario|2018-11-02|2018 BAD Fall Invitational|5:57.14|389
48|Korbely, Paige|11|2007|HYACK|British Columbia|2018-11-10|2018 Brad Reid Memorial Invitational|5:57.19|389
49|THÉRIAULT-DUBÉ, ALICE|11|2007|CAMO|Québec|2019-02-16|Championnat provincial 11-12 ans et Paranatation - Hiver|5:57.34|388
50|Parker, Ainsley|11|2007|NYAC|Ontario|2018-12-07|Youth Cup|5:58.23|386