RANK|AGES|CLUB|TEAM|PROVINCE|DATE|MEET|TIME|FINA
1|11 - 11|Etobicoke Swim Club|ESWIMA|Ontario|2019-02-16|2019 Ontario Winter Festival Championships|4:52.22|457
2|11 - 11|Barrie Trojan Swim Club|BTSC A|Ontario|2019-02-16|2019 Ontario Winter Festival Championships|5:08.85|387
3|11 - 11|London Aquatic Club|LAC A|Ontario|2019-02-16|2019 Ontario Winter Festival Championships|5:09.39|385
4|11 - 11|Windsor Aquatic Club|WAC A|Ontario|2019-02-16|2019 Ontario Winter Festival Championships|5:15.82|362
5|11 - 11|Codiac Vikings Aquatic Club|CVAC B|New Brunswick|2019-04-28|Ellen Waters Memorial Meet|6:08.64|227
6|11 - 11|Sussex Swordfish|SWRD D|New Brunswick|2019-04-28|Ellen Waters Memorial Meet|6:09.93|225
7|11 - 11|C.N. Régional de Beauce|CNRB G|Québec|2018-11-03|Festival provincial par équipe section 5 - Sud|6:21.22|206
8|11 - 11|Peace River Wahoos Swim Club|PRSC B|Alberta|2019-01-19|Peace River Wahoos 23rd Annual Invitational|7:15.25|138