RANK|ATHLETES|AGE|YOB|CLUB|PROVINCE|DATE|MEET|TIME|FINA
1|Andrusak, Riley|11|2007|ISC|British Columbia|2019-06-23|SUMMER AGE GROUP CHAMPIONSHIPS|2:48.48|509
2|Wang, Angela Jiachen|11|2007|MST~|Ontario|2018-12-08|Youth Cup|2:51.72|481
3|Qi, Kelly|11|2008|WDSC|British Columbia|2019-06-23|SUMMER AGE GROUP CHAMPIONSHIPS|2:52.36|475
4|Zha, Alice|11|2007|CDNDG|Québec|2019-06-16|Championnat provincial 11-12 ans et Paranatation d'été|2:52.39|475
5|LACHAPELLE, JULIETTE|11|2007|CAMO|Québec|2019-04-14|ARENA Challenge du printemps Développement mixte 2019 CAMO|2:52.41|475
6|Choi, Yeonwoo|11|2007|HYACK|British Columbia|2019-06-23|SUMMER AGE GROUP CHAMPIONSHIPS|2:53.06|470
7|Larson, Macey|11|2007|LOSC|British Columbia|2019-06-23|SUMMER AGE GROUP CHAMPIONSHIPS|2:53.71|464
8|Angove, Sienna|11|2006|KCS|British Columbia|2018-12-15|26th Annual MJB Law Classic SCM|2:55.79|448
9|Bezanson, Maya|11|2007|ESWIM|Ontario|2018-12-21|2018 Trillium Cup|2:55.98|447
10|Yazedjian, Elsa|11|2007|CDNDG|Québec|2019-02-16|Championnat provincial 11-12 ans et Paranatation - Hiver|2:56.07|446
11|Han, Jiarui|11|2007|MST~|Ontario|2019-02-16|2019 Ontario Winter Festival Championships|2:56.72|441
12|Denes, Julia|11|2007|BTSC|Ontario|2019-04-28|2019 Ontario Team Challenge|2:56.77|441
13|McDermott, Madison|11|2007|BTSC|Ontario|2019-02-16|2019 Ontario Winter Festival Championships|2:57.02|439
14|Chiu, Briana|11|2007|VPSC|British Columbia|2019-02-24|Winter Age Group Championships|2:58.29|429
15|Oravsky, Laila|11|2007|BTSC|Ontario|2019-02-01|2019 Huronia SC Regional Championships|2:58.99|424
16|Vertue, Chloe|11|2007|PGB|British Columbia|2019-02-24|Winter Age Group Championships|2:59.23|423
17|Clark, Maxine|11|2008|UCSC|Alberta|2019-07-14|UCSC Western Finale|3:00.78|412
18|Zhou, Angela|11|2007|WSC|British Columbia|2019-06-23|SUMMER AGE GROUP CHAMPIONSHIPS|3:01.37|408
19|Lapierre, Justine|11|2007|CAMO|Québec|2019-02-16|Championnat provincial 11-12 ans et Paranatation - Hiver|3:01.43|408
20|Momotiuk, Avery|11|2007|WEST|Ontario|2019-02-16|2019 Ontario Winter Festival Championships|3:01.55|407
21|Leblanc, Ashley|11|2007|PCSC|Québec|2019-06-16|Championnat provincial 11-12 ans et Paranatation d'été|3:01.61|406
22|Ng, Nathalie|11|2007|GATOR|British Columbia|2019-06-23|SUMMER AGE GROUP CHAMPIONSHIPS|3:01.65|406
23|Gratton, Romy|11|2007|CAMO|Québec|2019-02-16|Championnat provincial 11-12 ans et Paranatation - Hiver|3:01.71|406
24|Wheeler, Bronwen|11|2007|SPART|British Columbia|2019-01-13|2019 Hyack Icebreaker Classic|3:01.99|404
25|Gong, Runqueen|11|2007|WVOSC|British Columbia|2019-02-03|Burnaby Dynamo LMR & 20 Years Anniversary Invitational|3:02.05|403
26|Lawrence, Elizabeth|11|2007|FS|Saskatchewan|2018-12-14|ManSask Championships Short Course Open Championships|3:02.60|400
27|Cescon, Emily|11|2006|TSC|Ontario|2018-11-02|NYAC Cup|3:02.66|399
28|Statkevicius, Sylvia|11|2007|ESWIM|Ontario|2018-11-11|2018 Age Group International SC|3:02.87|398
29|Dickson, Tehya|11|2007|OSC|Alberta|2019-03-03|Provincials - Short Course|3:03.21|396
30|Evans, Alexandra|11|2007|NEW|Ontario|2019-03-02|Steve Kingston Memorial Swim Meet|3:03.48|394
31|Connell, Madilyn|11|2007|CASC|Alberta|2018-12-16|JP Fiset Invitational|3:03.77|392
32|Yang, Yunsu|11|2007|LAC|Ontario|2019-02-16|2019 Ontario Winter Festival Championships|3:03.98|391
33|McKinstry, Katie|11|2006|TSC|Ontario|2018-12-08|Youth Cup|3:04.11|390
34|Hall, Violette|11|2008|CSLA|Québec|2019-02-16|Championnat provincial 11-12 ans et Paranatation - Hiver|3:04.26|389
35|She, Grace|11|2007|MST~|Ontario|2019-02-16|2019 Ontario Winter Festival Championships|3:04.56|387
36|Beauchamp, Chloé|11|2007|NG|Québec|2019-06-16|Championnat provincial 11-12 ans et Paranatation d'été|3:04.61|387
37|Fairweather, Anna|11|2007|DST|British Columbia|2019-08-03|Mid-Summer Madness|3:04.78|386
38|Gauthier, Rébecca|11|2007|NN|Québec|2019-06-16|Championnat provincial 11-12 ans et Paranatation d'été|3:04.82|386
39|Yao, Adora|11|2007|ESWIM|Ontario|2018-11-11|2018 Age Group International SC|3:05.08|384
40|Whittaker, Anna|11|2006|SWOTT|Ontario|2018-11-18|OYO Vorgee Iced Cap|3:05.11|384
41|Gauthier, Marie-Jeanne|11|2007|BBF|Québec|2018-11-11|Festival provincial par équipe section 5 - Nord|3:05.22|383
42|Okugawa, Hana|11|2007|SCAR|Ontario|2019-04-28|2019 Ontario Team Challenge|3:05.34|382
43|Hu, Yueyi|11|2006|RHAC|Ontario|2018-10-21|2018 RHAC Fall Classic|3:05.40|382
44|Jiang, Selina|11|2007|PSW|British Columbia|2019-06-23|SUMMER AGE GROUP CHAMPIONSHIPS|3:05.49|381
45|Hothaza, Diana|11|2007|CW|Ontario|2018-11-17|Expressway Lincoln Fall Invitational|3:05.51|381
46|GAMAYO, RIANNE|11|2007|KSC|Alberta|2019-02-02|Maverick Madness 2019|3:05.63|380
47|Uusitalo, Sophie|11|2006|COBRA|Ontario|2018-11-30|Neptune International (CSPO 25m)|3:05.74|380
48|Michaud, Laurence|11|2007|CNJO|Québec|2018-12-09|Défi Nez-Rouge 2018|3:05.97|378
49|Blanchard, Kamila|11|2007|PCSC|Québec|2019-06-16|Championnat provincial 11-12 ans et Paranatation d'été|3:06.21|377
50|Vieira, Alexandra|11|2007|COBRA|Ontario|2018-11-30|Neptune International (CSPO 25m)|3:06.23|377