RANK|ATHLETES|AGE|YOB|CLUB|PROVINCE|DATE|MEET|TIME|FINA
1|Bezanson, Maya|11|2007|ESWIM|Ontario|2018-12-21|2018 Trillium Cup|4:37.68|602
2|Shackell, Margaret|11|2007|NYAC|Ontario|2019-02-17|2019 Ontario Winter Festival Championships|4:41.06|580
3|Qi, Kelly|11|2008|WDSC|British Columbia|2019-06-22|SUMMER AGE GROUP CHAMPIONSHIPS|4:47.37|543
4|Yazedjian, Elsa|11|2007|CDNDG|Québec|2019-02-15|Championnat provincial 11-12 ans et Paranatation - Hiver|4:49.84|529
5|Duvall, Abigail|11|2007|WAC|Ontario|2018-12-08|Border City Invitational|4:50.32|527
6|Statkevicius, Sylvia|11|2007|ESWIM|Ontario|2018-12-08|Youth Cup|4:50.64|525
7|Chiu, Briana|11|2007|VPSC|British Columbia|2019-06-22|SUMMER AGE GROUP CHAMPIONSHIPS|4:51.29|521
8|Firth, Kailyn|11|2007|HANEY|British Columbia|2019-06-22|SUMMER AGE GROUP CHAMPIONSHIPS|4:53.53|510
9|Clark, Maxine|11|2008|UCSC|Alberta|2019-07-13|UCSC Western Finale|4:54.06|507
10|Dreghici, Jessica|11|2007|CW|Ontario|2019-02-17|2019 Ontario Winter Festival Championships|4:54.29|506
11|Pitt, Alexandra|11|2007|TSC|Ontario|2019-02-17|2019 Ontario Winter Festival Championships|4:54.84|503
12|Wongsoputro, Natalie|11|2007|SKSC|British Columbia|2019-06-22|SUMMER AGE GROUP CHAMPIONSHIPS|4:54.87|503
13|Jenkins, Ridley|11|2007|CDSC|British Columbia|2019-02-23|Winter Age Group Championships|4:55.83|498
14|Parker, Ainsley|11|2007|NYAC|Ontario|2019-02-17|2019 Ontario Winter Festival Championships|4:57.16|491
15|Thompson, Hannah|11|2007|CYPS|Ontario|2019-03-03|Wilmot Aces Team Challenge Cup|4:57.33|490
16|Béasse, Gabrielle|11|2007|CAMO|Québec|2019-02-15|Championnat provincial 11-12 ans et Paranatation - Hiver|5:00.30|476
17|Wheeler, Bronwen|11|2007|SPART|British Columbia|2018-12-14|Rapids Fast-Swim Classic|5:01.01|472
18|Craig, Kiah|11|2006|ISC|British Columbia|2018-10-28|2018 NRST Fall Invitational|5:01.17|472
19|Wang, Angela Jiachen|11|2007|MST~|Ontario|2018-11-25|Alex Baumann Invitational|5:01.97|468
20|LACHAPELLE, JULIETTE|11|2007|CAMO|Québec|2019-04-14|ARENA Challenge du printemps Développement mixte 2019 CAMO|5:02.03|468
21|Reci, Tyra|11|2007|ESWIM|Ontario|2019-02-17|2019 Ontario Winter Festival Championships|5:02.27|467
22|Matteis, Kaidance|11|2006|CYPS|Ontario|2018-11-25|LAC - Nothers Fall Invitational|5:03.22|462
23|Lloyd, Delia|11|2006|ESWIM|Ontario|2018-12-08|Youth Cup|5:03.75|460
24|Xu, Ella|11|2007|GO|Ontario|2018-12-08|Gatineau Grand Prix|5:04.24|458
25|McKinstry, Katie|11|2006|TSC|Ontario|2018-12-08|Youth Cup|5:04.50|456
26|Tonix, Valeria|11|2007|ISC|British Columbia|2019-02-23|Winter Age Group Championships|5:04.57|456
27|Denes, Julia|11|2007|BTSC|Ontario|2018-11-04|2018 Barrie Aquafest|5:05.06|454
28|Monterola, Leigh|11|2007|SKSC|British Columbia|2019-06-22|SUMMER AGE GROUP CHAMPIONSHIPS|5:06.97|445
29|Eguia, Alecksis France|11|2007|EKSC|Alberta|2018-12-16|JP Fiset Invitational|5:06.98|445
30|Marcovitz, Kate|11|2007|UVPCS|British Columbia|2019-06-22|SUMMER AGE GROUP CHAMPIONSHIPS|5:07.03|445
31|Andrusak, Riley|11|2007|ISC|British Columbia|2019-02-10|Speed League 2|5:07.29|444
32|Gao, Sarah|11|2007|DUCKS|Ontario|2019-04-28|2019 Ontario Team Challenge|5:07.72|442
33|Vicente, Savannah|11|2007|TSC|Ontario|2019-02-17|2019 Ontario Winter Festival Championships|5:07.77|442
33|Gauthier, Rébecca|11|2007|NN|Québec|2019-06-15|Championnat provincial 11-12 ans et Paranatation d'été|5:07.77|442
35|Gagné, Rose|11|2007|CDNDG|Québec|2019-04-14|ARENA Challenge du printemps Développement mixte 2019 CAMO|5:08.10|441
36|Morrow, Olivia|11|2007|TRIT|Alberta|2018-12-16|JP Fiset Invitational|5:08.26|440
37|Levack, Melanie|11|2007|WAC|Ontario|2019-02-17|2019 Ontario Winter Festival Championships|5:08.54|439
38|Calcagni, Sophia|11|2007|HAC|Ontario|2019-02-17|2019 Ontario Winter Festival Championships|5:08.98|437
39|Huang, Elina|11|2007|PSW|British Columbia|2019-06-22|SUMMER AGE GROUP CHAMPIONSHIPS|5:09.14|436
40|Larson, Macey|11|2007|LOSC|British Columbia|2019-06-22|SUMMER AGE GROUP CHAMPIONSHIPS|5:09.28|435
41|Sun, Victoria|11|2007|MAC|Ontario|2019-04-28|2019 Ontario Team Challenge|5:09.96|433
42|Luberti, Andrea|11|2007|GMAC|Ontario|2019-02-17|2019 Ontario Winter Festival Championships|5:10.11|432
43|Harlos, Ava|11|2007|ROD|Saskatchewan|2018-12-14|ManSask Championships Short Course Open Championships|5:10.12|432
44|Weatherhead, Taryn|11|2008|SOSC|British Columbia|2019-06-22|SUMMER AGE GROUP CHAMPIONSHIPS|5:10.28|431
45|Prekop, Aimee|11|2007|TSC|Ontario|2019-02-17|2019 Ontario Winter Festival Championships|5:10.29|431
46|Mills, Syrah|11|2007|GCAC|Ontario|2019-02-17|2019 Ontario Winter Festival Championships|5:10.50|430
47|Zhang, Yutong|11|2007|DUCKS|Ontario|2019-02-17|2019 Ontario Winter Festival Championships|5:10.54|430
48|Cescon, Emily|11|2006|TSC|Ontario|2018-11-03|NYAC Cup|5:10.73|429
49|Gould, Fleur|11|2007|GLEN|Alberta|2019-03-01|Provincials - Short Course|5:10.78|429
50|Smart, Heather|11|2006|SJL|Newfoundland|2018-12-08|Invitation Provinciale AA-AAA Pointe-Claire 2018|5:10.86|429