RANK|ATHLETES|AGE|YOB|CLUB|PROVINCE|DATE|MEET|TIME|FINA
1|Bezanson, Maya|11|2007|ESWIM|Ontario|2018-12-07|Youth Cup|1:09.73|567
2|Denes, Julia|11|2007|BTSC|Ontario|2019-03-03|Trojan Pentathlon|1:13.09|493
3|McDermott, Madison|11|2007|BTSC|Ontario|2019-03-03|Trojan Pentathlon|1:15.01|456
4|Sheppard, Kennadie|11|2007|LCSC|British Columbia|2018-12-15|Winter Invitational|1:15.42|448
5|Duvall, Abigail|11|2007|WAC|Ontario|2019-01-19|WAC Cup 1|1:16.09|436
6|Lloyd, Delia|11|2006|ESWIM|Ontario|2018-12-07|Youth Cup|1:16.31|433
7|Chen, Victoria|11|2007|UCSC|Alberta|2019-03-08|UCSC Team Champs|1:16.34|432
8|Lawrence, Elizabeth|11|2007|FS|Saskatchewan|2018-11-11|NCSA Fall Invitational 2018|1:16.55|429
9|Wheeler, Bronwen|11|2007|SPART|British Columbia|2018-10-14|KISU Triple Pentathlon 2018|1:16.62|427
10|Vujosevic, Eva|11|2006|ESWIM|Ontario|2018-10-27|Gus Ryder Memorial Cup|1:16.89|423
11|Rodgers, Sienna|11|2007|UCSC|Alberta|2019-06-21|UCSC Team Champs|1:17.35|415
12|GAMAYO, RIANNE|11|2007|KSC|Alberta|2019-02-02|Maverick Madness 2019|1:17.46|414
13|Connell, Madilyn|11|2007|CASC|Alberta|2019-01-19|Pugsley's Plunge 2019|1:17.67|410
14|Larson, Macey|11|2007|LOSC|British Columbia|2019-06-15|June 2019 Time Trial|1:17.69|410
15|Hothaza, Diana|11|2007|CW|Ontario|2018-12-07|Youth Cup|1:17.86|407
16|Yao, Adora|11|2007|ESWIM|Ontario|2018-12-07|Youth Cup|1:17.96|406
17|Korczewski, Isabella|11|2006|UCSC|Alberta|2018-10-20|UCSC Fall Start Up|1:18.19|402
18|Jenkins, Ridley|11|2007|CDSC|British Columbia|2019-01-20|Canadian Dolphin New Years Invitational 2019|1:18.42|399
19|Fleming, Molly|11|2007|KSC|Alberta|2018-11-18|KSC SC Invitational 2018|1:18.43|399
20|Tarnes, Jordyn|11|2007|EGESC|Saskatchewan|2019-06-15|Gravelbourg Great Whites Sprint Meet|1:18.61|396
21|Bakhshi, Sonia|11|2007|UCSC|Alberta|2019-06-21|UCSC Team Champs|1:18.63|395
22|Hall, Violette|11|2008|CSLA|Québec|2019-05-03|CSLA 1st Annual Splash Bash Intra-Meet|1:18.76|394
23|Oleszczuk, Monica|11|2007|UCSC|Alberta|2018-10-20|UCSC Fall Start Up|1:18.85|392
24|MITCHELL, AVERY|11|2007|KSC|Alberta|2018-11-18|KSC SC Invitational 2018|1:18.95|391
24|Momotiuk, Avery|11|2007|WEST|Ontario|2019-01-20|Seal Meet #4 2019|1:18.95|391
26|Carlson, Jessie|11|2007|GPP|Alberta|2019-06-23|Summer Sizzler|1:19.00|390
27|Rivet, Julia|11|2006|NBYT|Ontario|2018-12-02|NEOR Developmental Meet #2|1:19.02|390
28|Evans, Emma|11|2006|SPART|British Columbia|2018-10-14|KISU Triple Pentathlon 2018|1:19.16|388
29|Wang, Elaine|11|2007|UCSC|Alberta|2019-03-03|Provincials - Short Course|1:19.33|385
30|Gomez, Gala|11|2007|RHAC|Ontario|2018-11-25|Alex Baumann Invitational|1:19.76|379
31|Vicente, Savannah|11|2007|TSC|Ontario|2018-12-07|Youth Cup|1:19.79|378
32|Ho, Hayley|11|2006|MAC|Ontario|2018-10-12|MAC Fall Fest Invitational|1:20.04|375
33|Reci, Tyra|11|2007|ESWIM|Ontario|2018-12-07|Youth Cup|1:20.06|375
34|Moran, Jessica|11|2007|ESWIM|Ontario|2018-12-07|Youth Cup|1:20.10|374
35|Young, Ava|11|2007|ELAC|Ontario|2018-12-07|Youth Cup|1:20.20|373
36|Leblanc, Ashley|11|2007|PCSC|Québec|2018-11-24|Bluefins- Invitation Provinciale 11 ans et plus|1:20.23|372
37|Jiang, Selina|11|2007|PSW|British Columbia|2019-01-20|Canadian Dolphin New Years Invitational 2019|1:20.26|372
38|Zou, Lillian|11|2007|GO|Ontario|2018-10-13|GO Kingfish Blue and Orange Pentathlon|1:20.48|369
39|Gentile, Sofia|11|2007|ELITE|Québec|2019-03-31|Inter club U12|1:20.50|369
40|Lendrum, Kathryn|11|2007|CWC|Alberta|2019-03-03|Provincials - Short Course|1:20.68|366
41|Angove, Sienna|11|2006|KCS|British Columbia|2018-10-14|KISU Triple Pentathlon 2018|1:20.84|364
42|Cruz, Kimberly|11|2007|MST~|Ontario|2018-12-21|2018 Mallards December In-House Competition|1:20.97|362
43|Rule, Caitlin|11|2007|UCSC|Alberta|2019-06-21|UCSC Team Champs|1:20.99|362
44|Wigginton, Rachel|11|2007|UCSC|Alberta|2019-03-08|UCSC Team Champs|1:21.11|360
45|Lacroix, Lea-Rose|11|2007|SAMAK|Québec|2018-11-18|Open Sprint SAMAK 2018|1:21.16|360
46|Major, Marie-Noëlle|11|2007|NG|Québec|2019-06-08|Finale régionale des Jeux du Québec|1:21.37|357
47|Martin, Hailey|11|2007|NCSA|Alberta|2019-01-19|Pugsley's Plunge 2019|1:21.39|357
48|Fairweather, Anna|11|2007|LCSC|British Columbia|2018-12-15|Winter Invitational|1:21.41|356
49|Chiumera, Isabella|11|2007|SWOTT|Ontario|2018-12-01|Invitation provinciale 2018|1:21.62|354
50|Yang, Yunsu|11|2007|LAC|Ontario|2018-10-21|LAC - Fall Startup Part 2|1:21.67|353