RANK|ATHLETES|AGE|YOB|CLUB|PROVINCE|DATE|MEET|TIME|FINA
1|Bezanson, Maya|11|2007|ESWIM|Ontario|2018-12-20|2018 Trillium Cup|9:38.33|569
2|Shackell, Margaret|11|2007|NYAC|Ontario|2018-12-09|Youth Cup|9:51.50|532
3|Pitt, Alexandra|11|2007|TSC|Ontario|2019-02-16|2019 Ontario Winter Festival Championships|9:58.69|513
4|Yazedjian, Elsa|11|2007|CDNDG|Québec|2019-02-16|Championnat provincial 11-12 ans et Paranatation - Hiver|10:00.98|507
5|Parker, Ainsley|11|2007|NYAC|Ontario|2019-02-16|2019 Ontario Winter Festival Championships|10:03.43|501
6|Dreghici, Jessica|11|2007|CW|Ontario|2019-02-16|2019 Ontario Winter Festival Championships|10:04.53|498
7|Qi, Kelly|11|2008|WDSC|British Columbia|2019-07-28|SKSC Summer Fest|10:07.16|492
8|Statkevicius, Sylvia|11|2007|ESWIM|Ontario|2018-11-08|2018 Age Group International SC|10:09.14|487
9|Denes, Julia|11|2007|BTSC|Ontario|2019-03-02|Trojan Pentathlon|10:14.15|475
10|Thompson, Hannah|11|2007|CYPS|Ontario|2019-02-16|2019 Ontario Winter Festival Championships|10:14.62|474
11|Craig, Kiah|11|2006|ISC|British Columbia|2018-11-09|ISC 2018 Bennett Cup|10:15.42|472
12|Wheeler, Bronwen|11|2007|SPART|British Columbia|2018-12-16|Rapids Fast-Swim Classic|10:15.45|472
13|Wang, Angela Jiachen|11|2007|MST~|Ontario|2018-12-09|Youth Cup|10:15.49|472
14|Vicente, Savannah|11|2007|TSC|Ontario|2019-03-01|Steve Kingston Memorial Swim Meet|10:15.56|472
15|Angove, Sienna|11|2006|KCS|British Columbia|2018-11-02|VKSC Fall Invitational 2018|10:18.69|465
16|Wongsoputro, Natalie|11|2007|SKSC|British Columbia|2019-01-27|SKSC Winter Fest|10:20.21|461
17|Reci, Tyra|11|2007|ESWIM|Ontario|2019-02-16|2019 Ontario Winter Festival Championships|10:20.50|461
18|Lloyd, Delia|11|2006|ESWIM|Ontario|2018-11-08|2018 Age Group International SC|10:23.65|454
19|Chiu, Briana|11|2007|VPSC|British Columbia|2018-12-13|JP Fiset Invitational|10:24.59|452
20|Eguia, Alecksis France|11|2007|EKSC|Alberta|2018-12-13|JP Fiset Invitational|10:25.35|450
21|Firth, Kailyn|11|2007|HANEY|British Columbia|2019-07-28|SKSC Summer Fest|10:25.76|449
22|McKinstry, Katie|11|2006|TSC|Ontario|2018-12-09|Youth Cup|10:26.95|446
23|Béasse, Gabrielle|11|2007|CAMO|Québec|2019-02-16|Championnat provincial 11-12 ans et Paranatation - Hiver|10:27.73|445
24|Luberti, Andrea|11|2007|GMAC|Ontario|2019-02-16|2019 Ontario Winter Festival Championships|10:27.99|444
25|Lawrence, Elizabeth|11|2007|FS|Saskatchewan|2018-11-23|Goldfins Invitational|10:32.69|434
26|Gauthier, Rébecca|11|2007|NN|Québec|2019-06-15|Championnat provincial 11-12 ans et Paranatation d'été|10:32.85|434
27|Morrow, Olivia|11|2007|TRIT|Alberta|2019-01-18|Blue Bears 2019|10:34.46|431
28|Jenkins, Ridley|11|2007|CDSC|British Columbia|2018-12-16|Rapids Fast-Swim Classic|10:34.56|431
29|Gagné, Rose|11|2007|CDNDG|Québec|2019-04-13|ARENA Challenge du printemps Développement mixte 2019 CAMO|10:35.55|429
30|Zha, Alice|11|2007|CDNDG|Québec|2019-06-15|Championnat provincial 11-12 ans et Paranatation d'été|10:37.01|426
31|Levack, Melanie|11|2007|WAC|Ontario|2019-02-16|2019 Ontario Winter Festival Championships|10:37.48|425
32|Smart, Heather|11|2006|SJL|Newfoundland|2018-12-06|Invitation Provinciale AA-AAA Pointe-Claire 2018|10:37.76|424
33|LACHAPELLE, JULIETTE|11|2007|CAMO|Québec|2019-02-16|Championnat provincial 11-12 ans et Paranatation - Hiver|10:37.99|424
34|Brousseau, Charlotte|11|2007|CAMO|Québec|2019-06-15|Championnat provincial 11-12 ans et Paranatation d'été|10:38.24|423
35|Matteis, Kaidance|11|2006|CYPS|Ontario|2018-11-23|LAC - Nothers Fall Invitational|10:38.30|423
36|Rodriguez, Juliana|11|2007|CAMO|Québec|2019-06-15|Championnat provincial 11-12 ans et Paranatation d'été|10:39.16|421
37|Cescon, Emily|11|2006|TSC|Ontario|2018-11-04|NYAC Cup|10:39.34|421
38|Robinson, Amy|11|2008|PCSC|Québec|2019-06-15|Championnat provincial 11-12 ans et Paranatation d'été|10:39.58|420
39|Mills, Syrah|11|2007|GCAC|Ontario|2018-12-07|PICK Lisa Flood Christmas Classic 2018|10:39.75|420
40|Prekop, Aimee|11|2007|TSC|Ontario|2019-02-16|2019 Ontario Winter Festival Championships|10:41.47|417
41|Baker, Elle|11|2007|CASC|Alberta|2019-03-03|Provincials - Short Course|10:41.81|416
42|Moran, Jessica|11|2007|ESWIM|Ontario|2018-11-08|2018 Age Group International SC|10:41.87|416
43|Gao, Sarah|11|2007|DUCKS|Ontario|2019-04-26|2019 Ontario Team Challenge|10:42.63|414
44|Harlos, Ava|11|2007|ROD|Saskatchewan|2018-12-15|ManSask Championships Short Course Open Championships|10:43.59|413
45|Sun, Victoria|11|2007|MAC|Ontario|2019-02-16|2019 Ontario Winter Festival Championships|10:43.79|412
46|Gratton, Romy|11|2007|CAMO|Québec|2018-11-04|Festival provincial par équipe section 1|10:45.77|408
47|Audet, Vanessa|11|2007|CNQ|Québec|2019-05-03|Invitation du Printemps|10:49.85|401
48|Hothaza, Diana|11|2007|CW|Ontario|2018-11-23|LAC - Nothers Fall Invitational|10:51.29|398
49|Levesque, Olivia|11|2007|NES|New Brunswick|2019-01-13|Garden of the Gulf|10:51.70|397
50|Kissuk, Sophie|11|2007|OAK|Ontario|2019-02-07|Central Region B Champs 2019|10:52.25|396