RANK|ATHLETES|AGE|YOB|CLUB|PROVINCE|DATE|MEET|TIME|FINA
1|Bezanson, Maya|11|2007|ESWIM|Ontario|2018-12-09|Youth Cup|2:25.45|550
2|Chiu, Briana|11|2007|VPSC|British Columbia|2019-06-23|SUMMER AGE GROUP CHAMPIONSHIPS|2:30.76|494
3|Eguia, Alecksis France|11|2007|EKSC|Alberta|2019-01-19|Blue Bears 2019|2:32.31|479
4|Firth, Kailyn|11|2007|HANEY|British Columbia|2019-06-23|SUMMER AGE GROUP CHAMPIONSHIPS|2:32.50|477
5|Vertue, Chloe|11|2007|PGB|British Columbia|2019-02-24|Winter Age Group Championships|2:32.54|477
6|Marcovitz, Kate|11|2007|UVPCS|British Columbia|2019-08-04|Mid-Summer Madness|2:32.86|474
7|Craig, Kiah|11|2006|ISC|British Columbia|2018-12-08|16th Annual XMAS Cracker Invitational|2:33.90|464
8|Pitt, Alexandra|11|2007|TSC|Ontario|2019-02-17|2019 Ontario Winter Festival Championships|2:34.58|458
9|Statkevicius, Sylvia|11|2007|ESWIM|Ontario|2019-02-17|2019 Ontario Winter Festival Championships|2:34.72|457
10|Lloyd, Delia|11|2006|ESWIM|Ontario|2018-12-09|Youth Cup|2:35.19|453
11|Lipton, Harper|11|2007|NYAC|Ontario|2019-02-17|2019 Ontario Winter Festival Championships|2:35.65|449
12|Yazedjian, Elsa|11|2007|CDNDG|Québec|2018-10-20|Invitation de l'automne Neptune (CSPO 25m)|2:35.86|447
13|McDermott, Madison|11|2007|BTSC|Ontario|2019-02-17|2019 Ontario Winter Festival Championships|2:35.91|447
14|Wongsoputro, Natalie|11|2007|SKSC|British Columbia|2019-06-23|SUMMER AGE GROUP CHAMPIONSHIPS|2:35.93|447
15|Angove, Sienna|11|2006|KCS|British Columbia|2018-12-15|26th Annual MJB Law Classic SCM|2:36.45|442
16|Vicente, Savannah|11|2007|TSC|Ontario|2019-03-03|Steve Kingston Memorial Swim Meet|2:36.62|441
17|Kurihara, Kanna|11|2007|BVOSC|British Columbia|2019-06-01|Northwest Spring Invitational|2:36.65|440
18|Yao, Adora|11|2007|ESWIM|Ontario|2018-11-10|2018 Age Group International SC|2:36.73|440
19|Denes, Julia|11|2007|BTSC|Ontario|2019-04-28|2019 Ontario Team Challenge|2:38.22|427
20|Wang, Mackenzie|11|2007|HYACK|British Columbia|2019-06-23|SUMMER AGE GROUP CHAMPIONSHIPS|2:38.43|426
21|Shackell, Margaret|11|2007|NYAC|Ontario|2018-11-02|NYAC Cup|2:38.70|424
22|Wang, Angela Jiachen|11|2007|MST~|Ontario|2018-12-09|Youth Cup|2:38.89|422
23|Durand, Gemma|11|2007|WVOSC|British Columbia|2019-04-14|Winskill Dolphins LMR|2:38.92|422
24|Qi, Kelly|11|2008|WDSC|British Columbia|2019-07-27|SKSC Summer Fest|2:39.07|421
25|Sheppard, Kennadie|11|2007|LCSC|British Columbia|2019-02-24|Winter Age Group Championships|2:39.10|420
26|Crane, Kailee|11|2006|EKSC|Alberta|2018-10-26|Cascade Speed Meet|2:39.49|417
27|Zou, Lillian|11|2007|GO|Ontario|2019-02-17|2019 Ontario Winter Festival Championships|2:39.50|417
28|Baker, Elle|11|2007|CASC|Alberta|2019-03-02|Provincials - Short Course|2:39.72|415
29|THÉRIAULT-DUBÉ, ALICE|11|2007|CAMO|Québec|2019-02-16|Championnat provincial 11-12 ans et Paranatation - Hiver|2:40.02|413
30|Lu, Esther|11|2007|LAC|Ontario|2019-02-17|2019 Ontario Winter Festival Championships|2:40.34|411
31|Lawrence, Elizabeth|11|2007|FS|Saskatchewan|2018-12-15|ManSask Championships Short Course Open Championships|2:40.36|411
32|McKinstry, Katie|11|2006|TSC|Ontario|2018-12-09|Youth Cup|2:40.42|410
33|Audet, Vanessa|11|2007|CNQ|Québec|2019-05-04|Invitation du Printemps|2:40.65|408
34|Andrusak, Riley|11|2007|ISC|British Columbia|2019-02-10|Speed League 2|2:40.85|407
35|Li, Effie|11|2007|GATOR|British Columbia|2018-12-15|Rapids Fast-Swim Classic|2:40.98|406
36|chu, eliabeth|11|2007|RHSD|Ontario|2019-02-17|2019 Ontario Winter Festival Championships|2:41.05|405
37|Aubry, Danika|11|2007|SAMAK|Québec|2019-02-16|Championnat provincial 11-12 ans et Paranatation - Hiver|2:41.38|403
38|Cruz, Kimberly|11|2007|MST~|Ontario|2019-02-17|2019 Ontario Winter Festival Championships|2:41.69|400
39|Reci, Tyra|11|2007|ESWIM|Ontario|2018-12-09|Youth Cup|2:41.95|399
40|Tonix, Valeria|11|2007|ISC|British Columbia|2019-02-24|Winter Age Group Championships|2:42.07|398
41|Chen, Victoria|11|2007|UCSC|Alberta|2018-10-26|Cascade Speed Meet|2:42.09|398
42|MITCHELL, AVERY|11|2007|KSC|Alberta|2018-12-14|Age Group Food Bank Challenge|2:42.20|397
43|Joseph, Anna|11|2008|CP|Alberta|2019-03-09|Silver Tide Invitational|2:42.21|397
44|Thompson, Hannah|11|2007|CYPS|Ontario|2019-03-03|Wilmot Aces Team Challenge Cup|2:42.30|396
45|Wheeler, Bronwen|11|2007|SPART|British Columbia|2018-10-13|KISU Triple Pentathlon 2018|2:42.33|396
46|Wood, Maria|11|2007|PGB|British Columbia|2018-12-15|26th Annual MJB Law Classic SCM|2:42.44|395
47|Evans, Emma|11|2006|SPART|British Columbia|2018-10-13|KISU Triple Pentathlon 2018|2:42.50|394
48|Okugawa, Hana|11|2007|SCAR|Ontario|2019-04-28|2019 Ontario Team Challenge|2:42.58|394
49|Kissuk, Sophie|11|2007|OAK|Ontario|2019-02-17|2019 Ontario Winter Festival Championships|2:42.60|394
50|Huang, Elina|11|2007|PSW|British Columbia|2019-06-23|SUMMER AGE GROUP CHAMPIONSHIPS|2:42.81|392