RANK|AGES|CLUB|TEAM|PROVINCE|DATE|MEET|TIME|FINA
1|11 - 11|Surrey Knights Swim Club|SKSC A|British Columbia|2019-02-24|Winter Age Group Championships|2:04.69|568
2|11 - 11|Hyack Swim Club|HYACKB|British Columbia|2019-06-23|SUMMER AGE GROUP CHAMPIONSHIPS|2:07.06|536
3|11 - 11|Pacific Sea Wolves|PSW A|British Columbia|2019-03-16|Winskill Dolphins LMR|2:08.08|524
4|11 - 11|Island Swimming Club|ISC A|British Columbia|2018-11-11|SUMMER AGE GROUP CHAMPIONSHIPS|2:09.25|510
5|11 - 11|UVic Pacific Coast Swimming|UVPCSB|British Columbia|2019-06-23|SUMMER AGE GROUP CHAMPIONSHIPS|2:09.37|508
6|11 - 11|Club aquatique CDN-NDG|CDND G|Québec|2018-11-09|Festival provincial par équipe section 4|2:13.94|458
7|11 - 11|Pacific Sea Wolves|PSW C|British Columbia|2019-01-18|Winter Age Group Championships|2:14.96|448
8|11 - 11|Etobicoke Swim Club|ESWIMA|Ontario|2019-02-17|2019 Ontario Winter Festival Championships|2:15.19|445
9|11 - 11|UVic Pacific Coast Swimming|UVPCSC|British Columbia|2019-01-25|Winter Age Group Championships|2:15.37|443
10|11 - 11|Pacific Sea Wolves|PSW B|British Columbia|2019-06-23|SUMMER AGE GROUP CHAMPIONSHIPS|2:17.23|426
11|11 - 11|Mallards Swim Team|MST~ A|Ontario|2018-11-24|Alex Baumann Invitational|2:17.40|424
12|11 - 11|Chena Swim Club|CHENAB|British Columbia|2019-01-26|Winter Age Group Championships|2:17.66|422
13|11 - 11|Hyack Swim Club|HYACKC|British Columbia|2019-06-23|SUMMER AGE GROUP CHAMPIONSHIPS|2:18.19|417
14|11 - 11|Barrie Trojan Swim Club|BTSC A|Ontario|2019-02-17|2019 Ontario Winter Festival Championships|2:20.59|396
15|11 - 11|London Aquatic Club|LAC A|Ontario|2019-02-17|2019 Ontario Winter Festival Championships|2:20.64|395
16|11 - 11|Vancouver Pacific Swim Club|VPSC D|British Columbia|2019-02-24|Winter Age Group Championships|2:21.18|391
17|11 - 11|Hyack Swim Club|HYACKE|British Columbia|2019-02-24|Winter Age Group Championships|2:21.71|387
18|11 - 11|Richmond Rapids Swim Club|RAPIDC|British Columbia|2019-06-23|SUMMER AGE GROUP CHAMPIONSHIPS|2:22.80|378
19|11 - 11|Windsor Aquatic Club|WAC A|Ontario|2019-02-17|2019 Ontario Winter Festival Championships|2:23.05|376
20|11 - 11|Kelowna Aquajets|KWIC D|British Columbia|2019-06-23|SUMMER AGE GROUP CHAMPIONSHIPS|2:23.71|371
21|11 - 11|Toronto Swim Club|TSC A|Ontario|2018-12-08|Future Stars|2:24.04|368
22|11 - 11|Moose Jaw Kinsmen Flying Fins Swim Club|MJKFFA|Saskatchewan|2019-03-10|2019 Junior Short Course Provincials|2:28.14|338
23|11 - 11|University Of Calgary Swim Club|UCSC D|Alberta|2019-03-02|Provincials - Short Course|2:28.47|336
24|11 - 11|Calgary Patriots Swim Club|CP B|Alberta|2019-05-11|Fast & Furious Invitational|2:29.46|329
25|11 - 11|Burlington Aquatic Devilrays|BAD B|Ontario|2018-11-25|Hicken International|2:30.14|325
26|11 - 11|Aurora Ducks Swimming Club|DUCKSA|Ontario|2019-02-17|2019 Ontario Winter Festival Championships|2:30.65|322
27|11 - 11|Muskoka Aquatic Club|MUSACA|Ontario|2019-02-03|2019 Huronia SC Regional Championships|2:31.66|315
28|11 - 11|Mississauga Aquatic Club|MSSACB|Ontario|2019-02-10|Central Region B Champs 2019|2:32.19|312
29|11 - 11|Saint John Fundy Aquatic Club|TIDE A|New Brunswick|2018-12-14|Premier Festival Edmundston NB|2:34.29|299
30|11 - 11|Windsor-Essex Swim Team|WEST A|Ontario|2018-10-21|2018 RHAC Fall Classic|2:34.98|295
31|11 - 11|Canadian Dolphin Swim Club|CDSC F|British Columbia|2019-02-24|Winter Age Group Championships|2:35.10|295
32|11 - 11|Newmarket Stingrays Swim Club|NEW B|Ontario|2019-02-10|Central Region B Champs 2019|2:36.42|287
33|11 - 11|Club Aquatique Montreal|CAMO C|Québec|2019-04-13|ARENA Challenge du printemps Développement mixte 2019 CAMO|2:37.46|282
34|11 - 11|Duncan Stingrays Swim Team|DST A|British Columbia|2019-01-25|Vancouver Island Regional SC Championships|2:37.86|279
35|11 - 11|Edmonton Keyano Swim Club|EKSC B|Alberta|2018-12-01|Candy Cane Classic|2:38.00|279
36|11 - 11|La Swim Club|LASC A|Alberta|2018-11-18|Skin Technologies Marlin Marquee Invitational|2:38.23|278
37|11 - 11|Calgary Patriots Swim Club|CP D|Alberta|2019-02-03|Maverick Madness 2019|2:38.56|276
38|11 - 11|Surrey Knights Swim Club|SKSC C|British Columbia|2018-10-13|Winter Age Group Championships|2:38.60|276
39|11 - 11|Richmond Hill Aquatic Club|RHAC A|Ontario|2018-10-21|2018 RHAC Fall Classic|2:38.68|275
40|11 - 11|Pacific Sea Wolves|PSW D|British Columbia|2019-06-23|SUMMER AGE GROUP CHAMPIONSHIPS|2:38.77|275
41|11 - 11|Oakville Aquatic Club|OAK C|Ontario|2018-11-24|LAC - Nothers Fall Invitational|2:38.99|274
42|11 - 11|Vancouver Pacific Swim Club|VPSC B|British Columbia|2019-06-21|SUMMER AGE GROUP CHAMPIONSHIPS|2:39.17|273
43|11 - 11|Owen Sound Aquatic Club|OSAC A|Ontario|2018-11-17|McDonald's Team Challenge Short Course Swim Meet|2:39.70|270
44|11 - 11|Milton Marlin Swim Team|MMST A|Ontario|2018-12-08|Dash for Cash|2:39.88|269
45|11 - 11|Oakville Aquatic Club|OAK E|Ontario|2018-12-08|Central Region B Champs 2019|2:39.93|269
46|11 - 11|Prince Rupert Amateur Swim Club|PRASCA|British Columbia|2019-06-02|Northwest Spring Invitational|2:39.96|269
47|11 - 11|Conception Bay South Bluefins|CBSB A|Newfoundland|2018-11-03|Gander Fall Invitational|2:40.64|265
48|11 - 11|Cascade Swim Club|CASC A|Alberta|2019-05-11|Fast & Furious Invitational|2:40.90|264
49|11 - 11|Calgary Patriots Swim Club|CP A|Alberta|2018-10-13|Canmore Pentathlon|2:41.07|263
50|11 - 11|Pointe-Claire Swim Club|PCSC A|Québec|2018-10-14|ARENA Challenge Automne 2018|2:41.22|262