RANK|ATHLETES|AGE|YOB|CLUB|PROVINCE|DATE|MEET|TIME|FINA
1|Bezanson, Maya|11|2007|ESWIM|Ontario|2019-02-16|2019 Ontario Winter Festival Championships|2:08.21|645
2|Andrusak, Riley|11|2007|ISC|British Columbia|2019-06-21|SUMMER AGE GROUP CHAMPIONSHIPS|2:13.62|569
3|Shackell, Margaret|11|2007|NYAC|Ontario|2018-12-07|Youth Cup|2:13.98|565
4|Firth, Kailyn|11|2007|HANEY|British Columbia|2019-06-21|SUMMER AGE GROUP CHAMPIONSHIPS|2:14.58|557
5|Chiu, Briana|11|2007|VPSC|British Columbia|2019-06-21|SUMMER AGE GROUP CHAMPIONSHIPS|2:15.31|548
6|Clark, Maxine|11|2008|UCSC|Alberta|2019-07-13|UCSC Western Finale|2:15.66|544
7|Duvall, Abigail|11|2007|WAC|Ontario|2018-12-07|Border City Invitational|2:17.21|526
8|Qi, Kelly|11|2008|WDSC|British Columbia|2019-06-21|SUMMER AGE GROUP CHAMPIONSHIPS|2:18.41|512
9|Statkevicius, Sylvia|11|2007|ESWIM|Ontario|2018-11-09|2018 Age Group International SC|2:18.94|506
10|Wongsoputro, Natalie|11|2007|SKSC|British Columbia|2019-06-21|SUMMER AGE GROUP CHAMPIONSHIPS|2:19.48|501
11|Matteis, Kaidance|11|2006|CYPS|Ontario|2018-12-07|Border City Invitational|2:19.54|500
12|Yazedjian, Elsa|11|2007|CDNDG|Québec|2019-02-17|Championnat provincial 11-12 ans et Paranatation - Hiver|2:19.70|498
13|Denes, Julia|11|2007|BTSC|Ontario|2019-04-27|2019 Ontario Team Challenge|2:19.71|498
14|Béasse, Gabrielle|11|2007|CAMO|Québec|2019-02-17|Championnat provincial 11-12 ans et Paranatation - Hiver|2:19.75|498
15|Marcovitz, Kate|11|2007|UVPCS|British Columbia|2019-06-21|SUMMER AGE GROUP CHAMPIONSHIPS|2:19.93|496
16|Vertue, Chloe|11|2007|PGB|British Columbia|2019-02-22|Winter Age Group Championships|2:20.38|491
17|Huang, Elina|11|2007|PSW|British Columbia|2019-06-21|SUMMER AGE GROUP CHAMPIONSHIPS|2:21.05|484
18|Lloyd, Delia|11|2006|ESWIM|Ontario|2018-12-07|Youth Cup|2:21.16|483
19|Pitt, Alexandra|11|2007|TSC|Ontario|2019-03-02|Steve Kingston Memorial Swim Meet|2:21.25|482
20|Craig, Kiah|11|2006|ISC|British Columbia|2018-12-07|16th Annual XMAS Cracker Invitational|2:21.75|477
21|Reci, Tyra|11|2007|ESWIM|Ontario|2019-01-13|2019 Etobicoke A-B Meet|2:21.97|475
22|Jenkins, Ridley|11|2007|CDSC|British Columbia|2019-02-22|Winter Age Group Championships|2:22.71|467
23|Audet, Vanessa|11|2007|CNQ|Québec|2019-05-04|Invitation du Printemps|2:22.76|467
24|Vistal, Mandy Joan|11|2007|CDNDG|Québec|2018-12-07|Invitation provinciale AA-AAA Noël + Développement 11-12 ans CAMO|2:22.77|467
25|Vicente, Savannah|11|2007|TSC|Ontario|2019-02-16|2019 Ontario Winter Festival Championships|2:23.17|463
26|Dreghici, Jessica|11|2007|CW|Ontario|2018-11-24|LAC - Nothers Fall Invitational|2:23.70|458
27|Tonix, Valeria|11|2007|ISC|British Columbia|2019-02-22|Winter Age Group Championships|2:23.79|457
28|LACHAPELLE, JULIETTE|11|2007|CAMO|Québec|2019-02-17|Championnat provincial 11-12 ans et Paranatation - Hiver|2:23.83|456
29|Le, Shannon|11|2007|WSC|British Columbia|2019-02-22|Winter Age Group Championships|2:23.96|455
30|Hu, Yueyi|11|2006|RHAC|Ontario|2018-10-20|2018 RHAC Fall Classic|2:24.07|454
31|Thompson, Hannah|11|2007|CYPS|Ontario|2019-02-16|2019 Ontario Winter Festival Championships|2:24.56|450
32|Eguia, Alecksis France|11|2007|EKSC|Alberta|2018-12-14|JP Fiset Invitational|2:24.88|447
33|Parker, Ainsley|11|2007|NYAC|Ontario|2019-01-19|Audi Midtown Toronto Winter Classic-SC 12 & U (TPASC)|2:24.97|446
34|Wheeler, Bronwen|11|2007|SPART|British Columbia|2018-12-09|2018 Spartan Santa LMR|2:25.00|445
35|Vujosevic, Eva|11|2006|ESWIM|Ontario|2018-10-27|Gus Ryder Memorial Cup|2:25.05|445
36|Gould, Fleur|11|2007|GLEN|Alberta|2019-03-03|Provincials - Short Course|2:25.15|444
37|Rupert, Bridget|11|2006|UVPCS|British Columbia|2018-11-10|ISC 2018 Bennett Cup|2:25.18|444
38|Xu, Ella|11|2007|GO|Ontario|2018-11-24|Alex Baumann Invitational|2:25.21|444
39|Korczewski, Isabella|11|2006|UCSC|Alberta|2018-10-20|UCSC Fall Start Up|2:25.48|441
40|Charapova, Katya|11|2007|GO|Ontario|2019-02-16|2019 Ontario Winter Festival Championships|2:25.51|441
41|Frickleton, Aneshka|11|2007|HAC|Ontario|2019-02-16|2019 Ontario Winter Festival Championships|2:25.54|440
42|Levack, Melanie|11|2007|WAC|Ontario|2019-02-16|2019 Ontario Winter Festival Championships|2:25.57|440
43|Gagné, Rose|11|2007|CDNDG|Québec|2019-04-13|ARENA Challenge du printemps Développement mixte 2019 CAMO|2:25.62|440
44|Evans, Emma|11|2006|SPART|British Columbia|2018-10-13|KISU Triple Pentathlon 2018|2:25.65|439
45|Gratton, Romy|11|2007|CAMO|Québec|2018-12-07|Invitation provinciale AA-AAA Noël + Développement 11-12 ans CAMO|2:25.67|439
46|Gao, Sarah|11|2007|DUCKS|Ontario|2019-04-27|2019 Ontario Team Challenge|2:25.85|438
47|Donnelly, Megan|11|2007|BAD|Ontario|2019-02-16|2019 Ontario Winter Festival Championships|2:26.04|436
48|Reid, Annabelle|11|2007|SAMAK|Québec|2019-06-16|Championnat provincial 11-12 ans et Paranatation d'été|2:26.08|436
49|Wang, Angela Jiachen|11|2007|MST~|Ontario|2018-12-07|Youth Cup|2:26.18|435
50|Forest, Sahara|11|2006|CDSC|British Columbia|2018-10-13|PSW Fall Invitational|2:26.34|433