RANK|ATHLETES|AGE|YOB|CLUB|PROVINCE|DATE|MEET|TIME|FINA
1|Angove, Sienna|11|2006|KCS|British Columbia|2018-12-14|26th Annual MJB Law Classic SCM|36.51|482
2|Lloyd, Jordan|11|2007|UCSC|Alberta|2018-12-15|UCSC Holiday Classic|36.99|464
3|Connell, Madilyn|11|2007|CASC|Alberta|2018-12-15|JP Fiset Invitational|37.13|458
4|LACHAPELLE, JULIETTE|11|2007|CAMO|Québec|2019-04-13|ARENA Challenge du printemps Développement mixte 2019 CAMO|37.56|443
5|Denes, Julia|11|2007|BTSC|Ontario|2019-04-28|2019 Ontario Team Challenge|37.64|440
6|Zha, Alice|11|2007|CDNDG|Québec|2018-11-09|Festival provincial par équipe section 4|37.67|439
7|Crane, Kailee|11|2006|EKSC|Alberta|2018-10-28|Cascade Speed Meet|37.87|432
8|Wang, Angela Jiachen|11|2007|MST~|Ontario|2018-11-24|Alex Baumann Invitational|37.99|428
9|Andrusak, Riley|11|2007|ISC|British Columbia|2019-01-27|Vancouver Island Regional SC Championships|38.00|428
10|Audet, Vanessa|11|2007|CNQ|Québec|2019-04-13|ARENA Challenge du printemps Développement mixte 2019 CAMO|38.06|426
11|Sheppard, Kennadie|11|2007|LCSC|British Columbia|2018-12-15|Winter Invitational|38.26|419
12|Oravsky, Laila|11|2007|BTSC|Ontario|2019-02-03|2019 Huronia SC Regional Championships|38.62|407
13|Choi, Yeonwoo|11|2007|HYACK|British Columbia|2019-06-08|Knights June Jamboree 2019|38.96|397
13|Fairweather, Anna|11|2007|DST|British Columbia|2019-08-04|Mid-Summer Madness|38.96|397
15|Magus, Isabel|11|2008|GOLD|Saskatchewan|2019-06-14|Goldfins 2019 Blue vs White vs Gold|38.99|396
16|Hau, Megan|11|2006|RHAC|Ontario|2018-11-24|Alex Baumann Invitational|39.00|396
17|Momotiuk, Avery|11|2007|WEST|Ontario|2019-02-02|2019 Western Region SC Champs|39.08|393
18|GAMAYO, RIANNE|11|2007|KSC|Alberta|2018-12-16|Age Group Food Bank Challenge|39.12|392
19|Dreghici, Jessica|11|2007|CW|Ontario|2019-02-02|2019 Western Region SC Champs|39.18|390
20|Lu, Esther|11|2007|LAC|Ontario|2019-02-02|2019 Western Region SC Champs|39.26|388
21|McDermott, Madison|11|2007|BTSC|Ontario|2019-03-03|Trojan Pentathlon|39.27|387
22|Gong, Runqueen|11|2007|WVOSC|British Columbia|2018-12-14|Rapids Fast-Swim Classic|39.29|387
23|Yao, Adora|11|2007|ESWIM|Ontario|2018-10-14|2018 Hall of Fame Meet|39.31|386
24|Yang, Yunsu|11|2007|LAC|Ontario|2019-02-02|2019 Western Region SC Champs|39.34|385
25|Vujosevic, Eva|11|2006|ESWIM|Ontario|2018-10-14|2018 Hall of Fame Meet|39.44|382
26|Béasse, Gabrielle|11|2007|CAMO|Québec|2018-10-13|ARENA Challenge Automne 2018|39.70|375
27|Vieira, Alexandra|11|2007|COBRA|Ontario|2019-03-02|COBRA Power|39.78|373
28|Larson, Macey|11|2007|LOSC|British Columbia|2019-06-15|June 2019 Time Trial|39.79|372
28|Do, Madison|11|2007|COBRA|Ontario|2019-03-02|COBRA Power|39.79|372
28|Zizakovic, Aleksa|11|2006|DUCKS|Ontario|2018-11-10|2018 Age Group International SC|39.79|372
31|Luberti, Andrea|11|2007|GMAC|Ontario|2018-12-08|Dash for Cash|39.80|372
32|Vertue, Chloe|11|2007|PGB|British Columbia|2018-11-18|2018 PGBSC Medical Northern Invitational|39.97|367
33|Holt, Maya|11|2007|DSC|Québec|2018-11-09|Festival provincial par équipe section 5 - Nord|39.99|367
34|O'Brien, Lola|11|2006|LASC|Alberta|2018-11-17|Skin Technologies Marlin Marquee Invitational|40.00|367
35|Lapierre, Justine|11|2007|CAMO|Québec|2019-04-13|ARENA Challenge du printemps Développement mixte 2019 CAMO|40.01|366
36|Zhang, Yutong|11|2007|DUCKS|Ontario|2019-04-28|2019 Ontario Team Challenge|40.03|366
37|Thomas, Priya|11|2007|RDCSC|Alberta|2019-03-03|Provincials - Short Course|40.06|365
38|Mazza, Isabella|11|2007|VAC|Ontario|2019-05-04|VAC - Intersquad Challenge 2019|40.07|365
39|Mesic, Emilija|11|2007|WAC|Ontario|2019-02-02|2019 Western Region SC Champs|40.17|362
40|Lawrence, Elizabeth|11|2007|FS|Saskatchewan|2018-11-10|NCSA Fall Invitational 2018|40.18|362
40|Hall, Violette|11|2008|CSLA|Québec|2019-04-07|Défi Australien - Australian Challenge|40.18|362
42|Durand, Gemma|11|2007|WVOSC|British Columbia|2018-11-09|2018 Brad Reid Memorial Invitational|40.21|361
43|Mills, Syrah|11|2007|GCAC|Ontario|2018-11-24|Alex Baumann Invitational|40.37|357
43|Menard, Chloe|11|2007|LMRL|Québec|2018-11-09|Festival provincial par équipe section 2|40.37|357
45|Leas, Ava|11|2007|SFNV|British Columbia|2018-12-07|16th Annual XMAS Cracker Invitational|40.39|356
46|Lebeau, Florence|11|2007|TORP|Québec|2018-12-15|Invitation développement et groupe d'âge de Noel 2018|40.42|355
47|Suh, Clara|11|2007|SKSC|British Columbia|2019-07-28|SKSC Summer Fest|40.43|355
48|Pauletto, Alexa|11|2007|COMOX|British Columbia|2019-01-27|Vancouver Island Regional SC Championships|40.47|354
49|Vavasour, Emma|11|2007|SJL|Newfoundland|2019-06-09|2019 Summer Classic Invitational|40.49|353
50|Reaume, Madilyn|11|2007|CT33|Ontario|2018-12-02|NEOR Developmental Meet #2|40.53|352