RANK|ATHLETES|AGE|YOB|CLUB|PROVINCE|DATE|MEET|TIME|FINA
1|Zha, Alice|11|2007|CDNDG|Québec|2019-06-16|Championnat provincial 11-12 ans et Paranatation d'été|1:18.50|501
2|Angove, Sienna|11|2006|KCS|British Columbia|2018-12-16|26th Annual MJB Law Classic SCM|1:19.01|491
3|Bezanson, Maya|11|2007|ESWIM|Ontario|2019-02-17|2019 Ontario Winter Festival Championships|1:19.62|480
4|Andrusak, Riley|11|2007|ISC|British Columbia|2019-06-22|SUMMER AGE GROUP CHAMPIONSHIPS|1:19.79|477
5|Wang, Angela Jiachen|11|2007|MST~|Ontario|2019-02-17|2019 Ontario Winter Festival Championships|1:20.06|472
6|Denes, Julia|11|2007|BTSC|Ontario|2019-03-02|Trojan Pentathlon|1:20.62|462
7|Qi, Kelly|11|2008|WDSC|British Columbia|2019-06-22|SUMMER AGE GROUP CHAMPIONSHIPS|1:20.90|458
8|LACHAPELLE, JULIETTE|11|2007|CAMO|Québec|2019-02-17|Championnat provincial 11-12 ans et Paranatation - Hiver|1:21.70|444
9|Chiu, Briana|11|2007|VPSC|British Columbia|2019-02-23|Winter Age Group Championships|1:21.81|442
10|Larson, Macey|11|2007|LOSC|British Columbia|2019-06-22|SUMMER AGE GROUP CHAMPIONSHIPS|1:22.11|438
11|Audet, Vanessa|11|2007|CNQ|Québec|2019-05-04|Invitation du Printemps|1:22.33|434
12|Yazedjian, Elsa|11|2007|CDNDG|Québec|2018-12-08|Invitation provinciale AA-AAA Noël + Développement 11-12 ans CAMO|1:22.78|427
13|Connell, Madilyn|11|2007|CASC|Alberta|2018-12-14|JP Fiset Invitational|1:22.86|426
14|Yang, Yunsu|11|2007|LAC|Ontario|2019-02-17|2019 Ontario Winter Festival Championships|1:23.00|424
15|Oravsky, Laila|11|2007|BTSC|Ontario|2019-02-02|2019 Huronia SC Regional Championships|1:23.11|422
16|Momotiuk, Avery|11|2007|WEST|Ontario|2019-02-17|2019 Ontario Winter Festival Championships|1:23.26|420
16|Cescon, Emily|11|2006|TSC|Ontario|2018-11-04|NYAC Cup|1:23.26|420
18|Hau, Megan|11|2006|RHAC|Ontario|2018-11-23|Alex Baumann Invitational|1:23.30|419
19|Han, Jiarui|11|2007|MST~|Ontario|2019-02-17|2019 Ontario Winter Festival Championships|1:23.36|418
20|Beauchamp, Chloé|11|2007|NG|Québec|2019-06-16|Championnat provincial 11-12 ans et Paranatation d'été|1:23.79|412
21|Vujosevic, Eva|11|2006|ESWIM|Ontario|2018-10-13|2018 Hall of Fame Meet|1:24.08|407
22|Choi, Yeonwoo|11|2007|HYACK|British Columbia|2019-06-08|Knights June Jamboree 2019|1:24.25|405
23|McDermott, Madison|11|2007|BTSC|Ontario|2019-02-02|2019 Huronia SC Regional Championships|1:24.29|404
24|Leas, Ava|11|2007|SFNV|British Columbia|2018-12-08|16th Annual XMAS Cracker Invitational|1:24.70|399
25|Gratton, Romy|11|2007|CAMO|Québec|2019-02-17|Championnat provincial 11-12 ans et Paranatation - Hiver|1:24.93|395
26|Ng, Nathalie|11|2007|GATOR|British Columbia|2019-06-22|SUMMER AGE GROUP CHAMPIONSHIPS|1:24.95|395
27|Gong, Runqueen|11|2007|WVOSC|British Columbia|2019-02-03|Burnaby Dynamo LMR & 20 Years Anniversary Invitational|1:25.05|394
28|Okugawa, Hana|11|2007|SCAR|Ontario|2019-04-27|2019 Ontario Team Challenge|1:25.09|393
29|Zucchet, Mikayla|11|2007|COBRA|Ontario|2018-12-02|Neptune International (CSPO 25m)|1:25.17|392
30|Lapierre, Justine|11|2007|CAMO|Québec|2019-06-16|Championnat provincial 11-12 ans et Paranatation d'été|1:25.21|391
31|Yao, Adora|11|2007|ESWIM|Ontario|2018-10-13|2018 Hall of Fame Meet|1:25.32|390
32|Crane, Kailee|11|2006|EKSC|Alberta|2018-10-26|Cascade Speed Meet|1:25.52|387
33|Durand, Gemma|11|2007|WVOSC|British Columbia|2018-12-08|16th Annual XMAS Cracker Invitational|1:25.94|382
34|Vieira, Alexandra|11|2007|COBRA|Ontario|2019-02-17|2019 Ontario Winter Festival Championships|1:25.98|381
35|Gauthier, Rébecca|11|2007|NN|Québec|2019-06-16|Championnat provincial 11-12 ans et Paranatation d'été|1:25.99|381
36|Statkevicius, Sylvia|11|2007|ESWIM|Ontario|2019-02-17|2019 Ontario Winter Festival Championships|1:26.03|380
37|Wheeler, Bronwen|11|2007|SPART|British Columbia|2018-12-08|2018 Spartan Santa LMR|1:26.14|379
38|Vertue, Chloe|11|2007|PGB|British Columbia|2019-02-23|Winter Age Group Championships|1:26.19|378
39|Béasse, Gabrielle|11|2007|CAMO|Québec|2019-02-17|Championnat provincial 11-12 ans et Paranatation - Hiver|1:26.34|376
40|Holt, Maya|11|2007|DSC|Québec|2019-02-17|Championnat provincial 11-12 ans et Paranatation - Hiver|1:26.36|376
41|Zhou, Angela|11|2007|WSC|British Columbia|2019-06-22|SUMMER AGE GROUP CHAMPIONSHIPS|1:26.40|375
42|GAMAYO, RIANNE|11|2007|KSC|Alberta|2018-12-14|Age Group Food Bank Challenge|1:26.43|375
42|Do, Madison|11|2007|COBRA|Ontario|2019-02-17|2019 Ontario Winter Festival Championships|1:26.43|375
44|Zhang, Yutong|11|2007|DUCKS|Ontario|2019-04-27|2019 Ontario Team Challenge|1:26.44|375
45|Dreghici, Jessica|11|2007|CW|Ontario|2019-01-19|LAC - 12 and Under Celebration|1:26.49|374
46|Jiang, Selina|11|2007|PSW|British Columbia|2019-06-22|SUMMER AGE GROUP CHAMPIONSHIPS|1:26.52|374
47|Lawrence, Elizabeth|11|2007|FS|Saskatchewan|2018-11-24|Goldfins Invitational|1:26.53|374
48|Pauletto, Alexa|11|2007|COMOX|British Columbia|2019-02-23|Winter Age Group Championships|1:26.59|373
49|Wongsoputro, Natalie|11|2007|SKSC|British Columbia|2019-07-27|SKSC Summer Fest|1:26.60|373
50|Fairweather, Anna|11|2007|DST|British Columbia|2019-08-04|Mid-Summer Madness|1:26.67|372