RANK|ATHLETES|AGE|YOB|CLUB|PROVINCE|DATE|MEET|TIME|FINA
1|Bezanson, Maya|11|2007|ESWIM|Ontario|2019-02-17|2019 Ontario Winter Festival Championships|1:00.18|605
2|Clark, Maxine|11|2008|UCSC|Alberta|2019-07-14|UCSC Western Finale|1:01.80|559
3|Firth, Kailyn|11|2007|HANEY|British Columbia|2019-06-22|SUMMER AGE GROUP CHAMPIONSHIPS|1:02.08|551
4|Andrusak, Riley|11|2007|ISC|British Columbia|2019-06-22|SUMMER AGE GROUP CHAMPIONSHIPS|1:02.58|538
5|Béasse, Gabrielle|11|2007|CAMO|Québec|2019-02-16|Championnat provincial 11-12 ans et Paranatation - Hiver|1:02.75|534
6|Statkevicius, Sylvia|11|2007|ESWIM|Ontario|2018-12-09|Youth Cup|1:03.29|520
7|Audet, Vanessa|11|2007|CNQ|Québec|2019-04-14|ARENA Challenge du printemps Développement mixte 2019 CAMO|1:03.33|519
8|Shackell, Margaret|11|2007|NYAC|Ontario|2018-12-09|Youth Cup|1:03.49|515
9|Vistal, Mandy Joan|11|2007|CDNDG|Québec|2019-02-16|Championnat provincial 11-12 ans et Paranatation - Hiver|1:03.83|507
10|Marcovitz, Kate|11|2007|UVPCS|British Columbia|2019-08-03|Mid-Summer Madness|1:03.94|504
11|Matteis, Kaidance|11|2006|CYPS|Ontario|2018-12-08|Border City Invitational|1:04.08|501
12|Qi, Kelly|11|2008|WDSC|British Columbia|2019-07-27|SKSC Summer Fest|1:04.15|499
13|Duvall, Abigail|11|2007|WAC|Ontario|2018-12-08|Border City Invitational|1:04.54|490
14|Lawrence, Elizabeth|11|2007|FS|Saskatchewan|2018-12-15|ManSask Championships Short Course Open Championships|1:04.57|490
15|Wongsoputro, Natalie|11|2007|SKSC|British Columbia|2019-06-08|Knights June Jamboree 2019|1:04.60|489
16|Denes, Julia|11|2007|BTSC|Ontario|2019-02-17|2019 Ontario Winter Festival Championships|1:04.73|486
17|Korczewski, Isabella|11|2006|UCSC|Alberta|2018-11-17|KSC SC Invitational 2018|1:04.75|486
18|Zha, Alice|11|2007|CDNDG|Québec|2019-06-16|Championnat provincial 11-12 ans et Paranatation d'été|1:04.94|481
19|Eguia, Alecksis France|11|2007|EKSC|Alberta|2019-01-19|Blue Bears 2019|1:05.36|472
20|Craig, Kiah|11|2006|ISC|British Columbia|2018-12-08|16th Annual XMAS Cracker Invitational|1:05.47|470
21|Huang, Elina|11|2007|PSW|British Columbia|2019-06-22|SUMMER AGE GROUP CHAMPIONSHIPS|1:05.49|469
22|Lloyd, Delia|11|2006|ESWIM|Ontario|2018-12-09|Youth Cup|1:05.50|469
23|Reci, Tyra|11|2007|ESWIM|Ontario|2018-12-21|2018 Trillium Cup|1:05.52|469
24|Rupert, Bridget|11|2006|UVPCS|British Columbia|2018-10-27|2018 NRST Fall Invitational|1:05.54|468
25|Suh, Clara|11|2007|SKSC|British Columbia|2019-06-22|SUMMER AGE GROUP CHAMPIONSHIPS|1:05.55|468
26|Tonix, Valeria|11|2007|ISC|British Columbia|2019-02-23|Winter Age Group Championships|1:05.71|465
27|Dreghici, Jessica|11|2007|CW|Ontario|2019-02-17|2019 Ontario Winter Festival Championships|1:05.86|461
28|Wheeler, Bronwen|11|2007|SPART|British Columbia|2018-12-15|Rapids Fast-Swim Classic|1:05.92|460
29|Pitt, Alexandra|11|2007|TSC|Ontario|2019-02-17|2019 Ontario Winter Festival Championships|1:05.93|460
30|Vujosevic, Eva|11|2006|ESWIM|Ontario|2018-10-14|2018 Hall of Fame Meet|1:05.94|460
31|Sheppard, Kennadie|11|2007|LCSC|British Columbia|2019-02-23|Winter Age Group Championships|1:06.03|458
32|THÉRIAULT-DUBÉ, ALICE|11|2007|CAMO|Québec|2019-02-16|Championnat provincial 11-12 ans et Paranatation - Hiver|1:06.05|457
32|Donnelly, Megan|11|2007|BAD|Ontario|2019-02-17|2019 Ontario Winter Festival Championships|1:06.05|457
34|LACHAPELLE, JULIETTE|11|2007|CAMO|Québec|2019-03-30|Inter club U12|1:06.07|457
35|Gratton, Romy|11|2007|CAMO|Québec|2019-02-16|Championnat provincial 11-12 ans et Paranatation - Hiver|1:06.13|456
36|Connell, Madilyn|11|2007|CASC|Alberta|2019-02-10|NCSA John Timmermans Memorial Invitational 2019|1:06.37|451
37|Yazedjian, Elsa|11|2007|CDNDG|Québec|2018-11-09|Festival provincial par équipe section 4|1:06.39|450
38|Reid, Annabelle|11|2007|SAMAK|Québec|2019-06-16|Championnat provincial 11-12 ans et Paranatation d'été|1:06.62|446
39|Evans, Emma|11|2006|SPART|British Columbia|2018-09-29|2018 Spartan Sprint Starter|1:06.65|445
40|Forest, Sahara|11|2006|CDSC|British Columbia|2018-10-13|PSW Fall Invitational|1:06.84|441
41|Chiu, Briana|11|2007|VPSC|British Columbia|2019-01-19|Canadian Dolphin New Years Invitational 2019|1:06.89|440
41|Loseth, Angel|11|2006|VKSC|British Columbia|2018-12-14|26th Annual MJB Law Classic SCM|1:06.89|440
43|Chan, Taylor|11|2007|BAD|Ontario|2019-02-17|2019 Ontario Winter Festival Championships|1:06.94|439
44|Monterola, Leigh|11|2007|SKSC|British Columbia|2019-06-22|SUMMER AGE GROUP CHAMPIONSHIPS|1:06.95|439
45|Parker, Ainsley|11|2007|NYAC|Ontario|2019-02-17|2019 Ontario Winter Festival Championships|1:06.97|439
46|Blumel, Ruby|11|2007|CDSC|British Columbia|2019-06-22|SUMMER AGE GROUP CHAMPIONSHIPS|1:07.05|437
47|Allaire, Delphine|11|2006|ETM|Québec|2018-12-09|Défi Nez-Rouge 2018|1:07.33|432
48|Morrow, Olivia|11|2007|TRIT|Alberta|2018-12-01|Candy Cane Classic|1:07.34|432
49|Rivet, Julia|11|2006|NBYT|Ontario|2018-12-02|NEOR Developmental Meet #2|1:07.37|431
50|Lavoie, Éloise|11|2007|CNJO|Québec|2018-12-09|Défi Nez-Rouge 2018|1:07.40|430