RANK|ATHLETES|AGE|YOB|CLUB|PROVINCE|DATE|MEET|TIME|FINA
1|Bezanson, Maya|11|2007|ESWIM|Ontario|2019-02-17|2019 Ontario Winter Festival Championships|2:27.60|562
2|Chiu, Briana|11|2007|VPSC|British Columbia|2019-06-22|SUMMER AGE GROUP CHAMPIONSHIPS|2:29.93|536
3|Andrusak, Riley|11|2007|ISC|British Columbia|2019-06-22|SUMMER AGE GROUP CHAMPIONSHIPS|2:31.78|517
4|Wang, Angela Jiachen|11|2007|MST~|Ontario|2019-02-17|2019 Ontario Winter Festival Championships|2:33.05|504
5|Yazedjian, Elsa|11|2007|CDNDG|Québec|2019-02-15|Championnat provincial 11-12 ans et Paranatation - Hiver|2:34.56|490
6|Wheeler, Bronwen|11|2007|SPART|British Columbia|2018-12-08|2018 Spartan Santa LMR|2:34.92|486
7|Vertue, Chloe|11|2007|PGB|British Columbia|2019-02-23|Winter Age Group Championships|2:35.10|485
8|Qi, Kelly|11|2008|WDSC|British Columbia|2019-06-22|SUMMER AGE GROUP CHAMPIONSHIPS|2:36.38|473
9|Mills, Syrah|11|2007|GCAC|Ontario|2019-02-17|2019 Ontario Winter Festival Championships|2:36.48|472
10|LACHAPELLE, JULIETTE|11|2007|CAMO|Québec|2019-04-13|ARENA Challenge du printemps Développement mixte 2019 CAMO|2:37.66|461
11|Angove, Sienna|11|2006|KCS|British Columbia|2018-12-14|26th Annual MJB Law Classic SCM|2:37.86|460
12|Shackell, Margaret|11|2007|NYAC|Ontario|2018-12-08|Youth Cup|2:38.10|457
13|Denes, Julia|11|2007|BTSC|Ontario|2019-03-02|Trojan Pentathlon|2:38.16|457
14|Firth, Kailyn|11|2007|HANEY|British Columbia|2019-06-22|SUMMER AGE GROUP CHAMPIONSHIPS|2:39.11|449
15|Matteis, Kaidance|11|2006|CYPS|Ontario|2018-12-08|Border City Invitational|2:39.70|444
16|Audet, Vanessa|11|2007|CNQ|Québec|2019-04-13|ARENA Challenge du printemps Développement mixte 2019 CAMO|2:40.18|440
17|Duvall, Abigail|11|2007|WAC|Ontario|2018-12-08|Border City Invitational|2:40.30|439
18|Jenkins, Ridley|11|2007|CDSC|British Columbia|2019-02-23|Winter Age Group Championships|2:40.72|435
19|Statkevicius, Sylvia|11|2007|ESWIM|Ontario|2018-12-08|Youth Cup|2:40.76|435
20|Choi, Yeonwoo|11|2007|HYACK|British Columbia|2019-06-22|SUMMER AGE GROUP CHAMPIONSHIPS|2:40.92|434
21|Wongsoputro, Natalie|11|2007|SKSC|British Columbia|2019-06-22|SUMMER AGE GROUP CHAMPIONSHIPS|2:41.46|429
22|Yao, Adora|11|2007|ESWIM|Ontario|2018-12-21|2018 Trillium Cup|2:41.54|429
23|McDermott, Madison|11|2007|BTSC|Ontario|2019-02-17|2019 Ontario Winter Festival Championships|2:41.63|428
24|Zha, Alice|11|2007|CDNDG|Québec|2019-06-15|Championnat provincial 11-12 ans et Paranatation d'été|2:41.91|426
25|Vistal, Mandy Joan|11|2007|CDNDG|Québec|2018-12-08|Invitation provinciale AA-AAA Noël + Développement 11-12 ans CAMO|2:42.10|424
26|Marcovitz, Kate|11|2007|UVPCS|British Columbia|2019-06-22|SUMMER AGE GROUP CHAMPIONSHIPS|2:42.43|422
27|Rupert, Bridget|11|2006|UVPCS|British Columbia|2018-10-27|2018 NRST Fall Invitational|2:42.50|421
28|Lawrence, Elizabeth|11|2007|FS|Saskatchewan|2018-12-13|ManSask Championships Short Course Open Championships|2:42.51|421
29|Gratton, Romy|11|2007|CAMO|Québec|2019-02-15|Championnat provincial 11-12 ans et Paranatation - Hiver|2:42.56|421
30|Tonix, Valeria|11|2007|ISC|British Columbia|2019-01-25|Vancouver Island Regional SC Championships|2:42.74|419
31|Rodriguez, Juliana|11|2007|CAMO|Québec|2019-06-15|Championnat provincial 11-12 ans et Paranatation d'été|2:43.07|417
32|Saunders, Calli|11|2008|SPART|British Columbia|2019-04-13|2019 Spartan 11 and Under and LMR Distance|2:43.19|416
33|Vujosevic, Eva|11|2006|ESWIM|Ontario|2018-10-27|Gus Ryder Memorial Cup|2:43.53|413
34|Kurihara, Kanna|11|2007|BVOSC|British Columbia|2019-02-23|Winter Age Group Championships|2:43.62|413
35|Parker, Ainsley|11|2007|NYAC|Ontario|2019-02-17|2019 Ontario Winter Festival Championships|2:44.00|410
36|Luberti, Andrea|11|2007|GMAC|Ontario|2018-11-03|NYAC Cup|2:44.07|409
37|Larson, Macey|11|2007|LOSC|British Columbia|2019-06-22|SUMMER AGE GROUP CHAMPIONSHIPS|2:44.42|407
38|Han, Jiarui|11|2007|MST~|Ontario|2019-02-17|2019 Ontario Winter Festival Championships|2:44.48|406
39|Ng, Nathalie|11|2007|GATOR|British Columbia|2019-06-22|SUMMER AGE GROUP CHAMPIONSHIPS|2:44.56|406
40|Wang, Mackenzie|11|2007|HYACK|British Columbia|2019-06-22|SUMMER AGE GROUP CHAMPIONSHIPS|2:44.65|405
41|McKinstry, Katie|11|2006|TSC|Ontario|2018-11-03|NYAC Cup|2:44.66|405
42|Okugawa, Hana|11|2007|SCAR|Ontario|2019-04-26|2019 Ontario Team Challenge|2:44.76|404
43|Korbely, Paige|11|2007|HYACK|British Columbia|2019-06-22|SUMMER AGE GROUP CHAMPIONSHIPS|2:44.89|403
44|Blanchard, Kamila|11|2007|PCSC|Québec|2019-06-15|Championnat provincial 11-12 ans et Paranatation d'été|2:45.01|402
45|Pitt, Alexandra|11|2007|TSC|Ontario|2019-03-03|Steve Kingston Memorial Swim Meet|2:45.09|402
46|Durand, Gemma|11|2007|WVOSC|British Columbia|2019-05-11|SFU-SFA LMR Swim Meet|2:45.14|401
47|Momotiuk, Avery|11|2007|WEST|Ontario|2019-02-03|2019 Western Region SC Champs|2:45.16|401
48|Luu, Kaitlyn|11|2007|NWN|Ontario|2018-12-02|Northwest Narwhal's Massaro Construction LTD Invitational|2:45.33|400
49|Weng, Renee|11|2007|PSW|British Columbia|2019-01-18|Canadian Dolphin New Years Invitational 2019|2:45.40|399
50|Dreghici, Jessica|11|2007|CW|Ontario|2018-12-08|Youth Cup|2:45.47|399