RANK|AGES|CLUB|TEAM|PROVINCE|DATE|MEET|TIME|FINA
1|11 - 11|Club aquatique CDN-NDG|CDND A|Québec|2019-02-15|Championnat provincial 11-12 ans et Paranatation - Hiver|1:56.79|525
2|11 - 11|Etobicoke Swim Club|ESWIMA|Ontario|2019-02-16|2019 Ontario Winter Festival Championships|1:57.25|519
3|11 - 11|Barrie Trojan Swim Club|BTSC A|Ontario|2019-02-03|2019 Ontario Winter Festival Championships|1:59.27|493
4|11 - 11|Club Aquatique Montreal|CAMO A|Québec|2019-03-31|Inter club U12|2:01.37|468
5|11 - 11|Windsor Aquatic Club|WAC A|Ontario|2019-02-16|2019 Ontario Winter Festival Championships|2:02.77|452
6|11 - 11|Island Swimming Club|ISC A|British Columbia|2018-11-09|ISC 2018 Bennett Cup|2:04.32|435
7|11 - 11|Richmond Hill Aquatic Club|RHAC A|Ontario|2018-10-20|2018 RHAC Fall Classic|2:05.00|428
8|11 - 11|Mallards Swim Team|MST~ A|Ontario|2018-11-24|Alex Baumann Invitational|2:05.02|428
9|11 - 11|West Vancouver Otters|WVOSCB|British Columbia|2018-10-14|SUMMER AGE GROUP CHAMPIONSHIPS|2:05.09|427
10|11 - 11|Calgary Winter Club|CWC A|Alberta|2018-10-27|NCSA Fall Invitational 2018|2:07.36|405
11|11 - 11|Langley Olympians Swim Club|LOSC C|British Columbia|2019-06-23|SUMMER AGE GROUP CHAMPIONSHIPS|2:07.57|403
12|11 - 11|Burlington Aquatic Devilrays|BAD A|Ontario|2019-02-02|2019 Western Region SC Champs|2:08.35|395
13|11 - 11|Club de Natation SAMAK|SAMA B|Québec|2019-02-03|Invitation Peter-Suen 2019|2:09.13|388
14|11 - 11|West Vancouver Otters|WVOSCC|British Columbia|2019-06-23|SUMMER AGE GROUP CHAMPIONSHIPS|2:09.31|387
15|11 - 11|Glencoe Gators Swim Club|GLEN A|Alberta|2018-12-16|Age Group Food Bank Challenge|2:09.67|383
16|11 - 11|Burlington Aquatic Devilrays|BAD B|Ontario|2018-11-24|Alex Baumann Invitational|2:10.10|380
17|11 - 11|University Of Calgary Swim Club|UCSC B|Alberta|2018-12-16|UCSC Holiday Classic|2:10.11|379
18|11 - 11|University Of Calgary Swim Club|UCSC A|Alberta|2018-11-10|NCSA Fall Invitational 2018|2:10.72|374
19|11 - 11|London Aquatic Club|LAC A|Ontario|2019-02-16|2019 Ontario Winter Festival Championships|2:11.24|370
20|11 - 11|Chatham Y Pool Sharks|CYPS A|Ontario|2018-12-09|Border City Invitational|2:11.36|369
20|11 - 11|Aurora Ducks Swimming Club|DUCKSA|Ontario|2019-02-16|2019 Ontario Winter Festival Championships|2:11.36|369
22|11 - 11|Barrie Trojan Swim Club|BTSC C|Ontario|2019-02-03|2019 Huronia SC Regional Championships|2:12.23|362
23|11 - 11|Swim Ottawa|SWOTTB|Ontario|2019-02-03|Swim 2 the beat|2:13.21|354
24|11 - 11|UVic Pacific Coast Swimming|UVPCSD|British Columbia|2019-06-23|SUMMER AGE GROUP CHAMPIONSHIPS|2:13.67|350
25|11 - 11|Edmonton Keyano Swim Club|EKSC B|Alberta|2018-12-02|Candy Cane Classic|2:13.71|350
26|11 - 11|Pacific Sea Wolves|PSW E|British Columbia|2019-02-24|Winter Age Group Championships|2:14.00|347
27|11 - 11|Club Aquatique Montreal|CAMO D|Québec|2019-06-15|Championnat provincial 11-12 ans et Paranatation d'été|2:15.41|337
28|11 - 11|Calgary Patriots Swim Club|CP D|Alberta|2019-05-12|Fast & Furious Invitational|2:15.53|336
29|11 - 11|Richmond Hill Aquatic Club|RHAC B|Ontario|2018-10-20|2018 RHAC Fall Classic|2:16.10|331
30|11 - 11|Barrie Trojan Swim Club|BTSC I|Ontario|2018-11-03|2018 Barrie Aquafest|2:16.13|331
31|11 - 11|Natation Gatineau|NG C|Québec|2018-12-07|Gatineau Grand Prix|2:16.27|330
32|11 - 11|Williams Lake Bluefins|WLBF A|British Columbia|2019-02-10|Quesnel Waveriders Gold Pan Meet|2:16.99|325
33|11 - 11|West Vancouver Otters|WVOSCD|British Columbia|2019-02-24|Winter Age Group Championships|2:17.05|325
34|11 - 11|Kingston Blue Marlins|KBM A|Ontario|2019-02-23|Heats and Finals SC Finale|2:17.17|324
35|11 - 11|Club Aquatique Montreal|CAMO C|Québec|2019-04-13|ARENA Challenge du printemps Développement mixte 2019 CAMO|2:17.20|324
36|11 - 11|Whitby Swimming|WD A|Ontario|2018-10-28|PICK Sprint 2018|2:17.56|321
37|11 - 11|Calgary Patriots Swim Club|CP A|Alberta|2018-10-13|Jack Frost 2018|2:17.61|321
38|11 - 11|Conception Bay South Bluefins|CBSB A|Newfoundland|2018-11-02|Gander Fall Invitational|2:18.15|317
39|11 - 11|Nepean Kanata Barracudas|NKB A|Ontario|2019-02-23|Heats and Finals SC Finale|2:18.63|314
40|11 - 11|Whitby Swimming|WD B|Ontario|2018-10-14|ROC vs WD Dual in the Pool|2:18.87|312
41|11 - 11|Dorval Swim Club|DSC C|Québec|2019-06-15|Championnat provincial 11-12 ans et Paranatation d'été|2:19.48|308
41|11 - 11|Nose Creek Swim Association|NCSA C|Alberta|2019-03-08|Silver Tide Invitational|2:19.48|308
43|11 - 11|University Of Calgary Swim Club|UCSC H|Alberta|2018-10-20|UCSC Fall Start Up|2:19.52|308
44|11 - 11|St. Johns Legends Swim Club|SJL A|Newfoundland|2018-11-02|Last Chance For Champs Provincial Invitational|2:19.59|307
45|11 - 11|Olympian Swim Club|OSC A|Alberta|2018-12-02|Candy Cane Classic|2:20.21|303
46|11 - 11|Newmarket Stingrays Swim Club|NEW C|Ontario|2018-10-21|Newmarket Stingrays Fall Invitational|2:20.35|302
47|11 - 11|Newmarket Stingrays Swim Club|NEW B|Ontario|2019-02-09|Central Region B Champs 2019|2:20.41|302
48|11 - 11|Pointe-Claire Swim Club|PCSC D|Québec|2019-02-15|Championnat provincial 11-12 ans et Paranatation - Hiver|2:20.52|301
49|11 - 11|Vancouver Pacific Swim Club|VPSC B|British Columbia|2019-06-22|SUMMER AGE GROUP CHAMPIONSHIPS|2:20.93|299
50|11 - 11|Toronto Olympian Swim Team|TORCHA|Ontario|2019-04-06|PICK Rainbow Classic 2019|2:21.74|293