RANK|ATHLETES|AGE|YOB|CLUB|PROVINCE|DATE|MEET|TIME|FINA
1|Denes, Julia|11|2007|BTSC|Ontario|2019-03-03|Trojan Pentathlon|30.83|494
2|Vistal, Mandy Joan|11|2007|CDNDG|Québec|2018-11-10|Festival provincial par équipe section 4|31.08|482
3|Mills, Syrah|11|2007|GCAC|Ontario|2018-12-08|Vaughan Aquatic Club 30th Annual Roy Jacobson Inv 2018|31.29|473
4|Mesic, Emilija|11|2007|WAC|Ontario|2019-02-03|2019 Western Region SC Champs|31.52|462
5|Hu, Yueyi|11|2006|RHAC|Ontario|2018-10-20|2018 RHAC Fall Classic|31.54|461
6|Béasse, Gabrielle|11|2007|CAMO|Québec|2018-11-03|Festival provincial par équipe section 1|31.88|447
7|Rodgers, Sienna|11|2007|UCSC|Alberta|2019-06-21|UCSC Team Champs|32.14|436
8|Wheeler, Bronwen|11|2007|SPART|British Columbia|2019-01-12|2019 Hyack Icebreaker Classic|32.23|432
9|Audet, Vanessa|11|2007|CNQ|Québec|2019-04-14|ARENA Challenge du printemps Développement mixte 2019 CAMO|32.30|430
9|Yao, Adora|11|2007|ESWIM|Ontario|2018-11-11|2018 Age Group International SC|32.30|430
11|Bezanson, Maya|11|2007|ESWIM|Ontario|2019-01-12|2019 Etobicoke A-B Meet|32.34|428
12|LACHAPELLE, JULIETTE|11|2007|CAMO|Québec|2019-04-14|ARENA Challenge du printemps Développement mixte 2019 CAMO|32.37|427
13|Sheppard, Kennadie|11|2007|LCSC|British Columbia|2018-12-15|Winter Invitational|32.50|422
14|Duvall, Abigail|11|2007|WAC|Ontario|2018-12-09|Border City Invitational|32.71|414
14|Kurihara, Kanna|11|2007|BVOSC|British Columbia|2019-01-26|Rio Tinto Northern Lights|32.71|414
16|Luu, Kaitlyn|11|2007|NWN|Ontario|2018-11-02|NYAC Cup|32.92|406
17|Monterola, Leigh|11|2007|SKSC|British Columbia|2019-07-27|SKSC Summer Fest|32.97|404
18|Loseth, Angel|11|2006|VKSC|British Columbia|2018-12-15|26th Annual MJB Law Classic SCM|33.01|402
19|Craig, Kiah|11|2006|ISC|British Columbia|2018-12-07|16th Annual XMAS Cracker Invitational|33.15|397
20|Eguia, Alecksis France|11|2007|EKSC|Alberta|2018-12-01|Candy Cane Classic|33.24|394
21|Chiu, Briana|11|2007|VPSC|British Columbia|2019-01-19|Canadian Dolphin New Years Invitational 2019|33.25|394
22|Korczewski, Isabella|11|2006|UCSC|Alberta|2018-10-28|Cascade Speed Meet|33.26|393
23|Petersen, Karah|11|2007|UCSC|Alberta|2019-03-02|Provincials - Short Course|33.34|391
24|Arquero, Aryana|11|2007|SEALS|Manitoba|2018-12-16|ManSask Championships Short Course Open Championships|33.44|387
25|Lu, Esther|11|2007|LAC|Ontario|2019-02-03|2019 Western Region SC Champs|33.45|387
26|McDermott, Madison|11|2007|BTSC|Ontario|2019-03-03|Trojan Pentathlon|33.49|385
27|Firth, Kailyn|11|2007|HANEY|British Columbia|2019-07-27|SKSC Summer Fest|33.52|384
28|Wongsoputro, Natalie|11|2007|SKSC|British Columbia|2019-07-27|SKSC Summer Fest|33.56|383
29|Lawrence, Elizabeth|11|2007|FS|Saskatchewan|2018-12-16|ManSask Championships Short Course Open Championships|33.59|382
29|Evans, Jocelyn|11|2007|CP|Alberta|2019-01-19|Pugsley's Plunge 2019|33.59|382
31|Chen, Victoria|11|2007|UCSC|Alberta|2019-03-08|UCSC Team Champs|33.61|381
32|Tonix, Valeria|11|2007|ISC|British Columbia|2019-01-26|Vancouver Island Regional SC Championships|33.64|380
33|Leblanc, Ashley|11|2007|PCSC|Québec|2018-11-25|Bluefins- Invitation Provinciale 11 ans et plus|33.74|377
33|Vertue, Chloe|11|2007|PGB|British Columbia|2018-11-18|2018 PGBSC Medical Northern Invitational|33.74|377
33|Allaire, Delphine|11|2006|ETM|Québec|2018-11-03|Festival provincial par équipe section 5 - Sud|33.74|377
36|Hansen, Dana|11|2007|OSHAC|Ontario|2019-01-20|PICK Winter Swim Fest 2019|33.78|375
37|Suh, Clara|11|2007|SKSC|British Columbia|2019-07-27|SKSC Summer Fest|33.81|374
38|Kyer, Alivia|11|2007|CSL|Ontario|2019-02-23|Heats and Finals SC Finale|33.82|374
39|Feeney, Prunella|11|2007|ISC|British Columbia|2019-01-26|Vancouver Island Regional SC Championships|33.83|374
40|Dreghici, Jessica|11|2007|CW|Ontario|2019-02-03|2019 Western Region SC Champs|33.86|373
40|Yang, Yunsu|11|2007|LAC|Ontario|2019-02-03|2019 Western Region SC Champs|33.86|373
42|Jenkins, Ridley|11|2007|CDSC|British Columbia|2018-12-15|Rapids Fast-Swim Classic|33.87|372
43|Vujosevic, Eva|11|2006|ESWIM|Ontario|2018-10-14|2018 Hall of Fame Meet|33.93|370
44|Xia, Vanessa|11|2007|BORC|Ontario|2019-04-27|2019 Ontario Team Challenge|33.96|369
45|Rodriguez, Juliana|11|2007|CAMO|Québec|2019-04-14|ARENA Challenge du printemps Développement mixte 2019 CAMO|33.98|369
45|Kolman, Annabel|11|2007|ROD|Saskatchewan|2018-12-16|ManSask Championships Short Course Open Championships|33.98|369
47|Moran, Jessica|11|2007|ESWIM|Ontario|2018-10-14|2018 Hall of Fame Meet|34.07|366
48|Hall, Violette|11|2008|CSLA|Québec|2019-04-07|Défi Australien - Australian Challenge|34.08|366
49|Andrusak, Riley|11|2007|ISC|British Columbia|2019-01-26|Vancouver Island Regional SC Championships|34.09|365
50|Joseph, Anna|11|2008|CP|Alberta|2019-03-09|Silver Tide Invitational|34.10|365