RANK|ATHLETES|AGE|YOB|CLUB|PROVINCE|DATE|MEET|TIME|FINA
1|Bezanson, Maya|11|2007|ESWIM|Ontario|2019-02-16|2019 Ontario Winter Festival Championships|1:08.56|517
2|Andrusak, Riley|11|2007|ISC|British Columbia|2019-06-21|SUMMER AGE GROUP CHAMPIONSHIPS|1:10.90|467
3|Marcovitz, Kate|11|2007|UVPCS|British Columbia|2019-08-03|Mid-Summer Madness|1:11.47|456
4|Vertue, Chloe|11|2007|PGB|British Columbia|2019-02-22|Winter Age Group Championships|1:11.53|455
5|Craig, Kiah|11|2006|ISC|British Columbia|2018-12-09|16th Annual XMAS Cracker Invitational|1:11.55|454
6|Yazedjian, Elsa|11|2007|CDNDG|Québec|2018-11-11|Festival provincial par équipe section 4|1:11.62|453
7|Shackell, Margaret|11|2007|NYAC|Ontario|2019-02-16|2019 Ontario Winter Festival Championships|1:11.76|450
8|Eguia, Alecksis France|11|2007|EKSC|Alberta|2018-12-16|JP Fiset Invitational|1:11.77|450
9|Yao, Adora|11|2007|ESWIM|Ontario|2019-02-16|2019 Ontario Winter Festival Championships|1:12.23|442
10|Chiu, Briana|11|2007|VPSC|British Columbia|2019-02-22|Winter Age Group Championships|1:12.24|442
11|Wongsoputro, Natalie|11|2007|SKSC|British Columbia|2019-06-21|SUMMER AGE GROUP CHAMPIONSHIPS|1:12.73|433
12|Lipton, Harper|11|2007|NYAC|Ontario|2019-02-16|2019 Ontario Winter Festival Championships|1:12.75|432
13|Lloyd, Delia|11|2006|ESWIM|Ontario|2018-11-11|2018 Age Group International SC|1:12.80|431
14|Wang, Mackenzie|11|2007|HYACK|British Columbia|2019-06-21|SUMMER AGE GROUP CHAMPIONSHIPS|1:13.09|426
15|Li, Effie|11|2007|GATOR|British Columbia|2018-12-14|Rapids Fast-Swim Classic|1:13.12|426
16|Lu, Esther|11|2007|LAC|Ontario|2019-02-16|2019 Ontario Winter Festival Championships|1:13.22|424
17|Clark, Maxine|11|2008|UCSC|Alberta|2019-07-14|UCSC Western Finale|1:13.23|424
18|Pitt, Alexandra|11|2007|TSC|Ontario|2019-02-16|2019 Ontario Winter Festival Championships|1:13.45|420
19|Gauthier, Rébecca|11|2007|NN|Québec|2019-06-16|Championnat provincial 11-12 ans et Paranatation d'été|1:13.53|419
20|Korczewski, Isabella|11|2006|UCSC|Alberta|2018-11-18|KSC SC Invitational 2018|1:13.68|416
21|Sheppard, Kennadie|11|2007|LCSC|British Columbia|2019-02-22|Winter Age Group Championships|1:13.73|415
22|Statkevicius, Sylvia|11|2007|ESWIM|Ontario|2018-12-07|Youth Cup|1:13.82|414
23|Firth, Kailyn|11|2007|HANEY|British Columbia|2019-06-21|SUMMER AGE GROUP CHAMPIONSHIPS|1:13.89|413
24|Rupert, Bridget|11|2006|UVPCS|British Columbia|2018-11-10|ISC 2018 Bennett Cup|1:14.16|408
25|Béasse, Gabrielle|11|2007|CAMO|Québec|2018-12-07|Invitation provinciale AA-AAA Noël + Développement 11-12 ans CAMO|1:14.26|406
26|McDermott, Madison|11|2007|BTSC|Ontario|2019-02-16|2019 Ontario Winter Festival Championships|1:14.34|405
27|Mills, Syrah|11|2007|GCAC|Ontario|2019-02-16|2019 Ontario Winter Festival Championships|1:14.54|402
28|Wheeler, Bronwen|11|2007|SPART|British Columbia|2018-11-04|LOSC 12th Annual Short Course Invitational|1:14.81|398
29|LACHAPELLE, JULIETTE|11|2007|CAMO|Québec|2019-04-13|ARENA Challenge du printemps Développement mixte 2019 CAMO|1:14.90|396
30|Gratton, Romy|11|2007|CAMO|Québec|2018-11-04|Festival provincial par équipe section 1|1:14.98|395
31|Visscher, Sahara|11|2007|OSC|Alberta|2018-12-02|Candy Cane Classic|1:15.02|394
31|Durand, Gemma|11|2007|WVOSC|British Columbia|2019-03-17|DSSC March LMR Meet|1:15.02|394
33|Cong-Bowers, Lynn|11|2006|YORK|Ontario|2018-12-08|Vaughan Aquatic Club 30th Annual Roy Jacobson Inv 2018|1:15.31|390
34|Aubry, Danika|11|2007|SAMAK|Québec|2019-03-24|Invitation Printanière AA et moins tous les âges|1:15.44|388
34|Qi, Kelly|11|2008|WDSC|British Columbia|2019-07-28|SKSC Summer Fest|1:15.44|388
36|Joseph, Anna|11|2008|CP|Alberta|2019-03-10|Silver Tide Invitational|1:15.53|386
37|Zou, Lillian|11|2007|GO|Ontario|2018-11-04|GO Fall Invitational|1:15.57|386
38|Huang, Elina|11|2007|PSW|British Columbia|2019-06-08|Knights June Jamboree 2019|1:15.67|384
39|Mantha, Emi|11|2007|CAEM|Québec|2019-06-16|Championnat provincial 11-12 ans et Paranatation d'été|1:15.69|384
40|Allaire, Delphine|11|2006|ETM|Québec|2018-12-08|Défi Nez-Rouge 2018|1:15.84|382
41|Vistal, Mandy Joan|11|2007|CDNDG|Québec|2019-02-17|Championnat provincial 11-12 ans et Paranatation - Hiver|1:15.92|380
42|Tonix, Valeria|11|2007|ISC|British Columbia|2019-02-10|Speed League 2|1:15.93|380
43|Evans, Emma|11|2006|SPART|British Columbia|2018-10-12|KISU Triple Pentathlon 2018|1:15.94|380
44|MITCHELL, AVERY|11|2007|KSC|Alberta|2018-12-16|Age Group Food Bank Challenge|1:15.96|380
45|THÉRIAULT-DUBÉ, ALICE|11|2007|CAMO|Québec|2019-03-31|Inter club U12|1:16.02|379
46|Wang, Wendy|11|2007|WSC|British Columbia|2018-11-11|2018 Brad Reid Memorial Invitational|1:16.10|378
47|Wang, Angela Jiachen|11|2007|MST~|Ontario|2018-11-24|Alex Baumann Invitational|1:16.16|377
47|Lawrence, Elizabeth|11|2007|FS|Saskatchewan|2018-11-25|Goldfins Invitational|1:16.16|377
49|Kurihara, Kanna|11|2007|BVOSC|British Columbia|2019-02-22|Winter Age Group Championships|1:16.22|376
49|Reci, Tyra|11|2007|ESWIM|Ontario|2019-02-16|2019 Ontario Winter Festival Championships|1:16.22|376