RANK|ATHLETES|AGE|YOB|CLUB|PROVINCE|DATE|MEET|TIME|FINA
1|Pitt, Alexandra|11|2007|TSC|Ontario|2019-03-01|Steve Kingston Memorial Swim Meet|19:15.11|504
2|Yazedjian, Elsa|11|2007|CDNDG|Québec|2019-03-02|Intra-Club 3|19:27.44|488
3|Eguia, Alecksis France|11|2007|EKSC|Alberta|2019-01-18|Blue Bears 2019|19:52.13|459
4|Statkevicius, Sylvia|11|2007|ESWIM|Ontario|2019-01-11|2019 Etobicoke A-B Meet|19:52.37|458
5|Thompson, Hannah|11|2007|CYPS|Ontario|2018-12-07|Border City Invitational|20:02.93|446
6|Wheeler, Bronwen|11|2007|SPART|British Columbia|2018-12-02|DSSC Distance LMR|20:05.33|444
7|Harlos, Ava|11|2007|ROD|Saskatchewan|2018-12-13|ManSask Championships Short Course Open Championships|20:11.62|437
8|Matteis, Kaidance|11|2006|CYPS|Ontario|2018-12-07|Border City Invitational|20:24.67|423
9|Vertue, Chloe|11|2007|PGB|British Columbia|2018-10-27|PGBSC - TT 400 Free/1500 Free|20:40.17|407
10|Smart, Heather|11|2006|SJL|Newfoundland|2018-11-22|2018 Mount Pearl Marlins 3rd Annual Sink or Swim Invitiational|20:44.46|403
11|Levesque, Olivia|11|2007|NES|New Brunswick|2018-11-18|BLAST INVITATIONAL|20:59.95|388
12|Sheppard, Kennadie|11|2007|LCSC|British Columbia|2018-11-25|CRKW Winter Classic|21:05.22|384
13|Mullins, Keira|11|2006|GSH|Ontario|2018-11-17|OYO Vorgee Iced Cap|21:05.41|383
14|Larson, Macey|11|2007|LOSC|British Columbia|2019-01-18|Canadian Dolphin New Years Invitational 2019|21:21.27|369
15|Wood, Maria|11|2007|PGB|British Columbia|2018-10-27|PGBSC - TT 400 Free/1500 Free|21:29.90|362
16|Despres, Celine|11|2007|CNBO|New Brunswick|2019-05-08|CNBO In-house – Compétition maison CNBO|21:34.31|358
17|Huang, Elina|11|2007|PSW|British Columbia|2018-12-02|DSSC Distance LMR|21:35.94|357
18|Pauletto, Alexa|11|2007|COMOX|British Columbia|2019-01-19|2019 Eliminator|21:37.47|356
19|Hallett, Lucy|11|2007|UVPCS|British Columbia|2018-12-07|16th Annual XMAS Cracker Invitational|21:39.16|354
20|Toews, Bevin|11|2007|OAK|Ontario|2019-02-15|OAK Time Trial|21:42.13|352
21|Albert, Micah|11|2007|OAK|Ontario|2019-02-15|OAK Time Trial|21:42.75|351
22|Dotzlaf, Dakota|11|2007|PPAC|Alberta|2019-01-18|Blue Bears 2019|21:49.85|346
23|Blumel, Ruby|11|2007|CDSC|British Columbia|2019-04-13|2019 Spartan 11 and Under and LMR Distance|21:58.58|339
24|Hunter, Vanessa|11|2007|BTSC|Ontario|2019-03-03|Trojan Pentathlon|21:59.16|338
25|Dickson, Tehya|11|2007|OSC|Alberta|2018-12-07|16th Annual XMAS Cracker Invitational|22:00.15|338
26|Douville, Ava|11|2006|FS|Saskatchewan|2018-11-25|Goldfins Invitational|22:03.68|335
27|Hier, Jessica|11|2008|UVPCS|British Columbia|2019-08-03|Mid-Summer Madness|22:06.17|333
28|Kissuk, Sophie|11|2007|OAK|Ontario|2018-12-07|Border City Invitational|22:12.06|329
29|Leung, Madeleine|11|2007|RAPID|British Columbia|2018-11-04|Rapids Distance meet|22:13.18|328
30|Stiwich, Ryca|11|2007|DST|British Columbia|2019-01-25|Vancouver Island Regional SC Championships|22:17.04|325
31|Visscher, Sahara|11|2007|OSC|Alberta|2019-01-18|Blue Bears 2019|22:18.53|324
32|Bunnaman, Carly|11|2007|BTSC|Ontario|2019-03-03|Trojan Pentathlon|22:26.61|318
33|Hoivik, Kristin|11|2007|VKSC|British Columbia|2019-06-15|Nolan's Pharmasave Invitational|22:31.40|315
34|Keating, Katlyn|11|2006|CYPS|Ontario|2018-12-07|Border City Invitational|22:32.21|314
35|Rose, Anderson|11|2007|BTSC|Ontario|2019-03-03|Trojan Pentathlon|22:36.68|311
36|LeRoy, Jordan|11|2007|TIDE|New Brunswick|2019-01-19|Distance Qualifier 2019|22:42.21|307
37|Combrink, Malone|11|2007|NEW|Ontario|2019-03-01|Steve Kingston Memorial Swim Meet|22:46.34|304
38|McDermott, Mikayla|11|2007|BTSC|Ontario|2019-03-03|Trojan Pentathlon|22:49.50|302
39|Xu, Qianou|11|2007|FAST|New Brunswick|2019-01-19|Distance Qualifier 2019|22:51.03|301
40|Fugère, Clara|11|2006|ETM|Québec|2018-11-30|Invitation provinciale 2018|22:55.29|299
41|Deane, Sophia|11|2007|DCSC|Nova Scotia|2018-12-16|Age Group Development Meet|22:56.58|298
42|Archer, Gillian|11|2007|OSC|Alberta|2019-01-18|Blue Bears 2019|22:57.76|297
43|Hawes, Imogen|11|2007|UVPCS|British Columbia|2019-01-25|Vancouver Island Regional SC Championships|23:02.20|294
44|Ellacott, Chelsea|11|2007|KBM|Ontario|2018-12-02|Distance and Development Challenge|23:25.72|280
45|French, Cordelia|11|2007|OAK|Ontario|2019-02-15|OAK Time Trial|23:34.14|275
46|Hegi, Chloe|11|2007|ROD|Saskatchewan|2018-12-13|ManSask Championships Short Course Open Championships|23:42.57|270
47|Evans, Alexandra|11|2007|NEW|Ontario|2019-01-11|2019 Etobicoke A-B Meet|23:51.14|265
48|Brunette, Brooke|11|2007|NEW|Ontario|2019-03-01|Steve Kingston Memorial Swim Meet|24:12.11|254
49|Leclerc, Eloïse|11|2007|CNBF|Québec|2019-01-19|Invitation Provinciale CNBF 11 ans et plus|24:15.68|252
50|Markwart, Sarah|11|2007|CASC|Alberta|2018-12-09|Distance & IM Challenge|24:15.93|252