RANK|AGES|CLUB|TEAM|PROVINCE|DATE|MEET|TIME|FINA
1|11 - 11|Etobicoke Swim Club|ESWIMA|Ontario|2019-02-17|2019 Ontario Winter Festival Championships|4:20.32|499
2|11 - 11|Club aquatique CDN-NDG|CDND A|Québec|2018-11-09|Festival provincial par équipe section 4|4:26.75|464
3|11 - 11|Mallards Swim Team|MST~ A|Ontario|2019-02-17|2019 Ontario Winter Festival Championships|4:34.98|423
4|11 - 11|Windsor Aquatic Club|WAC A|Ontario|2019-02-17|2019 Ontario Winter Festival Championships|4:35.47|421
5|11 - 11|Barrie Trojan Swim Club|BTSC A|Ontario|2019-02-17|2019 Ontario Winter Festival Championships|4:43.66|385
6|11 - 11|C.N. Régional de Beauce|CNRB A|Québec|2018-11-02|Festival provincial par équipe section 5 - Sud|5:50.71|204
7|11 - 11|Sussex Swordfish|SWRD A|New Brunswick|2018-10-20|Invitational #1|6:25.01|154