RANK|ATHLETES|AGE|YOB|CLUB|PROVINCE|DATE|MEET|TIME|FINA
1|Wheeler, Bronwen|11|2007|SPART|British Columbia|2019-01-12|2019 Hyack Icebreaker Classic|2:31.89|488
2|Shackell, Margaret|11|2007|NYAC|Ontario|2019-02-17|2019 Ontario Winter Festival Championships|2:33.76|470
3|Chiu, Briana|11|2007|VPSC|British Columbia|2019-02-24|Winter Age Group Championships|2:34.45|464
4|Wang, Angela Jiachen|11|2007|MST~|Ontario|2019-02-17|2019 Ontario Winter Festival Championships|2:34.82|461
5|Mills, Syrah|11|2007|GCAC|Ontario|2019-02-17|2019 Ontario Winter Festival Championships|2:35.15|458
6|Yazedjian, Elsa|11|2007|CDNDG|Québec|2019-02-15|Championnat provincial 11-12 ans et Paranatation - Hiver|2:37.44|438
7|Bezanson, Maya|11|2007|ESWIM|Ontario|2019-01-12|2019 Etobicoke A-B Meet|2:40.61|413
8|Jenkins, Ridley|11|2007|CDSC|British Columbia|2019-06-23|SUMMER AGE GROUP CHAMPIONSHIPS|2:41.03|409
9|Vistal, Mandy Joan|11|2007|CDNDG|Québec|2018-11-09|Festival provincial par équipe section 4|2:42.25|400
10|Matteis, Kaidance|11|2006|CYPS|Ontario|2018-10-28|Joe Kerkhoven Memorial Walker Invitational|2:44.55|384
11|Monterola, Leigh|11|2007|SKSC|British Columbia|2019-07-27|SKSC Summer Fest|2:45.14|379
12|O'Regan, Ridley|11|2007|ESWIM|Ontario|2019-02-17|2019 Ontario Winter Festival Championships|2:45.56|377
13|Luu, Kaitlyn|11|2007|NWN|Ontario|2018-11-03|NYAC Cup|2:46.24|372
14|Parker, Ainsley|11|2007|NYAC|Ontario|2019-02-17|2019 Ontario Winter Festival Championships|2:46.32|371
15|Yang, Yunsu|11|2007|LAC|Ontario|2019-02-17|2019 Ontario Winter Festival Championships|2:46.59|370
15|Saunders, Calli|11|2008|SPART|British Columbia|2019-06-23|SUMMER AGE GROUP CHAMPIONSHIPS|2:46.59|370
17|Kurihara, Kanna|11|2007|BVOSC|British Columbia|2019-02-24|Winter Age Group Championships|2:46.79|368
18|Denes, Julia|11|2007|BTSC|Ontario|2019-02-01|2019 Huronia SC Regional Championships|2:47.16|366
19|Ronque, Rachel Anne|11|2007|GATOR|British Columbia|2018-12-14|Rapids Fast-Swim Classic|2:48.55|357
20|Cruz, Kimberly|11|2007|MST~|Ontario|2019-02-17|2019 Ontario Winter Festival Championships|2:48.86|355
21|Suen, Makayden|11|2007|LOSC|British Columbia|2018-12-08|16th Annual XMAS Cracker Invitational|2:49.15|353
22|Kolman, Annabel|11|2007|ROD|Saskatchewan|2018-12-15|ManSask Championships Short Course Open Championships|2:49.26|352
23|Leung, Madeleine|11|2007|RAPID|British Columbia|2019-02-24|Winter Age Group Championships|2:50.39|345
23|Vertue, Chloe|11|2007|PGB|British Columbia|2018-11-16|2018 PGBSC Medical Northern Invitational|2:50.39|345
25|Hawes, Imogen|11|2007|UVPCS|British Columbia|2019-02-24|Winter Age Group Championships|2:50.88|342
26|Rodgers, Sienna|11|2007|UCSC|Alberta|2019-02-01|UCSC Grand Prix|2:51.24|340
27|Suen, Kodyn|11|2007|LOSC|British Columbia|2018-11-03|LOSC 12th Annual Short Course Invitational|2:51.69|338
28|Vicente, Savannah|11|2007|TSC|Ontario|2019-03-03|Steve Kingston Memorial Swim Meet|2:52.19|335
29|Sun, Cici|11|2008|WVOSC|British Columbia|2019-07-27|SKSC Summer Fest|2:52.75|331
30|McDermott, Madison|11|2007|BTSC|Ontario|2019-03-02|Trojan Pentathlon|2:52.76|331
31|Luberti, Andrea|11|2007|GMAC|Ontario|2019-02-17|2019 Ontario Winter Festival Championships|2:53.37|328
32|Le, Shannon|11|2007|WSC|British Columbia|2019-02-24|Winter Age Group Championships|2:53.67|326
33|Frickleton, Aneshka|11|2007|HAC|Ontario|2019-02-17|2019 Ontario Winter Festival Championships|2:54.22|323
34|Harlos, Ava|11|2007|ROD|Saskatchewan|2018-12-15|ManSask Championships Short Course Open Championships|2:54.27|323
35|Kyer, Alivia|11|2007|CSL|Ontario|2019-02-24|Heats and Finals SC Finale|2:54.38|322
36|Fudge, Rylee|11|2006|OTTER|Ontario|2018-11-10|42nd Cindy Nicholas Invitational|2:54.82|320
37|Eguia, Alecksis France|11|2007|EKSC|Alberta|2019-01-19|Blue Bears 2019|2:54.97|319
38|Smart, Heather|11|2006|SJL|Newfoundland|2018-11-23|2018 Mount Pearl Marlins 3rd Annual Sink or Swim Invitiational|2:55.20|318
39|Angove, Sienna|11|2006|KCS|British Columbia|2018-12-14|26th Annual MJB Law Classic SCM|2:55.24|317
40|Charapova, Katya|11|2007|GO|Ontario|2019-02-17|2019 Ontario Winter Festival Championships|2:55.31|317
41|Moustgaard, Maizie|11|2007|NKB|Ontario|2019-02-17|2019 Ontario Winter Festival Championships|2:55.53|316
42|Nguyen, Eliina|11|2007|GMAC|Ontario|2019-02-17|2019 Ontario Winter Festival Championships|2:55.63|315
43|Burton, Isabelle|11|2008|LAC|Ontario|2019-02-17|2019 Ontario Winter Festival Championships|2:55.72|315
43|Kissuk, Sophie|11|2007|OAK|Ontario|2019-02-17|2019 Ontario Winter Festival Championships|2:55.72|315
45|Young, Ava|11|2007|ELAC|Ontario|2019-02-03|Dave Kensit Memorial SC Championship|2:55.88|314
46|Weatherhead, Taryn|11|2008|SOSC|British Columbia|2019-06-23|SUMMER AGE GROUP CHAMPIONSHIPS|2:56.14|313
47|Bousquet-Mayrand, Mathilde|11|2007|CAMO|Québec|2019-01-27|Invitation Provinciale Pré-Championnat 2019 Finales directes 11-17ans|2:56.35|312
48|Loseth, Angel|11|2006|VKSC|British Columbia|2018-12-14|26th Annual MJB Law Classic SCM|2:57.57|305
49|McKinstry, Katie|11|2006|TSC|Ontario|2018-12-09|Youth Cup|2:58.07|303
50|Gomez, Gala|11|2007|RHAC|Ontario|2019-02-17|2019 Ontario Winter Festival Championships|2:58.15|302