RANK|ATHLETES|AGE|YOB|CLUB|PROVINCE|DATE|MEET|TIME|FINA
1|Vistal, Mandy Joan|11|2007|CDNDG|Québec|2019-02-16|Championnat provincial 11-12 ans et Paranatation - Hiver|1:07.70|524
2|Mills, Syrah|11|2007|GCAC|Ontario|2019-02-16|2019 Ontario Winter Festival Championships|1:08.26|512
3|Clark, Maxine|11|2008|UCSC|Alberta|2019-07-13|UCSC Western Finale|1:08.59|504
4|Bezanson, Maya|11|2007|ESWIM|Ontario|2019-02-16|2019 Ontario Winter Festival Championships|1:08.65|503
5|Shackell, Margaret|11|2007|NYAC|Ontario|2019-02-16|2019 Ontario Winter Festival Championships|1:08.99|495
6|Denes, Julia|11|2007|BTSC|Ontario|2019-04-26|2019 Ontario Team Challenge|1:09.43|486
7|Hu, Yueyi|11|2006|RHAC|Ontario|2018-10-21|2018 RHAC Fall Classic|1:10.09|472
8|Chiu, Briana|11|2007|VPSC|British Columbia|2019-06-21|SUMMER AGE GROUP CHAMPIONSHIPS|1:10.12|472
9|Wheeler, Bronwen|11|2007|SPART|British Columbia|2018-12-08|2018 Spartan Santa LMR|1:10.85|457
10|Matteis, Kaidance|11|2006|CYPS|Ontario|2018-10-27|Joe Kerkhoven Memorial Walker Invitational|1:10.91|456
11|Wang, Angela Jiachen|11|2007|MST~|Ontario|2019-02-16|2019 Ontario Winter Festival Championships|1:12.52|427
12|Mesic, Emilija|11|2007|WAC|Ontario|2018-12-08|Border City Invitational|1:12.88|420
13|Yao, Adora|11|2007|ESWIM|Ontario|2018-10-13|2018 Hall of Fame Meet|1:12.96|419
14|Jenkins, Ridley|11|2007|CDSC|British Columbia|2019-06-21|SUMMER AGE GROUP CHAMPIONSHIPS|1:13.04|417
15|Choi, Yeonwoo|11|2007|HYACK|British Columbia|2019-06-21|SUMMER AGE GROUP CHAMPIONSHIPS|1:13.37|412
16|Monterola, Leigh|11|2007|SKSC|British Columbia|2019-07-28|SKSC Summer Fest|1:13.51|409
17|Carlson, Jessie|11|2007|GPP|Alberta|2019-06-23|Summer Sizzler|1:13.59|408
18|Cruz, Kimberly|11|2007|MST~|Ontario|2019-02-16|2019 Ontario Winter Festival Championships|1:13.63|407
19|Qi, Kelly|11|2008|WDSC|British Columbia|2019-07-28|SKSC Summer Fest|1:13.89|403
20|Korczewski, Isabella|11|2006|UCSC|Alberta|2018-10-26|Cascade Speed Meet|1:14.09|400
21|Eguia, Alecksis France|11|2007|EKSC|Alberta|2019-01-20|Blue Bears 2019|1:14.20|398
22|Huang, Elina|11|2007|PSW|British Columbia|2019-06-21|SUMMER AGE GROUP CHAMPIONSHIPS|1:14.53|393
23|Yazedjian, Elsa|11|2007|CDNDG|Québec|2018-12-07|Invitation provinciale AA-AAA Noël + Développement 11-12 ans CAMO|1:14.59|392
24|Le, Shannon|11|2007|WSC|British Columbia|2019-02-22|Winter Age Group Championships|1:14.90|387
25|Béasse, Gabrielle|11|2007|CAMO|Québec|2018-11-04|Festival provincial par équipe section 1|1:15.07|384
26|Weatherhead, Taryn|11|2008|SOSC|British Columbia|2019-06-21|SUMMER AGE GROUP CHAMPIONSHIPS|1:15.09|384
27|Kurihara, Kanna|11|2007|BVOSC|British Columbia|2019-02-22|Winter Age Group Championships|1:15.13|384
28|Luu, Kaitlyn|11|2007|NWN|Ontario|2018-11-04|NYAC Cup|1:15.34|380
29|Ronque, Rachel Anne|11|2007|GATOR|British Columbia|2018-11-18|SFU-Gator LMR Swim Meet|1:15.35|380
30|Kyer, Alivia|11|2007|CSL|Ontario|2019-02-16|2019 Ontario Winter Festival Championships|1:15.59|377
31|Angove, Sienna|11|2006|KCS|British Columbia|2018-11-03|VKSC Fall Invitational 2018|1:15.67|375
32|Saunders, Calli|11|2008|SPART|British Columbia|2019-06-21|SUMMER AGE GROUP CHAMPIONSHIPS|1:15.76|374
33|Moran, Jessica|11|2007|ESWIM|Ontario|2019-01-13|2019 Etobicoke A-B Meet|1:15.82|373
34|Bowen, Clare|11|2006|OTTER|Ontario|2018-11-11|42nd Cindy Nicholas Invitational|1:15.97|371
35|Leung, Madeleine|11|2007|RAPID|British Columbia|2019-02-22|Winter Age Group Championships|1:16.02|370
35|Kolman, Annabel|11|2007|ROD|Saskatchewan|2018-12-14|ManSask Championships Short Course Open Championships|1:16.02|370
37|Vicente, Savannah|11|2007|TSC|Ontario|2019-02-16|2019 Ontario Winter Festival Championships|1:16.07|369
38|Suen, Makayden|11|2007|LOSC|British Columbia|2018-12-09|16th Annual XMAS Cracker Invitational|1:16.15|368
39|O'Regan, Ridley|11|2007|ESWIM|Ontario|2019-02-16|2019 Ontario Winter Festival Championships|1:16.23|367
40|Meads, Zoelina|11|2007|COBRA|Ontario|2019-03-03|COBRA Power|1:16.34|366
41|Loseth, Angel|11|2006|VKSC|British Columbia|2018-11-03|VKSC Fall Invitational 2018|1:16.43|364
42|Lu, Esther|11|2007|LAC|Ontario|2019-02-16|2019 Ontario Winter Festival Championships|1:16.60|362
43|Rivet, Julia|11|2006|NBYT|Ontario|2018-12-02|NEOR Developmental Meet #2|1:16.67|361
44|Evans, Jocelyn|11|2007|CP|Alberta|2019-02-02|Maverick Madness 2019|1:16.69|361
45|Yang, Yunsu|11|2007|LAC|Ontario|2019-02-16|2019 Ontario Winter Festival Championships|1:16.73|360
46|Zha, Alice|11|2007|CDNDG|Québec|2019-04-14|ARENA Challenge du printemps Développement mixte 2019 CAMO|1:16.79|359
47|Suen, Kodyn|11|2007|LOSC|British Columbia|2018-12-09|16th Annual XMAS Cracker Invitational|1:16.99|356
48|Sheppard, Kennadie|11|2007|LCSC|British Columbia|2019-03-02|Spring Invitational|1:17.01|356
49|Burton, Isabelle|11|2008|LAC|Ontario|2019-01-19|LAC - 12 and Under Celebration|1:17.09|355
50|Tonix, Valeria|11|2007|ISC|British Columbia|2019-02-22|Winter Age Group Championships|1:17.11|355