RANK|ATHLETES|AGE|YOB|CLUB|PROVINCE|DATE|MEET|TIME|FINA
1|Pratt, Cole|16|2002|CASC|Alberta|2018-12-16|Ontario Junior International|1:54.27|789
2|Bernard, Graysen|16|2002|TSC|Ontario|2018-12-16|Ontario Junior International|2:02.39|642
3|Tierney, Blake|16|2002|GOLD|Saskatchewan|2018-12-15|ManSask Championships Short Course Open Championships|2:02.70|638
4|Rambo, Jacob|16|2002|UVPCS|British Columbia|2018-12-08|16th Annual XMAS Cracker Invitational|2:02.75|637
5|Oswald, Brendan|16|2002|WAC|Ontario|2018-12-16|Ontario Junior International|2:03.07|632
6|Quirie, David|16|2002|NKB|Ontario|2018-12-16|Ontario Junior International|2:03.67|623
7|Li, Stanford|16|2002|PCSC|Québec|2018-11-03|Festival provincial par équipe section 1|2:03.77|621
8|Côté, Jonathan|16|2002|UL|Québec|2018-12-16|Ontario Junior International|2:04.15|615
9|De Pol, Tayden|16|2002|NRST|British Columbia|2019-01-27|Vancouver Island Regional SC Championships|2:04.30|613
10|Gallant, Jacob|16|2002|FAST|New Brunswick|2019-02-03|NB Open Cup - Coupe NB|2:04.80|606
11|Smyth, Conor|16|2001|AAC|Ontario|2018-11-02|NYAC Cup|2:04.91|604
12|Fletcher, Isaac|16|2002|LASC|Alberta|2018-12-15|JP Fiset Invitational|2:05.42|597
13|Cyr, Mathieu|16|2002|CASC|Alberta|2018-12-16|Ontario Junior International|2:05.83|591
14|Fox, Christopher|16|2002|OAK|Ontario|2018-12-09|Youth Cup|2:06.09|587
15|Bird, Liam|16|2002|ESWIM|Ontario|2019-01-13|2019 Etobicoke A-B Meet|2:06.11|587
16|Chapman, Thomas|16|2002|UVPCS|British Columbia|2019-08-04|Mid-Summer Madness|2:06.17|586
17|Lau, Alvin|16|2001|MST~|Ontario|2018-12-09|Youth Cup|2:06.40|583
18|Al-Shareef, Ali|16|2002|UCSC|Alberta|2018-12-09|Youth Cup|2:06.44|583
19|Bourbonniere, Nicholas|16|2002|WS|Ontario|2018-12-16|Ontario Junior International|2:06.59|580
20|Near, Caleb|16|2002|CATS|Ontario|2019-02-02|2019 Huronia SC Regional Championships|2:06.81|577
21|Zhang, Eric|16|2001|RHAC|Ontario|2018-11-10|2018 Age Group International SC|2:06.89|576
22|Field, Sean|16|2002|PCSC|Québec|2018-12-16|Ontario Junior International|2:07.23|572
23|Ortiz, Pablo|16|2002|COBRA|Ontario|2018-12-01|Neptune International (CSPO 25m)|2:07.30|571
24|Pfeifer, Scott|16|2001|SKSC|British Columbia|2018-12-08|16th Annual XMAS Cracker Invitational|2:07.41|569
25|Carlyle-Locke, Cameron|16|2001|UCRO|Ontario|2018-12-08|Gatineau Grand Prix|2:07.61|567
26|McGillivray, Michael|16|2002|ROD|Saskatchewan|2018-12-15|ManSask Championships Short Course Open Championships|2:07.62|567
27|Liendo, Joshua|16|2002|NYAC|Ontario|2018-11-02|NYAC Cup|2:08.19|559
28|Robins, Philippe|16|2002|PCSC|Québec|2018-12-08|Invitation Provinciale AA-AAA Pointe-Claire 2018|2:08.56|554
29|Kennedy, Nicholas|16|2002|UCSC|Alberta|2018-12-09|Youth Cup|2:09.80|538
30|Ford, Daniel|16|2002|KSC|Alberta|2018-12-15|JP Fiset Invitational|2:09.98|536
31|Peters, Evan|16|2002|KISU|British Columbia|2018-12-15|26th Annual MJB Law Classic SCM|2:10.10|535
32|Florea, Christian|16|2002|MSSAC|Ontario|2018-12-01|Neptune International (CSPO 25m)|2:10.45|530
33|Tortosa, Sascha|16|2002|NYAC|Ontario|2018-12-09|Youth Cup|2:10.53|529
34|Wang, Justin|16|2002|RHAC|Ontario|2018-12-16|Ontario Junior International|2:10.55|529
35|Verjee, Chase|16|2002|UCSC|Alberta|2018-12-09|Youth Cup|2:10.60|529
36|Aguiar-Winter, Evan|16|2003|OTTER|Ontario|2019-02-02|2019 Huronia SC Regional Championships|2:10.71|527
37|Roberge, Charles|16|2002|LMRL|Québec|2018-12-09|Défi Nez-Rouge 2018|2:10.93|525
38|Irsik, Norbert|16|2002|NYAC|Ontario|2018-11-02|NYAC Cup|2:11.24|521
39|Caux, William|16|2001|CASE|Québec|2018-11-10|Festival provincial par équipe section 2|2:11.28|520
40|Hutchinson, Dawson|16|2002|UCRO|Ontario|2018-12-08|Gatineau Grand Prix|2:12.29|509
41|MacLean, Ewan|16|2002|LAKER|Newfoundland|2018-12-08|Invitation Provinciale AA-AAA Pointe-Claire 2018|2:12.31|508
42|Yu, Larry|16|2002|ISC|British Columbia|2018-11-09|ISC 2018 Bennett Cup|2:12.39|507
43|Kaul, Ayush|16|2002|LOSC|British Columbia|2018-12-08|16th Annual XMAS Cracker Invitational|2:12.47|507
44|Slinn, Calvin|16|2003|WDSC|British Columbia|2019-07-27|SKSC Summer Fest|2:12.70|504
45|Kralj, Adam|16|2002|MSSAC|Ontario|2018-11-02|NYAC Cup|2:12.96|501
46|Placek, Ethan|16|2001|WS|Ontario|2018-11-02|NYAC Cup|2:13.03|500
47|Quigley, James|16|2002|LAC|Ontario|2018-11-25|LAC - Nothers Fall Invitational|2:13.07|500
48|Chandler-Baas, Frederick|16|2002|ROCS|Ontario|2018-12-08|Invitation Provinciale AA-AAA Pointe-Claire 2018|2:13.24|498
49|Tran, David|16|2002|CYPS|Ontario|2018-11-10|2018 Age Group International SC|2:13.42|496
50|Wheatcroft, Thomas|16|2002|TSC|Ontario|2018-11-02|NYAC Cup|2:13.45|495