RANK|ATHLETES|AGE|YOB|CLUB|PROVINCE|DATE|MEET|TIME|FINA
1|Milanovich, Alexander|16|2002|ESWIM|Ontario|2018-12-14|Ontario Junior International|1:00.07|793
2|Mastromatteo, Gabe|16|2002|KSS|Ontario|2018-12-14|Ontario Junior International|1:01.03|756
3|Kim, Joshua|16|2002|LOSC|British Columbia|2018-12-08|16th Annual XMAS Cracker Invitational|1:03.29|678
4|Hess, Apollo|16|2002|LASC|Alberta|2018-12-14|JP Fiset Invitational|1:03.43|673
5|Bernard, Graysen|16|2002|TSC|Ontario|2018-12-14|Ontario Junior International|1:03.47|672
6|Pfeifer, Scott|16|2001|SKSC|British Columbia|2018-11-04|Odlum Brown Colleges Cup Pacific Hosted by UBC|1:03.52|671
7|Wheeler, Myles|16|2002|SPART|British Columbia|2018-12-14|Ontario Junior International|1:04.09|653
8|Pei, Samuel|16|2002|RAPID|British Columbia|2019-07-27|SKSC Summer Fest|1:04.80|632
9|Louie, Eric|16|2002|CONNU|British Columbia|2018-12-14|JP Fiset Invitational|1:05.02|625
10|liu, bangjie|16|2002|RHSD|Ontario|2018-12-14|Ontario Junior International|1:05.35|616
11|Schmidt, Michael|16|2002|UVPCS|British Columbia|2018-11-10|ISC 2018 Bennett Cup|1:05.44|613
12|Ballarin, Henrique|16|2002|UVPCS|British Columbia|2018-12-08|16th Annual XMAS Cracker Invitational|1:05.46|613
13|Milne, Colton|16|2002|NKB|Ontario|2018-12-14|Ontario Junior International|1:05.87|601
14|Lau, Alvin|16|2001|MST~|Ontario|2018-11-23|Alex Baumann Invitational|1:06.08|596
15|Carlyle-Locke, Cameron|16|2001|UCRO|Ontario|2018-12-09|Gatineau Grand Prix|1:06.09|595
16|Pratt, Cole|16|2002|CASC|Alberta|2018-11-17|KSC SC Invitational 2018|1:06.20|592
17|Okugawa, Asahi|16|2002|SCAR|Ontario|2019-04-27|2019 Ontario Team Challenge|1:06.22|592
18|Durocher, Elliot|16|2002|BLUE|Québec|2018-11-03|Festival provincial par équipe section 3|1:06.30|590
19|Leclerc, Gabriel|16|2002|YKPB|Northwest Territories|2018-12-14|JP Fiset Invitational|1:06.34|589
19|Malouin, Samuel|16|2002|NN|Québec|2018-12-02|Neptune International (CSPO 25m)|1:06.34|589
21|Wang, Lucas|16|2001|WEST|Ontario|2018-11-10|Swim International 2018|1:06.61|581
22|Lee, Allan|16|2002|BORC|Ontario|2018-12-08|Invitation provinciale AA-AAA Noël + Développement 11-12 ans CAMO|1:06.75|578
23|Rohatynsky, Liam|16|2002|UMAN|Manitoba|2018-10-28|Celebrate Swimming Invitational|1:06.99|572
24|Terejko, Josiah|16|2002|WRMS|Ontario|2018-12-14|Ontario Junior International|1:07.05|570
25|Qu, Allen|16|2002|UCSC|Alberta|2018-12-09|Youth Cup|1:07.17|567
26|Liendo, Joshua|16|2002|NYAC|Ontario|2018-10-19|Downtown Sprint Meet|1:07.27|564
26|LeBuke, James|16|2002|CSSSC|British Columbia|2018-10-12|KISU Triple Pentathlon 2018|1:07.27|564
28|Beggs, Carson|16|2001|SEALS|Manitoba|2018-12-16|ManSask Championships Short Course Open Championships|1:07.38|562
29|Hemeon, Ethan|16|2002|GOLD|Saskatchewan|2018-12-16|ManSask Championships Short Course Open Championships|1:07.39|561
30|Jong, Ethan|16|2002|MAC|Ontario|2018-12-09|Gatineau Grand Prix|1:07.40|561
30|Jin, Yubo|16|2003|WSC|British Columbia|2019-06-22|June Jamboree|1:07.40|561
32|Park, Fergus|16|2002|CW|Ontario|2018-12-09|Invitation Provinciale AA-AAA Pointe-Claire 2018|1:07.51|558
33|Baronow, Andrei|16|2002|MST~|Ontario|2019-06-05|Mallards June In House Competition|1:07.61|556
34|Gallant, Jacob|16|2002|FAST|New Brunswick|2018-11-17|2018 Fall Splash Invitational|1:07.65|555
35|Lavoie-Rancourt, Vincent|16|2002|CNQ|Québec|2018-12-08|Défi Nez-Rouge 2018|1:07.67|554
36|Aubry, Olivier|16|2002|SAMAK|Québec|2018-11-10|Festival provincial par équipe section 2|1:07.71|553
37|Walker, Aidan|16|2001|MAC|Ontario|2018-11-04|NYAC Cup|1:07.82|551
38|Jerodico, Mervin|16|2002|SPART|British Columbia|2018-12-15|Rapids Fast-Swim Classic|1:07.84|550
39|Kilroy, Evan|16|2001|CT33|Ontario|2018-11-03|2018 Barrie Aquafest|1:07.88|549
40|Lapointe, Théo|16|2002|NN|Québec|2018-12-02|Neptune International (CSPO 25m)|1:07.90|549
41|Wagner, Noah|16|2001|ROD|Saskatchewan|2018-10-14|Fall Break Out|1:07.95|548
42|Han, Ryan|16|2002|SPART|British Columbia|2018-11-10|2018 Brad Reid Memorial Invitational|1:07.98|547
42|Huisamen, Alec|16|2002|COMOX|British Columbia|2018-12-08|16th Annual XMAS Cracker Invitational|1:07.98|547
44|Bouma, Adam|16|2002|BBST|Ontario|2018-11-24|BYST Fall Invitational|1:08.30|539
45|Kutun, Bora|16|2002|TSC|Ontario|2018-12-09|Youth Cup|1:08.34|538
45|Landry, Alexandre|16|2003|VEW|Ontario|2019-04-27|2019 Ontario Team Challenge|1:08.34|538
47|Moreno Aleu, Marc|16|2002|BTSC|Ontario|2018-12-01|2018 Barrie Trojan Cup|1:08.40|537
48|Bédard, Alexandre|16|2002|CNQ|Québec|2019-06-30|Championnat provincial groupe d'âge AA d'été - section Est|1:08.47|535
49|Cruz, Oscar|16|2002|CSLA|Québec|2019-05-03|CSLA 1st Annual Splash Bash Intra-Meet|1:08.51|534
50|Desmarais, Lancelot|16|2003|CNSH|Québec|2019-06-30|Championnat provincial groupe d'âge AA d'été - section Est|1:08.53|534