RANK|ATHLETES|AGE|YOB|CLUB|PROVINCE|DATE|MEET|TIME|FINA
1|Gallant, Jacob|16|2002|FAST|New Brunswick|2018-12-15|Ontario Junior International|2:13.38|736
2|Pfeifer, Scott|16|2001|SKSC|British Columbia|2018-12-15|Ontario Junior International|2:16.75|683
3|Wheeler, Myles|16|2002|SPART|British Columbia|2018-12-15|Ontario Junior International|2:17.30|674
4|Kim, Joshua|16|2002|LOSC|British Columbia|2018-12-15|Ontario Junior International|2:17.62|670
5|Luykenaar, Aiden|16|2003|UCSC|Alberta|2019-07-14|UCSC Western Finale|2:18.99|650
6|Milne, Colton|16|2002|NKB|Ontario|2018-12-15|Ontario Junior International|2:19.08|649
7|Hess, Apollo|16|2002|LASC|Alberta|2018-12-16|JP Fiset Invitational|2:19.33|645
8|Pei, Samuel|16|2002|RAPID|British Columbia|2019-07-28|SKSC Summer Fest|2:20.11|635
9|Ballarin, Henrique|16|2002|UVPCS|British Columbia|2019-01-26|Vancouver Island Regional SC Championships|2:20.58|628
10|Bernard, Graysen|16|2002|TSC|Ontario|2018-11-02|NYAC Cup|2:20.85|625
11|Lau, Alvin|16|2001|MST~|Ontario|2018-12-21|2018 Mallards December In-House Competition|2:21.33|618
12|Rohatynsky, Liam|16|2002|UMAN|Manitoba|2018-12-08|Invitation Provinciale AA-AAA Pointe-Claire 2018|2:24.41|580
13|Leclerc, Gabriel|16|2002|YKPB|Northwest Territories|2018-12-16|JP Fiset Invitational|2:24.69|576
14|Bourbonniere, Nicholas|16|2002|WS|Ontario|2018-12-15|Ontario Junior International|2:25.38|568
15|Han, Ryan|16|2002|SPART|British Columbia|2018-11-03|Odlum Brown Colleges Cup Pacific Hosted by UBC|2:25.53|566
16|Qu, Allen|16|2002|UCSC|Alberta|2018-12-08|Youth Cup|2:25.76|564
17|Carlyle-Locke, Cameron|16|2001|UCRO|Ontario|2018-12-07|Gatineau Grand Prix|2:26.19|559
18|Haycock, Jack|16|2002|LAC|Ontario|2018-12-16|Team Showdown 2018|2:26.28|558
19|Okugawa, Asahi|16|2002|SCAR|Ontario|2019-04-28|2019 Ontario Team Challenge|2:26.35|557
20|Beggs, Carson|16|2001|SEALS|Manitoba|2018-12-14|ManSask Championships Short Course Open Championships|2:26.48|555
21|Jong, Ethan|16|2002|MAC|Ontario|2018-12-07|Gatineau Grand Prix|2:26.90|551
22|Cruz, Oscar|16|2002|CSLA|Québec|2018-12-07|Invitation provinciale des fêtes CSLA|2:27.12|548
23|Kutun, Bora|16|2002|TSC|Ontario|2018-12-08|Youth Cup|2:27.19|547
24|Lee, Allan|16|2002|BORC|Ontario|2018-12-10|Invitation provinciale AA-AAA Noël + Développement 11-12 ans CAMO|2:27.20|547
25|Poulos, George|16|2002|BORC|Ontario|2018-12-21|2018 Trillium Cup|2:27.42|545
26|Dancey, Joshua|16|2002|SJL|Newfoundland|2018-12-08|Invitation Provinciale AA-AAA Pointe-Claire 2018|2:27.58|543
27|Jerodico, Mervin|16|2002|SPART|British Columbia|2018-12-16|Rapids Fast-Swim Classic|2:27.67|542
28|Durocher, Elliot|16|2002|BLUE|Québec|2018-11-04|Festival provincial par équipe section 3|2:27.85|540
29|Park, Fergus|16|2002|CW|Ontario|2018-12-08|Invitation Provinciale AA-AAA Pointe-Claire 2018|2:27.91|539
30|Lavoie-Rancourt, Vincent|16|2002|CNQ|Québec|2018-12-09|Défi Nez-Rouge 2018|2:27.92|539
30|Stever, Aidan|16|2002|TSC|Ontario|2018-11-02|NYAC Cup|2:27.92|539
32|Pike, Jonathan|16|2002|NYAC|Ontario|2018-12-08|Youth Cup|2:28.16|537
33|Terejko, Josiah|16|2002|WRMS|Ontario|2018-12-15|Ontario Junior International|2:28.19|536
34|Bédard, Alexandre|16|2002|CNQ|Québec|2019-06-28|Championnat provincial groupe d'âge AA d'été - section Est|2:28.27|535
35|Bouma, Adam|16|2002|BBST|Ontario|2018-11-02|NYAC Cup|2:28.57|532
36|Rusu, Edward-Christian|16|2001|ELITE|Québec|2018-12-16|Invitation Provinciale des fêtes avec épreuves Ho! Ho! Eau Libre|2:28.61|532
37|Malouin, Samuel|16|2002|NN|Québec|2018-11-04|Festival provincial par équipe section 1|2:28.74|530
38|Louie, Eric|16|2002|CONNU|British Columbia|2018-12-16|JP Fiset Invitational|2:28.80|530
39|Hemeon, Ethan|16|2002|GOLD|Saskatchewan|2018-12-14|ManSask Championships Short Course Open Championships|2:28.97|528
40|Kim, John|16|2002|LOSC|British Columbia|2018-12-09|16th Annual XMAS Cracker Invitational|2:29.00|528
41|Cyr, Mathieu|16|2002|CASC|Alberta|2018-10-27|Rocky Mountain Cup|2:29.13|526
42|Lapointe, Théo|16|2002|NN|Québec|2018-11-30|Neptune International (CSPO 25m)|2:29.14|526
43|Paz, Andres|16|2002|CW|Ontario|2018-12-08|Invitation Provinciale AA-AAA Pointe-Claire 2018|2:29.16|526
44|Wheatcroft, Thomas|16|2002|TSC|Ontario|2018-11-02|NYAC Cup|2:29.28|525
44|Perron, Victor|16|2002|UL|Québec|2018-11-04|Festival provincial par équipe section 1|2:29.28|525
46|Omielan, Eric|16|2002|PCSC|Québec|2018-12-08|Invitation Provinciale AA-AAA Pointe-Claire 2018|2:29.42|523
47|Kilroy, Evan|16|2001|CT33|Ontario|2018-11-04|2018 Barrie Aquafest|2:29.76|520
48|Chapman, Thomas|16|2002|UVPCS|British Columbia|2018-12-09|16th Annual XMAS Cracker Invitational|2:30.00|517
49|Coady, Aaron|16|2002|MPM|Newfoundland|2018-12-08|Invitation Provinciale AA-AAA Pointe-Claire 2018|2:30.66|510
50|Tortosa, Sascha|16|2002|NYAC|Ontario|2018-11-02|NYAC Cup|2:30.92|508