RANK|ATHLETES|AGE|YOB|CLUB|PROVINCE|DATE|MEET|TIME|FINA
1|Liendo, Joshua|16|2002|NYAC|Ontario|2018-12-15|Ontario Junior International|1:56.77|803
2|Pratt, Cole|16|2002|CASC|Alberta|2018-12-15|Ontario Junior International|1:57.33|792
3|Sava, Michael Andrew|16|2002|RAMAC|Ontario|2018-12-15|Ontario Junior International|2:02.96|688
4|Lau, Alvin|16|2001|MST~|Ontario|2018-11-23|Alex Baumann Invitational|2:03.02|687
5|Gallant, Jacob|16|2002|FAST|New Brunswick|2019-02-02|NB Open Cup - Coupe NB|2:03.17|684
6|Oswald, Brendan|16|2002|WAC|Ontario|2018-12-15|Ontario Junior International|2:04.21|667
7|OGILVIE, KEIR|16|2002|UVPCS|British Columbia|2018-12-08|16th Annual XMAS Cracker Invitational|2:04.22|667
8|Bourbonniere, Nicholas|16|2002|WS|Ontario|2018-12-15|Ontario Junior International|2:05.71|644
9|Li, Stanford|16|2002|PCSC|Québec|2018-11-02|Festival provincial par équipe section 1|2:06.01|639
10|Quirie, David|16|2002|NKB|Ontario|2018-12-02|Neptune International (CSPO 25m)|2:07.78|613
11|Florea, Christian|16|2002|MSSAC|Ontario|2018-12-15|Ontario Junior International|2:07.96|610
12|Robins, Philippe|16|2002|PCSC|Québec|2018-12-15|Ontario Junior International|2:08.08|608
13|Celsi, Damian|16|2002|TSC|Ontario|2018-12-15|Ontario Junior International|2:08.32|605
14|Migneault, Justice|16|2002|SKSC|British Columbia|2018-11-09|2018 Brad Reid Memorial Invitational|2:08.37|604
15|Henderson, Toby|16|2002|GGST|Ontario|2018-12-09|Gatineau Grand Prix|2:08.94|596
16|Morin, Felix-Antoine|16|2001|SHER|Québec|2018-11-09|Festival provincial par équipe section 2|2:09.03|595
17|Landry, Nathan|16|2002|CW|Ontario|2018-12-09|Invitation Provinciale AA-AAA Pointe-Claire 2018|2:09.11|594
18|Irsik, Norbert|16|2002|NYAC|Ontario|2018-11-03|NYAC Cup|2:09.62|587
19|Pratt, Kian|16|2002|CASC|Alberta|2018-12-15|Ontario Junior International|2:10.20|579
20|De Pol, Tayden|16|2002|NRST|British Columbia|2019-01-25|Vancouver Island Regional SC Championships|2:11.65|560
21|Guthro, Matthew|16|2002|MMST|Ontario|2018-12-08|Border City Invitational|2:11.69|560
22|Pei, Samuel|16|2002|RAPID|British Columbia|2018-12-14|Rapids Fast-Swim Classic|2:11.91|557
23|Dhanju, Jovan|16|2002|MSSAC|Ontario|2018-12-02|Neptune International (CSPO 25m)|2:12.18|554
24|Rambo, Jacob|16|2002|UVPCS|British Columbia|2018-11-10|ISC 2018 Bennett Cup|2:12.21|553
25|Langman, Kelton|16|2002|CW|Ontario|2018-11-17|Expressway Lincoln Fall Invitational|2:12.33|552
25|Chapman, Thomas|16|2002|UVPCS|British Columbia|2018-12-08|16th Annual XMAS Cracker Invitational|2:12.33|552
27|Brown, Eric|16|2002|PCSC|Québec|2018-11-02|Festival provincial par équipe section 1|2:12.38|551
28|MacMillan, Thomas|16|2002|UCRO|Ontario|2018-12-09|Gatineau Grand Prix|2:12.49|550
29|Moreno Aleu, Marc|16|2002|BTSC|Ontario|2019-02-15|time Trial 2 - 15-Feb-2019|2:12.54|549
30|Côté, Jonathan|16|2002|UL|Québec|2018-12-08|Défi Nez-Rouge 2018|2:12.61|548
31|Downing, Kevin|16|2002|NKB|Ontario|2018-12-02|Neptune International (CSPO 25m)|2:12.63|548
32|Cottineau, Simon|16|2002|CNHR|Québec|2018-12-10|Invitation provinciale AA-AAA Noël + Développement 11-12 ans CAMO|2:12.73|547
33|Goren, Jack|16|2002|NYAC|Ontario|2018-11-03|NYAC Cup|2:12.94|544
34|Chandler-Baas, Frederick|16|2002|ROCS|Ontario|2018-12-09|Invitation Provinciale AA-AAA Pointe-Claire 2018|2:13.04|543
35|Wheatcroft, Thomas|16|2002|TSC|Ontario|2018-11-03|NYAC Cup|2:13.05|543
36|Carlyle-Locke, Cameron|16|2001|UCRO|Ontario|2018-12-09|Gatineau Grand Prix|2:13.59|536
37|Durcak, Emerson|16|2002|WS|Ontario|2018-12-15|Ontario Junior International|2:13.98|531
38|Maximenco, Maxim|16|2002|PCSC|Québec|2018-11-02|Festival provincial par équipe section 1|2:14.60|524
39|Wheeler, Myles|16|2002|SPART|British Columbia|2018-11-09|2018 Brad Reid Memorial Invitational|2:15.01|519
40|Caron, Michael|16|2002|LMRL|Québec|2019-01-26|Inter-provinciale LMRL 2019|2:15.10|518
41|Zhang, Eric|16|2001|RHAC|Ontario|2018-11-09|2018 Age Group International SC|2:15.23|517
42|Patten, Nathaniel|16|2002|OSC|Alberta|2018-12-14|JP Fiset Invitational|2:15.39|515
43|Guo, Naishan|16|2002|NEW|Ontario|2019-01-12|2019 Etobicoke A-B Meet|2:15.62|512
44|Fox, Christopher|16|2002|OAK|Ontario|2018-12-09|Youth Cup|2:15.76|511
45|Agostinelli Stull, Elijah|16|2002|ISC|British Columbia|2018-12-09|Invitation Provinciale AA-AAA Pointe-Claire 2018|2:15.81|510
46|DeGraaf, Quinn|16|2002|WAC|Ontario|2018-11-09|2018 Age Group International SC|2:15.83|510
47|Chernomorchenko, Alexander|16|2002|PSW|British Columbia|2018-12-14|Rapids Fast-Swim Classic|2:15.85|510
48|Bird, Liam|16|2002|ESWIM|Ontario|2018-12-09|Invitation Provinciale AA-AAA Pointe-Claire 2018|2:16.18|506
49|Buisson, Victor|16|2002|CNQ|Québec|2018-12-08|Défi Nez-Rouge 2018|2:16.26|505
50|Vigneault, Cédrik|16|2002|CASE|Québec|2018-11-09|Festival provincial par équipe section 2|2:16.41|504