RANK|ATHLETES|AGE|YOB|CLUB|PROVINCE|DATE|MEET|TIME|FINA
1|Pratt, Cole|16|2002|CASC|Alberta|2018-12-15|Ontario Junior International|52.71|799
2|De Pol, Tayden|16|2002|NRST|British Columbia|2018-12-16|Ontario Junior International|55.20|696
3|Bernard, Graysen|16|2002|TSC|Ontario|2018-11-03|NYAC Cup|55.67|678
4|Liendo, Joshua|16|2002|NYAC|Ontario|2018-11-03|NYAC Cup|55.70|677
5|Tierney, Blake|16|2002|GOLD|Saskatchewan|2018-12-14|ManSask Championships Short Course Open Championships|55.77|674
6|Cyr, Mathieu|16|2002|CASC|Alberta|2018-12-15|Ontario Junior International|55.93|669
7|Rambo, Jacob|16|2002|UVPCS|British Columbia|2018-12-09|16th Annual XMAS Cracker Invitational|56.63|644
8|Quirie, David|16|2002|NKB|Ontario|2018-12-15|Ontario Junior International|56.80|638
9|Fletcher, Isaac|16|2002|LASC|Alberta|2018-12-16|JP Fiset Invitational|57.57|613
10|Côté, Jonathan|16|2002|UL|Québec|2018-12-15|Ontario Junior International|57.61|612
11|Oswald, Brendan|16|2002|WAC|Ontario|2018-12-15|Ontario Junior International|57.69|609
12|Gallant, Jacob|16|2002|FAST|New Brunswick|2018-11-30|Neptune International (CSPO 25m)|57.71|609
13|Migneault, Justice|16|2002|SKSC|British Columbia|2019-01-13|2019 Hyack Icebreaker Classic|57.78|606
14|Near, Caleb|16|2002|CATS|Ontario|2019-02-01|2019 Huronia SC Regional Championships|57.90|603
15|Olafson, Thor Yu-Xing|16|2002|VPSC|British Columbia|2018-12-14|Rapids Fast-Swim Classic|57.91|602
16|Li, Stanford|16|2002|PCSC|Québec|2018-11-04|Festival provincial par équipe section 1|58.10|596
17|Smyth, Conor|16|2001|AAC|Ontario|2018-11-03|NYAC Cup|58.11|596
18|McGillivray, Michael|16|2002|ROD|Saskatchewan|2018-12-14|ManSask Championships Short Course Open Championships|58.53|583
19|Al-Shareef, Ali|16|2002|UCSC|Alberta|2018-12-07|Youth Cup|58.57|582
20|Ortiz, Pablo|16|2002|COBRA|Ontario|2018-11-30|Neptune International (CSPO 25m)|58.62|581
21|Fox, Christopher|16|2002|OAK|Ontario|2018-12-07|Youth Cup|58.63|580
22|Caux, William|16|2001|CASE|Québec|2018-11-10|Festival provincial par équipe section 2|58.69|579
23|Pfeifer, Scott|16|2001|SKSC|British Columbia|2018-10-13|PSW Fall Invitational|58.84|574
24|Lau, Alvin|16|2001|MST~|Ontario|2018-11-24|Alex Baumann Invitational|58.88|573
25|Yang, Bryan|16|2002|MST~|Ontario|2018-11-24|Alex Baumann Invitational|58.90|572
26|Wang, Justin|16|2002|RHAC|Ontario|2018-11-11|2018 Age Group International SC|58.94|571
27|Bracho, Canek|16|2001|CW|Ontario|2018-10-14|2018 Hall of Fame Meet|59.00|570
27|Hébert, Félix|16|2002|CNQ|Québec|2018-12-08|Défi Nez-Rouge 2018|59.00|570
29|Chapman, Thomas|16|2002|UVPCS|British Columbia|2019-08-03|Mid-Summer Madness|59.04|568
30|Yu, Larry|16|2002|ISC|British Columbia|2019-01-26|Vancouver Island Regional SC Championships|59.14|565
31|Bird, Liam|16|2002|ESWIM|Ontario|2018-11-11|2018 Age Group International SC|59.21|563
32|Wang, Charles|16|2001|UCSC|Alberta|2018-10-28|Cascade Speed Meet|59.27|562
33|Bagrianski, Misha|16|2002|RAMAC|Ontario|2018-11-11|2018 Age Group International SC|59.51|555
34|Kennedy, Nicholas|16|2002|UCSC|Alberta|2018-12-07|Youth Cup|59.52|555
35|Carlyle-Locke, Cameron|16|2001|UCRO|Ontario|2018-12-15|Ontario Junior International|59.60|552
36|Verjee, Chase|16|2002|UCSC|Alberta|2018-12-07|Youth Cup|59.68|550
37|Tortosa, Sascha|16|2002|NYAC|Ontario|2018-12-07|Youth Cup|59.70|550
38|Boucher, Charles-Antoine|16|2002|GAMIN|Québec|2018-11-11|Festival provincial par équipe section 5 - Ouest|59.74|549
39|Field, Sean|16|2002|PCSC|Québec|2018-12-07|Invitation Provinciale AA-AAA Pointe-Claire 2018|59.92|544
40|Bourbonniere, Nicholas|16|2002|WS|Ontario|2019-04-27|2019 Ontario Team Challenge|59.95|543
41|OGILVIE, KEIR|16|2002|UVPCS|British Columbia|2018-12-09|16th Annual XMAS Cracker Invitational|1:00.00|542
42|Ford, Daniel|16|2002|KSC|Alberta|2018-12-16|JP Fiset Invitational|1:00.04|540
43|Henderson, Toby|16|2002|GGST|Ontario|2018-12-07|Gatineau Grand Prix|1:00.11|539
44|Milanovich, Alexander|16|2002|ESWIM|Ontario|2018-12-21|2018 Trillium Cup|1:00.16|537
45|Roberge, Charles|16|2002|LMRL|Québec|2018-11-11|Festival provincial par équipe section 2|1:00.50|528
46|Rosati, Owen|16|2002|CATS|Ontario|2019-04-27|2019 Ontario Team Challenge|1:00.52|528
47|Aguiar-Winter, Evan|16|2003|OTTER|Ontario|2019-02-01|2019 Huronia SC Regional Championships|1:00.53|527
48|Robins, Philippe|16|2002|PCSC|Québec|2018-12-07|Invitation Provinciale AA-AAA Pointe-Claire 2018|1:00.70|523
49|Liu, Stephen|16|2002|DUCKS|Ontario|2018-11-11|2018 Age Group International SC|1:00.76|521
50|Maximenco, Maxim|16|2002|PCSC|Québec|2018-11-04|Festival provincial par équipe section 1|1:00.81|520