RANK|ATHLETES|AGE|YOB|CLUB|PROVINCE|DATE|MEET|TIME|FINA
1|Liendo, Joshua|16|2002|NYAC|Ontario|2018-12-15|Ontario Junior International|23.92|756
2|OGILVIE, KEIR|16|2002|UVPCS|British Columbia|2019-08-03|Mid-Summer Madness|25.26|642
3|Milanovich, Alexander|16|2002|ESWIM|Ontario|2018-12-15|Ontario Junior International|25.27|642
4|Migneault, Justice|16|2002|SKSC|British Columbia|2018-12-15|Ontario Junior International|25.48|626
5|DeGraaf, Quinn|16|2002|WAC|Ontario|2018-12-08|Border City Invitational|25.65|613
6|Ghaziri, Ramy|16|2003|LMRL|Québec|2019-04-27|3è Régionale de l'est-du-Québec|25.68|611
7|Quirie, David|16|2002|NKB|Ontario|2018-12-15|Ontario Junior International|25.73|608
8|Henderson, Toby|16|2002|GGST|Ontario|2018-12-07|Gatineau Grand Prix|25.77|605
9|Sava, Michael Andrew|16|2002|RAMAC|Ontario|2018-12-15|Ontario Junior International|25.79|603
10|Bagrianski, Misha|16|2002|RAMAC|Ontario|2018-12-15|Ontario Junior International|25.83|601
10|Belkhelladi, Yanis|16|2001|ELITE|Québec|2018-11-03|Festival provincial par équipe section 1|25.83|601
12|Louie, Eric|16|2002|CONNU|British Columbia|2018-12-16|JP Fiset Invitational|25.86|599
13|Caux, William|16|2001|CASE|Québec|2018-11-10|Festival provincial par équipe section 2|26.04|586
14|Celsi, Damian|16|2002|TSC|Ontario|2018-11-02|NYAC Cup|26.09|583
15|Mastromatteo, Gabe|16|2002|KSS|Ontario|2018-12-15|Ontario Junior International|26.16|578
15|Tierney, Blake|16|2002|GOLD|Saskatchewan|2018-12-16|ManSask Championships Short Course Open Championships|26.16|578
17|Olafson, Thor Yu-Xing|16|2002|VPSC|British Columbia|2018-12-15|Rapids Fast-Swim Classic|26.28|570
18|Griffith, Samuel|16|2001|NYAC|Ontario|2018-12-15|Ontario Junior International|26.29|570
19|Marcial, Charles|16|2002|MSSAC|Ontario|2018-11-30|Neptune International (CSPO 25m)|26.33|567
20|Maximenco, Maxim|16|2002|PCSC|Québec|2018-12-08|Invitation Provinciale AA-AAA Pointe-Claire 2018|26.42|561
21|Goh, Joel|16|2002|VPSC|British Columbia|2018-10-28|VPSC Fall Invitational|26.45|559
22|Lavoie-Rancourt, Vincent|16|2002|CNQ|Québec|2018-12-08|Défi Nez-Rouge 2018|26.47|558
23|McDonald, Thomas|16|2003|GMAC|Ontario|2019-05-11|Rally for Regionals|26.51|556
24|Tong, Eric|16|2002|WDSC|British Columbia|2018-12-15|Rapids Fast-Swim Classic|26.52|555
25|Hébert, Félix|16|2002|CNQ|Québec|2018-12-15|Ontario Junior International|26.53|554
26|Okugawa, Asahi|16|2002|SCAR|Ontario|2019-04-27|2019 Ontario Team Challenge|26.55|553
26|Acton, Daniel|16|2002|HHBF|Ontario|2019-04-27|2019 Ontario Team Challenge|26.55|553
26|Tran, David|16|2002|CYPS|Ontario|2018-12-15|Ontario Junior International|26.55|553
29|Banville, Noah|16|2002|CNQ|Québec|2018-12-08|Défi Nez-Rouge 2018|26.56|552
30|Hess, Apollo|16|2002|LASC|Alberta|2018-12-16|JP Fiset Invitational|26.57|552
31|Boucher, Charles-Antoine|16|2002|GAMIN|Québec|2018-10-13|C'est un départ|26.58|551
31|Bird, Liam|16|2002|ESWIM|Ontario|2018-10-14|2018 Hall of Fame Meet|26.58|551
33|Jean, Eric|16|2002|CNBO|New Brunswick|2019-02-01|NB Open Cup - Coupe NB|26.61|549
34|Fletcher, Isaac|16|2002|LASC|Alberta|2018-12-16|JP Fiset Invitational|26.66|546
35|Morin, Felix-Antoine|16|2001|SHER|Québec|2018-11-30|Neptune International (CSPO 25m)|26.69|544
36|Leclerc, Gabriel|16|2002|YKPB|Northwest Territories|2018-12-16|JP Fiset Invitational|26.70|544
37|Placek, Ethan|16|2001|WS|Ontario|2018-11-02|NYAC Cup|26.72|543
38|Rambo, Jacob|16|2002|UVPCS|British Columbia|2019-01-26|Vancouver Island Regional SC Championships|26.73|542
39|Gauthier, Tristan|16|2002|CNJA|Québec|2018-12-08|Défi Nez-Rouge 2018|26.76|540
39|Langman, Kelton|16|2002|CW|Ontario|2018-12-08|Invitation Provinciale AA-AAA Pointe-Claire 2018|26.76|540
41|Near, Caleb|16|2002|CATS|Ontario|2019-04-27|2019 Ontario Team Challenge|26.82|537
42|De Pol, Tayden|16|2002|NRST|British Columbia|2019-01-26|Vancouver Island Regional SC Championships|26.86|534
42|Jerodico, Mervin|16|2002|SPART|British Columbia|2018-12-15|Rapids Fast-Swim Classic|26.86|534
44|Moreno Aleu, Marc|16|2002|BTSC|Ontario|2019-02-03|2019 Huronia SC Regional Championships|26.87|534
44|Lewington, Mackenzie|16|2002|PGB|British Columbia|2019-01-19|PGB 50M 200IM 400IM JAN 19 Time Trial|26.87|534
46|MacPherson, Callum|16|2002|OAK|Ontario|2018-12-15|Ontario Junior International|26.88|533
47|Pei, Samuel|16|2002|RAPID|British Columbia|2018-11-03|Odlum Brown Colleges Cup Pacific Hosted by UBC|26.92|531
48|Hosang, Jordan|16|2002|CP|Alberta|2018-12-16|JP Fiset Invitational|26.93|530
49|Guo, Andrew|16|2002|UCSC|Alberta|2018-12-16|JP Fiset Invitational|26.98|527
49|McMeekin, Jarred|16|2002|PRASC|British Columbia|2019-01-26|Rio Tinto Northern Lights|26.98|527