RANK|ATHLETES|AGE|YOB|CLUB|PROVINCE|DATE|MEET|TIME|FINA
1|Liendo, Joshua|16|2002|NYAC|Ontario|2018-12-16|Ontario Junior International|47.84|828
2|Pratt, Cole|16|2002|CASC|Alberta|2018-12-15|Ontario Junior International|49.63|742
3|Fullum-Huot, Edouard|16|2002|NN|Québec|2018-12-16|Ontario Junior International|50.04|724
4|LeBuke, James|16|2002|CSSSC|British Columbia|2018-12-15|Ontario Junior International|50.49|705
5|MacPherson, Callum|16|2002|OAK|Ontario|2018-12-16|Ontario Junior International|51.39|668
6|Olafson, Thor Yu-Xing|16|2002|VPSC|British Columbia|2018-12-15|Rapids Fast-Swim Classic|51.77|654
7|Quirie, David|16|2002|NKB|Ontario|2019-02-03|2019 Eastern Ontario Regional Championships (SC/LC)|51.83|651
8|Fletcher, Isaac|16|2002|LASC|Alberta|2018-12-15|JP Fiset Invitational|51.94|647
9|Bracho, Canek|16|2001|CW|Ontario|2018-10-14|2018 Hall of Fame Meet|52.02|644
10|Boguski, Daniel|16|2002|SEALS|Manitoba|2018-12-15|ManSask Championships Short Course Open Championships|52.21|637
11|Tong, Eric|16|2002|WDSC|British Columbia|2019-06-08|Knights June Jamboree 2019|52.26|635
12|Placek, Ethan|16|2001|WS|Ontario|2018-11-02|NYAC Cup|52.44|629
13|Bernard, Graysen|16|2002|TSC|Ontario|2018-10-19|Downtown Sprint Meet|52.60|623
14|Dyke-Elliott, Ethan|16|2002|RHAC|Ontario|2018-12-09|Youth Cup|52.70|620
15|Zhang, Eric|16|2001|RHAC|Ontario|2018-11-11|2018 Age Group International SC|52.71|619
16|Boucher, Charles-Antoine|16|2002|GAMIN|Québec|2018-12-08|29e Challenge GAMIN - Invitation provincial|52.77|617
17|Pfeifer, Scott|16|2001|SKSC|British Columbia|2018-10-13|PSW Fall Invitational|52.78|617
18|Wang, Charles|16|2001|UCSC|Alberta|2018-10-28|Cascade Speed Meet|52.80|616
19|DeGraaf, Quinn|16|2002|WAC|Ontario|2018-11-11|2018 Age Group International SC|52.85|614
20|Tran, David|16|2002|CYPS|Ontario|2018-12-16|Ontario Junior International|52.99|609
20|Morse, Charlie|16|2002|CBAC|Prince-Edward-Island|2019-01-12|Garden of the Gulf|52.99|609
20|Griffith, Samuel|16|2001|NYAC|Ontario|2018-12-09|Youth Cup|52.99|609
23|Caux, William|16|2001|CASE|Québec|2018-11-09|Festival provincial par équipe section 2|53.00|609
24|Milanovich, Alexander|16|2002|ESWIM|Ontario|2018-12-21|2018 Trillium Cup|53.03|608
25|Migneault, Justice|16|2002|SKSC|British Columbia|2018-12-16|Ontario Junior International|53.04|608
26|Kennedy, Nicholas|16|2002|UCSC|Alberta|2018-12-08|Youth Cup|53.05|607
27|Pei, Samuel|16|2002|RAPID|British Columbia|2019-03-15|Rapids TT #4|53.07|607
28|Maximenco, Maxim|16|2002|PCSC|Québec|2018-12-08|Invitation Provinciale AA-AAA Pointe-Claire 2018|53.10|606
29|Bagrianski, Misha|16|2002|RAMAC|Ontario|2019-01-12|2019 Etobicoke A-B Meet|53.11|605
30|Oswald, Brendan|16|2002|WAC|Ontario|2019-01-19|WAC Cup 1|53.12|605
31|Tierney, Blake|16|2002|GOLD|Saskatchewan|2018-12-15|ManSask Championships Short Course Open Championships|53.18|603
32|Kim, Joshua|16|2002|LOSC|British Columbia|2018-12-08|16th Annual XMAS Cracker Invitational|53.26|600
33|Wagner, Noah|16|2001|ROD|Saskatchewan|2018-10-13|Fall Break Out|53.34|598
34|Daly Stevens, Trael|16|2002|CT33|Ontario|2019-04-28|2019 Ontario Team Challenge|53.37|597
34|Henderson, Toby|16|2002|GGST|Ontario|2018-12-09|Gatineau Grand Prix|53.37|597
36|Robins, Philippe|16|2002|PCSC|Québec|2018-12-15|Ontario Junior International|53.44|594
37|Hébert, Félix|16|2002|CNQ|Québec|2018-12-09|Défi Nez-Rouge 2018|53.47|593
38|Cariaga, Sebastian|16|2002|CASC|Alberta|2018-12-15|JP Fiset Invitational|53.48|593
39|Smith, Aidan|16|2002|WVOSC|British Columbia|2018-12-15|ManSask Championships Short Course Open Championships|53.50|592
40|Wang, Justin|16|2002|RHAC|Ontario|2018-11-11|2018 Age Group International SC|53.74|584
41|Yu, Larry|16|2002|ISC|British Columbia|2019-01-27|Vancouver Island Regional SC Championships|53.81|582
41|Cyr, Mathieu|16|2002|CASC|Alberta|2018-11-17|KSC SC Invitational 2018|53.81|582
43|Louie, Eric|16|2002|CONNU|British Columbia|2018-11-04|Cygnet Dental & Junction Point Physical Therapy Fast Track into Fall|53.92|578
44|Jean, Eric|16|2002|CNBO|New Brunswick|2019-02-01|NB Open Cup - Coupe NB|53.94|578
45|Aguiar-Winter, Evan|16|2003|OTTER|Ontario|2019-02-01|2019 Huronia SC Regional Championships|53.96|577
46|Kralj, Adam|16|2002|MSSAC|Ontario|2018-12-01|Neptune International (CSPO 25m)|54.02|575
47|Ortiz, Pablo|16|2002|COBRA|Ontario|2018-11-30|Neptune International (CSPO 25m)|54.03|575
48|Al-Shareef, Ali|16|2002|UCSC|Alberta|2018-12-09|Youth Cup|54.04|575
49|Qu, Allen|16|2002|UCSC|Alberta|2018-11-24|UCSC TT|54.10|573
50|Tan, Tim|16|2001|HANEY|British Columbia|2018-10-13|PSW Fall Invitational|54.12|572