RANK|ATHLETES|AGE|YOB|CLUB|PROVINCE|DATE|MEET|TIME|FINA
1|McGillivray, Michael|16|2002|ROD|Saskatchewan|2018-12-14|ManSask Championships Short Course Open Championships|3:50.53|780
2|Quirie, David|16|2002|NKB|Ontario|2018-12-15|Ontario Junior International|3:50.99|775
3|Brown, Eric|16|2002|PCSC|Québec|2018-12-15|Ontario Junior International|3:57.43|714
4|Robins, Philippe|16|2002|PCSC|Québec|2018-12-15|Ontario Junior International|3:58.34|706
5|Pei, Samuel|16|2002|RAPID|British Columbia|2019-07-27|SKSC Summer Fest|3:58.35|706
6|Li, Stanford|16|2002|PCSC|Québec|2018-12-08|Invitation Provinciale AA-AAA Pointe-Claire 2018|4:00.57|686
7|Migneault, Justice|16|2002|SKSC|British Columbia|2018-12-15|Ontario Junior International|4:00.84|684
8|Gallant, Jacob|16|2002|FAST|New Brunswick|2019-02-03|NB Open Cup - Coupe NB|4:01.58|678
9|Wang, Michael|16|2003|ESWIM|Ontario|2019-01-12|2019 Etobicoke A-B Meet|4:03.63|661
10|Cyr, Mathieu|16|2002|CASC|Alberta|2018-12-15|Ontario Junior International|4:03.89|659
11|Dennett, Liam|16|2003|UCSC|Alberta|2019-07-13|UCSC Western Finale|4:04.09|657
12|Sparkes, Logan|16|2002|SPART|British Columbia|2018-12-15|Ontario Junior International|4:04.18|656
13|Clawson-Honeyman, Liam|16|2002|NG|Québec|2018-12-15|Ontario Junior International|4:04.45|654
14|Kim, Joshua|16|2002|LOSC|British Columbia|2018-12-08|16th Annual XMAS Cracker Invitational|4:04.47|654
15|Field, Sean|16|2002|PCSC|Québec|2018-12-15|Ontario Junior International|4:04.84|651
16|Qu, Allen|16|2002|UCSC|Alberta|2018-12-08|Youth Cup|4:05.99|642
17|Fullum-Huot, Edouard|16|2002|NN|Québec|2018-12-15|Ontario Junior International|4:06.06|641
18|Yu, Larry|16|2002|ISC|British Columbia|2018-12-08|16th Annual XMAS Cracker Invitational|4:06.11|641
19|Pratt, Kian|16|2002|CASC|Alberta|2018-12-15|Ontario Junior International|4:06.22|640
20|Dyke-Elliott, Ethan|16|2002|RHAC|Ontario|2018-12-08|Youth Cup|4:06.40|639
21|Janvier, Hugo|16|2002|PCSC|Québec|2018-12-15|Ontario Junior International|4:06.61|637
22|DeGraaf, Quinn|16|2002|WAC|Ontario|2018-12-15|Ontario Junior International|4:06.70|636
23|Chapman, Thomas|16|2002|UVPCS|British Columbia|2019-08-03|Mid-Summer Madness|4:07.59|630
24|Duong, Raymond|16|2002|APEX|Ontario|2018-12-08|Youth Cup|4:07.73|628
25|Edwards, Drew|16|2002|EKSC|Alberta|2018-12-16|JP Fiset Invitational|4:07.82|628
26|Bird, Liam|16|2002|ESWIM|Ontario|2018-12-08|Invitation Provinciale AA-AAA Pointe-Claire 2018|4:07.91|627
27|MacPherson, Callum|16|2002|OAK|Ontario|2018-11-11|2018 Age Group International SC|4:09.03|619
28|Côté, Jonathan|16|2002|UL|Québec|2018-12-08|Défi Nez-Rouge 2018|4:09.66|614
29|Poulos, George|16|2002|BORC|Ontario|2018-12-10|Invitation provinciale AA-AAA Noël + Développement 11-12 ans CAMO|4:10.24|610
30|Boyle, Ethan|16|2002|HTAC|Nova Scotia|2018-12-15|Age Group Development Meet|4:10.27|609
31|Wheatcroft, Thomas|16|2002|TSC|Ontario|2018-11-03|NYAC Cup|4:10.54|608
32|Smith, Aidan|16|2002|WVOSC|British Columbia|2018-12-14|ManSask Championships Short Course Open Championships|4:10.55|607
33|Haycock, Jack|16|2002|LAC|Ontario|2018-12-14|Team Showdown 2018|4:10.60|607
34|Wheeler, Myles|16|2002|SPART|British Columbia|2018-11-03|Odlum Brown Colleges Cup Pacific Hosted by UBC|4:10.61|607
35|Zhang, Eric|16|2001|RHAC|Ontario|2018-11-11|2018 Age Group International SC|4:10.73|606
36|Buisson, Victor|16|2002|CNQ|Québec|2018-12-07|Défi Nez-Rouge 2018|4:10.77|606
37|Bissett, William|16|2002|CASC|Alberta|2018-12-16|JP Fiset Invitational|4:10.98|604
38|Morse, Charlie|16|2002|CBAC|Prince-Edward-Island|2018-12-08|Invitation Provinciale AA-AAA Pointe-Claire 2018|4:11.38|601
39|Park, Kevin|16|2003|CREST|Ontario|2019-04-28|2019 Ontario Team Challenge|4:11.54|600
40|Mailloux, Jackson|16|2002|PCSC|Québec|2018-12-08|Invitation Provinciale AA-AAA Pointe-Claire 2018|4:11.78|599
41|Lungu, Nicolas|16|2001|CAMO|Québec|2018-12-10|Invitation provinciale AA-AAA Noël + Développement 11-12 ans CAMO|4:11.94|597
42|Wei, ShuRen|16|2002|ESWIM|Ontario|2019-01-12|2019 Etobicoke A-B Meet|4:12.89|591
43|Vidal Simoes, Gabriel|16|2001|TSC|Ontario|2018-12-15|Ontario Junior International|4:12.92|591
44|Jardine, Ryan|16|2002|SWAT|Nova Scotia|2018-12-15|Age Group Development Meet|4:13.72|585
45|Tierney, Blake|16|2002|GOLD|Saskatchewan|2018-11-24|Goldfins Invitational|4:13.97|583
46|Schmidt, Adam|16|2002|LOSC|British Columbia|2018-12-08|16th Annual XMAS Cracker Invitational|4:15.65|572
47|Durcak, Emerson|16|2002|WS|Ontario|2018-12-01|2018 Union Cup|4:15.70|571
48|Omielan, Eric|16|2002|PCSC|Québec|2018-12-08|Invitation Provinciale AA-AAA Pointe-Claire 2018|4:16.02|569
49|Fletcher, Isaac|16|2002|LASC|Alberta|2019-01-26|Mint Smartwash Winter Classic|4:16.13|569
50|OGILVIE, KEIR|16|2002|UVPCS|British Columbia|2019-08-03|Mid-Summer Madness|4:16.16|568