RANK|ATHLETES|AGE|YOB|CLUB|PROVINCE|DATE|MEET|TIME|FINA
1|Milanovich, Alexander|16|2002|ESWIM|Ontario|2018-12-16|Ontario Junior International|27.33|788
2|Mastromatteo, Gabe|16|2002|KSS|Ontario|2018-12-16|Ontario Junior International|28.08|727
3|Hess, Apollo|16|2002|LASC|Alberta|2018-12-15|JP Fiset Invitational|29.12|651
4|Pfeifer, Scott|16|2001|SKSC|British Columbia|2018-12-16|Ontario Junior International|29.17|648
5|Brill, Kameron|16|2003|UCSC|Alberta|2019-07-14|UCSC Western Finale|29.33|638
6|Luykenaar, Aiden|16|2003|UCSC|Alberta|2019-07-14|UCSC Western Finale|29.61|620
7|Kim, Joshua|16|2002|LOSC|British Columbia|2018-12-16|Ontario Junior International|29.68|615
8|Schmidt, Michael|16|2002|UVPCS|British Columbia|2018-12-07|16th Annual XMAS Cracker Invitational|29.83|606
9|liu, bangjie|16|2002|RHSD|Ontario|2018-11-24|Alex Baumann Invitational|30.00|596
10|Pei, Samuel|16|2002|RAPID|British Columbia|2019-03-15|Rapids TT #4|30.17|586
11|Terejko, Josiah|16|2002|WRMS|Ontario|2018-11-02|NYAC Cup|30.20|584
11|Leclerc, Gabriel|16|2002|YKPB|Northwest Territories|2019-05-12|6th Annual Konge Construction Spring Invitational|30.20|584
13|Carlyle-Locke, Cameron|16|2001|UCRO|Ontario|2018-12-07|Gatineau Grand Prix|30.21|583
14|Wang, Lucas|16|2001|WEST|Ontario|2018-11-09|Swim International 2018|30.25|581
15|Chapman, Thomas|16|2002|UVPCS|British Columbia|2019-08-04|Mid-Summer Madness|30.32|577
16|Rohatynsky, Liam|16|2002|UMAN|Manitoba|2018-11-17|Bison Sprint IM Invitational|30.35|575
17|Park, Fergus|16|2002|CW|Ontario|2018-12-07|Invitation Provinciale AA-AAA Pointe-Claire 2018|30.38|574
18|Ballarin, Henrique|16|2002|UVPCS|British Columbia|2018-12-07|16th Annual XMAS Cracker Invitational|30.43|571
19|Malouin, Samuel|16|2002|NN|Québec|2018-12-01|Neptune International (CSPO 25m)|30.52|566
20|Okugawa, Asahi|16|2002|SCAR|Ontario|2019-04-28|2019 Ontario Team Challenge|30.59|562
21|Durocher, Elliot|16|2002|BLUE|Québec|2018-11-02|Festival provincial par équipe section 3|30.64|559
22|Kelly, Jack|16|2001|OSHAC|Ontario|2018-11-10|2018 Age Group International SC|30.76|553
23|Beggs, Carson|16|2001|SEALS|Manitoba|2018-12-15|ManSask Championships Short Course Open Championships|30.85|548
24|Hemeon, Ethan|16|2002|GOLD|Saskatchewan|2018-12-15|ManSask Championships Short Course Open Championships|30.88|546
25|Jerodico, Mervin|16|2002|SPART|British Columbia|2018-12-14|Rapids Fast-Swim Classic|30.89|546
26|Boguski, Daniel|16|2002|SEALS|Manitoba|2018-12-15|ManSask Championships Short Course Open Championships|30.91|545
27|Lavoie-Rancourt, Vincent|16|2002|CNQ|Québec|2018-12-09|Défi Nez-Rouge 2018|31.00|540
28|Huisamen, Alec|16|2002|COMOX|British Columbia|2018-12-07|16th Annual XMAS Cracker Invitational|31.02|539
29|Baronow, Andrei|16|2002|MST~|Ontario|2019-06-05|Mallards June In House Competition|31.04|538
30|Milne, Colton|16|2002|NKB|Ontario|2018-12-16|Ontario Junior International|31.05|537
31|Raymond, Christophe|16|2001|CNSH|Québec|2018-11-02|Festival provincial par équipe section 3|31.12|534
32|Kilroy, Evan|16|2001|CT33|Ontario|2018-11-04|2018 Barrie Aquafest|31.17|531
33|Marcial, Charles|16|2002|MSSAC|Ontario|2018-12-01|Neptune International (CSPO 25m)|31.19|530
34|Qu, Allen|16|2002|UCSC|Alberta|2019-03-08|UCSC Team Champs|31.20|530
35|Bouma, Adam|16|2002|BBST|Ontario|2018-11-02|NYAC Cup|31.28|525
36|Coady, Aaron|16|2002|MPM|Newfoundland|2019-06-09|2019 Summer Classic Invitational|31.30|524
37|Lee, Allan|16|2002|BORC|Ontario|2018-11-10|2018 Age Group International SC|31.35|522
38|Lewington, Mackenzie|16|2002|PGB|British Columbia|2019-01-19|PGB 50M 200IM 400IM JAN 19 Time Trial|31.36|521
39|Jantzi, Ethan|16|2002|MS|Ontario|2018-12-09|Border City Invitational|31.45|517
40|Liu, Stephen|16|2002|DUCKS|Ontario|2018-12-02|2018 Barrie Trojan Cup|31.47|516
41|Wade, Ethan|16|2002|WRMS|Ontario|2018-11-02|NYAC Cup|31.48|516
42|Haycock, Jack|16|2002|LAC|Ontario|2019-02-02|2019 Western Region SC Champs|31.51|514
43|Han, Ryan|16|2002|SPART|British Columbia|2018-11-03|Odlum Brown Colleges Cup Pacific Hosted by UBC|31.52|514
44|Jean, Eric|16|2002|CNBO|New Brunswick|2019-02-03|NB Open Cup - Coupe NB|31.54|513
45|Walker, Aidan|16|2001|MAC|Ontario|2018-11-02|NYAC Cup|31.59|510
46|LeBuke, James|16|2002|CSSSC|British Columbia|2018-10-14|KISU Triple Pentathlon 2018|31.64|508
47|Tatic, Malcolm|16|2002|WAC|Ontario|2018-11-10|2018 Age Group International SC|31.65|507
48|Jong, Ethan|16|2002|MAC|Ontario|2018-12-07|Gatineau Grand Prix|31.67|506
48|Aubry, Olivier|16|2002|SAMAK|Québec|2018-12-07|Invitation Provinciale AA-AAA Pointe-Claire 2018|31.67|506
50|Kascak, Travis|16|2002|KISU|British Columbia|2018-12-14|26th Annual MJB Law Classic SCM|31.70|505