RANK|ATHLETES|AGE|YOB|CLUB|PROVINCE|DATE|MEET|TIME|FINA
1|Pratt, Cole|16|2002|CASC|Alberta|2018-12-14|Ontario Junior International|24.60|736
2|Liendo, Joshua|16|2002|NYAC|Ontario|2018-11-04|NYAC Cup|25.43|667
3|Quirie, David|16|2002|NKB|Ontario|2018-12-14|Ontario Junior International|26.12|615
4|Bernard, Graysen|16|2002|TSC|Ontario|2018-12-14|Ontario Junior International|26.25|606
4|De Pol, Tayden|16|2002|NRST|British Columbia|2018-12-14|Ontario Junior International|26.25|606
6|Fletcher, Isaac|16|2002|LASC|Alberta|2018-12-15|JP Fiset Invitational|26.33|601
7|Bagrianski, Misha|16|2002|RAMAC|Ontario|2018-12-14|Ontario Junior International|26.48|590
8|Bracho, Canek|16|2001|CW|Ontario|2018-11-17|Expressway Lincoln Fall Invitational|26.74|573
9|Olafson, Thor Yu-Xing|16|2002|VPSC|British Columbia|2018-12-16|Rapids Fast-Swim Classic|26.77|571
10|Near, Caleb|16|2002|CATS|Ontario|2018-12-14|Ontario Junior International|26.79|570
11|Oswald, Brendan|16|2002|WAC|Ontario|2018-12-14|Ontario Junior International|26.87|565
11|Tierney, Blake|16|2002|GOLD|Saskatchewan|2018-12-16|ManSask Championships Short Course Open Championships|26.87|565
13|Yang, Bryan|16|2002|MST~|Ontario|2018-12-14|Ontario Junior International|26.93|561
14|Côté, Jonathan|16|2002|UL|Québec|2018-12-14|Ontario Junior International|27.07|553
15|Rambo, Jacob|16|2002|UVPCS|British Columbia|2018-12-07|16th Annual XMAS Cracker Invitational|27.11|550
16|Smyth, Conor|16|2001|AAC|Ontario|2018-11-09|2018 Age Group International SC|27.21|544
17|Yu, Larry|16|2002|ISC|British Columbia|2018-11-11|ISC 2018 Bennett Cup|27.30|539
18|Caux, William|16|2001|CASE|Québec|2018-11-09|Festival provincial par équipe section 2|27.39|533
19|Pfeifer, Scott|16|2001|SKSC|British Columbia|2018-12-07|16th Annual XMAS Cracker Invitational|27.41|532
20|Wang, Justin|16|2002|RHAC|Ontario|2018-12-14|Ontario Junior International|27.46|529
21|Cyr, Mathieu|16|2002|CASC|Alberta|2018-10-26|Cascade Speed Meet|27.50|527
22|Bird, Liam|16|2002|ESWIM|Ontario|2018-12-22|2018 Trillium Cup|27.51|526
22|Carrier, Sébastien|16|2003|MY|Québec|2019-05-05|Invitation du Printemps|27.51|526
24|Ortiz, Pablo|16|2002|COBRA|Ontario|2018-12-02|Neptune International (CSPO 25m)|27.55|524
25|Bourbonniere, Nicholas|16|2002|WS|Ontario|2019-04-28|2019 Ontario Team Challenge|27.63|520
26|Fox, Christopher|16|2002|OAK|Ontario|2018-12-07|Youth Cup|27.71|515
27|Tran, David|16|2002|CYPS|Ontario|2018-12-14|Ontario Junior International|27.76|512
28|Maximenco, Maxim|16|2002|PCSC|Québec|2018-12-09|Invitation Provinciale AA-AAA Pointe-Claire 2018|27.80|510
28|Wang, Lucas|16|2001|WEST|Ontario|2018-11-10|Swim International 2018|27.80|510
30|Lau, Alvin|16|2001|MST~|Ontario|2018-11-25|Alex Baumann Invitational|27.90|505
30|Li, Stanford|16|2002|PCSC|Québec|2018-11-02|Festival provincial par équipe section 1|27.90|505
32|Henderson, Toby|16|2002|GGST|Ontario|2018-12-09|Gatineau Grand Prix|27.92|504
33|Kennedy, Nicholas|16|2002|UCSC|Alberta|2018-10-26|Cascade Speed Meet|27.97|501
34|Morse, Charlie|16|2002|CBAC|Prince-Edward-Island|2019-04-28|9th Annual Fast and Furious|28.00|499
35|Rosati, Owen|16|2002|CATS|Ontario|2019-04-28|2019 Ontario Team Challenge|28.07|496
36|Roberge, Charles|16|2002|LMRL|Québec|2018-12-09|Défi Nez-Rouge 2018|28.09|494
37|Marcial, Charles|16|2002|MSSAC|Ontario|2018-11-09|2018 Age Group International SC|28.10|494
38|Celsi, Damian|16|2002|TSC|Ontario|2018-11-04|NYAC Cup|28.12|493
39|Tortosa, Sascha|16|2002|NYAC|Ontario|2018-12-07|Youth Cup|28.14|492
40|Williamson, Liam|16|2002|VKSC|British Columbia|2018-12-16|26th Annual MJB Law Classic SCM|28.19|489
41|Hébert, Félix|16|2002|CNQ|Québec|2018-11-02|Festival provincial par équipe section 1|28.20|489
42|Verjee, Chase|16|2002|UCSC|Alberta|2018-12-07|Youth Cup|28.23|487
43|Ford, Daniel|16|2002|KSC|Alberta|2018-12-14|JP Fiset Invitational|28.42|477
44|Smith, Aidan|16|2002|WVOSC|British Columbia|2019-01-19|Canadian Dolphin New Years Invitational 2019|28.52|472
45|McNeill, Hugh|16|2003|LOSC|British Columbia|2019-06-15|June 2019 Time Trial|28.58|469
45|Aguiar-Winter, Evan|16|2003|OTTER|Ontario|2019-02-03|2019 Huronia SC Regional Championships|28.58|469
47|Groisman, Jonathan|16|2002|VAC|Ontario|2019-05-04|VAC - Intersquad Challenge 2019|28.60|468
48|OGILVIE, KEIR|16|2002|UVPCS|British Columbia|2018-10-20|2018 OCTOBER SENIOR CIRCUIT|28.63|467
48|Piechnick, Lennart|16|2002|NRST|British Columbia|2018-10-28|2018 NRST Fall Invitational|28.63|467
50|Peters, Evan|16|2002|KISU|British Columbia|2018-12-15|26th Annual MJB Law Classic SCM|28.65|466