RANK|AGES|CLUB|TEAM|PROVINCE|DATE|MEET|TIME|FINA
1|16 - 16|UVic Pacific Coast Swimming|UVPCSA|British Columbia|2018-12-08|16th Annual XMAS Cracker Invitational|1:38.56|588
2|16 - 16|Mallards Swim Team|MST~ A|Ontario|2018-11-24|Alex Baumann Invitational|1:40.05|562
3|16 - 16|University Of Calgary Swim Club|UCSC A|Alberta|2018-10-27|Youth Cup|1:40.27|559
4|16 - 16|Windsor Aquatic Club|WAC A|Ontario|2018-11-10|2018 Age Group International SC|1:40.59|553
5|16 - 16|Orangeville Otters Swim Club|OOSC A|Ontario|2019-02-03|2019 Huronia SC Regional Championships|1:44.49|493
6|16 - 16|University Of Calgary Swim Club|UCSC B|Alberta|2018-10-27|Cascade Speed Meet|1:45.25|483
7|16 - 16|Pacific Sea Wolves|PSW A|British Columbia|2018-11-10|2018 Brad Reid Memorial Invitational|1:45.30|482
8|16 - 16|Cascade Swim Club|CASC B|Alberta|2018-10-27|Rocky Mountain Cup|1:45.40|481
9|16 - 16|Club aquatique CDN-NDG|CDND H|Québec|2019-06-29|Championnat provincial groupe d'âge AA d'été - Ouest|1:45.89|474
10|16 - 16|Prince Rupert Amateur Swim Club|PRASCA|British Columbia|2019-01-26|Rio Tinto Northern Lights|1:47.04|459
11|16 - 16|La Swim Club|LASC A|Alberta|2018-10-27|Cascade Speed Meet|1:47.62|452
12|16 - 16|Mallards Swim Team|MST~ B|Ontario|2018-11-24|Alex Baumann Invitational|1:47.64|451
13|16 - 16|Club Aquatique Sud-Ouest|CASO B|Québec|2019-02-23|Championnat provincial groupe d'âge AA d'hiver - section Ouest|1:48.11|446
14|16 - 16|Markham Aquatic Club|MAC A|Ontario|2019-02-09|Central Region B Champs 2019|1:49.23|432
15|16 - 16|Cascade Swim Club|CASC A|Alberta|2018-10-27|Cascade Speed Meet|1:50.12|422
16|16 - 16|West Vancouver Otters|WVOSCA|British Columbia|2018-10-14|SFU-SFA LMR Swim Meet|1:50.15|421
17|16 - 16|Gander Lakers Swim Club|LAKERA|Newfoundland|2018-11-02|Gander Fall Invitational|1:50.44|418
18|16 - 16|Olympian Swim Club|OSC A|Alberta|2018-10-27|Cascade Speed Meet|1:50.56|417
19|16 - 16|West Vancouver Otters|WVOSCB|British Columbia|2018-10-14|SFU-SFA LMR Swim Meet|1:51.74|403
20|16 - 16|Owen Sound Aquatic Club|OSAC B|Ontario|2019-02-03|2019 Huronia SC Regional Championships|1:51.78|403
21|16 - 16|Orillia Channel Cats|CATS B|Ontario|2019-02-03|2019 Huronia SC Regional Championships|1:52.05|400
22|16 - 16|Battlefords Kinsmen Swim Club|BKSC A|Saskatchewan|2018-11-04|BKSC Winter Classic Invitational|1:52.08|400
23|16 - 16|Clarington Swim Club|ROC A|Ontario|2019-05-05|ROC vs DUCKS Dual in the Pool|1:52.43|396
24|16 - 16|Cfb North Bay Thunderbirds|CT33 A|Ontario|2019-01-20|NEOR 3|1:54.45|375
25|16 - 16|Chinook Swim Club|CHIN A|British Columbia|2019-05-25|Whistler Seawolves Invitational|1:55.40|366
26|16 - 16|Kelowna Aquajets|KAJ E|British Columbia|2018-11-17|2018 KAJ Fall Classic|1:55.60|364
27|16 - 16|Conception Bay South Bluefins|CBSB A|Newfoundland|2019-04-07|Bluefins Spring Invitational|1:56.81|353
28|16 - 16|Manta Swim Club|MANTAA|Manitoba|2019-06-08|Manitoba Open Junior Provincials|1:57.16|350
29|16 - 16|SUDBURY LAURENTIAN SWIM CLUB|SLSC D|Ontario|2019-02-02|Dave Kensit Memorial SC Championship|1:58.02|342
30|16 - 16|Kelowna Aquajets|KAJ I|British Columbia|2018-11-17|2018 KAJ Fall Classic|2:02.81|304
31|16 - 16|Bulkley Valley Otters|BVOSCA|British Columbia|2019-06-01|Northwest Spring Invitational|2:05.53|284
32|16 - 16|Vernon Kokanee Swim Club|VKSC A|British Columbia|2019-03-02|2019 3rd Annual Winter Regional A Championships|2:07.35|272
33|16 - 16|Valley East Waves|VEW A|Ontario|2019-01-20|NEOR #3|2:09.82|257
34|16 - 16|Ponoka Pool Sharks Swim Club|PPS A|Alberta|2019-01-19|Penguin Sprint Series #2|2:15.97|224
35|16 - 16|Penguin Swimming|PENGUB|Alberta|2019-01-19|Penguin Sprint Series #2|2:17.46|216
36|16 - 16|St. Johns Legends Swim Club|SJL A|Newfoundland|2019-04-07|Bluefins Spring Invitational|2:18.23|213