RANK|ATHLETES|AGE|YOB|CLUB|PROVINCE|DATE|MEET|TIME|FINA
1|Liendo, Joshua|16|2002|NYAC|Ontario|2018-12-14|Ontario Junior International|52.45|770
2|Sava, Michael Andrew|16|2002|RAMAC|Ontario|2018-12-14|Ontario Junior International|55.50|650
3|Migneault, Justice|16|2002|SKSC|British Columbia|2018-12-14|Ontario Junior International|55.94|634
4|OGILVIE, KEIR|16|2002|UVPCS|British Columbia|2018-12-09|16th Annual XMAS Cracker Invitational|56.00|632
5|Henderson, Toby|16|2002|GGST|Ontario|2018-12-08|Gatineau Grand Prix|56.32|622
6|Pratt, Cole|16|2002|CASC|Alberta|2018-10-20|UCSC Fall Start Up|56.66|611
6|De Pol, Tayden|16|2002|NRST|British Columbia|2018-12-14|Ontario Junior International|56.66|611
8|Bernard, Graysen|16|2002|TSC|Ontario|2018-11-04|NYAC Cup|56.71|609
9|Lau, Alvin|16|2001|MST~|Ontario|2018-12-08|Youth Cup|57.33|589
10|Ghaziri, Ramy|16|2003|LMRL|Québec|2019-04-27|3è Régionale de l'est-du-Québec|57.58|582
11|LeBuke, James|16|2002|CSSSC|British Columbia|2018-12-14|Ontario Junior International|57.68|579
12|Celsi, Damian|16|2002|TSC|Ontario|2018-12-14|Ontario Junior International|57.78|576
13|Louie, Eric|16|2002|CONNU|British Columbia|2018-12-15|JP Fiset Invitational|57.96|570
14|Morin, Felix-Antoine|16|2001|SHER|Québec|2018-11-11|Festival provincial par équipe section 2|58.01|569
15|Caux, William|16|2001|CASE|Québec|2018-11-11|Festival provincial par équipe section 2|58.06|567
16|Fullum-Huot, Edouard|16|2002|NN|Québec|2018-12-14|Ontario Junior International|58.16|564
17|Langman, Kelton|16|2002|CW|Ontario|2018-12-07|Invitation Provinciale AA-AAA Pointe-Claire 2018|58.27|561
17|Hébert, Félix|16|2002|CNQ|Québec|2018-12-14|Ontario Junior International|58.27|561
19|Robins, Philippe|16|2002|PCSC|Québec|2018-12-14|Ontario Junior International|58.30|560
20|Milanovich, Alexander|16|2002|ESWIM|Ontario|2018-11-10|2018 Age Group International SC|58.41|557
21|Goh, Joel|16|2002|VPSC|British Columbia|2018-12-16|Rapids Fast-Swim Classic|58.47|556
22|DeGraaf, Quinn|16|2002|WAC|Ontario|2018-10-14|WAC Pentathlon|58.48|555
23|Belkhelladi, Yanis|16|2001|ELITE|Québec|2018-12-07|Invitation Provinciale AA-AAA Pointe-Claire 2018|58.65|550
24|Kennedy, Nicholas|16|2002|UCSC|Alberta|2018-11-24|UCSC TT|58.72|548
25|Florea, Christian|16|2002|MSSAC|Ontario|2018-12-01|Neptune International (CSPO 25m)|58.73|548
26|Moreno Aleu, Marc|16|2002|BTSC|Ontario|2019-02-02|2019 Huronia SC Regional Championships|58.74|548
27|Guthro, Matthew|16|2002|MMST|Ontario|2018-12-09|Border City Invitational|58.76|547
28|Marcial, Charles|16|2002|MSSAC|Ontario|2018-12-01|Neptune International (CSPO 25m)|58.78|547
29|Pfeifer, Scott|16|2001|SKSC|British Columbia|2018-10-13|PSW Fall Invitational|58.83|545
30|Sparkes, Logan|16|2002|SPART|British Columbia|2018-12-14|Ontario Junior International|58.91|543
31|Tong, Eric|16|2002|WDSC|British Columbia|2018-12-16|Rapids Fast-Swim Classic|58.93|543
32|Tran, David|16|2002|CYPS|Ontario|2018-11-10|2018 Age Group International SC|58.94|542
33|Landry, Nathan|16|2002|CW|Ontario|2018-12-07|Invitation Provinciale AA-AAA Pointe-Claire 2018|58.95|542
34|Quirie, David|16|2002|NKB|Ontario|2018-10-21|2018 NKB Fall Invitational|58.99|541
35|Okugawa, Asahi|16|2002|SCAR|Ontario|2019-04-26|2019 Ontario Team Challenge|59.01|540
36|Banville, Noah|16|2002|CNQ|Québec|2018-12-09|Défi Nez-Rouge 2018|59.14|537
37|Pei, Samuel|16|2002|RAPID|British Columbia|2018-12-16|Rapids Fast-Swim Classic|59.16|536
38|Carlyle-Locke, Cameron|16|2001|UCRO|Ontario|2018-11-24|2018 CSL Snowflake Invitational|59.22|535
39|Bourbonniere, Nicholas|16|2002|WS|Ontario|2018-11-30|2018 Union Cup|59.24|534
40|Carrier, Sébastien|16|2003|MY|Québec|2019-05-04|Invitation du Printemps|59.26|534
41|McDonald, Thomas|16|2003|GMAC|Ontario|2019-05-11|Rally for Regionals|59.29|533
42|Bailey, Michael|16|2001|NYAC|Ontario|2018-10-20|Downtown Sprint Meet|59.33|532
43|Ortiz, Pablo|16|2002|COBRA|Ontario|2018-12-08|Youth Cup|59.37|531
44|Duong, Raymond|16|2002|APEX|Ontario|2018-12-14|Ontario Junior International|59.43|529
45|Gallant, Jacob|16|2002|FAST|New Brunswick|2018-12-01|Neptune International (CSPO 25m)|59.50|527
46|Hess, Apollo|16|2002|LASC|Alberta|2018-10-21|Fall Challenge|59.52|527
47|Placek, Ethan|16|2001|WS|Ontario|2018-11-10|2018 Age Group International SC|59.53|526
47|Hosang, Jordan|16|2002|CP|Alberta|2019-03-03|Provincials - Short Course|59.53|526
49|Bird, Liam|16|2002|ESWIM|Ontario|2018-10-13|2018 Hall of Fame Meet|59.59|525
50|Boucher, Charles-Antoine|16|2002|GAMIN|Québec|2018-12-08|29e Challenge GAMIN - Invitation provincial|59.65|523