RANK|ATHLETES|AGE|YOB|CLUB|PROVINCE|DATE|MEET|TIME|FINA
1|Quirie, David|16|2002|NKB|Ontario|2018-12-16|Ontario Junior International|15:14.97|796
2|Brown, Eric|16|2002|PCSC|Québec|2018-12-16|Ontario Junior International|15:29.30|759
3|McGillivray, Michael|16|2002|ROD|Saskatchewan|2018-12-13|ManSask Championships Short Course Open Championships|15:31.15|755
4|Li, Stanford|16|2002|PCSC|Québec|2018-11-04|Festival provincial par équipe section 1|15:54.15|702
5|Sparkes, Logan|16|2002|SPART|British Columbia|2018-12-16|Ontario Junior International|16:03.42|682
6|Janvier, Hugo|16|2002|PCSC|Québec|2018-12-16|Ontario Junior International|16:06.44|675
7|Clawson-Honeyman, Liam|16|2002|NG|Québec|2018-12-16|Ontario Junior International|16:07.19|674
8|Edwards, Drew|16|2002|EKSC|Alberta|2019-01-18|Blue Bears 2019|16:09.03|670
9|Yu, Larry|16|2002|ISC|British Columbia|2018-12-07|16th Annual XMAS Cracker Invitational|16:12.23|663
10|Wheeler, Myles|16|2002|SPART|British Columbia|2018-12-16|Ontario Junior International|16:12.79|662
11|Gutierrez, Juan Antonio|16|2002|UVPCS|British Columbia|2018-11-10|ISC 2018 Bennett Cup|16:19.04|649
12|Vidal Simoes, Gabriel|16|2001|TSC|Ontario|2018-12-16|Ontario Junior International|16:21.94|644
13|Mailloux, Jackson|16|2002|PCSC|Québec|2018-12-06|Invitation Provinciale AA-AAA Pointe-Claire 2018|16:22.51|643
14|Field, Sean|16|2002|PCSC|Québec|2018-12-16|Ontario Junior International|16:22.79|642
15|Côté, Jonathan|16|2002|UL|Québec|2018-11-30|Invitation provinciale 2018|16:23.66|640
16|Durcak, Emerson|16|2002|WS|Ontario|2018-11-30|2018 Union Cup|16:24.20|639
17|DeGraaf, Quinn|16|2002|WAC|Ontario|2018-12-07|Border City Invitational|16:28.55|631
18|Patten, Nathaniel|16|2002|OSC|Alberta|2018-12-13|JP Fiset Invitational|16:32.71|623
19|MacPherson, Callum|16|2002|OAK|Ontario|2018-11-08|2018 Age Group International SC|16:34.82|619
20|Kus, Patrick|16|2002|MAC|Ontario|2018-11-04|NYAC Cup|16:38.17|613
21|Poulos, George|16|2002|BORC|Ontario|2018-12-08|Invitation provinciale AA-AAA Noël + Développement 11-12 ans CAMO|16:39.49|610
22|Qu, Allen|16|2002|UCSC|Alberta|2018-12-09|Youth Cup|16:40.23|609
23|Pei, Samuel|16|2002|RAPID|British Columbia|2018-12-14|Rapids Fast-Swim Classic|16:42.66|605
24|Bissett, William|16|2002|CASC|Alberta|2018-12-13|JP Fiset Invitational|16:42.79|604
25|Wei, ShuRen|16|2002|ESWIM|Ontario|2018-11-08|2018 Age Group International SC|16:45.52|599
26|Wheatcroft, Thomas|16|2002|TSC|Ontario|2018-11-08|2018 Age Group International SC|16:46.37|598
27|Cowan, Jordan|16|2002|UVPCS|British Columbia|2018-11-10|ISC 2018 Bennett Cup|16:46.89|597
28|Haycock, Jack|16|2002|LAC|Ontario|2019-01-31|2019 Western Region SC Champs|16:47.56|596
29|Bird, Liam|16|2002|ESWIM|Ontario|2019-01-11|2019 Etobicoke A-B Meet|16:50.58|590
30|Boyle, Ethan|16|2002|HTAC|Nova Scotia|2018-12-16|Age Group Development Meet|16:54.17|584
31|Mckay, Caleb|16|2002|PCSC|Québec|2018-12-16|Ontario Junior International|16:55.03|583
32|Rambo, Jacob|16|2002|UVPCS|British Columbia|2018-11-10|ISC 2018 Bennett Cup|16:55.30|582
33|Lungu, Nicolas|16|2001|CAMO|Québec|2018-11-04|Festival provincial par équipe section 1|16:55.78|581
34|McLeod, Lorne|16|2001|PCSC|Québec|2018-11-04|Festival provincial par équipe section 1|16:57.15|579
35|Omielan, Eric|16|2002|PCSC|Québec|2018-12-06|Invitation Provinciale AA-AAA Pointe-Claire 2018|16:57.79|578
36|Tierney, Blake|16|2002|GOLD|Saskatchewan|2018-11-25|Goldfins Invitational|16:59.09|576
37|Carlin, Lucas|16|2002|WSSC|Ontario|2018-12-07|Border City Invitational|17:11.87|555
38|Swain, Liam|16|2002|UCSC|Alberta|2018-12-13|ManSask Championships Short Course Open Championships|17:12.91|553
39|Rusu, Edward-Christian|16|2001|ELITE|Québec|2018-11-04|Festival provincial par équipe section 1|17:13.35|552
40|Bahng, Ethan|16|2002|PSW|British Columbia|2019-01-13|2019 Hyack Icebreaker Classic|17:15.86|548
41|Bourbonniere, Nicholas|16|2002|WS|Ontario|2018-11-30|2018 Union Cup|17:17.36|546
42|Paquet, Bruno|16|2002|UL|Québec|2018-11-04|Festival provincial par équipe section 1|17:19.90|542
43|Maloney, Evan|16|2002|OSC|Alberta|2018-12-13|JP Fiset Invitational|17:20.21|541
44|Moffatt, Aidan|16|2002|GO|Ontario|2019-02-03|2019 Eastern Ontario Regional Championships (SC/LC)|17:21.38|540
45|Jardine, Ryan|16|2002|SWAT|Nova Scotia|2018-12-16|Age Group Development Meet|17:21.82|539
46|Buisson, Victor|16|2002|CNQ|Québec|2018-11-04|Festival provincial par équipe section 1|17:23.42|536
47|Kutun, Bora|16|2002|TSC|Ontario|2018-11-08|2018 Age Group International SC|17:23.48|536
48|Tatic, Malcolm|16|2002|WAC|Ontario|2019-01-19|WAC Cup 1|17:23.73|536
49|Hall, Josiah|16|2002|EKSC|Alberta|2018-12-13|JP Fiset Invitational|17:24.04|535
50|Rey- Bouley, Merlin|16|2002|CASO|Québec|2019-02-22|Championnat provincial groupe d'âge AA d'hiver - section Ouest|17:24.60|535