RANK|ATHLETES|AGE|YOB|CLUB|PROVINCE|DATE|MEET|TIME|FINA
1|Pratt, Cole|16|2002|CASC|Alberta|2018-12-14|Ontario Junior International|1:48.03|778
2|LeBuke, James|16|2002|CSSSC|British Columbia|2018-12-14|Ontario Junior International|1:50.55|726
3|MacPherson, Callum|16|2002|OAK|Ontario|2018-12-14|Ontario Junior International|1:50.58|725
4|McGillivray, Michael|16|2002|ROD|Saskatchewan|2018-12-16|ManSask Championships Short Course Open Championships|1:50.82|720
5|Liendo, Joshua|16|2002|NYAC|Ontario|2018-12-07|Youth Cup|1:51.04|716
6|Robins, Philippe|16|2002|PCSC|Québec|2018-12-14|Ontario Junior International|1:51.69|704
7|Migneault, Justice|16|2002|SKSC|British Columbia|2018-12-14|Ontario Junior International|1:52.32|692
8|Kim, Joshua|16|2002|LOSC|British Columbia|2018-12-14|Ontario Junior International|1:52.58|687
9|Quirie, David|16|2002|NKB|Ontario|2019-02-02|2019 Eastern Ontario Regional Championships (SC/LC)|1:52.68|685
10|Fletcher, Isaac|16|2002|LASC|Alberta|2018-12-14|JP Fiset Invitational|1:52.90|681
11|Dyke-Elliott, Ethan|16|2002|RHAC|Ontario|2018-12-07|Youth Cup|1:53.37|673
12|Duong, Raymond|16|2002|APEX|Ontario|2018-12-14|Ontario Junior International|1:53.55|670
13|Pei, Samuel|16|2002|RAPID|British Columbia|2019-07-28|SKSC Summer Fest|1:53.62|668
14|Oswald, Brendan|16|2002|WAC|Ontario|2019-01-19|WAC Cup 1|1:54.21|658
15|Fullum-Huot, Edouard|16|2002|NN|Québec|2018-12-14|Ontario Junior International|1:54.23|658
16|Zhang, Eric|16|2001|RHAC|Ontario|2018-11-09|2018 Age Group International SC|1:54.57|652
17|Li, Stanford|16|2002|PCSC|Québec|2018-12-07|Invitation Provinciale AA-AAA Pointe-Claire 2018|1:54.63|651
18|DeGraaf, Quinn|16|2002|WAC|Ontario|2018-12-14|Ontario Junior International|1:54.67|650
19|Brown, Eric|16|2002|PCSC|Québec|2018-12-07|Invitation Provinciale AA-AAA Pointe-Claire 2018|1:54.68|650
20|Kennedy, Nicholas|16|2002|UCSC|Alberta|2018-12-07|Youth Cup|1:55.04|644
21|Bird, Liam|16|2002|ESWIM|Ontario|2018-11-09|2018 Age Group International SC|1:55.38|638
22|Yu, Larry|16|2002|ISC|British Columbia|2019-01-26|Vancouver Island Regional SC Championships|1:55.59|635
23|Cyr, Mathieu|16|2002|CASC|Alberta|2018-10-26|Cascade Speed Meet|1:55.64|634
24|Qu, Allen|16|2002|UCSC|Alberta|2018-12-07|Youth Cup|1:55.69|633
25|OGILVIE, KEIR|16|2002|UVPCS|British Columbia|2018-12-07|16th Annual XMAS Cracker Invitational|1:55.71|633
26|Gallant, Jacob|16|2002|FAST|New Brunswick|2019-02-01|NB Open Cup - Coupe NB|1:55.79|632
26|Placek, Ethan|16|2001|WS|Ontario|2018-11-09|2018 Age Group International SC|1:55.79|632
28|Tierney, Blake|16|2002|GOLD|Saskatchewan|2018-12-16|ManSask Championships Short Course Open Championships|1:55.84|631
29|Clawson-Honeyman, Liam|16|2002|NG|Québec|2018-12-14|Ontario Junior International|1:56.02|628
30|Field, Sean|16|2002|PCSC|Québec|2018-12-14|Ontario Junior International|1:56.12|626
31|Smith, Aidan|16|2002|WVOSC|British Columbia|2018-12-16|ManSask Championships Short Course Open Championships|1:56.33|623
32|Gutierrez, Juan Antonio|16|2002|UVPCS|British Columbia|2019-01-26|Vancouver Island Regional SC Championships|1:56.61|618
33|Pratt, Kian|16|2002|CASC|Alberta|2018-12-14|Ontario Junior International|1:56.72|617
34|Al-Shareef, Ali|16|2002|UCSC|Alberta|2018-12-07|Youth Cup|1:56.76|616
35|Sparkes, Logan|16|2002|SPART|British Columbia|2018-12-14|Ontario Junior International|1:56.84|615
36|Wheatcroft, Thomas|16|2002|TSC|Ontario|2018-12-14|Ontario Junior International|1:56.93|613
37|Poulos, George|16|2002|BORC|Ontario|2018-12-07|Invitation provinciale AA-AAA Noël + Développement 11-12 ans CAMO|1:57.03|612
38|Pfeifer, Scott|16|2001|SKSC|British Columbia|2018-12-14|Ontario Junior International|1:57.07|611
39|Hébert, Félix|16|2002|CNQ|Québec|2018-12-14|Ontario Junior International|1:57.09|611
40|Ortiz, Pablo|16|2002|COBRA|Ontario|2018-12-01|Neptune International (CSPO 25m)|1:57.15|610
40|Tran, David|16|2002|CYPS|Ontario|2018-12-14|Ontario Junior International|1:57.15|610
42|Morse, Charlie|16|2002|CBAC|Prince-Edward-Island|2018-12-07|Invitation Provinciale AA-AAA Pointe-Claire 2018|1:57.44|605
43|Côté, Jonathan|16|2002|UL|Québec|2018-12-08|Défi Nez-Rouge 2018|1:57.58|603
44|Florea, Christian|16|2002|MSSAC|Ontario|2018-12-14|Ontario Junior International|1:57.64|602
45|Bracho, Canek|16|2001|CW|Ontario|2018-11-18|Expressway Lincoln Fall Invitational|1:57.66|602
46|Boyle, Ethan|16|2002|HTAC|Nova Scotia|2018-12-14|Age Group Development Meet|1:57.70|601
47|Tong, Eric|16|2002|WDSC|British Columbia|2019-06-08|Knights June Jamboree 2019|1:57.75|601
48|Daly Stevens, Trael|16|2002|CT33|Ontario|2019-04-27|2019 Ontario Team Challenge|1:58.01|597
49|Near, Caleb|16|2002|CATS|Ontario|2018-12-14|Ontario Junior International|1:58.02|596
50|Edwards, Drew|16|2002|EKSC|Alberta|2018-12-14|JP Fiset Invitational|1:58.03|596