RANK|AGES|CLUB|TEAM|PROVINCE|DATE|MEET|TIME|FINA
1|16 - 16|UVic Pacific Coast Swimming|UVPCSA|British Columbia|2018-11-10|ISC 2018 Bennett Cup|1:47.11|603
2|16 - 16|Windsor Aquatic Club|WAC A|Ontario|2018-11-11|2018 Age Group International SC|1:50.52|549
3|16 - 16|Mallards Swim Team|MST~ A|Ontario|2018-11-25|Alex Baumann Invitational|1:52.41|522
4|16 - 16|Cascade Swim Club|CASC A|Alberta|2018-10-26|Cascade Speed Meet|1:53.41|508
5|16 - 16|Island Swimming Club|ISC A|British Columbia|2018-11-11|Vancouver Island Regional SC Championships|1:54.59|492
6|16 - 16|University Of Calgary Swim Club|UCSC A|Alberta|2018-10-20|UCSC Fall Start Up|1:55.70|478
7|16 - 16|La Swim Club|LASC A|Alberta|2018-10-26|Cascade Speed Meet|1:57.23|460
8|16 - 16|University Of Calgary Swim Club|UCSC B|Alberta|2018-10-26|Cascade Speed Meet|1:57.28|459
9|16 - 16|Cascade Swim Club|CASC B|Alberta|2018-10-26|Cascade Speed Meet|1:57.55|456
10|16 - 16|York Swim Club|YORK A|Ontario|2019-02-24|Central Region SC C Champs (Winter)|1:59.65|432
11|16 - 16|Trent Swim Club|TRENTA|Ontario|2019-02-02|2019 Huronia SC Regional Championships|2:00.69|421
12|16 - 16|Hollyburn Swim Team|HST A|British Columbia|2018-12-01|Hollyburn Invitational|2:00.92|419
13|16 - 16|Whitby Swimming|WD A|Ontario|2018-11-30|2018 Union Cup|2:01.38|414
14|16 - 16|Nanaimo Riptide Swim Team|NRST A|British Columbia|2018-11-11|Vancouver Island Regional SC Championships|2:02.03|408
15|16 - 16|Island Swimming Club|ISC C|British Columbia|2018-11-11|ISC 2018 Bennett Cup|2:03.13|397
16|16 - 16|West Vancouver Otters|WVOSCD|British Columbia|2018-10-13|SFU-SFA LMR Swim Meet|2:03.21|396
17|16 - 16|Orillia Channel Cats|CATS A|Ontario|2018-11-30|2018 Union Cup|2:04.34|385
18|16 - 16|Gander Lakers Swim Club|LAKERA|Newfoundland|2018-11-03|Gander Fall Invitational|2:04.50|384
19|16 - 16|Orillia Channel Cats|CATS B|Ontario|2019-02-03|2019 Huronia SC Regional Championships|2:04.66|382
20|16 - 16|Bathurst BLAST|BLASTA|New Brunswick|2018-11-17|BLAST INVITATIONAL|2:05.94|371
21|16 - 16|Natation Ste-Foy Haute St-Charles|NSH B|Québec|2019-04-27|Défi QNI AllTides|2:07.40|358
22|16 - 16|Club Aquatique Sud-Ouest|CASO B|Québec|2019-04-20|Intra Club #3 Caso - 20 avril 2019|2:07.86|354
23|16 - 16|Charlottetown Bluephins Aquatic Club|CBAC B|Prince-Edward-Island|2019-01-12|Garden of the Gulf|2:08.82|346
24|16 - 16|Owen Sound Aquatic Club|OSAC C|Ontario|2019-02-03|2019 Huronia SC Regional Championships|2:11.35|327
25|16 - 16|Owen Sound Aquatic Club|OSAC D|Ontario|2019-02-03|2019 Huronia SC Regional Championships|2:12.24|320
26|16 - 16|Chinook Swim Club|CHIN A|British Columbia|2019-05-25|Whistler Seawolves Invitational|2:13.13|314
27|16 - 16|Sault Surge Aquatic Team|SSAT A|Ontario|2018-11-10|2018 Sault Surge Pentathlon|2:13.91|308
28|16 - 16|KISU Swim Club|KISU A|British Columbia|2019-03-03|2019 3rd Annual Winter Regional A Championships|2:15.38|298
29|16 - 16|Cochrane Comets Swim Club|COMETB|Alberta|2019-05-11|Fast & Furious Invitational|2:15.64|297
30|16 - 16|Kelowna Aquajets|KAJ J|British Columbia|2018-11-18|2018 KAJ Fall Classic|2:17.19|287
31|16 - 16|Saint John Fundy Aquatic Club|TIDE G|New Brunswick|2019-03-16|March Madness Premier #4 Sussex NB|2:53.57|141