RANK|ATHLETES|AGE|YOB|CLUB|PROVINCE|DATE|MEET|TIME|FINA
1|Pratt, Cole|16|2002|CASC|Alberta|2018-12-14|Ontario Junior International|4:10.66|829
2|Gallant, Jacob|16|2002|FAST|New Brunswick|2018-12-14|Ontario Junior International|4:17.70|763
3|Cyr, Mathieu|16|2002|CASC|Alberta|2018-12-14|Ontario Junior International|4:25.39|698
4|Lau, Alvin|16|2001|MST~|Ontario|2018-12-14|Ontario Junior International|4:25.73|696
5|Li, Stanford|16|2002|PCSC|Québec|2018-12-14|Ontario Junior International|4:26.06|693
6|Brown, Eric|16|2002|PCSC|Québec|2018-12-14|Ontario Junior International|4:26.12|693
7|Milne, Colton|16|2002|NKB|Ontario|2018-12-14|Ontario Junior International|4:26.84|687
8|Oswald, Brendan|16|2002|WAC|Ontario|2018-12-14|Ontario Junior International|4:28.04|678
9|Migneault, Justice|16|2002|SKSC|British Columbia|2018-12-14|Ontario Junior International|4:29.39|668
10|Field, Sean|16|2002|PCSC|Québec|2018-12-14|Ontario Junior International|4:29.74|665
11|Rambo, Jacob|16|2002|UVPCS|British Columbia|2018-12-09|16th Annual XMAS Cracker Invitational|4:29.98|663
12|McGillivray, Michael|16|2002|ROD|Saskatchewan|2018-12-16|ManSask Championships Short Course Open Championships|4:30.52|659
13|Quirie, David|16|2002|NKB|Ontario|2018-11-10|2018 Age Group International SC|4:30.84|657
14|Bourbonniere, Nicholas|16|2002|WS|Ontario|2018-12-14|Ontario Junior International|4:31.67|651
15|Wheeler, Myles|16|2002|SPART|British Columbia|2018-12-14|Ontario Junior International|4:32.91|642
16|Pfeifer, Scott|16|2001|SKSC|British Columbia|2018-12-14|Ontario Junior International|4:34.08|634
17|Clawson-Honeyman, Liam|16|2002|NG|Québec|2018-12-14|Ontario Junior International|4:34.15|633
18|Park, Kevin|16|2003|CREST|Ontario|2019-04-27|2019 Ontario Team Challenge|4:35.22|626
19|Pei, Samuel|16|2002|RAPID|British Columbia|2018-12-15|Rapids Fast-Swim Classic|4:35.36|625
20|Kim, Joshua|16|2002|LOSC|British Columbia|2018-11-03|LOSC 12th Annual Short Course Invitational|4:35.70|623
21|Wang, Michael|16|2003|ESWIM|Ontario|2019-01-13|2019 Etobicoke A-B Meet|4:37.16|613
22|Edwards, Drew|16|2002|EKSC|Alberta|2019-01-20|Blue Bears 2019|4:37.32|612
23|Côté, Jonathan|16|2002|UL|Québec|2018-12-14|Ontario Junior International|4:37.51|611
24|Pratt, Kian|16|2002|CASC|Alberta|2018-12-14|Ontario Junior International|4:38.25|606
25|Wheatcroft, Thomas|16|2002|TSC|Ontario|2018-12-14|Ontario Junior International|4:38.37|605
26|Mckay, Caleb|16|2002|PCSC|Québec|2018-12-14|Ontario Junior International|4:38.63|603
27|Qu, Allen|16|2002|UCSC|Alberta|2018-12-07|Youth Cup|4:39.57|597
28|Lewington, Mackenzie|16|2002|PGB|British Columbia|2019-01-19|PGB 50M 200IM 400IM JAN 19 Time Trial|4:39.96|595
29|Poulos, George|16|2002|BORC|Ontario|2018-12-07|Invitation provinciale AA-AAA Noël + Développement 11-12 ans CAMO|4:40.57|591
30|Yu, Larry|16|2002|ISC|British Columbia|2018-12-09|16th Annual XMAS Cracker Invitational|4:40.96|588
31|Chapman, Thomas|16|2002|UVPCS|British Columbia|2018-12-09|16th Annual XMAS Cracker Invitational|4:42.60|578
32|Okugawa, Asahi|16|2002|SCAR|Ontario|2019-04-27|2019 Ontario Team Challenge|4:43.09|575
33|Janvier, Hugo|16|2002|PCSC|Québec|2018-12-07|Invitation Provinciale AA-AAA Pointe-Claire 2018|4:43.57|572
34|De Pol, Tayden|16|2002|NRST|British Columbia|2019-01-26|Vancouver Island Regional SC Championships|4:43.82|571
35|Carlyle-Locke, Cameron|16|2001|UCRO|Ontario|2018-12-07|Gatineau Grand Prix|4:43.87|570
36|Durocher, Elliot|16|2002|BLUE|Québec|2018-11-03|Festival provincial par équipe section 3|4:43.95|570
37|Lungu, Nicolas|16|2001|CAMO|Québec|2018-12-07|Invitation provinciale AA-AAA Noël + Développement 11-12 ans CAMO|4:44.00|570
38|Rusu, Edward-Christian|16|2001|ELITE|Québec|2018-12-07|Invitation Provinciale AA-AAA Pointe-Claire 2018|4:44.24|568
39|Park, Fergus|16|2002|CW|Ontario|2018-12-07|Invitation Provinciale AA-AAA Pointe-Claire 2018|4:44.49|567
40|Boyle, Ethan|16|2002|HTAC|Nova Scotia|2018-12-14|Age Group Development Meet|4:44.75|565
40|Quigley, James|16|2002|LAC|Ontario|2018-11-23|LAC - Nothers Fall Invitational|4:44.75|565
42|Paz, Andres|16|2002|CW|Ontario|2018-12-07|Invitation Provinciale AA-AAA Pointe-Claire 2018|4:45.23|562
43|Landry, Nathan|16|2002|CW|Ontario|2018-12-07|Invitation Provinciale AA-AAA Pointe-Claire 2018|4:45.26|562
44|Gutierrez, Juan Antonio|16|2002|UVPCS|British Columbia|2018-12-09|16th Annual XMAS Cracker Invitational|4:45.61|560
45|Florea, Christian|16|2002|MSSAC|Ontario|2018-11-30|Neptune International (CSPO 25m)|4:45.67|560
46|Hess, Apollo|16|2002|LASC|Alberta|2018-10-28|Cascade Speed Meet|4:45.82|559
47|Haycock, Jack|16|2002|LAC|Ontario|2018-11-23|LAC - Nothers Fall Invitational|4:45.90|558
48|Slinn, Calvin|16|2003|WDSC|British Columbia|2019-07-28|SKSC Summer Fest|4:46.60|554
49|OGILVIE, KEIR|16|2002|UVPCS|British Columbia|2019-01-26|Vancouver Island Regional SC Championships|4:47.26|550
50|Wei, ShuRen|16|2002|ESWIM|Ontario|2018-12-07|Invitation Provinciale AA-AAA Pointe-Claire 2018|4:48.10|546