RANK|ATHLETES|AGE|YOB|CLUB|PROVINCE|DATE|MEET|TIME|FINA
1|Liendo, Joshua|16|2002|NYAC|Ontario|2018-12-15|Ontario Junior International|21.67|817
2|LeBuke, James|16|2002|CSSSC|British Columbia|2018-12-15|Ontario Junior International|22.72|709
3|Fullum-Huot, Edouard|16|2002|NN|Québec|2018-12-15|Ontario Junior International|22.89|693
4|Milanovich, Alexander|16|2002|ESWIM|Ontario|2018-12-15|Ontario Junior International|23.45|644
5|Olafson, Thor Yu-Xing|16|2002|VPSC|British Columbia|2018-12-16|Rapids Fast-Swim Classic|23.66|627
6|Tong, Eric|16|2002|WDSC|British Columbia|2018-12-16|Rapids Fast-Swim Classic|23.77|619
7|Bracho, Canek|16|2001|CW|Ontario|2018-10-13|2018 Hall of Fame Meet|23.79|617
7|MacPherson, Callum|16|2002|OAK|Ontario|2018-12-15|Ontario Junior International|23.79|617
9|Boucher, Charles-Antoine|16|2002|GAMIN|Québec|2018-10-14|C'est un départ|23.83|614
10|Griffith, Samuel|16|2001|NYAC|Ontario|2018-12-15|Ontario Junior International|23.86|612
11|Fletcher, Isaac|16|2002|LASC|Alberta|2018-12-16|JP Fiset Invitational|23.92|607
12|Bagrianski, Misha|16|2002|RAMAC|Ontario|2019-01-13|2019 Etobicoke A-B Meet|23.95|605
13|Tierney, Blake|16|2002|GOLD|Saskatchewan|2018-12-14|ManSask Championships Short Course Open Championships|23.97|603
14|Pfeifer, Scott|16|2001|SKSC|British Columbia|2018-12-15|Ontario Junior International|24.01|600
15|Caux, William|16|2001|CASE|Québec|2018-11-10|Festival provincial par équipe section 2|24.12|592
16|Boguski, Daniel|16|2002|SEALS|Manitoba|2018-12-14|ManSask Championships Short Course Open Championships|24.14|591
17|Henderson, Toby|16|2002|GGST|Ontario|2018-12-08|Gatineau Grand Prix|24.15|590
18|Tran, David|16|2002|CYPS|Ontario|2018-12-15|Ontario Junior International|24.17|588
19|Baker, Justin|16|2001|NYAC|Ontario|2018-10-20|Downtown Sprint Meet|24.20|586
20|Quirie, David|16|2002|NKB|Ontario|2018-12-02|Neptune International (CSPO 25m)|24.27|581
21|Dyke-Elliott, Ethan|16|2002|RHAC|Ontario|2018-12-08|Youth Cup|24.31|578
22|Wang, Lucas|16|2001|WEST|Ontario|2018-11-09|Swim International 2018|24.33|577
23|Dennett, Liam|16|2003|UCSC|Alberta|2019-03-08|UCSC Team Champs|24.34|576
23|Wang, Justin|16|2002|RHAC|Ontario|2018-11-10|2018 Age Group International SC|24.34|576
25|Jean, Eric|16|2002|CNBO|New Brunswick|2019-02-02|NB Open Cup - Coupe NB|24.35|575
26|Placek, Ethan|16|2001|WS|Ontario|2018-11-10|2018 Age Group International SC|24.39|573
26|Near, Caleb|16|2002|CATS|Ontario|2019-02-02|2019 Huronia SC Regional Championships|24.39|573
28|Smith, Aidan|16|2002|WVOSC|British Columbia|2018-12-14|ManSask Championships Short Course Open Championships|24.40|572
29|Gallant, Jacob|16|2002|FAST|New Brunswick|2019-02-03|NB Open Cup - Coupe NB|24.42|571
29|Morse, Charlie|16|2002|CBAC|Prince-Edward-Island|2019-01-12|Garden of the Gulf|24.42|571
31|Wang, Charles|16|2001|UCSC|Alberta|2018-10-27|Cascade Speed Meet|24.47|567
32|Yang, Bryan|16|2002|MST~|Ontario|2018-11-24|Alex Baumann Invitational|24.50|565
32|Kim, Joshua|16|2002|LOSC|British Columbia|2018-12-08|16th Annual XMAS Cracker Invitational|24.50|565
32|Bernard, Graysen|16|2002|TSC|Ontario|2018-10-20|Downtown Sprint Meet|24.50|565
35|Ortiz, Pablo|16|2002|COBRA|Ontario|2018-12-08|Youth Cup|24.52|564
36|Kennedy, Nicholas|16|2002|UCSC|Alberta|2018-12-08|Youth Cup|24.53|563
36|Belkhelladi, Yanis|16|2001|ELITE|Québec|2018-11-04|Festival provincial par équipe section 1|24.53|563
38|Cyr, Mathieu|16|2002|CASC|Alberta|2018-10-27|Rocky Mountain Cup|24.54|562
39|Acton, Daniel|16|2002|HHBF|Ontario|2019-04-26|2019 Ontario Team Challenge|24.56|561
40|Terejko, Josiah|16|2002|WRMS|Ontario|2018-12-15|Ontario Junior International|24.60|558
41|Erlich, Yan|16|2002|UMAN|Manitoba|2018-12-14|ManSask Championships Short Course Open Championships|24.64|555
42|Park, Kevin|16|2003|CREST|Ontario|2019-04-26|2019 Ontario Team Challenge|24.66|554
43|Hébert, Félix|16|2002|CNQ|Québec|2018-12-07|Défi Nez-Rouge 2018|24.67|553
43|Cariaga, Sebastian|16|2002|CASC|Alberta|2018-12-16|JP Fiset Invitational|24.67|553
45|OGILVIE, KEIR|16|2002|UVPCS|British Columbia|2018-12-08|16th Annual XMAS Cracker Invitational|24.75|548
46|Guo, Andrew|16|2002|UCSC|Alberta|2018-12-14|JP Fiset Invitational|24.79|545
47|Migneault, Justice|16|2002|SKSC|British Columbia|2018-11-10|2018 Brad Reid Memorial Invitational|24.80|545
47|Zhang, Byron|16|2002|MSSAC|Ontario|2018-12-02|Neptune International (CSPO 25m)|24.80|545
49|Banville, Noah|16|2002|CNQ|Québec|2018-11-04|Festival provincial par équipe section 1|24.82|543
50|Huisamen, Alec|16|2002|COMOX|British Columbia|2018-11-10|ISC 2018 Bennett Cup|24.86|541