RANK|ATHLETES|AGE|YOB|CLUB|PROVINCE|DATE|MEET|TIME|FINA
1|Liendo, Joshua|16|2002|NYAC|Ontario|2018-12-07|Youth Cup|57.52|685
2|Pratt, Cole|16|2002|CASC|Alberta|2018-10-20|UCSC Fall Start Up|58.95|636
3|Ghaziri, Ramy|16|2003|LMRL|Québec|2019-04-27|3è Régionale de l'est-du-Québec|59.02|634
4|Bracho, Canek|16|2001|CW|Ontario|2018-11-18|Expressway Lincoln Fall Invitational|59.06|632
5|Quirie, David|16|2002|NKB|Ontario|2018-12-01|Neptune International (CSPO 25m)|59.79|610
6|LeBuke, James|16|2002|CSSSC|British Columbia|2018-10-14|KISU Triple Pentathlon 2018|59.82|609
7|Duong, Raymond|16|2002|APEX|Ontario|2018-12-07|Youth Cup|1:00.58|586
8|Fletcher, Isaac|16|2002|LASC|Alberta|2018-10-20|Fall Challenge|1:00.67|583
9|Louie, Eric|16|2002|CONNU|British Columbia|2018-12-02|2018 Sadownik Memorial Invitational|1:00.68|583
10|Morse, Charlie|16|2002|CBAC|Prince-Edward-Island|2019-04-27|9th Annual Fast and Furious|1:00.70|583
11|Brill, Kameron|16|2003|UCSC|Alberta|2019-06-21|UCSC Team Champs|1:00.74|581
12|Bourbonniere, Nicholas|16|2002|WS|Ontario|2018-12-01|2018 Union Cup|1:00.88|577
13|Qu, Allen|16|2002|UCSC|Alberta|2019-06-21|UCSC Team Champs|1:01.11|571
14|Migneault, Justice|16|2002|SKSC|British Columbia|2018-10-20|2018 OCTOBER SENIOR CIRCUIT|1:01.38|563
15|Dyke-Elliott, Ethan|16|2002|RHAC|Ontario|2018-12-07|Youth Cup|1:01.45|561
16|Tong, Eric|16|2002|WDSC|British Columbia|2019-01-20|Canadian Dolphin New Years Invitational 2019|1:01.46|561
17|Pfeifer, Scott|16|2001|SKSC|British Columbia|2018-10-20|2018 OCTOBER SENIOR CIRCUIT|1:01.47|561
18|Lavoie-Rancourt, Vincent|16|2002|CNQ|Québec|2019-05-04|Invitation du Printemps|1:01.96|548
19|Malouin, Samuel|16|2002|NN|Québec|2018-12-01|Neptune International (CSPO 25m)|1:02.08|545
20|Hess, Apollo|16|2002|LASC|Alberta|2018-10-20|Fall Challenge|1:02.11|544
21|Okugawa, Asahi|16|2002|SCAR|Ontario|2018-10-12|MAC Fall Fest Invitational|1:02.20|541
22|Rohatynsky, Liam|16|2002|UMAN|Manitoba|2018-10-28|Celebrate Swimming Invitational|1:02.21|541
23|McNeill, Hugh|16|2003|LOSC|British Columbia|2019-06-15|June 2019 Time Trial|1:02.83|525
24|Verjee, Chase|16|2002|UCSC|Alberta|2018-12-07|Youth Cup|1:02.98|522
24|Maximenco, Maxim|16|2002|PCSC|Québec|2018-11-25|Bluefins- Invitation Provinciale 11 ans et plus|1:02.98|522
26|Cyr, Mathieu|16|2002|CASC|Alberta|2018-10-20|UCSC Fall Start Up|1:03.27|514
27|Leclerc, Gabriel|16|2002|YKPB|Northwest Territories|2019-02-02|2019 NSA NWT Territorials|1:03.28|514
28|Downing, Kevin|16|2002|NKB|Ontario|2018-12-01|Neptune International (CSPO 25m)|1:03.29|514
29|Cox, Mark|16|2002|MUSAC|Ontario|2018-12-07|Youth Cup|1:03.36|512
30|Darcy, Enzo|16|2003|CNQ|Québec|2019-05-04|Invitation du Printemps|1:03.40|511
31|Carlyle-Locke, Cameron|16|2001|UCRO|Ontario|2018-11-04|Brockville Fall Five|1:03.48|509
32|Pratt, Kian|16|2002|CASC|Alberta|2018-11-18|KSC SC Invitational 2018|1:03.70|504
33|Leigh, Jeremy|16|2002|AQUA|New Brunswick|2018-12-14|Championat par équipe Marianne Limpert|1:03.84|501
34|Couture, Philippe|16|2002|UL|Québec|2018-12-01|Invitation provinciale 2018|1:04.05|496
35|Perron, Victor|16|2002|UL|Québec|2019-04-27|Défi QNI AllTides|1:04.25|491
36|Al-Shareef, Ali|16|2002|UCSC|Alberta|2019-06-21|UCSC Team Champs|1:04.41|488
37|Walker, Tristan|16|2002|COBRA|Ontario|2018-12-01|Neptune International (CSPO 25m)|1:04.56|484
38|LeBlanc, Mathieu|16|2002|CNBO|New Brunswick|2018-12-15|9th Annual Elf Extravaganza|1:04.58|484
39|Roberge, Charles|16|2002|LMRL|Québec|2018-10-20|Régionale 1 RDL 20 octobre|1:04.62|483
39|Guo, Andrew|16|2002|UCSC|Alberta|2019-03-08|UCSC Team Champs|1:04.62|483
41|Langman, Kelton|16|2002|CW|Ontario|2018-11-18|Expressway Lincoln Fall Invitational|1:04.69|481
42|Han, Ryan|16|2002|SPART|British Columbia|2018-10-14|KISU Triple Pentathlon 2018|1:04.71|481
43|Sparkes, Logan|16|2002|SPART|British Columbia|2018-10-14|KISU Triple Pentathlon 2018|1:04.80|479
44|Haycock, Jack|16|2002|LAC|Ontario|2018-10-21|LAC - Fall Startup Part 2|1:04.84|478
45|Rowsell, Nick|16|2002|LAKER|Newfoundland|2018-10-20|Deer Lake Dolphins Fall Invitational 2018|1:04.87|477
46|Gurash, John|16|2002|FS|Saskatchewan|2018-11-11|NCSA Fall Invitational 2018|1:04.93|476
47|Mitchell, Sacha|16|2002|CSLA|Québec|2018-12-08|Invitation provinciale des fêtes CSLA|1:04.98|475
48|Mirkovic, Strahinja|16|2002|CP|Alberta|2019-03-03|Provincials - Short Course|1:05.02|474
49|Dennett, Liam|16|2003|UCSC|Alberta|2019-03-08|UCSC Team Champs|1:05.19|470
50|Clawson-Honeyman, Liam|16|2002|NG|Québec|2019-06-08|Finale régionale des Jeux du Québec|1:05.35|467