RANK|ATHLETES|AGE|YOB|CLUB|PROVINCE|DATE|MEET|TIME|FINA
1|Quirie, David|16|2002|NKB|Ontario|2018-12-14|Ontario Junior International|8:02.56|775
2|McGillivray, Michael|16|2002|ROD|Saskatchewan|2018-12-15|ManSask Championships Short Course Open Championships|8:06.60|756
3|Brown, Eric|16|2002|PCSC|Québec|2018-12-16|Ontario Junior International|8:13.03|727
4|Cyr, Mathieu|16|2002|CASC|Alberta|2018-12-14|Ontario Junior International|8:19.20|700
5|Wang, Michael|16|2003|ESWIM|Ontario|2019-01-11|2019 Etobicoke A-B Meet|8:26.07|672
6|Yu, Larry|16|2002|ISC|British Columbia|2018-11-09|ISC 2018 Bennett Cup|8:27.25|668
7|Janvier, Hugo|16|2002|PCSC|Québec|2018-12-14|Ontario Junior International|8:27.40|667
8|Li, Stanford|16|2002|PCSC|Québec|2018-12-16|Ontario Junior International|8:28.12|664
9|Field, Sean|16|2002|PCSC|Québec|2018-12-06|Invitation Provinciale AA-AAA Pointe-Claire 2018|8:31.80|650
10|Edwards, Drew|16|2002|EKSC|Alberta|2018-10-28|Cascade Speed Meet|8:36.41|633
11|Agostinelli Stull, Elijah|16|2002|ISC|British Columbia|2018-12-06|Invitation Provinciale AA-AAA Pointe-Claire 2018|8:38.47|625
12|Haycock, Jack|16|2002|LAC|Ontario|2018-11-23|LAC - Nothers Fall Invitational|8:39.80|620
13|Gutierrez, Juan Antonio|16|2002|UVPCS|British Columbia|2018-12-09|16th Annual XMAS Cracker Invitational|8:41.04|616
14|DeGraaf, Quinn|16|2002|WAC|Ontario|2018-12-07|Border City Invitational|8:41.73|613
15|Durcak, Emerson|16|2002|WS|Ontario|2018-11-30|2018 Union Cup|8:43.25|608
16|Schmidt, Adam|16|2002|LOSC|British Columbia|2018-12-09|16th Annual XMAS Cracker Invitational|8:43.40|608
17|Jardine, Ryan|16|2002|SWAT|Nova Scotia|2018-12-14|Age Group Development Meet|8:44.76|603
18|Poulos, George|16|2002|BORC|Ontario|2018-12-14|Ontario Junior International|8:45.39|601
19|Kim, Joshua|16|2002|LOSC|British Columbia|2018-11-10|November 2018 800/1500 Time Trial|8:47.62|593
20|Gallant, Jacob|16|2002|FAST|New Brunswick|2018-11-17|2018 Fall Splash Invitational|8:48.02|592
21|Tierney, Blake|16|2002|GOLD|Saskatchewan|2018-11-23|Goldfins Invitational|8:50.31|584
22|Tatic, Malcolm|16|2002|WAC|Ontario|2018-12-07|Border City Invitational|8:52.12|578
23|Wei, ShuRen|16|2002|ESWIM|Ontario|2018-11-08|2018 Age Group International SC|8:52.63|576
24|Taylor, Ethan|16|2002|HHBF|Ontario|2018-12-20|2018 Trillium Cup|8:54.27|571
25|Boyle, Ethan|16|2002|HTAC|Nova Scotia|2018-12-02|Age Group Development Meet Fall Series #3|8:54.40|571
26|Bracho, Canek|16|2001|CW|Ontario|2018-11-16|Expressway Lincoln Fall Invitational|8:54.47|571
27|Florea, Christian|16|2002|MSSAC|Ontario|2018-10-19|HARVEST/AUTUMN INVITATIONAL|8:55.22|568
28|Chernomorchenko, Alexander|16|2002|PSW|British Columbia|2018-11-09|2018 Brad Reid Memorial Invitational|8:55.66|567
29|Morin, Felix-Antoine|16|2001|SHER|Québec|2018-11-30|Neptune International (CSPO 25m)|8:55.91|566
30|Khmelevskikh, Philipp|16|2002|RAMAC|Ontario|2019-01-11|2019 Etobicoke A-B Meet|8:56.87|563
31|Carlyle-Locke, Cameron|16|2001|UCRO|Ontario|2018-11-24|2018 CSL Snowflake Invitational|8:57.44|561
32|Qu, Allen|16|2002|UCSC|Alberta|2018-10-28|Cascade Speed Meet|8:58.38|558
33|McLeod, Lorne|16|2001|PCSC|Québec|2018-10-14|Circuit Senior - Étape 1|8:58.46|558
34|Han, Ryan|16|2002|SPART|British Columbia|2018-12-14|Rapids Fast-Swim Classic|8:58.47|558
35|Medler, Alexander|16|2002|ISC|British Columbia|2019-01-25|Vancouver Island Regional SC Championships|8:58.56|558
36|Near, Caleb|16|2002|CATS|Ontario|2019-04-26|2019 Ontario Team Challenge|8:59.60|554
37|Bissett, William|16|2002|CASC|Alberta|2018-10-28|Cascade Speed Meet|8:59.69|554
38|Patten, Nathaniel|16|2002|OSC|Alberta|2019-01-18|Blue Bears 2019|8:59.90|553
39|Sava, Michael Andrew|16|2002|RAMAC|Ontario|2018-11-24|Alex Baumann Invitational|9:00.98|550
40|Paquet, Bruno|16|2002|UL|Québec|2018-12-16|Invitation Provinciale des fêtes avec épreuves Ho! Ho! Eau Libre|9:01.19|550
41|Swain, Liam|16|2002|UCSC|Alberta|2018-12-15|ManSask Championships Short Course Open Championships|9:02.58|545
42|Bourbonniere, Nicholas|16|2002|WS|Ontario|2018-11-30|2018 Union Cup|9:02.78|545
43|Carlin, Lucas|16|2002|WSSC|Ontario|2018-12-07|Border City Invitational|9:03.58|542
44|Zhao, Bradley|16|2002|CP|Alberta|2019-01-18|Pugsley's Plunge 2019|9:04.45|540
45|Kang, Andrew|16|2002|MSSAC|Ontario|2018-11-30|Neptune International (CSPO 25m)|9:05.17|538
46|Milne, Colton|16|2002|NKB|Ontario|2019-02-02|2019 Eastern Ontario Regional Championships (SC/LC)|9:05.19|538
47|De Pol, Tayden|16|2002|NRST|British Columbia|2018-12-19|NRST December Distance Time Trial|9:05.69|536
48|Brennan, James|16|2002|NYAC|Ontario|2019-04-26|2019 Ontario Team Challenge|9:05.75|536
49|Wang, Charles|16|2001|UCSC|Alberta|2018-10-28|Cascade Speed Meet|9:06.28|534
50|Johnston, Andrew|16|2002|BTSC|Ontario|2018-11-30|2018 Barrie Trojan Cup|9:06.46|534