RANK|ATHLETES|AGE|YOB|CLUB|PROVINCE|DATE|MEET|TIME|FINA
1|Pratt, Cole|16|2002|CASC|Alberta|2018-12-16|Ontario Junior International|1:57.46|813
2|Gallant, Jacob|16|2002|FAST|New Brunswick|2018-12-16|Ontario Junior International|2:02.89|709
3|Bernard, Graysen|16|2002|TSC|Ontario|2018-11-03|NYAC Cup|2:04.79|678
4|LeBuke, James|16|2002|CSSSC|British Columbia|2018-12-16|Ontario Junior International|2:05.01|674
5|Quirie, David|16|2002|NKB|Ontario|2018-12-16|Ontario Junior International|2:05.52|666
6|Lau, Alvin|16|2001|MST~|Ontario|2018-12-16|Ontario Junior International|2:05.87|660
7|Pfeifer, Scott|16|2001|SKSC|British Columbia|2018-10-14|PSW Fall Invitational|2:06.17|656
8|Migneault, Justice|16|2002|SKSC|British Columbia|2018-12-16|Ontario Junior International|2:06.90|644
9|Kim, Joshua|16|2002|LOSC|British Columbia|2018-12-16|Ontario Junior International|2:07.02|642
10|Bourbonniere, Nicholas|16|2002|WS|Ontario|2018-12-16|Ontario Junior International|2:07.05|642
11|Park, Kevin|16|2003|CREST|Ontario|2019-04-26|2019 Ontario Team Challenge|2:07.23|639
12|Li, Stanford|16|2002|PCSC|Québec|2018-12-16|Ontario Junior International|2:07.29|638
13|Milanovich, Alexander|16|2002|ESWIM|Ontario|2018-12-16|Ontario Junior International|2:07.96|628
14|Cyr, Mathieu|16|2002|CASC|Alberta|2018-12-16|Ontario Junior International|2:08.35|623
15|Pei, Samuel|16|2002|RAPID|British Columbia|2018-12-14|Rapids Fast-Swim Classic|2:08.39|622
16|Wheeler, Myles|16|2002|SPART|British Columbia|2018-12-16|Ontario Junior International|2:08.79|616
17|Rambo, Jacob|16|2002|UVPCS|British Columbia|2018-12-07|16th Annual XMAS Cracker Invitational|2:09.19|611
18|Côté, Jonathan|16|2002|UL|Québec|2018-12-16|Ontario Junior International|2:09.35|608
19|Wang, Charles|16|2001|UCSC|Alberta|2018-10-27|Cascade Speed Meet|2:09.38|608
20|Brown, Eric|16|2002|PCSC|Québec|2018-12-16|Ontario Junior International|2:09.42|607
21|Carlyle-Locke, Cameron|16|2001|UCRO|Ontario|2018-12-08|Gatineau Grand Prix|2:09.74|603
22|Milne, Colton|16|2002|NKB|Ontario|2018-12-16|Ontario Junior International|2:09.75|603
23|Oswald, Brendan|16|2002|WAC|Ontario|2018-12-08|Border City Invitational|2:09.99|599
24|Field, Sean|16|2002|PCSC|Québec|2018-12-09|Invitation Provinciale AA-AAA Pointe-Claire 2018|2:10.77|589
25|Liu, Horace|16|2001|SKSC|British Columbia|2018-10-14|PSW Fall Invitational|2:11.05|585
26|Tierney, Blake|16|2002|GOLD|Saskatchewan|2018-12-15|ManSask Championships Short Course Open Championships|2:11.07|585
27|Yu, Larry|16|2002|ISC|British Columbia|2018-11-09|ISC 2018 Bennett Cup|2:11.12|584
28|Qu, Allen|16|2002|UCSC|Alberta|2018-12-08|Youth Cup|2:11.16|583
29|Daly Stevens, Trael|16|2002|CT33|Ontario|2019-02-02|Dave Kensit Memorial SC Championship|2:11.44|580
30|Sparkes, Logan|16|2002|SPART|British Columbia|2018-12-16|Ontario Junior International|2:11.73|576
31|Smyth, Conor|16|2001|AAC|Ontario|2018-11-09|2018 Age Group International SC|2:11.92|573
32|Wang, Michael|16|2003|ESWIM|Ontario|2019-01-12|2019 Etobicoke A-B Meet|2:11.94|573
33|Caux, William|16|2001|CASE|Québec|2018-11-09|Festival provincial par équipe section 2|2:11.96|573
34|Fletcher, Isaac|16|2002|LASC|Alberta|2018-10-27|Cascade Speed Meet|2:12.00|572
35|Mckay, Caleb|16|2002|PCSC|Québec|2018-12-16|Ontario Junior International|2:12.06|572
36|Edwards, Drew|16|2002|EKSC|Alberta|2018-12-15|JP Fiset Invitational|2:12.09|571
37|Bird, Liam|16|2002|ESWIM|Ontario|2019-01-12|2019 Etobicoke A-B Meet|2:12.17|570
38|Leclerc, Gabriel|16|2002|YKPB|Northwest Territories|2018-12-15|JP Fiset Invitational|2:12.23|569
39|Clawson-Honeyman, Liam|16|2002|NG|Québec|2018-12-16|Ontario Junior International|2:12.31|568
40|Okugawa, Asahi|16|2002|SCAR|Ontario|2018-12-08|Border City Invitational|2:12.39|567
41|Poulos, George|16|2002|BORC|Ontario|2018-12-08|Invitation provinciale AA-AAA Noël + Développement 11-12 ans CAMO|2:12.60|565
42|Pratt, Kian|16|2002|CASC|Alberta|2018-12-16|Ontario Junior International|2:12.66|564
43|Bracho, Canek|16|2001|CW|Ontario|2018-11-17|Expressway Lincoln Fall Invitational|2:12.74|563
44|Near, Caleb|16|2002|CATS|Ontario|2019-04-26|2019 Ontario Team Challenge|2:12.78|562
45|Durocher, Elliot|16|2002|BLUE|Québec|2018-11-02|Festival provincial par équipe section 3|2:12.85|561
46|Chapman, Thomas|16|2002|UVPCS|British Columbia|2018-12-07|16th Annual XMAS Cracker Invitational|2:12.92|561
47|Aguiar-Winter, Evan|16|2003|OTTER|Ontario|2019-02-01|2019 Huronia SC Regional Championships|2:13.13|558
48|Maximenco, Maxim|16|2002|PCSC|Québec|2018-12-09|Invitation Provinciale AA-AAA Pointe-Claire 2018|2:13.19|557
49|Ford, Daniel|16|2002|KSC|Alberta|2018-12-15|JP Fiset Invitational|2:13.23|557
50|Wagner, Noah|16|2001|ROD|Saskatchewan|2018-10-13|Fall Break Out|2:13.35|555