RANK|ATHLETES|AGE|YOB|CLUB|PROVINCE|DATE|MEET|TIME|FINA
1|Sandhu, Ramneet|14|2005|DELTA|British Columbia|2019-02-10|LMR Championships|1:01.61|696
2|Yeo, Chiok Sze|14|2004|MAC|Ontario|2018-12-14|Ontario Junior International|1:01.98|684
3|Casasanta, Gabriella|14|2004|BRANT|Ontario|2018-12-14|Team Showdown 2018|1:03.19|645
4|Rathwell, Regan|14|2004|GO|Ontario|2018-12-08|Gatineau Grand Prix|1:03.40|639
5|Vander Leek, Teagan|14|2004|EKSC|Alberta|2019-01-20|Blue Bears 2019|1:03.44|637
6|Minic, Catherine|14|2003|GPP|Alberta|2018-12-14|Ontario Junior International|1:03.50|636
7|Bellio, Katrina|14|2004|ESWIM|Ontario|2018-11-10|2018 Age Group International SC|1:03.66|631
8|Wist, Sela|14|2004|ISC|British Columbia|2018-12-16|26th Annual MJB Law Classic SCM|1:04.16|616
9|Stannard, Camryn|14|2004|NRST|British Columbia|2018-12-09|16th Annual XMAS Cracker Invitational|1:04.23|614
10|Kovaluk, Eva|14|2004|NN|Québec|2018-11-04|Festival provincial par équipe section 1|1:04.29|612
11|Miller, Arianna|14|2003|BTSC|Ontario|2018-11-03|2018 Barrie Aquafest|1:04.32|612
12|Hodge, Ashley|14|2004|BORC|Ontario|2018-12-07|Invitation provinciale AA-AAA Noël + Développement 11-12 ans CAMO|1:04.40|609
13|Forrester, Katie|14|2004|OAK|Ontario|2018-11-10|2018 Age Group International SC|1:04.42|609
14|Burnett, Devon|14|2004|ESWIM|Ontario|2018-12-22|2018 Trillium Cup|1:04.49|607
15|Gormley, Breckin|14|2004|CPWD|Ontario|2018-12-14|Ontario Junior International|1:04.53|606
16|Rothery, Freya|14|2004|TSC|Ontario|2018-12-14|Ontario Junior International|1:04.64|602
17|Scott, Martha|14|2004|SWOTT|Ontario|2018-12-08|Gatineau Grand Prix|1:04.68|601
18|Johns, Cadence|14|2004|MJKFF|Saskatchewan|2018-12-14|ManSask Championships Short Course Open Championships|1:04.70|601
19|Stanojlovic, Kaitlyn|14|2004|PCSC|Québec|2018-12-07|Invitation Provinciale AA-AAA Pointe-Claire 2018|1:04.85|597
20|Marovino, Katie|14|2004|ESWIM|Ontario|2018-10-13|2018 Hall of Fame Meet|1:05.24|586
21|Bertrim, Alexandra|14|2004|SLSC|Ontario|2018-12-08|Youth Cup|1:05.26|585
22|Millns, Katie|14|2004|TRIT|Alberta|2018-12-15|JP Fiset Invitational|1:05.38|582
23|Varga, Ella|14|2004|CASC|Alberta|2018-10-26|Cascade Speed Meet|1:05.42|581
24|Barbeau, Simonne|14|2004|NN|Québec|2018-12-01|Neptune International (CSPO 25m)|1:05.44|581
25|Pain, Katie|14|2004|KBM|Ontario|2019-01-19|Winter Invitational|1:05.50|579
26|Tang, Janice|14|2004|VPSC|British Columbia|2018-12-15|JP Fiset Invitational|1:05.54|578
27|Thomas, Erika|14|2004|BTSC|Ontario|2018-12-01|2018 Barrie Trojan Cup|1:05.60|576
28|Wen, Eva|14|2004|HYACK|British Columbia|2018-11-11|2018 Brad Reid Memorial Invitational|1:05.64|575
29|Babatsikos, Eleftheria|14|2004|TSC|Ontario|2018-12-14|Ontario Junior International|1:05.74|573
29|Perron, Jennie|14|2004|UL|Québec|2018-11-04|Festival provincial par équipe section 1|1:05.74|573
31|Drohan, Emma|14|2004|VPSC|British Columbia|2018-11-09|ISC 2018 Bennett Cup|1:05.76|572
32|Drover-Smith, Megan|14|2004|WS|Ontario|2018-12-14|Ontario Junior International|1:05.88|569
33|Gruson, Karina|14|2003|SWOTT|Ontario|2018-12-08|Gatineau Grand Prix|1:05.93|568
34|MACLEAN, KATE|14|2004|KSC|Alberta|2018-10-26|Cascade Speed Meet|1:05.95|567
35|Wasik, Adriana|14|2004|MSSAC|Ontario|2018-12-01|Neptune International (CSPO 25m)|1:05.98|566
36|Lo, Jade|14|2004|ESWIM|Ontario|2019-01-13|2019 Etobicoke A-B Meet|1:06.02|565
37|Cranmer, Isabelle|14|2003|KSC|Alberta|2018-10-26|Cascade Speed Meet|1:06.11|563
38|Housman, Eliza|14|2004|UCSC|Alberta|2018-12-08|Youth Cup|1:06.30|558
39|Bansal, Noor|14|2004|MSSAC|Ontario|2018-12-08|Dash for Cash|1:06.32|558
39|Johnsen, Hannah|14|2003|TBT|Ontario|2018-11-04|NYAC Cup|1:06.32|558
41|French, Hayley|14|2005|UCSC|Alberta|2019-07-13|UCSC Western Finale|1:06.34|557
42|Willar, Megan|14|2004|PCSC|Québec|2018-12-14|Ontario Junior International|1:06.42|555
43|Lord, Raphaëlle|14|2004|CNQ|Québec|2018-12-09|Défi Nez-Rouge 2018|1:06.55|552
44|Antonen, Tara|14|2004|TSC|Ontario|2018-12-08|Youth Cup|1:06.58|551
45|Gallagher, Hannah|14|2004|ROW|Ontario|2019-02-01|2019 Western Region SC Champs|1:06.60|551
46|Bartoch, Heidi|14|2004|HWAC|Nova Scotia|2018-12-15|Age Group Development Meet|1:06.74|547
47|Beauchemin, Maulie|14|2003|ELITE|Québec|2018-11-04|Festival provincial par équipe section 1|1:06.78|546
48|Goodreau, Alexandra|14|2003|LAC|Ontario|2018-11-24|LAC - Nothers Fall Invitational|1:06.80|546
49|Jakeman, Olivia|14|2004|HST|British Columbia|2018-11-04|LOSC 12th Annual Short Course Invitational|1:06.82|545
50|Liu, Beidi|14|2004|NKB|Ontario|2018-12-01|Neptune International (CSPO 25m)|1:06.89|544