RANK|ATHLETES|AGE|YOB|CLUB|PROVINCE|DATE|MEET|TIME|FINA
1|Vander Leek, Teagan|14|2004|EKSC|Alberta|2018-12-14|JP Fiset Invitational|25.95|718
2|Housman, Eliza|14|2004|UCSC|Alberta|2019-07-13|UCSC Western Finale|26.29|690
3|Scholes, Dylan|14|2004|OAK|Ontario|2018-12-15|Ontario Junior International|26.37|684
4|Kelly, Payton|14|2004|CASC|Alberta|2018-12-16|JP Fiset Invitational|26.45|678
5|Goldin, Sadie|14|2004|RAMAC|Ontario|2018-12-15|Ontario Junior International|26.52|672
6|Yeo, Chiok Sze|14|2004|MAC|Ontario|2018-12-15|Ontario Junior International|26.59|667
7|Kraetzer, Andrea|14|2004|KAJ|British Columbia|2018-12-15|26th Annual MJB Law Classic SCM|26.66|662
8|Gray, Cassidy|14|2004|HYACK|British Columbia|2018-12-08|Youth Cup|26.72|657
8|Wieclawek, Blythe|14|2005|CATS|Ontario|2019-07-13|UCSC Western Finale|26.72|657
10|Liang, Christey|14|2004|EKSC|Alberta|2018-12-16|JP Fiset Invitational|26.75|655
11|Babatsikos, Eleftheria|14|2004|TSC|Ontario|2018-12-15|Ontario Junior International|26.82|650
11|Rathwell, Regan|14|2004|GO|Ontario|2018-12-08|Gatineau Grand Prix|26.82|650
13|Willar, Megan|14|2004|PCSC|Québec|2018-12-15|Ontario Junior International|26.89|645
14|McKenzie, Teagan|14|2004|UCSC|Alberta|2019-02-01|UCSC Grand Prix|26.93|642
15|Varga, Ella|14|2004|CASC|Alberta|2018-12-15|Ontario Junior International|26.97|639
16|Stannard, Camryn|14|2004|NRST|British Columbia|2018-12-09|16th Annual XMAS Cracker Invitational|27.04|634
17|Kovaluk, Eva|14|2004|NN|Québec|2018-11-03|Festival provincial par équipe section 1|27.05|634
18|De Jager, Emily|14|2004|SPART|British Columbia|2018-11-10|2018 Brad Reid Memorial Invitational|27.08|632
19|Wen, Eva|14|2004|HYACK|British Columbia|2018-12-08|Youth Cup|27.12|629
20|Almasi, Grayson|14|2003|CP|Alberta|2018-10-27|Cascade Speed Meet|27.23|621
21|Hodge, Ashley|14|2004|BORC|Ontario|2018-12-10|Invitation provinciale AA-AAA Noël + Développement 11-12 ans CAMO|27.31|616
22|Millns, Katie|14|2004|TRIT|Alberta|2018-12-16|JP Fiset Invitational|27.34|614
23|Tremblay, Marie-Christine|14|2004|CNBO|New Brunswick|2019-04-27|9th Annual Fast and Furious|27.37|612
24|Bellio, Katrina|14|2004|ESWIM|Ontario|2018-12-21|2018 Trillium Cup|27.39|610
24|Wall, Ava|14|2004|KISU|British Columbia|2018-12-15|26th Annual MJB Law Classic SCM|27.39|610
26|James, Megan|14|2004|MANTA|Manitoba|2018-12-14|ManSask Championships Short Course Open Championships|27.45|606
27|Pain, Katie|14|2004|KBM|Ontario|2018-12-08|Gatineau Grand Prix|27.46|606
28|Lehman, Delaney|14|2004|RDCSC|Alberta|2019-01-20|Blue Bears 2019|27.48|604
29|Whitmore, Aly|14|2004|NEW|Ontario|2018-12-08|Border City Invitational|27.49|604
29|Lo, Jade|14|2004|ESWIM|Ontario|2018-11-10|2018 Age Group International SC|27.49|604
31|Guest, Shea|14|2004|LASER|Saskatchewan|2018-12-14|ManSask Championships Short Course Open Championships|27.50|603
31|Fack, Zadie|14|2004|PSW|British Columbia|2018-12-16|Rapids Fast-Swim Classic|27.50|603
33|Howe, Ella|14|2004|LASER|Saskatchewan|2018-12-14|ManSask Championships Short Course Open Championships|27.53|601
34|Ingram, Tayla|14|2004|SOSC|British Columbia|2018-11-17|2018 KAJ Fall Classic|27.54|600
34|Dunn, Gabrielle|14|2004|EKSC|Alberta|2018-12-16|JP Fiset Invitational|27.54|600
36|Tchaptchet, Diany|14|2004|ELITE|Québec|2018-11-04|Festival provincial par équipe section 1|27.55|600
37|Ward, Hannah|14|2004|NHAC|Ontario|2019-02-02|2019 Western Region SC Champs|27.56|599
37|Nagy, Ella|14|2004|OAK|Ontario|2018-12-09|Youth Cup|27.56|599
39|Williams, Abigail|14|2004|SJL|Newfoundland|2018-12-07|Invitation Provinciale AA-AAA Pointe-Claire 2018|27.57|598
39|L'Archeveque, Alicia|14|2004|UCSC|Alberta|2019-03-08|UCSC Team Champs|27.57|598
41|Minic, Catherine|14|2003|GPP|Alberta|2018-11-18|2018 PGBSC Medical Northern Invitational|27.58|598
42|McNicol, Emily|14|2004|GHAC|Ontario|2019-02-02|2019 Western Region SC Champs|27.59|597
42|O'Shea, Tatum|14|2004|AAC|Ontario|2019-02-09|Central Region B Champs 2019|27.59|597
44|Giroux, Calli|14|2004|UCSC|Alberta|2019-07-13|UCSC Western Finale|27.62|595
45|Lynch, Hailey|14|2003|WS|Ontario|2018-11-30|2018 Union Cup|27.64|594
46|Gormley, Breckin|14|2004|CPWD|Ontario|2018-12-15|Ontario Junior International|27.65|593
47|Mastel, Berlin|14|2004|AMAC|Alberta|2018-11-17|Skin Technologies Marlin Marquee Invitational|27.66|593
48|Masselink, Thea|14|2004|ISC|British Columbia|2018-12-08|16th Annual XMAS Cracker Invitational|27.67|592
49|Tremblay, Raphaelle|14|2004|LMRL|Québec|2018-12-07|Défi Nez-Rouge 2018|27.70|590
49|Mcara, Chloe|14|2004|PCSC|Québec|2018-12-07|Invitation Provinciale AA-AAA Pointe-Claire 2018|27.70|590