RANK|ATHLETES|AGE|YOB|CLUB|PROVINCE|DATE|MEET|TIME|FINA
1|Kovaluk, Eva|14|2004|NN|Québec|2018-12-01|Neptune International (CSPO 25m)|1:05.73|677
2|Minic, Catherine|14|2003|GPP|Alberta|2018-11-16|2018 PGBSC Medical Northern Invitational|1:06.16|664
3|Rathwell, Regan|14|2004|GO|Ontario|2018-10-13|GO Kingfish Blue and Orange Pentathlon|1:06.19|663
4|Scholes, Dylan|14|2004|OAK|Ontario|2018-12-07|Youth Cup|1:06.52|653
5|McMillan, Ashley|14|2004|KISU|British Columbia|2018-10-20|2018 OCTOBER SENIOR CIRCUIT|1:06.97|640
6|McKenzie, Teagan|14|2004|UCSC|Alberta|2019-06-21|UCSC Team Champs|1:07.28|632
7|Tremblay, Raphaelle|14|2004|LMRL|Québec|2019-01-27|Inter-provinciale LMRL 2019|1:07.85|616
8|Pietrantonio, Alexia|14|2004|LMRL|Québec|2018-12-01|Neptune International (CSPO 25m)|1:07.93|614
9|L'Archeveque, Alicia|14|2004|UCSC|Alberta|2019-06-21|UCSC Team Champs|1:08.18|607
10|Perron, Jennie|14|2004|UL|Québec|2018-12-01|Invitation provinciale 2018|1:08.65|594
11|Chaput, Oksana|14|2003|MANTA|Manitoba|2018-10-28|Celebrate Swimming Invitational|1:08.71|593
12|Giroux, Calli|14|2004|UCSC|Alberta|2019-06-21|UCSC Team Champs|1:08.80|591
13|Leslie, Kamryn|14|2004|UCSC|Alberta|2019-03-08|UCSC Team Champs|1:08.91|588
14|Strong, Jessica|14|2004|HST|British Columbia|2019-01-20|Canadian Dolphin New Years Invitational 2019|1:09.16|581
15|Housman, Eliza|14|2004|UCSC|Alberta|2019-06-21|UCSC Team Champs|1:09.64|569
16|Soucy, Mathylde|14|2005|UL|Québec|2019-05-04|Invitation du Printemps|1:09.68|568
17|Liu, Beidi|14|2004|NKB|Ontario|2018-12-01|Neptune International (CSPO 25m)|1:09.89|563
18|MACLEAN, KATE|14|2004|KSC|Alberta|2018-11-18|KSC SC Invitational 2018|1:10.01|560
19|Brown, Claire|14|2003|PGB|British Columbia|2018-11-16|2018 PGBSC Medical Northern Invitational|1:10.30|554
20|Katterhagen, Ryenne|14|2004|UCSC|Alberta|2019-03-08|UCSC Team Champs|1:10.70|544
21|Vetter, Delrae|14|2004|AMAC|Alberta|2018-10-20|Fall Challenge|1:10.84|541
22|Hwang, Emma|14|2004|CHENA|British Columbia|2018-10-20|2018 OCTOBER SENIOR CIRCUIT|1:10.93|539
23|Gruson, Karina|14|2003|SWOTT|Ontario|2018-10-27|SWOTT Team October Invitational|1:11.01|537
24|Markwart, Emily|14|2004|WS|Ontario|2018-12-01|2018 Union Cup|1:11.02|537
25|Jakeman, Olivia|14|2004|HST|British Columbia|2019-01-20|Canadian Dolphin New Years Invitational 2019|1:11.07|536
26|Adelman, Melissa|14|2004|ROD|Saskatchewan|2018-11-11|NCSA Fall Invitational 2018|1:11.08|536
26|Lothian, Finley|14|2004|LASC|Alberta|2018-10-20|Fall Challenge|1:11.08|536
28|Scott, Martha|14|2004|SWOTT|Ontario|2018-12-01|Invitation provinciale 2018|1:11.09|535
29|Tremblay, Marie-Christine|14|2004|CNBO|New Brunswick|2019-04-27|9th Annual Fast and Furious|1:11.15|534
30|McKinley, Abigail|14|2003|TIDE|New Brunswick|2018-10-20|Invitational #1|1:11.51|526
31|Mastel, Berlin|14|2004|AMAC|Alberta|2018-11-18|Skin Technologies Marlin Marquee Invitational|1:11.59|524
32|Lemoyne, Marie-Hélène|14|2005|MEGO|Québec|2019-04-27|Défi QNI AllTides|1:11.61|524
33|Cannings, Kaycee|14|2004|UCSC|Alberta|2019-06-21|UCSC Team Champs|1:11.82|519
34|Epp, Erin|14|2004|KAJ|British Columbia|2018-10-14|KISU Triple Pentathlon 2018|1:11.89|518
35|Bertrim, Alexandra|14|2004|SLSC|Ontario|2018-10-20|NEOR Developmental Meet #1|1:11.94|517
36|Fedderson, Kathryn|14|2005|UCSC|Alberta|2019-03-08|UCSC Team Champs|1:11.99|515
37|Robertson, Maggie|14|2004|DDO|Québec|2018-11-17|Open Sprint SAMAK 2018|1:12.10|513
38|Wall, Jenna|14|2004|CT33|Ontario|2019-01-20|NEOR 3|1:12.11|513
39|Richter, Jytte|14|2004|CP|Alberta|2019-01-19|Pugsley's Plunge 2019|1:12.18|511
40|Holden, Megan|14|2004|MPM|Newfoundland|2018-10-20|PSC Rock the Block 2018|1:12.22|511
41|Jackson, Jessica|14|2004|AAC|Ontario|2018-12-07|Youth Cup|1:12.43|506
42|Demidenok, Sonya|14|2004|LAC|Ontario|2018-10-21|LAC - Fall Startup Part 2|1:12.48|505
43|French, Hayley|14|2005|UCSC|Alberta|2019-03-08|UCSC Team Champs|1:12.60|503
44|Martinez-Corchado, Alexa|14|2004|BBST|Ontario|2018-10-21|Kingston Blue Marlins Pentathlon|1:12.81|498
45|MacLeod, Elliott (Ellie)|14|2004|SDSC|Prince-Edward-Island|2019-04-27|9th Annual Fast and Furious|1:12.89|497
46|Ouellet, Alyssa|14|2004|LMRL|Québec|2018-12-01|Neptune International (CSPO 25m)|1:12.94|496
47|Lachance, Emily|14|2004|RL|Québec|2019-04-27|Défi QNI AllTides|1:12.97|495
47|Martin, Élodie|14|2004|NES|New Brunswick|2018-12-14|Championat par équipe Marianne Limpert|1:12.97|495
49|Varga, Ella|14|2004|CASC|Alberta|2018-10-20|UCSC Fall Start Up|1:13.10|492
50|Rusnakova, Natalia|14|2004|UCSC|Alberta|2019-06-21|UCSC Team Champs|1:13.14|492