RANK|AGES|CLUB|TEAM|PROVINCE|DATE|MEET|TIME|FINA
1|14 - 14|Loups Marins de Rivière-du-Loup|LMRL M|Québec|2018-11-09|Festival provincial par équipe section 2|4:04.02|606
2|14 - 14|Loups Marins de Rivière-du-Loup|LMRL A|Québec|2018-12-01|Neptune International (CSPO 25m)|4:08.14|576
3|14 - 14|Toronto Swim Club|TSC A|Ontario|2018-12-08|Youth Cup|4:08.25|575
4|14 - 14|Club De Natation Bleu Et Or|CNBO A|New Brunswick|2018-12-15|NB Open Cup - Coupe NB|4:15.83|526
5|14 - 14|C.N. Région de Québec|CNQ H|Québec|2019-02-24|Championnat provincial groupe d'âge AA d'hiver - section Est|4:17.48|516
6|14 - 14|North York Aquatic Club|NYAC A|Ontario|2018-12-08|Youth Cup|4:17.74|514
7|14 - 14|C.N. Région de Québec|CNQ E|Québec|2019-06-29|Championnat provincial groupe d'âge AA d'été - section Est|4:18.12|512
8|14 - 14|C.A. St-Eustache|CASE A|Québec|2019-02-24|Championnat provincial groupe d'âge AA d'hiver - section Ouest|4:18.22|511
9|14 - 14|Codiac Vikings Aquatic Club|CVAC B|New Brunswick|2019-02-01|NB Open Cup - Coupe NB|4:23.22|483
10|14 - 14|C.A. Régional de l'Abitibi-Témiscamingue|CARA A|Québec|2019-02-24|Championnat provincial groupe d'âge AA d'hiver - section Ouest|4:29.61|449
11|14 - 14|Unik Pont-Rouge|UNIK A|Québec|2019-02-24|Championnat provincial groupe d'âge AA d'hiver - section Est|4:34.75|424
12|14 - 14|Trent Swim Club|TRENTA|Ontario|2018-11-17|Black blue and orange|4:37.19|413
13|14 - 14|Les Loutres|LLOU C|Québec|2018-11-02|Festival provincial par équipe section 5 - Sud|4:48.03|368
14|14 - 14|Yarmouth Y Whitecaps|YYW A|Nova Scotia|2019-02-15|AA Winter Champs|4:48.36|367
15|14 - 14|Halifax Trojan Aquatic Club|HTAC A|Nova Scotia|2019-03-31|AA Age Group Development Meet Two|4:59.42|328
16|14 - 14|Club aquatique Pointe de l'Ile|CAPI A|Québec|2018-11-09|Festival provincial par équipe section 5 - Ouest|5:14.88|282
17|14 - 14|Saint John Fundy Aquatic Club|TIDE B|New Brunswick|2018-10-20|Invitational #1|5:24.00|259