RANK|ATHLETES|AGE|YOB|CLUB|PROVINCE|DATE|MEET|TIME|FINA
1|McMillan, Ashley|14|2004|KISU|British Columbia|2018-12-15|Ontario Junior International|2:32.94|681
2|Barbeau, Simonne|14|2004|NN|Québec|2018-11-04|Festival provincial par équipe section 1|2:34.36|662
3|Harri, Isabel|14|2004|TBT|Ontario|2018-12-08|Youth Cup|2:34.56|660
4|Lo, Jade|14|2004|ESWIM|Ontario|2019-01-13|2019 Etobicoke A-B Meet|2:35.55|647
5|Hwang, Emma|14|2004|CHENA|British Columbia|2018-12-16|Rapids Fast-Swim Classic|2:36.95|630
6|Berrigan, Meghan|14|2004|EKSC|Alberta|2019-01-20|Blue Bears 2019|2:37.66|621
7|Vézina, Corinne|14|2004|ELITE|Québec|2018-12-08|Invitation Provinciale AA-AAA Pointe-Claire 2018|2:37.81|620
8|Rathwell, Regan|14|2004|GO|Ontario|2018-11-04|GO Fall Invitational|2:38.37|613
9|Burnett, Devon|14|2004|ESWIM|Ontario|2019-01-13|2019 Etobicoke A-B Meet|2:38.63|610
10|Bond, Madison|14|2004|TCSC|Nova Scotia|2018-12-14|Age Group Development Meet|2:38.74|609
11|Kraetzer, Andrea|14|2004|KAJ|British Columbia|2018-12-15|26th Annual MJB Law Classic SCM|2:39.28|603
12|Giroux, Calli|14|2004|UCSC|Alberta|2018-12-08|Youth Cup|2:40.12|593
12|Crawford, Sarah|14|2004|RAPID|British Columbia|2018-12-16|Rapids Fast-Swim Classic|2:40.12|593
14|Bellio, Katrina|14|2004|ESWIM|Ontario|2018-12-21|2018 Trillium Cup|2:40.23|592
15|L'Archeveque, Alicia|14|2004|UCSC|Alberta|2018-12-08|Youth Cup|2:41.60|577
16|Hodge, Ashley|14|2004|BORC|Ontario|2018-12-10|Invitation provinciale AA-AAA Noël + Développement 11-12 ans CAMO|2:41.73|576
17|Tremblay, Raphaelle|14|2004|LMRL|Québec|2019-06-08|Finale régionale|2:42.14|571
18|Lau, Nicole|14|2004|DUCKS|Ontario|2018-12-15|Ontario Junior International|2:42.47|568
19|Strong, Jessica|14|2004|HST|British Columbia|2018-11-04|LOSC 12th Annual Short Course Invitational|2:42.68|566
20|Kwon, Jiwoo|14|2004|RHAC|Ontario|2018-11-11|2018 Age Group International SC|2:42.87|564
21|Currie, Blake|14|2004|VPSC|British Columbia|2018-12-16|JP Fiset Invitational|2:42.88|563
22|Wist, Sela|14|2004|ISC|British Columbia|2019-01-26|Vancouver Island Regional SC Championships|2:43.31|559
23|Thomas, Jordan|14|2004|KLAC|Ontario|2019-02-02|Dave Kensit Memorial SC Championship|2:43.61|556
24|Toyata, Ava|14|2004|KAJ|British Columbia|2018-12-15|26th Annual MJB Law Classic SCM|2:43.68|555
25|Gruson, Karina|14|2003|SWOTT|Ontario|2018-12-07|Gatineau Grand Prix|2:44.23|550
26|Ball, Alyssa|14|2004|BBF|Québec|2018-11-11|Festival provincial par équipe section 5 - Nord|2:44.28|549
27|Lightheart, Ella|14|2004|BTSC|Ontario|2018-12-02|2018 Barrie Trojan Cup|2:44.31|549
28|Russell, Molly|14|2004|UCSC|Alberta|2018-12-14|ManSask Championships Short Course Open Championships|2:44.50|547
29|Perron, Jennie|14|2004|UL|Québec|2018-12-09|Défi Nez-Rouge 2018|2:44.93|543
30|Jeon, So Hyun|14|2005|CDNDG|Québec|2019-06-28|Championnat provincial groupe d'âge AA d'été - Ouest|2:44.96|542
31|Clavelle, Ashley|14|2004|ISC|British Columbia|2018-12-08|Invitation Provinciale AA-AAA Pointe-Claire 2018|2:45.31|539
32|Wood, Makena|14|2004|LASC|Alberta|2018-12-16|JP Fiset Invitational|2:45.40|538
33|Tuck, Kate|14|2004|USC|Ontario|2018-12-08|Youth Cup|2:45.44|538
34|Ethier, Danika|14|2004|KAP|Ontario|2019-02-02|Dave Kensit Memorial SC Championship|2:45.71|535
35|Bogdan, Nina|14|2004|NEW|Ontario|2018-12-09|Border City Invitational|2:45.88|533
36|Ouellet, Mathilde|14|2003|MEGO|Québec|2018-11-11|Festival provincial par équipe section 2|2:45.93|533
37|Barrault, Amelia|14|2004|WGB|Yukon|2019-04-26|2019 Yukon Invitational Championships|2:45.99|532
38|Crawford, Maggie|14|2004|UCRO|Ontario|2018-12-07|Gatineau Grand Prix|2:46.18|531
39|Dreyer, Kassua|14|2004|WGB|Yukon|2018-12-09|16th Annual XMAS Cracker Invitational|2:46.20|530
40|Stannard, Camryn|14|2004|NRST|British Columbia|2019-01-26|Vancouver Island Regional SC Championships|2:46.27|530
41|Kovaluk, Eva|14|2004|NN|Québec|2018-11-30|Neptune International (CSPO 25m)|2:46.29|529
41|Lam, Olivia|14|2003|CSLA|Québec|2018-11-11|Festival provincial par équipe section 2|2:46.29|529
43|Mullen, Maxeen|14|2004|TRENT|Ontario|2018-11-04|2018 Barrie Aquafest|2:46.31|529
44|Stewart, Kieran|14|2004|CW|Ontario|2018-12-08|Invitation Provinciale AA-AAA Pointe-Claire 2018|2:46.36|529
45|Bougie, Marie-Élaine|14|2004|CNRB|Québec|2018-12-09|Défi Nez-Rouge 2018|2:46.54|527
46|Zhang, Jessica|14|2004|WVOSC|British Columbia|2018-12-09|16th Annual XMAS Cracker Invitational|2:46.59|527
47|Bilodeau, Sophie|14|2004|PASS|Saskatchewan|2018-12-14|ManSask Championships Short Course Open Championships|2:46.83|524
48|Casasanta, Alanna|14|2004|BRANT|Ontario|2018-11-09|Swim International 2018|2:46.91|524
49|Vetter, Delrae|14|2004|AMAC|Alberta|2018-12-16|JP Fiset Invitational|2:47.02|523
50|Abbott, Hailey|14|2004|CCSC|Ontario|2019-02-01|2019 Huronia SC Regional Championships|2:47.55|518