RANK|ATHLETES|AGE|YOB|CLUB|PROVINCE|DATE|MEET|TIME|FINA
1|Barbeau, Simonne|14|2004|NN|Québec|2018-11-02|Festival provincial par équipe section 1|33.04|651
2|Lehman, Delaney|14|2004|RDCSC|Alberta|2018-12-15|JP Fiset Invitational|33.08|648
3|Strong, Jessica|14|2004|HST|British Columbia|2018-12-07|Invitation Provinciale AA-AAA Pointe-Claire 2018|33.12|646
4|Giroux, Calli|14|2004|UCSC|Alberta|2019-03-08|UCSC Team Champs|33.40|630
5|Lau, Nicole|14|2004|DUCKS|Ontario|2018-11-10|2018 Age Group International SC|33.44|628
6|L'Archeveque, Alicia|14|2004|UCSC|Alberta|2019-03-08|UCSC Team Champs|33.46|627
7|Lam, Olivia|14|2003|CSLA|Québec|2018-11-09|Festival provincial par équipe section 2|33.47|626
8|Hwang, Emma|14|2004|CHENA|British Columbia|2018-12-14|Rapids Fast-Swim Classic|33.49|625
9|Vézina, Corinne|14|2004|ELITE|Québec|2018-12-07|Invitation Provinciale AA-AAA Pointe-Claire 2018|33.53|623
10|Tremblay, Raphaelle|14|2004|LMRL|Québec|2018-12-01|Neptune International (CSPO 25m)|33.62|618
11|Kovaluk, Eva|14|2004|NN|Québec|2018-12-01|Neptune International (CSPO 25m)|33.63|617
12|Epp, Erin|14|2004|KAJ|British Columbia|2018-12-14|26th Annual MJB Law Classic SCM|33.82|607
13|Lo, Jade|14|2004|ESWIM|Ontario|2019-01-12|2019 Etobicoke A-B Meet|34.22|586
14|Rathwell, Regan|14|2004|GO|Ontario|2018-10-13|GO Kingfish Blue and Orange Pentathlon|34.40|577
15|Currie, Blake|14|2004|VPSC|British Columbia|2018-12-15|JP Fiset Invitational|34.43|575
16|Ouellet, Mathilde|14|2003|MEGO|Québec|2018-11-09|Festival provincial par équipe section 2|34.52|571
17|Kwon, Jiwoo|14|2004|RHAC|Ontario|2018-11-10|2018 Age Group International SC|34.70|562
18|Wood, Makena|14|2004|LASC|Alberta|2018-10-28|Cascade Speed Meet|34.76|559
19|Wen, Eva|14|2004|HYACK|British Columbia|2019-06-08|Knights June Jamboree 2019|34.88|553
20|Katterhagen, Ryenne|14|2004|UCSC|Alberta|2018-12-15|UCSC Holiday Classic|34.98|548
21|Bond, Madison|14|2004|TCSC|Nova Scotia|2018-12-16|Age Group Development Meet|35.03|546
21|Neilson, Kennedy|14|2004|CASC|Alberta|2018-12-15|JP Fiset Invitational|35.03|546
23|Crawford, Sarah|14|2004|RAPID|British Columbia|2018-12-14|Rapids Fast-Swim Classic|35.04|546
23|Wall, Jenna|14|2004|CT33|Ontario|2018-11-04|2018 Barrie Aquafest|35.04|546
25|Crawford, Maggie|14|2004|UCRO|Ontario|2018-12-07|Gatineau Grand Prix|35.23|537
26|McCallum, Kayla|14|2004|NEW|Ontario|2018-12-09|Border City Invitational|35.24|536
26|Leung, Lauren|14|2004|RAPID|British Columbia|2019-07-28|SKSC Summer Fest|35.24|536
28|Bougie, Marie-Élaine|14|2004|CNRB|Québec|2018-12-09|Défi Nez-Rouge 2018|35.27|535
29|Toyata, Ava|14|2004|KAJ|British Columbia|2018-12-14|26th Annual MJB Law Classic SCM|35.37|530
30|Ross, Mackenzie|14|2004|NORAC|Ontario|2018-12-07|Gatineau Grand Prix|35.39|530
31|Graham, Miyanna|14|2004|RDCSC|Alberta|2018-12-15|JP Fiset Invitational|35.40|529
32|Van Der Griend, Tianna|14|2003|PCSC|Québec|2018-11-02|Festival provincial par équipe section 1|35.42|528
33|Gordon, Karling|14|2004|GHAC|Ontario|2018-11-02|NYAC Cup|35.44|527
34|Dobson, Ella|14|2004|SWAT|Nova Scotia|2018-12-16|Age Group Development Meet|35.47|526
35|Ball, Alyssa|14|2004|BBF|Québec|2018-11-09|Festival provincial par équipe section 5 - Nord|35.49|525
36|Alarilla, Isabelle|14|2004|NCSA|Alberta|2018-12-15|ManSask Championships Short Course Open Championships|35.50|525
37|Murphy, Cleo|14|2004|LAC|Ontario|2019-02-02|2019 Western Region SC Champs|35.51|524
38|Bernard, Rhys|14|2004|TSC|Ontario|2018-12-09|Border City Invitational|35.53|523
39|Barrault, Amelia|14|2004|WGB|Yukon|2019-04-26|2019 Yukon Invitational Championships|35.58|521
40|McMillan, Ashley|14|2004|KISU|British Columbia|2018-10-14|KISU Triple Pentathlon 2018|35.64|518
41|Hudyma, Madison|14|2004|EKSC|Alberta|2018-12-15|JP Fiset Invitational|35.65|518
42|Guy, Jenna|14|2004|WTSC|Nova Scotia|2018-12-16|Age Group Development Meet|35.66|518
43|Richter, Jytte|14|2004|CP|Alberta|2018-10-20|UCSC Fall Start Up|35.71|515
44|JOHNSTON, CHLOE|14|2004|TNL|Ontario|2019-02-02|Dave Kensit Memorial SC Championship|35.72|515
45|Furmanic, Ana|14|2005|GOLD|Saskatchewan|2019-07-14|UCSC Western Finale|35.73|515
46|Kolber, Kate|14|2004|EKSC|Alberta|2018-12-07|16th Annual XMAS Cracker Invitational|35.76|513
47|Tang, Janice|14|2004|VPSC|British Columbia|2018-12-15|JP Fiset Invitational|35.78|512
48|McKenzie, Teagan|14|2004|UCSC|Alberta|2019-06-21|UCSC Team Champs|35.84|510
49|Tyrrell, Sarah|14|2004|LAC|Ontario|2019-02-02|2019 Western Region SC Champs|35.87|509
50|Fedderson, Kathryn|14|2005|UCSC|Alberta|2019-02-01|UCSC Grand Prix|35.88|508