RANK|ATHLETES|AGE|YOB|CLUB|PROVINCE|DATE|MEET|TIME|FINA
1|Rathwell, Regan|14|2004|GO|Ontario|2018-12-16|Ontario Junior International|2:10.16|768
2|Varga, Ella|14|2004|CASC|Alberta|2018-12-16|Ontario Junior International|2:11.37|747
3|Masselink, Thea|14|2004|ISC|British Columbia|2018-12-08|16th Annual XMAS Cracker Invitational|2:14.10|702
4|Drover-Smith, Megan|14|2004|WS|Ontario|2018-12-16|Ontario Junior International|2:14.38|698
5|James, Megan|14|2004|MANTA|Manitoba|2018-12-15|ManSask Championships Short Course Open Championships|2:15.04|688
6|Scholes, Dylan|14|2004|OAK|Ontario|2018-12-09|Youth Cup|2:15.18|686
7|Leslie, Kamryn|14|2004|UCSC|Alberta|2018-12-15|ManSask Championships Short Course Open Championships|2:16.14|671
8|Burnett, Devon|14|2004|ESWIM|Ontario|2018-11-10|2018 Age Group International SC|2:16.60|664
9|Nagy, Ella|14|2004|OAK|Ontario|2018-12-09|Youth Cup|2:17.81|647
10|Beauchemin, Maulie|14|2003|ELITE|Québec|2018-11-03|Festival provincial par équipe section 1|2:18.10|643
11|Johns, Cadence|14|2004|MJKFF|Saskatchewan|2018-12-15|ManSask Championships Short Course Open Championships|2:18.48|638
12|Bellio, Katrina|14|2004|ESWIM|Ontario|2018-12-22|2018 Trillium Cup|2:18.85|633
12|Wen, Eva|14|2004|HYACK|British Columbia|2019-06-08|Knights June Jamboree 2019|2:18.85|633
14|Buche, Jacqueline|14|2003|PCSC|Québec|2018-11-03|Festival provincial par équipe section 1|2:19.11|629
15|Pietrantonio, Alexia|14|2004|LMRL|Québec|2018-12-09|Défi Nez-Rouge 2018|2:19.58|623
16|Shen, Allison|14|2004|HYACK|British Columbia|2019-05-12|SFU-SFA LMR Swim Meet|2:19.60|623
17|Lo, Jade|14|2004|ESWIM|Ontario|2018-11-10|2018 Age Group International SC|2:19.61|622
18|Fack, Zadie|14|2004|PSW|British Columbia|2018-12-15|Rapids Fast-Swim Classic|2:20.39|612
19|Daigle, Elsa|14|2004|TSC|Ontario|2018-12-16|Ontario Junior International|2:20.45|611
20|Kovaluk, Eva|14|2004|NN|Québec|2018-11-03|Festival provincial par équipe section 1|2:20.60|609
21|Tran, Madeleine|14|2004|CYPS|Ontario|2018-12-16|Ontario Junior International|2:20.61|609
22|Bosco, Josie|14|2004|TSC|Ontario|2018-11-02|NYAC Cup|2:20.81|607
23|Gage, Kyla|14|2004|PCSC|Québec|2018-12-08|Invitation Provinciale AA-AAA Pointe-Claire 2018|2:21.10|603
24|Forrester, Katie|14|2004|OAK|Ontario|2018-12-16|Ontario Junior International|2:21.76|594
25|Milanovich, Julianna|14|2003|ESWIM|Ontario|2018-11-10|2018 Age Group International SC|2:21.89|593
26|Minic, Catherine|14|2003|GPP|Alberta|2018-11-04|Cygnet Dental & Junction Point Physical Therapy Fast Track into Fall|2:22.18|589
27|Stokes, Natalie|14|2004|MAC|Ontario|2018-11-02|NYAC Cup|2:22.37|587
28|Tyrrell, Sarah|14|2004|LAC|Ontario|2018-12-16|Team Showdown 2018|2:22.41|586
29|Kelly, Payton|14|2004|CASC|Alberta|2018-12-15|JP Fiset Invitational|2:22.74|582
30|Luong, Emily|14|2004|AAC|Ontario|2018-12-09|Youth Cup|2:22.79|582
31|O'Shea, Tatum|14|2004|AAC|Ontario|2018-12-09|Youth Cup|2:22.95|580
32|Bullock, Trista|14|2003|NYAC|Ontario|2018-11-02|NYAC Cup|2:23.07|578
33|Shaw, Branwyn|14|2004|OTTER|Ontario|2019-02-02|2019 Huronia SC Regional Championships|2:23.61|572
34|Marovino, Katie|14|2004|ESWIM|Ontario|2018-11-10|2018 Age Group International SC|2:23.65|571
34|Hulford, Kate|14|2004|TSC|Ontario|2018-11-02|NYAC Cup|2:23.65|571
36|Provost, Reily|14|2004|CARAT|Québec|2019-04-14|Coupe Aquamos|2:24.38|563
37|McMillan, Ashley|14|2004|KISU|British Columbia|2018-12-16|Ontario Junior International|2:24.45|562
38|Beauregard, Kara|14|2004|CRKW|British Columbia|2018-11-09|ISC 2018 Bennett Cup|2:24.50|561
39|Saenz, Regina|14|2004|HYACK|British Columbia|2018-11-09|2018 Brad Reid Memorial Invitational|2:24.65|560
40|Scott Bouris, Naeva|14|2004|UVPCS|British Columbia|2018-12-08|16th Annual XMAS Cracker Invitational|2:24.94|556
41|McNicol, Emily|14|2004|GHAC|Ontario|2018-12-07|Border City Invitational|2:24.96|556
42|Robertson, Maggie|14|2004|DDO|Québec|2018-11-03|Festival provincial par équipe section 3|2:24.98|556
43|Mathieu, Marie|14|2004|STN|Québec|2018-12-09|Défi Nez-Rouge 2018|2:25.00|555
44|Payne, Grace|14|2004|CW|Ontario|2018-11-17|Expressway Lincoln Fall Invitational|2:25.21|553
44|Liang, Christey|14|2004|EKSC|Alberta|2018-10-26|Cascade Speed Meet|2:25.21|553
46|Martineau, Margot|14|2004|MEGO|Québec|2018-11-10|Festival provincial par équipe section 2|2:25.36|551
47|Rerie, Payton|14|2004|MANTA|Manitoba|2018-12-15|ManSask Championships Short Course Open Championships|2:25.48|550
48|Fitzgerald, Taylor|14|2004|WLBF|British Columbia|2018-12-15|26th Annual MJB Law Classic SCM|2:25.58|549
49|Rooney, Sophie|14|2004|HTAC|Nova Scotia|2018-12-15|Age Group Development Meet|2:25.62|548
50|Chong Ling, Riya|14|2005|COBRA|Ontario|2019-02-10|Central Region B Champs 2019|2:25.71|547