RANK|AGES|CLUB|TEAM|PROVINCE|DATE|MEET|TIME|FINA
1|14 - 14|Edmonton Keyano Swim Club|EKSC A|Alberta|2018-10-26|JP Fiset Invitational|1:45.32|716
2|14 - 14|Timmins Marlins Swim Club|TMSC A|Ontario|2019-02-02|Dave Kensit Memorial SC Championship|1:52.57|586
3|14 - 14|Chinook Swim Club|CHIN A|British Columbia|2019-03-17|DSSC March LMR Meet|1:52.82|582
4|14 - 14|Oakville Aquatic Club|OAK A|Ontario|2018-10-13|Brad Townsend Fall Classic|1:53.09|578
5|14 - 14|Red Deer Catalina Swim Club|RDCSCA|Alberta|2018-10-27|Cascade Speed Meet|1:53.39|574
6|14 - 14|Edmonton Keyano Swim Club|EKSC B|Alberta|2018-10-27|Cascade Speed Meet|1:53.52|572
7|14 - 14|Loups Marins de Rivière-du-Loup|LMRL M|Québec|2018-11-10|Inter-provinciale LMRL 2019|1:53.64|570
8|14 - 14|Killarney Swim Club|KSC A|Alberta|2018-11-17|KSC SC Invitational 2018|1:53.92|566
9|14 - 14|Manta Swim Club|MANTAA|Manitoba|2018-12-14|ManSask Championships Short Course Open Championships|1:54.71|554
10|14 - 14|Golden Horseshoe Aquatic Club|GHAC A|Ontario|2019-02-02|2019 Western Region SC Champs|1:55.35|545
11|14 - 14|London Aquatic Club|LAC A|Ontario|2018-11-25|LAC - Nothers Fall Invitational|1:55.63|541
12|14 - 14|Aurora Ducks Swimming Club|DUCKSA|Ontario|2019-05-05|ROC vs DUCKS Dual in the Pool|1:55.87|538
13|14 - 14|Brantford Aquatic Club|BRANTA|Ontario|2018-10-13|Brad Townsend Fall Classic|1:55.93|537
14|14 - 14|C.N. Région de Québec|CNQ I|Québec|2019-06-29|Championnat provincial groupe d'âge AA d'été - section Est|1:56.01|536
15|14 - 14|Mississauga Aquatic Club|MSSACA|Ontario|2019-02-09|Central Region B Champs 2019|1:56.69|526
16|14 - 14|Etobicoke Swim Club|ESWIMC|Ontario|2018-12-21|2018 Trillium Cup|1:56.73|526
17|14 - 14|University Of Calgary Swim Club|UCSC C|Alberta|2018-10-20|UCSC Fall Start Up|1:56.75|525
18|14 - 14|Owen Sound Aquatic Club|OSAC A|Ontario|2018-11-03|Team Showdown 2018|1:56.78|525
19|14 - 14|Codiac Vikings Aquatic Club|CVAC A|New Brunswick|2019-02-03|NB Open Cup - Coupe NB|1:57.18|520
20|14 - 14|Carleton Place Water Dragons|CPWD A|Ontario|2018-11-24|Gatineau Grand Prix|1:57.29|518
21|14 - 14|Clarington Swim Club|ROC B|Ontario|2019-05-05|ROC vs DUCKS Dual in the Pool|1:57.36|517
22|14 - 14|Club De Natation Bleu Et Or|CNBO A|New Brunswick|2019-02-03|NB Open Cup - Coupe NB|1:57.40|517
23|14 - 14|C.N. Région de Québec|CNQ E|Québec|2019-02-23|Championnat provincial groupe d'âge AA d'hiver - section Est|1:57.58|514
24|14 - 14|Ajax Aquatic Club|AAC A|Ontario|2019-02-09|Central Region B Champs 2019|1:57.69|513
25|14 - 14|Upper Canada Swim Club|UCRO A|Ontario|2018-11-23|Gatineau Grand Prix|1:57.86|511
26|14 - 14|Summerland Orca Swim Club|SOSC B|British Columbia|2018-11-17|2018 KAJ Fall Classic|1:58.00|509
27|14 - 14|Temiskaming Northern Loons|TNL A|Ontario|2018-12-02|NEOR #2 Developmental Meet|1:58.16|507
28|14 - 14|C.N. St-Félicien|CNSF A|Québec|2019-02-23|Championnat provincial groupe d'âge AA d'hiver - section Est|1:58.36|504
29|14 - 14|Windsor Aquatic Club|WAC A|Ontario|2019-02-02|2019 Western Region SC Champs|1:58.55|502
30|14 - 14|Etobicoke Swim Club|ESWIMD|Ontario|2018-11-10|2018 Age Group International SC|1:58.69|500
31|14 - 14|C.A. St-Eustache|CASE A|Québec|2019-02-23|Championnat provincial groupe d'âge AA d'hiver - section Ouest|1:58.95|497
32|14 - 14|Vancouver Pacific Swim Club|VPSC C|British Columbia|2018-11-09|ISC 2018 Bennett Cup|1:59.15|494
33|14 - 14|Calgary Patriots Swim Club|CP A|Alberta|2018-12-14|Age Group Food Bank Challenge|1:59.26|493
34|14 - 14|Mount Pearl Marlins Swim Club|MPM A|Newfoundland|2018-11-02|Gander Fall Invitational|1:59.38|491
35|14 - 14|Clarington Swim Club|ROC A|Ontario|2018-10-28|Joe Kerkhoven Memorial Walker Invitational|1:59.68|488
36|14 - 14|Trent Swim Club|TRENTA|Ontario|2018-11-24|Alex Baumann Invitational|2:00.37|479
37|14 - 14|Calgary Patriots Swim Club|CP B|Alberta|2018-10-20|UCSC Fall Start Up|2:00.70|475
38|14 - 14|C.A. Régional de l'Abitibi-Témiscamingue|CARA A|Québec|2019-02-23|Coupe Aquamos|2:01.00|472
39|14 - 14|Guelph Marlin Aquatic Club|GMAC A|Ontario|2018-10-20|No Pain No Gain|2:01.13|470
40|14 - 14|Mount Pearl Marlins Swim Club|MPM C|Newfoundland|2018-10-21|PSC Rock the Block 2018|2:01.71|464
41|14 - 14|Collingwood Clippers Swim Club|CCSC A|Ontario|2018-11-18|McDonald's Team Challenge Short Course Swim Meet|2:02.25|458
42|14 - 14|Barrie Trojan Swim Club|BTSC B|Ontario|2018-11-03|2018 Barrie Aquafest|2:02.34|457
43|14 - 14|Halton Hills Blue Fins|HHBF A|Ontario|2019-02-23|Central Region SC C Champs (Winter)|2:02.56|454
44|14 - 14|C.N. Requins de Drummondville|RED A|Québec|2019-02-23|Championnat provincial groupe d'âge AA d'hiver - section Est|2:02.82|451
45|14 - 14|Delta Sungod Swim Club|DELTAB|British Columbia|2019-03-17|DSSC March LMR Meet|2:02.87|451
46|14 - 14|Okotoks Mavericks Swim Club|MAVS A|Alberta|2018-10-27|Cascade Speed Meet|2:03.21|447
47|14 - 14|Unik Pont-Rouge|UNIK B|Québec|2018-11-03|Festival provincial par équipe section 5 - Sud|2:03.33|446
48|14 - 14|SUDBURY LAURENTIAN SWIM CLUB|SLSC A|Ontario|2019-02-02|Dave Kensit Memorial SC Championship|2:04.06|438
49|14 - 14|Collingwood Clippers Swim Club|CCSC B|Ontario|2018-10-28|Collingwood Sprint Cup 2018|2:04.08|438
50|14 - 14|Okotoks Mavericks Swim Club|MAVS L|Alberta|2019-02-02|Maverick Madness 2019|2:04.83|430