RANK|ATHLETES|AGE|YOB|CLUB|PROVINCE|DATE|MEET|TIME|FINA
1|Bellio, Katrina|14|2004|ESWIM|Ontario|2019-07-10|2019 ESWIM Class 1 Time Trial - July 10|8:32.24|819
2|Willar, Megan|14|2004|PCSC|Québec|2018-12-06|Invitation Provinciale AA-AAA Pointe-Claire 2018|8:57.97|707
3|Gage, Kyla|14|2004|PCSC|Québec|2018-12-16|Ontario Junior International|9:01.63|693
4|Minic, Catherine|14|2003|GPP|Alberta|2018-12-16|Ontario Junior International|9:03.64|685
5|Rothery, Freya|14|2004|TSC|Ontario|2018-12-16|Ontario Junior International|9:05.87|677
6|Tinmouth, Iris|14|2004|COMOX|British Columbia|2018-12-16|Ontario Junior International|9:08.36|667
7|Scott Bouris, Naeva|14|2004|UVPCS|British Columbia|2018-12-09|16th Annual XMAS Cracker Invitational|9:08.97|665
8|Jardine, Lucy|14|2004|SWAT|Nova Scotia|2018-12-14|Age Group Development Meet|9:09.98|662
9|Dunn, Gabrielle|14|2004|EKSC|Alberta|2018-12-13|JP Fiset Invitational|9:10.13|661
10|Slee, Naomi|14|2004|FMSC|Alberta|2018-11-09|ISC 2018 Bennett Cup|9:12.53|652
11|Liang, Christey|14|2004|EKSC|Alberta|2018-12-13|JP Fiset Invitational|9:12.75|652
12|Burnett, Devon|14|2004|ESWIM|Ontario|2018-12-20|2018 Trillium Cup|9:13.24|650
13|Stanojlovic, Kaitlyn|14|2004|PCSC|Québec|2018-12-06|Invitation Provinciale AA-AAA Pointe-Claire 2018|9:15.17|643
14|Holden, Megan|14|2004|MPM|Newfoundland|2018-12-06|Invitation Provinciale AA-AAA Pointe-Claire 2018|9:18.31|632
15|Vander Leek, Teagan|14|2004|EKSC|Alberta|2019-01-18|Blue Bears 2019|9:19.28|629
16|Hulford, Kate|14|2004|TSC|Ontario|2018-11-08|2018 Age Group International SC|9:19.61|628
17|Shen, Allison|14|2004|HYACK|British Columbia|2018-11-09|2018 Brad Reid Memorial Invitational|9:19.78|627
18|De Jager, Emily|14|2004|SPART|British Columbia|2019-01-13|2019 Hyack Icebreaker Classic|9:21.80|621
19|Boyd, Merin|14|2004|ROCS|Ontario|2018-12-06|Invitation Provinciale AA-AAA Pointe-Claire 2018|9:21.98|620
20|Marovino, Katie|14|2004|ESWIM|Ontario|2019-01-11|2019 Etobicoke A-B Meet|9:22.92|617
21|Saenz, Regina|14|2004|HYACK|British Columbia|2018-11-09|2018 Brad Reid Memorial Invitational|9:23.25|616
22|McMillan, Ashley|14|2004|KISU|British Columbia|2018-11-02|Surprise 800 Time Trial|9:24.37|612
23|Scholes, Dylan|14|2004|OAK|Ontario|2018-11-08|2018 Age Group International SC|9:24.47|612
24|Nagy, Ella|14|2004|OAK|Ontario|2018-12-09|Youth Cup|9:24.62|611
25|Shemilt, Sydney|14|2003|OAK|Ontario|2018-11-08|2018 Age Group International SC|9:25.05|610
26|Vetter, Delrae|14|2004|AMAC|Alberta|2018-12-13|JP Fiset Invitational|9:25.34|609
27|Masselink, Thea|14|2004|ISC|British Columbia|2018-12-09|16th Annual XMAS Cracker Invitational|9:25.48|609
28|Bereza, Samantha|14|2004|SCAR|Ontario|2018-11-11|42nd Cindy Nicholas Invitational|9:27.18|603
29|Perron, Jennie|14|2004|UL|Québec|2018-11-04|Festival provincial par équipe section 1|9:27.73|601
30|Dobson, Ella|14|2004|SWAT|Nova Scotia|2018-12-14|Age Group Development Meet|9:28.87|598
31|Jackson, Paris|14|2004|OAK|Ontario|2018-12-09|Youth Cup|9:29.72|595
32|Ross, Kathleen|14|2004|GGST|Ontario|2018-11-08|2018 Age Group International SC|9:30.15|594
33|Kudo, Ali|14|2004|GMAC|Ontario|2018-12-16|Team Showdown 2018|9:30.45|593
34|Shemilt, Jorja|14|2003|OAK|Ontario|2018-11-08|2018 Age Group International SC|9:31.10|591
35|Alexeeva, Liya|14|2004|HWAC|Nova Scotia|2018-12-14|Age Group Development Meet|9:32.31|587
36|Forrester, Katie|14|2004|OAK|Ontario|2018-11-08|2018 Age Group International SC|9:32.33|587
37|Soucy, Mathylde|14|2005|UL|Québec|2019-05-03|Invitation du Printemps|9:32.39|587
38|Beauregard, Kara|14|2004|CRKW|British Columbia|2018-11-09|ISC 2018 Bennett Cup|9:32.41|587
39|Berrigan, Meghan|14|2004|EKSC|Alberta|2018-12-13|JP Fiset Invitational|9:32.49|586
40|Barbeau, Simonne|14|2004|NN|Québec|2018-11-04|Festival provincial par équipe section 1|9:33.34|584
41|THOMPSON, KAtie|14|2004|KSC|Alberta|2018-12-13|JP Fiset Invitational|9:33.37|584
42|Jerace, Allyssa|14|2004|EKSC|Alberta|2018-12-09|16th Annual XMAS Cracker Invitational|9:33.83|582
43|LeRoy, Brynne|14|2005|TIDE|New Brunswick|2019-02-02|NB Open Cup - Coupe NB|9:34.88|579
44|Bartoch, Heidi|14|2004|HWAC|Nova Scotia|2018-12-14|Age Group Development Meet|9:35.60|577
45|Kwon, Jiwoo|14|2004|RHAC|Ontario|2018-11-08|2018 Age Group International SC|9:35.87|576
46|Beauchemin, Maulie|14|2003|ELITE|Québec|2018-10-14|Circuit Senior - Étape 1|9:35.98|576
47|Bansal, Noor|14|2004|MSSAC|Ontario|2018-11-30|Neptune International (CSPO 25m)|9:36.04|576
48|Low-Ring, Allison|14|2004|ESWIM|Ontario|2018-11-08|2018 Age Group International SC|9:36.11|575
49|Vorobieva, Elena|14|2004|ESWIM|Ontario|2018-12-20|2018 Trillium Cup|9:38.32|569
50|Cooper-Kelly, Chloe|14|2004|NG|Québec|2019-02-22|Championnat provincial groupe d'âge AA d'hiver - section Ouest|9:39.13|567