RANK|ATHLETES|AGE|YOB|CLUB|PROVINCE|DATE|MEET|TIME|FINA
1|Bellio, Katrina|14|2004|ESWIM|Ontario|2019-07-03|2019 ESWIM Class 1 Time Trial - July 3|16:23.34|818
2|Tinmouth, Iris|14|2004|COMOX|British Columbia|2018-12-14|Ontario Junior International|17:10.39|711
3|Rerie, Payton|14|2004|MANTA|Manitoba|2018-12-13|ManSask Championships Short Course Open Championships|17:14.43|702
4|Gage, Kyla|14|2004|PCSC|Québec|2018-12-14|Ontario Junior International|17:19.89|691
5|Rathwell, Regan|14|2004|GO|Ontario|2018-11-23|Alex Baumann Invitational|17:26.40|678
6|Burnett, Devon|14|2004|ESWIM|Ontario|2019-01-11|2019 Etobicoke A-B Meet|17:31.71|668
7|Dunn, Gabrielle|14|2004|EKSC|Alberta|2019-01-18|Blue Bears 2019|17:32.48|667
8|Jardine, Lucy|14|2004|SWAT|Nova Scotia|2018-12-16|Age Group Development Meet|17:33.87|664
9|Marovino, Katie|14|2004|ESWIM|Ontario|2018-12-20|2018 Trillium Cup|17:35.23|662
10|Saenz, Regina|14|2004|HYACK|British Columbia|2018-12-14|Rapids Fast-Swim Classic|17:49.87|635
11|Shen, Allison|14|2004|HYACK|British Columbia|2018-11-10|2018 Brad Reid Memorial Invitational|17:50.74|633
12|Perron, Jennie|14|2004|UL|Québec|2018-12-04|800-1500 UL|17:51.01|633
13|Gormley, Breckin|14|2004|CPWD|Ontario|2018-12-09|Gatineau Grand Prix|17:52.45|630
14|Liang, Christey|14|2004|EKSC|Alberta|2019-01-18|Blue Bears 2019|17:55.73|624
15|Holden, Megan|14|2004|MPM|Newfoundland|2018-11-22|2018 Mount Pearl Marlins 3rd Annual Sink or Swim Invitiational|17:58.44|620
16|Cabral, Emma|14|2003|BRANT|Ontario|2018-11-10|Swim International 2018|18:05.88|607
17|Shen, Michelle|14|2004|HYACK|British Columbia|2018-12-14|Rapids Fast-Swim Classic|18:13.14|595
18|Leslie, Kamryn|14|2004|UCSC|Alberta|2018-12-13|ManSask Championships Short Course Open Championships|18:13.64|594
19|Boyd, Merin|14|2004|ROCS|Ontario|2019-02-03|2019 Eastern Ontario Regional Championships (SC/LC)|18:17.33|588
20|Alexeeva, Liya|14|2004|HWAC|Nova Scotia|2018-12-16|Age Group Development Meet|18:18.03|587
21|Ross, Kathleen|14|2004|GGST|Ontario|2018-11-04|NYAC Cup|18:18.10|587
22|Tekker, Julia|14|2004|GGST|Ontario|2018-12-09|Gatineau Grand Prix|18:21.40|582
23|Wiebe, Zoe|14|2004|MANTA|Manitoba|2018-12-13|ManSask Championships Short Course Open Championships|18:21.99|581
24|Moore, Devinn|14|2004|NRST|British Columbia|2018-11-10|ISC 2018 Bennett Cup|18:22.01|581
25|Bansal, Noor|14|2004|MSSAC|Ontario|2018-12-01|Neptune International (CSPO 25m)|18:22.20|580
26|Bartoch, Heidi|14|2004|HWAC|Nova Scotia|2018-12-16|Age Group Development Meet|18:22.40|580
27|Low-Ring, Allison|14|2004|ESWIM|Ontario|2019-01-11|2019 Etobicoke A-B Meet|18:22.69|580
28|Lord, Raphaëlle|14|2004|CNQ|Québec|2019-05-03|Invitation du Printemps|18:22.79|580
29|O'Kelly, Emmeline|14|2004|EKSC|Alberta|2018-12-07|16th Annual XMAS Cracker Invitational|18:24.21|577
30|Majic, Zoe|14|2004|ESWIM|Ontario|2018-12-20|2018 Trillium Cup|18:27.10|573
31|Coolen, Meredith|14|2005|MSSAC|Ontario|2019-02-07|Central Region B Champs 2019|18:27.77|572
32|Chen, Chloe|14|2005|JDSS|Ontario|2019-04-26|2019 Ontario Team Challenge|18:28.96|570
33|Kudo, Ali|14|2004|GMAC|Ontario|2018-11-04|NYAC Cup|18:29.22|570
34|Higgs, Madison|14|2004|BKSC|Saskatchewan|2018-11-25|Goldfins Invitational|18:29.79|569
35|Beauregard, Kara|14|2004|CRKW|British Columbia|2019-01-25|Vancouver Island Regional SC Championships|18:31.85|565
36|Kovaluk, Eva|14|2004|NN|Québec|2019-01-26|Invitation provinciale Neptune (St-Jérôme)|18:32.73|564
37|Roy, Emilie|14|2004|ESWIM|Ontario|2018-12-20|2018 Trillium Cup|18:32.77|564
38|Ortiz-Annibale, Allegra|14|2004|GHAC|Ontario|2018-12-07|Border City Invitational|18:33.58|563
39|Jerace, Allyssa|14|2004|EKSC|Alberta|2019-01-18|Blue Bears 2019|18:34.55|561
40|Dobson, Ella|14|2004|SWAT|Nova Scotia|2018-12-16|Age Group Development Meet|18:37.84|556
41|Descent, Ann-Lorie|14|2004|CNBF|Québec|2019-01-19|Invitation Provinciale CNBF 11 ans et plus|18:38.40|556
42|Moore, Kathleen|14|2004|BORC|Ontario|2019-04-26|2019 Ontario Team Challenge|18:38.97|555
43|Cosma, Anna|14|2004|CHENA|British Columbia|2019-01-27|Chena Distance Meet 2019|18:40.40|553
44|Poirier, Elyse|14|2004|LMRL|Québec|2018-12-01|Neptune International (CSPO 25m)|18:48.58|541
45|James-Brennan, Lydia|14|2004|SWOTT|Ontario|2019-02-03|2019 Eastern Ontario Regional Championships (SC/LC)|18:50.61|538
46|James, Megan|14|2004|MANTA|Manitoba|2018-11-15|November 15 2018 Time Trial|18:51.88|536
47|Oldham, Kirsten|14|2004|MSSAC|Ontario|2018-12-01|Neptune International (CSPO 25m)|18:53.41|534
48|Glamuzina, Danica|14|2004|OSC|Alberta|2018-12-07|16th Annual XMAS Cracker Invitational|18:57.01|529
49|Heggstrom, Hannah|14|2004|GOLD|Saskatchewan|2018-12-13|ManSask Championships Short Course Open Championships|18:59.11|526
50|Séguin, Daphnée|14|2004|CASE|Québec|2019-06-30|Championnat provincial groupe d'âge AA d'été - Ouest|19:00.26|524