RANK|ATHLETES|AGE|YOB|CLUB|PROVINCE|DATE|MEET|TIME|FINA
1|Scholes, Dylan|14|2004|OAK|Ontario|2018-12-16|Ontario Junior International|56.36|737
2|Liang, Christey|14|2004|EKSC|Alberta|2018-12-15|JP Fiset Invitational|56.84|718
3|Stannard, Camryn|14|2004|NRST|British Columbia|2018-12-08|16th Annual XMAS Cracker Invitational|57.59|690
4|Bellio, Katrina|14|2004|ESWIM|Ontario|2018-11-11|2018 Age Group International SC|57.69|687
5|Vander Leek, Teagan|14|2004|EKSC|Alberta|2018-12-15|JP Fiset Invitational|57.87|680
6|Willar, Megan|14|2004|PCSC|Québec|2018-12-08|Invitation Provinciale AA-AAA Pointe-Claire 2018|57.94|678
7|Varga, Ella|14|2004|CASC|Alberta|2018-11-17|KSC SC Invitational 2018|58.01|675
8|Gray, Cassidy|14|2004|HYACK|British Columbia|2018-12-09|Youth Cup|58.23|668
9|Wen, Eva|14|2004|HYACK|British Columbia|2018-12-09|Youth Cup|58.25|667
10|Rathwell, Regan|14|2004|GO|Ontario|2018-11-24|Alex Baumann Invitational|58.37|663
11|Kovaluk, Eva|14|2004|NN|Québec|2018-11-02|Festival provincial par équipe section 1|58.51|658
12|Fack, Zadie|14|2004|PSW|British Columbia|2018-12-15|Rapids Fast-Swim Classic|58.55|657
13|Housman, Eliza|14|2004|UCSC|Alberta|2018-12-09|Youth Cup|58.61|655
14|Mcara, Chloe|14|2004|PCSC|Québec|2018-12-08|Invitation Provinciale AA-AAA Pointe-Claire 2018|58.67|653
15|Yeo, Chiok Sze|14|2004|MAC|Ontario|2018-12-16|Ontario Junior International|58.73|651
16|Gormley, Breckin|14|2004|CPWD|Ontario|2018-12-09|Gatineau Grand Prix|58.83|648
17|Johnsen, Hannah|14|2003|TBT|Ontario|2018-11-02|NYAC Cup|58.86|647
18|McKenzie, Teagan|14|2004|UCSC|Alberta|2019-07-14|UCSC Western Finale|58.87|646
19|De Jager, Emily|14|2004|SPART|British Columbia|2018-12-15|Rapids Fast-Swim Classic|58.94|644
19|Marovino, Katie|14|2004|ESWIM|Ontario|2018-12-21|2018 Trillium Cup|58.94|644
21|Tremblay, Raphaelle|14|2004|LMRL|Québec|2018-12-09|Défi Nez-Rouge 2018|58.98|643
22|Miller, Arianna|14|2003|BTSC|Ontario|2018-12-02|2018 Barrie Trojan Cup|59.04|641
23|Kelly, Payton|14|2004|CASC|Alberta|2018-12-15|JP Fiset Invitational|59.14|637
24|Kraetzer, Andrea|14|2004|KAJ|British Columbia|2018-12-14|26th Annual MJB Law Classic SCM|59.16|637
25|Goldin, Sadie|14|2004|RAMAC|Ontario|2018-12-16|Ontario Junior International|59.35|631
26|Tremblay, Marie-Christine|14|2004|CNBO|New Brunswick|2019-04-28|9th Annual Fast and Furious|59.50|626
27|Mier, Emma|14|2004|DSC|Québec|2019-06-29|Championnat provincial groupe d'âge AA d'été - Ouest|59.51|626
28|O'Shea, Tatum|14|2004|AAC|Ontario|2019-02-09|Central Region B Champs 2019|59.54|625
29|Rothery, Freya|14|2004|TSC|Ontario|2018-12-16|Ontario Junior International|59.58|623
29|Kudo, Ali|14|2004|GMAC|Ontario|2018-12-08|Dash for Cash|59.58|623
31|Babatsikos, Eleftheria|14|2004|TSC|Ontario|2018-12-16|Ontario Junior International|59.60|623
32|Whitmore, Aly|14|2004|NEW|Ontario|2018-12-09|Border City Invitational|59.62|622
33|Millns, Katie|14|2004|TRIT|Alberta|2018-12-15|JP Fiset Invitational|59.63|622
34|Holden, Megan|14|2004|MPM|Newfoundland|2018-11-24|2018 Mount Pearl Marlins 3rd Annual Sink or Swim Invitiational|59.74|618
34|Scott Bouris, Naeva|14|2004|UVPCS|British Columbia|2018-12-08|16th Annual XMAS Cracker Invitational|59.74|618
36|Thomas, Erika|14|2004|BTSC|Ontario|2018-11-04|2018 Barrie Aquafest|59.76|618
37|Pain, Katie|14|2004|KBM|Ontario|2018-12-09|Gatineau Grand Prix|59.77|617
37|Lo, Jade|14|2004|ESWIM|Ontario|2018-11-11|2018 Age Group International SC|59.77|617
39|Vujosevic, Lola|14|2004|ESWIM|Ontario|2019-01-12|2019 Etobicoke A-B Meet|59.78|617
40|Almasi, Grayson|14|2003|CP|Alberta|2018-10-28|Cascade Speed Meet|59.85|615
41|Nagy, Ella|14|2004|OAK|Ontario|2018-11-11|2018 Age Group International SC|59.86|615
42|Hodge, Ashley|14|2004|BORC|Ontario|2018-12-08|Invitation provinciale AA-AAA Noël + Développement 11-12 ans CAMO|59.88|614
43|Ward, Hannah|14|2004|NHAC|Ontario|2018-11-30|Neptune International (CSPO 25m)|59.93|613
44|Casasanta, Alanna|14|2004|BRANT|Ontario|2018-12-16|Team Showdown 2018|59.94|612
45|Vetter, Delrae|14|2004|AMAC|Alberta|2018-12-15|JP Fiset Invitational|59.97|611
46|Minic, Catherine|14|2003|GPP|Alberta|2018-10-13|Oktoberfest|1:00.02|610
47|James, Megan|14|2004|MANTA|Manitoba|2018-12-08|Invitation Provinciale AA-AAA Pointe-Claire 2018|1:00.03|609
47|McNicol, Emily|14|2004|GHAC|Ontario|2019-02-03|2019 Western Region SC Champs|1:00.03|609
47|Couture, Elle|14|2004|SLN|Alberta|2019-01-19|Blue Bears 2019|1:00.03|609
50|Dailloux, Norah|14|2005|CNQ|Québec|2019-05-05|Invitation du Printemps|1:00.05|609