RANK|ATHLETES|AGE|YOB|CLUB|PROVINCE|DATE|MEET|TIME|FINA
1|McMillan, Ashley|14|2004|KISU|British Columbia|2018-12-14|Ontario Junior International|4:45.06|766
2|Bellio, Katrina|14|2004|ESWIM|Ontario|2018-11-10|2018 Age Group International SC|4:46.91|751
3|Minic, Catherine|14|2003|GPP|Alberta|2018-12-14|Ontario Junior International|4:49.14|734
4|Burnett, Devon|14|2004|ESWIM|Ontario|2018-12-14|Ontario Junior International|4:50.63|723
5|Rathwell, Regan|14|2004|GO|Ontario|2018-12-14|Ontario Junior International|4:53.17|704
6|Barbeau, Simonne|14|2004|NN|Québec|2018-11-03|Festival provincial par équipe section 1|4:58.10|670
7|Gormley, Breckin|14|2004|CPWD|Ontario|2018-11-25|BYST Fall Invitational|5:00.05|657
8|Tinmouth, Iris|14|2004|COMOX|British Columbia|2018-12-09|16th Annual XMAS Cracker Invitational|5:00.61|653
9|Masselink, Thea|14|2004|ISC|British Columbia|2018-12-09|16th Annual XMAS Cracker Invitational|5:01.07|650
10|Perron, Jennie|14|2004|UL|Québec|2019-05-03|Invitation du Printemps|5:01.84|645
11|Johns, Cadence|14|2004|MJKFF|Saskatchewan|2019-01-20|Winter Invitational|5:02.52|641
12|Harri, Isabel|14|2004|TBT|Ontario|2018-12-07|Youth Cup|5:02.84|639
13|Lo, Jade|14|2004|ESWIM|Ontario|2018-10-26|Gus Ryder Memorial Cup|5:03.09|637
14|Forrester, Katie|14|2004|OAK|Ontario|2018-12-07|Youth Cup|5:03.45|635
15|Leslie, Kamryn|14|2004|UCSC|Alberta|2018-12-16|ManSask Championships Short Course Open Championships|5:03.47|635
16|Beauchemin, Maulie|14|2003|ELITE|Québec|2018-11-03|Festival provincial par équipe section 1|5:04.26|630
17|Gage, Kyla|14|2004|PCSC|Québec|2018-12-07|Invitation Provinciale AA-AAA Pointe-Claire 2018|5:04.69|627
18|Vézina, Corinne|14|2004|ELITE|Québec|2018-12-07|Invitation Provinciale AA-AAA Pointe-Claire 2018|5:06.05|619
19|Willar, Megan|14|2004|PCSC|Québec|2018-12-07|Invitation Provinciale AA-AAA Pointe-Claire 2018|5:06.62|615
20|Tuck, Kate|14|2004|USC|Ontario|2019-04-27|2019 Ontario Team Challenge|5:06.95|613
21|Thomas, Erika|14|2004|BTSC|Ontario|2018-11-30|2018 Barrie Trojan Cup|5:07.04|613
22|Scott Bouris, Naeva|14|2004|UVPCS|British Columbia|2019-01-26|Vancouver Island Regional SC Championships|5:07.43|610
23|Johnsen, Hannah|14|2003|TBT|Ontario|2018-11-02|NYAC Cup|5:07.44|610
24|Stanojlovic, Kaitlyn|14|2004|PCSC|Québec|2018-12-07|Invitation Provinciale AA-AAA Pointe-Claire 2018|5:08.17|606
25|Kovaluk, Eva|14|2004|NN|Québec|2018-11-30|Neptune International (CSPO 25m)|5:08.56|604
26|Berrigan, Meghan|14|2004|EKSC|Alberta|2018-12-14|JP Fiset Invitational|5:08.76|602
27|Rerie, Payton|14|2004|MANTA|Manitoba|2018-12-16|ManSask Championships Short Course Open Championships|5:09.24|600
28|James, Megan|14|2004|MANTA|Manitoba|2018-12-16|ManSask Championships Short Course Open Championships|5:09.66|597
29|Saenz, Regina|14|2004|HYACK|British Columbia|2018-12-07|Youth Cup|5:10.23|594
30|Stannard, Camryn|14|2004|NRST|British Columbia|2019-01-26|Vancouver Island Regional SC Championships|5:10.84|590
30|Wist, Sela|14|2004|ISC|British Columbia|2019-01-26|Vancouver Island Regional SC Championships|5:10.84|590
32|Marovino, Katie|14|2004|ESWIM|Ontario|2019-01-13|2019 Etobicoke A-B Meet|5:11.30|588
33|De Jager, Emily|14|2004|SPART|British Columbia|2018-11-10|2018 Brad Reid Memorial Invitational|5:11.44|587
34|Slee, Naomi|14|2004|FMSC|Alberta|2018-11-11|ISC 2018 Bennett Cup|5:13.62|575
34|Bereza, Samantha|14|2004|SCAR|Ontario|2018-12-08|Border City Invitational|5:13.62|575
36|Descent, Ann-Lorie|14|2004|CNBF|Québec|2018-12-15|Invitation Provinciale des fêtes avec épreuves Ho! Ho! Eau Libre|5:13.64|575
36|Duguay, Justine|14|2004|CNQ|Québec|2019-05-03|Invitation du Printemps|5:13.64|575
38|Liang, Christey|14|2004|EKSC|Alberta|2019-01-20|Blue Bears 2019|5:13.69|575
39|Dunn, Gabrielle|14|2004|EKSC|Alberta|2019-01-20|Blue Bears 2019|5:13.82|574
40|Crawford, Sarah|14|2004|RAPID|British Columbia|2018-12-15|Rapids Fast-Swim Classic|5:14.29|571
41|Vetter, Delrae|14|2004|AMAC|Alberta|2018-12-14|JP Fiset Invitational|5:14.57|570
42|Lightheart, Ella|14|2004|BTSC|Ontario|2018-11-30|2018 Barrie Trojan Cup|5:14.66|569
43|Bertrim, Alexandra|14|2004|SLSC|Ontario|2018-12-07|Youth Cup|5:15.02|567
44|Ross, Kathleen|14|2004|GGST|Ontario|2018-11-10|2018 Age Group International SC|5:15.35|565
45|Hwang, Emma|14|2004|CHENA|British Columbia|2018-12-15|Rapids Fast-Swim Classic|5:15.52|565
46|Casasanta, Gabriella|14|2004|BRANT|Ontario|2019-02-01|2019 Western Region SC Champs|5:15.54|564
47|Wen, Eva|14|2004|HYACK|British Columbia|2018-12-15|Rapids Fast-Swim Classic|5:16.22|561
48|Gruson, Karina|14|2003|SWOTT|Ontario|2018-12-07|Gatineau Grand Prix|5:16.27|561
49|Daigle, Elsa|14|2004|TSC|Ontario|2018-12-14|Ontario Junior International|5:16.29|560
50|Kittel, Grace|14|2004|ESWIM|Ontario|2019-01-13|2019 Etobicoke A-B Meet|5:16.49|559