RANK|ATHLETES|AGE|YOB|CLUB|PROVINCE|DATE|MEET|TIME|FINA
1|Bellio, Katrina|14|2004|ESWIM|Ontario|2018-11-09|2018 Age Group International SC|2:01.39|760
2|Stannard, Camryn|14|2004|NRST|British Columbia|2018-12-07|16th Annual XMAS Cracker Invitational|2:02.08|747
3|Willar, Megan|14|2004|PCSC|Québec|2018-12-14|Ontario Junior International|2:03.02|730
4|Scholes, Dylan|14|2004|OAK|Ontario|2018-12-14|Ontario Junior International|2:03.57|720
5|Liang, Christey|14|2004|EKSC|Alberta|2018-12-14|JP Fiset Invitational|2:04.52|704
6|Minic, Catherine|14|2003|GPP|Alberta|2018-11-02|Cygnet Dental & Junction Point Physical Therapy Fast Track into Fall|2:05.69|684
7|Nagy, Ella|14|2004|OAK|Ontario|2018-12-07|Youth Cup|2:05.79|683
8|Rothery, Freya|14|2004|TSC|Ontario|2018-12-14|Ontario Junior International|2:05.92|680
9|Johnsen, Hannah|14|2003|TBT|Ontario|2018-11-04|NYAC Cup|2:06.07|678
10|Scott Bouris, Naeva|14|2004|UVPCS|British Columbia|2018-12-07|16th Annual XMAS Cracker Invitational|2:06.17|676
11|Wen, Eva|14|2004|HYACK|British Columbia|2019-06-08|Knights June Jamboree 2019|2:06.18|676
12|Fack, Zadie|14|2004|PSW|British Columbia|2018-12-16|Rapids Fast-Swim Classic|2:06.26|675
13|Kelly, Payton|14|2004|CASC|Alberta|2018-12-14|JP Fiset Invitational|2:06.43|672
14|Marovino, Katie|14|2004|ESWIM|Ontario|2018-12-22|2018 Trillium Cup|2:06.46|672
15|Gormley, Breckin|14|2004|CPWD|Ontario|2019-02-03|2019 Eastern Ontario Regional Championships (SC/LC)|2:06.49|671
16|Vander Leek, Teagan|14|2004|EKSC|Alberta|2018-12-14|JP Fiset Invitational|2:06.90|665
17|Harri, Isabel|14|2004|TBT|Ontario|2018-12-07|Youth Cup|2:07.19|660
18|Lo, Jade|14|2004|ESWIM|Ontario|2018-12-22|2018 Trillium Cup|2:07.59|654
19|Masselink, Thea|14|2004|ISC|British Columbia|2019-01-26|Vancouver Island Regional SC Championships|2:07.85|650
20|Kovaluk, Eva|14|2004|NN|Québec|2018-12-01|Neptune International (CSPO 25m)|2:08.10|646
21|Vreeken, Stella|14|2004|TSC|Ontario|2018-11-04|NYAC Cup|2:08.11|646
22|Kudo, Ali|14|2004|GMAC|Ontario|2018-12-15|Team Showdown 2018|2:08.18|645
23|Gage, Kyla|14|2004|PCSC|Québec|2018-12-07|Invitation Provinciale AA-AAA Pointe-Claire 2018|2:08.27|644
24|Bosco, Josie|14|2004|TSC|Ontario|2018-11-04|NYAC Cup|2:08.31|643
25|Varga, Ella|14|2004|CASC|Alberta|2018-10-26|Cascade Speed Meet|2:08.35|642
26|Dunn, Gabrielle|14|2004|EKSC|Alberta|2018-12-14|JP Fiset Invitational|2:08.43|641
27|Millns, Katie|14|2004|TRIT|Alberta|2018-12-14|JP Fiset Invitational|2:08.46|641
28|Housman, Eliza|14|2004|UCSC|Alberta|2018-12-07|Youth Cup|2:08.47|641
29|Vetter, Delrae|14|2004|AMAC|Alberta|2018-12-14|JP Fiset Invitational|2:08.53|640
30|McKenzie, Teagan|14|2004|UCSC|Alberta|2019-07-13|UCSC Western Finale|2:08.55|639
31|James, Megan|14|2004|MANTA|Manitoba|2018-12-16|ManSask Championships Short Course Open Championships|2:08.56|639
32|Tremblay, Raphaelle|14|2004|LMRL|Québec|2019-06-08|Finale régionale|2:08.60|639
33|Tinmouth, Iris|14|2004|COMOX|British Columbia|2018-11-10|ISC 2018 Bennett Cup|2:08.77|636
34|Slee, Naomi|14|2004|FMSC|Alberta|2018-12-14|JP Fiset Invitational|2:08.81|636
35|Holden, Megan|14|2004|MPM|Newfoundland|2018-11-23|2018 Mount Pearl Marlins 3rd Annual Sink or Swim Invitiational|2:09.16|630
36|Saenz, Regina|14|2004|HYACK|British Columbia|2018-11-10|2018 Brad Reid Memorial Invitational|2:09.21|630
37|Cranmer, Isabelle|14|2003|KSC|Alberta|2018-11-18|KSC SC Invitational 2018|2:09.22|630
38|Wall, Ava|14|2004|KISU|British Columbia|2018-12-16|26th Annual MJB Law Classic SCM|2:09.42|627
39|De Jager, Emily|14|2004|SPART|British Columbia|2019-01-13|2019 Hyack Icebreaker Classic|2:09.55|625
40|Berrigan, Meghan|14|2004|EKSC|Alberta|2019-01-20|Blue Bears 2019|2:10.08|617
40|Hulford, Kate|14|2004|TSC|Ontario|2018-11-04|NYAC Cup|2:10.08|617
42|Pain, Katie|14|2004|KBM|Ontario|2019-02-03|2019 Eastern Ontario Regional Championships (SC/LC)|2:10.12|617
43|Jardine, Lucy|14|2004|SWAT|Nova Scotia|2018-12-14|Age Group Development Meet|2:10.27|614
44|Jackson, Paris|14|2004|OAK|Ontario|2018-12-07|Youth Cup|2:10.34|613
45|Milanovich, Julianna|14|2003|ESWIM|Ontario|2018-11-09|2018 Age Group International SC|2:10.35|613
46|LeRoy, Brynne|14|2005|TIDE|New Brunswick|2019-02-01|NB Open Cup - Coupe NB|2:10.55|611
47|Beauregard, Kara|14|2004|CRKW|British Columbia|2018-11-10|ISC 2018 Bennett Cup|2:10.59|610
48|Clarke, Emma|14|2005|LSC|Ontario|2019-04-27|2019 Ontario Team Challenge|2:10.61|610
49|Shemilt, Sydney|14|2003|OAK|Ontario|2018-11-09|2018 Age Group International SC|2:10.65|609
50|May, Charlotte|14|2004|GSH|Ontario|2018-12-07|Gatineau Grand Prix|2:10.82|607