RANK|ATHLETES|AGE|YOB|CLUB|PROVINCE|DATE|MEET|TIME|FINA
1|McMillan, Ashley|14|2004|KISU|British Columbia|2018-12-14|Ontario Junior International|1:10.39|695
2|Barbeau, Simonne|14|2004|NN|Québec|2018-12-14|Ontario Junior International|1:11.11|674
3|Hwang, Emma|14|2004|CHENA|British Columbia|2018-12-15|Rapids Fast-Swim Classic|1:11.71|657
4|Kovaluk, Eva|14|2004|NN|Québec|2018-12-02|Neptune International (CSPO 25m)|1:12.12|646
5|Vézina, Corinne|14|2004|ELITE|Québec|2018-12-09|Invitation Provinciale AA-AAA Pointe-Claire 2018|1:12.35|640
6|Harri, Isabel|14|2004|TBT|Ontario|2018-12-09|Youth Cup|1:12.41|638
7|Lo, Jade|14|2004|ESWIM|Ontario|2018-11-09|2018 Age Group International SC|1:12.53|635
8|L'Archeveque, Alicia|14|2004|UCSC|Alberta|2018-12-09|Youth Cup|1:13.23|617
9|Currie, Blake|14|2004|VPSC|British Columbia|2018-12-14|JP Fiset Invitational|1:13.25|617
10|Giroux, Calli|14|2004|UCSC|Alberta|2018-12-09|Youth Cup|1:13.45|611
11|Bond, Madison|14|2004|TCSC|Nova Scotia|2018-12-15|Age Group Development Meet|1:13.72|605
12|Strong, Jessica|14|2004|HST|British Columbia|2018-12-15|Rapids Fast-Swim Classic|1:13.80|603
13|Lehman, Delaney|14|2004|RDCSC|Alberta|2018-12-14|JP Fiset Invitational|1:13.93|600
14|Kraetzer, Andrea|14|2004|KAJ|British Columbia|2018-12-16|26th Annual MJB Law Classic SCM|1:13.94|599
15|Stannard, Camryn|14|2004|NRST|British Columbia|2018-12-08|16th Annual XMAS Cracker Invitational|1:14.08|596
16|Couture, Elle|14|2004|SLN|Alberta|2019-01-19|Blue Bears 2019|1:14.51|586
17|Crawford, Sarah|14|2004|RAPID|British Columbia|2018-12-15|Rapids Fast-Swim Classic|1:14.60|584
18|Lam, Olivia|14|2003|CSLA|Québec|2018-11-10|Festival provincial par équipe section 2|1:14.69|582
19|Berrigan, Meghan|14|2004|EKSC|Alberta|2018-12-14|JP Fiset Invitational|1:14.76|580
20|Bymoen, Quinnlan|14|2005|UCSC|Alberta|2019-07-13|UCSC Western Finale|1:14.94|576
21|Johns, Cadence|14|2004|MJKFF|Saskatchewan|2018-12-16|ManSask Championships Short Course Open Championships|1:14.98|575
22|Lau, Nicole|14|2004|DUCKS|Ontario|2019-04-27|2019 Ontario Team Challenge|1:15.00|574
23|Tremblay, Raphaelle|14|2004|LMRL|Québec|2018-12-14|Ontario Junior International|1:15.20|570
24|Armbruster, Alina|14|2004|ROW|Ontario|2018-11-04|NYAC Cup|1:15.58|561
25|Soucy, Mathylde|14|2005|UL|Québec|2019-05-04|Invitation du Printemps|1:15.65|560
26|Bougie, Marie-Élaine|14|2004|CNRB|Québec|2018-12-08|Défi Nez-Rouge 2018|1:15.73|558
26|Wall, Jenna|14|2004|CT33|Ontario|2018-11-03|2018 Barrie Aquafest|1:15.73|558
28|Thomas, Jordan|14|2004|KLAC|Ontario|2019-02-03|Dave Kensit Memorial SC Championship|1:15.80|556
29|Barrault, Amelia|14|2004|WGB|Yukon|2018-12-08|16th Annual XMAS Cracker Invitational|1:15.84|555
30|Hodge, Ashley|14|2004|BORC|Ontario|2018-12-08|Invitation provinciale AA-AAA Noël + Développement 11-12 ans CAMO|1:15.86|555
31|Rathwell, Regan|14|2004|GO|Ontario|2018-11-03|GO Fall Invitational|1:15.91|554
32|Ouellet, Mathilde|14|2003|MEGO|Québec|2018-11-10|Festival provincial par équipe section 2|1:16.03|551
33|Crawford, Maggie|14|2004|UCRO|Ontario|2018-12-09|Gatineau Grand Prix|1:16.08|550
34|Wood, Makena|14|2004|LASC|Alberta|2018-12-14|JP Fiset Invitational|1:16.09|550
35|Wist, Sela|14|2004|ISC|British Columbia|2019-01-25|Vancouver Island Regional SC Championships|1:16.10|550
36|Kwon, Jiwoo|14|2004|RHAC|Ontario|2018-12-09|Youth Cup|1:16.21|547
37|Richter, Jytte|14|2004|CP|Alberta|2018-12-14|JP Fiset Invitational|1:16.25|547
38|Jerodico, Mary Rose|14|2004|SPART|British Columbia|2018-12-08|2018 Spartan Santa LMR|1:16.38|544
39|Jeon, So Hyun|14|2005|CDNDG|Québec|2019-06-30|Championnat provincial groupe d'âge AA d'été - Ouest|1:16.50|541
40|Burnett, Devon|14|2004|ESWIM|Ontario|2018-12-22|2018 Trillium Cup|1:16.59|539
40|Ethier, Danika|14|2004|KAP|Ontario|2019-02-03|Dave Kensit Memorial SC Championship|1:16.59|539
42|Van Der Griend, Tianna|14|2003|PCSC|Québec|2018-11-03|Festival provincial par équipe section 1|1:16.73|536
43|Kittel, Grace|14|2004|ESWIM|Ontario|2018-12-22|2018 Trillium Cup|1:16.78|535
44|Zhang, Jessica|14|2004|WVOSC|British Columbia|2018-12-08|16th Annual XMAS Cracker Invitational|1:16.88|533
45|Ball, Alyssa|14|2004|BBF|Québec|2018-12-09|Invitation Provinciale AA-AAA Pointe-Claire 2018|1:16.98|531
46|Bellio, Katrina|14|2004|ESWIM|Ontario|2018-12-22|2018 Trillium Cup|1:17.05|530
47|Leung, Lauren|14|2004|RAPID|British Columbia|2019-07-27|SKSC Summer Fest|1:17.14|528
48|Ercoli, Cassandra|14|2004|DDO|Québec|2019-02-24|Championnat provincial groupe d'âge AA d'hiver - section Ouest|1:17.18|527
48|Russell, Molly|14|2004|UCSC|Alberta|2019-07-13|UCSC Western Finale|1:17.18|527
50|Minic, Catherine|14|2003|GPP|Alberta|2018-11-03|Cygnet Dental & Junction Point Physical Therapy Fast Track into Fall|1:17.22|526