RANK|ATHLETES|AGE|YOB|CLUB|PROVINCE|DATE|MEET|TIME|FINA
1|Minic, Catherine|14|2003|GPP|Alberta|2018-12-15|Ontario Junior International|2:13.71|715
2|Burnett, Devon|14|2004|ESWIM|Ontario|2018-11-09|2018 Age Group International SC|2:18.26|647
3|Gormley, Breckin|14|2004|CPWD|Ontario|2018-12-15|Ontario Junior International|2:22.48|591
4|Rerie, Payton|14|2004|MANTA|Manitoba|2018-12-15|ManSask Championships Short Course Open Championships|2:22.56|590
5|Forrester, Katie|14|2004|OAK|Ontario|2018-11-09|2018 Age Group International SC|2:22.60|590
6|Tinmouth, Iris|14|2004|COMOX|British Columbia|2018-12-15|Ontario Junior International|2:22.90|586
7|Yeo, Chiok Sze|14|2004|MAC|Ontario|2018-12-15|Ontario Junior International|2:22.92|586
8|Rathwell, Regan|14|2004|GO|Ontario|2018-11-23|Alex Baumann Invitational|2:23.35|580
9|Perron, Jennie|14|2004|UL|Québec|2018-11-02|Festival provincial par équipe section 1|2:24.01|572
10|Marovino, Katie|14|2004|ESWIM|Ontario|2019-01-12|2019 Etobicoke A-B Meet|2:24.53|566
11|Barbeau, Simonne|14|2004|NN|Québec|2018-12-02|Neptune International (CSPO 25m)|2:24.84|563
12|Bertrim, Alexandra|14|2004|SLSC|Ontario|2018-12-09|Youth Cup|2:25.01|561
13|Liu, Beidi|14|2004|NKB|Ontario|2018-12-02|Neptune International (CSPO 25m)|2:25.18|559
14|MACLEAN, KATE|14|2004|KSC|Alberta|2019-01-25|Mint Smartwash Winter Classic|2:25.42|556
15|Thomas, Erika|14|2004|BTSC|Ontario|2018-12-02|2018 Barrie Trojan Cup|2:25.76|552
16|Stanojlovic, Kaitlyn|14|2004|PCSC|Québec|2018-12-09|Invitation Provinciale AA-AAA Pointe-Claire 2018|2:25.88|551
17|Vander Leek, Teagan|14|2004|EKSC|Alberta|2019-01-19|Blue Bears 2019|2:26.23|547
18|Bansal, Noor|14|2004|MSSAC|Ontario|2018-12-02|Neptune International (CSPO 25m)|2:26.62|542
19|Bartoch, Heidi|14|2004|HWAC|Nova Scotia|2018-12-14|Age Group Development Meet|2:26.73|541
20|Scott, Martha|14|2004|SWOTT|Ontario|2018-12-09|Gatineau Grand Prix|2:26.97|539
21|Casasanta, Gabriella|14|2004|BRANT|Ontario|2018-12-15|Team Showdown 2018|2:27.01|538
22|Dunn, Gabrielle|14|2004|EKSC|Alberta|2018-12-14|JP Fiset Invitational|2:27.11|537
23|Saenz, Regina|14|2004|HYACK|British Columbia|2018-12-09|Youth Cup|2:27.24|536
24|Beauchemin, Maulie|14|2003|ELITE|Québec|2018-11-02|Festival provincial par équipe section 1|2:27.50|533
25|Johnsen, Hannah|14|2003|TBT|Ontario|2018-11-03|NYAC Cup|2:28.14|526
26|Babatsikos, Eleftheria|14|2004|TSC|Ontario|2018-11-03|NYAC Cup|2:28.84|518
27|Wasik, Adriana|14|2004|MSSAC|Ontario|2018-11-09|2018 Age Group International SC|2:28.97|517
28|Gruson, Karina|14|2003|SWOTT|Ontario|2018-12-09|Gatineau Grand Prix|2:29.33|513
29|Lord, Raphaëlle|14|2004|CNQ|Québec|2018-12-08|Défi Nez-Rouge 2018|2:29.37|513
30|Pain, Katie|14|2004|KBM|Ontario|2019-02-03|2019 Eastern Ontario Regional Championships (SC/LC)|2:29.62|510
31|Hussey, Julia|14|2005|TIDE|New Brunswick|2019-02-02|NB Open Cup - Coupe NB|2:30.41|502
32|Wist, Sela|14|2004|ISC|British Columbia|2019-01-25|Vancouver Island Regional SC Championships|2:30.52|501
33|Casasanta, Alanna|14|2004|BRANT|Ontario|2018-11-10|Swim International 2018|2:30.53|501
34|Daigle, Elsa|14|2004|TSC|Ontario|2018-11-03|NYAC Cup|2:30.64|500
35|Cosma, Anna|14|2004|CHENA|British Columbia|2018-12-14|Rapids Fast-Swim Classic|2:30.87|498
36|Housman, Eliza|14|2004|UCSC|Alberta|2018-12-09|Youth Cup|2:30.91|497
37|Cyr Bouchard, Cassandre|14|2005|NG|Québec|2019-06-30|Championnat provincial groupe d'âge AA d'été - Ouest|2:30.98|497
38|Robertson, Maggie|14|2004|DDO|Québec|2018-11-02|Festival provincial par équipe section 3|2:31.09|496
39|Miller, Arianna|14|2003|BTSC|Ontario|2018-11-04|2018 Barrie Aquafest|2:31.51|492
40|Beauregard, Kara|14|2004|CRKW|British Columbia|2019-01-25|Vancouver Island Regional SC Championships|2:31.57|491
41|Scholes, Dylan|14|2004|OAK|Ontario|2018-12-09|Youth Cup|2:31.64|490
42|Antonen, Tara|14|2004|TSC|Ontario|2018-11-03|NYAC Cup|2:31.89|488
43|Katterhagen, Ryenne|14|2004|UCSC|Alberta|2018-12-16|UCSC Holiday Classic|2:31.94|487
44|Drohan, Emma|14|2004|VPSC|British Columbia|2018-11-10|ISC 2018 Bennett Cup|2:32.01|487
45|Rusnakova, Natalia|14|2004|UCSC|Alberta|2019-07-14|UCSC Western Finale|2:32.11|486
46|Brousseau, Jeanne|14|2004|CNQ|Québec|2018-11-02|Festival provincial par équipe section 1|2:32.24|484
47|Bensebaa, Leticia|14|2005|GO|Ontario|2019-02-03|2019 Eastern Ontario Regional Championships (SC/LC)|2:32.76|480
48|THOMPSON, KAtie|14|2004|KSC|Alberta|2019-01-25|Mint Smartwash Winter Classic|2:32.81|479
49|Roy, Emilie|14|2004|ESWIM|Ontario|2018-11-09|2018 Age Group International SC|2:33.01|477
50|Shemilt, Jorja|14|2003|OAK|Ontario|2018-11-09|2018 Age Group International SC|2:33.10|476