RANK|AGES|CLUB|TEAM|PROVINCE|DATE|MEET|TIME|FINA
1|14 - 14|Loups Marins de Rivière-du-Loup|LMRL M|Québec|2018-11-10|Festival provincial par équipe section 2|4:36.57|539
2|14 - 14|Loups Marins de Rivière-du-Loup|LMRL A|Québec|2018-11-30|Neptune International (CSPO 25m)|4:41.92|509
3|14 - 14|C.A. St-Eustache|CASE A|Québec|2019-02-22|Championnat provincial groupe d'âge AA d'hiver - section Ouest|4:44.75|494
4|14 - 14|Mississauga Aquatic Club|MSSA B|Ontario|2018-11-30|Neptune International (CSPO 25m)|4:49.46|470
5|14 - 14|C.N. Région de Québec|CNQ A|Québec|2019-02-22|Championnat provincial groupe d'âge AA d'hiver - section Est|4:52.35|457
6|14 - 14|Carleton Place Water Dragons|CPWD A|Ontario|2018-11-24|BYST Fall Invitational|4:52.55|456
7|14 - 14|Club de Natation SAMAK|SAMA A|Québec|2018-11-10|Festival provincial par équipe section 2|4:54.65|446
8|14 - 14|C.A. Régional de l'Abitibi-Témiscamingue|CARA A|Québec|2019-02-22|Championnat provincial groupe d'âge AA d'hiver - section Ouest|4:59.75|424
9|14 - 14|C.N. Requins de Drummondville|RED A|Québec|2019-02-22|Championnat provincial groupe d'âge AA d'hiver - section Est|5:00.38|421
10|14 - 14|Unik Pont-Rouge|UNIK A|Québec|2019-02-22|Championnat provincial groupe d'âge AA d'hiver - section Est|5:06.85|395
11|14 - 14|Rouge et Or/Université Laval|UL A|Québec|2019-06-28|Championnat provincial groupe d'âge AA d'été - section Est|5:12.77|373
12|14 - 14|Codiac Vikings Aquatic Club|CVAC A|New Brunswick|2019-04-28|Ellen Waters Memorial Meet|5:15.93|362
13|14 - 14|Les Loutres|LLOU O|Québec|2018-11-03|Festival provincial par équipe section 5 - Sud|5:31.11|314
14|14 - 14|Les Espadons|LES B|New Brunswick|2019-04-28|Ellen Waters Memorial Meet|5:38.08|295
15|14 - 14|Hippocampe de St-Hubert|HIPP A|Québec|2018-11-10|Festival provincial par équipe section 4|5:43.00|283
16|14 - 14|Club aquatique Pointe de l'Ile|CAPI A|Québec|2018-11-10|Festival provincial par équipe section 5 - Ouest|5:53.44|258