RANK|ATHLETES|AGE|YOB|CLUB|PROVINCE|DATE|MEET|TIME|FINA
1|Bellio, Katrina|14|2004|ESWIM|Ontario|2019-07-10|2019 ESWIM Class 1 Time Trial - July 10|4:14.73|780
2|Rothery, Freya|14|2004|TSC|Ontario|2018-12-15|Ontario Junior International|4:22.57|712
3|Scott Bouris, Naeva|14|2004|UVPCS|British Columbia|2019-08-03|Mid-Summer Madness|4:22.71|711
4|Willar, Megan|14|2004|PCSC|Québec|2018-12-08|Invitation Provinciale AA-AAA Pointe-Claire 2018|4:23.10|708
5|Stannard, Camryn|14|2004|NRST|British Columbia|2019-01-27|Vancouver Island Regional SC Championships|4:23.12|708
6|Minic, Catherine|14|2003|GPP|Alberta|2018-11-17|2018 PGBSC Medical Northern Invitational|4:24.44|697
7|Dunn, Gabrielle|14|2004|EKSC|Alberta|2018-12-16|JP Fiset Invitational|4:25.46|689
8|Gage, Kyla|14|2004|PCSC|Québec|2018-12-08|Invitation Provinciale AA-AAA Pointe-Claire 2018|4:26.08|684
9|Rerie, Payton|14|2004|MANTA|Manitoba|2018-12-14|ManSask Championships Short Course Open Championships|4:26.11|684
10|Gormley, Breckin|14|2004|CPWD|Ontario|2018-11-23|BYST Fall Invitational|4:26.59|680
11|Tinmouth, Iris|14|2004|COMOX|British Columbia|2018-12-15|Ontario Junior International|4:26.77|679
12|Liang, Christey|14|2004|EKSC|Alberta|2018-12-16|JP Fiset Invitational|4:26.92|678
13|Saenz, Regina|14|2004|HYACK|British Columbia|2018-11-11|2018 Brad Reid Memorial Invitational|4:28.61|665
14|Vetter, Delrae|14|2004|AMAC|Alberta|2018-12-16|JP Fiset Invitational|4:29.27|660
15|Fack, Zadie|14|2004|PSW|British Columbia|2018-12-14|Rapids Fast-Swim Classic|4:29.41|659
16|Marovino, Katie|14|2004|ESWIM|Ontario|2019-01-12|2019 Etobicoke A-B Meet|4:29.76|657
17|Slee, Naomi|14|2004|FMSC|Alberta|2018-12-16|JP Fiset Invitational|4:29.78|656
18|Jardine, Lucy|14|2004|SWAT|Nova Scotia|2018-12-15|Age Group Development Meet|4:30.08|654
19|Beauchemin, Maulie|14|2003|ELITE|Québec|2018-11-02|Festival provincial par équipe section 1|4:30.39|652
20|Wen, Eva|14|2004|HYACK|British Columbia|2018-12-14|Rapids Fast-Swim Classic|4:30.83|649
21|Shen, Allison|14|2004|HYACK|British Columbia|2018-11-11|2018 Brad Reid Memorial Invitational|4:30.95|648
22|Perron, Jennie|14|2004|UL|Québec|2018-12-07|Défi Nez-Rouge 2018|4:31.46|644
23|McMillan, Ashley|14|2004|KISU|British Columbia|2018-11-24|Distance week 400 Free Time Trial|4:31.65|643
24|Hulford, Kate|14|2004|TSC|Ontario|2018-12-21|2018 Trillium Cup|4:31.77|642
25|Burnett, Devon|14|2004|ESWIM|Ontario|2018-11-11|2018 Age Group International SC|4:31.88|641
26|LeRoy, Brynne|14|2005|TIDE|New Brunswick|2019-02-03|NB Open Cup - Coupe NB|4:32.60|636
27|Shemilt, Sydney|14|2003|OAK|Ontario|2018-11-11|2018 Age Group International SC|4:32.63|636
28|Scholes, Dylan|14|2004|OAK|Ontario|2018-11-11|2018 Age Group International SC|4:32.92|634
29|Tremblay, Raphaelle|14|2004|LMRL|Québec|2019-06-09|Finale régionale|4:33.08|633
30|Shemilt, Jorja|14|2003|OAK|Ontario|2018-11-11|2018 Age Group International SC|4:33.19|632
31|Nagy, Ella|14|2004|OAK|Ontario|2018-12-15|Ontario Junior International|4:33.24|632
32|Cranmer, Isabelle|14|2003|KSC|Alberta|2018-11-16|KSC SC Invitational 2018|4:33.27|632
33|Masselink, Thea|14|2004|ISC|British Columbia|2018-12-08|16th Annual XMAS Cracker Invitational|4:33.96|627
34|Holden, Megan|14|2004|MPM|Newfoundland|2018-11-25|2018 Mount Pearl Marlins 3rd Annual Sink or Swim Invitiational|4:34.08|626
35|Kudo, Ali|14|2004|GMAC|Ontario|2018-12-14|Team Showdown 2018|4:34.20|625
36|Leslie, Kamryn|14|2004|UCSC|Alberta|2018-12-14|ManSask Championships Short Course Open Championships|4:34.64|622
37|Vreeken, Stella|14|2004|TSC|Ontario|2018-12-08|Youth Cup|4:34.80|621
38|Bymoen, Quinnlan|14|2005|UCSC|Alberta|2019-07-13|UCSC Western Finale|4:34.98|620
39|Jerace, Allyssa|14|2004|EKSC|Alberta|2019-01-19|Blue Bears 2019|4:35.02|620
40|Vander Leek, Teagan|14|2004|EKSC|Alberta|2018-10-27|Cascade Speed Meet|4:35.27|618
41|Bensebaa, Leticia|14|2005|GO|Ontario|2019-02-01|2019 Eastern Ontario Regional Championships (SC/LC)|4:35.86|614
42|Jackson, Paris|14|2004|OAK|Ontario|2018-11-11|2018 Age Group International SC|4:36.00|613
43|Clarke, Emma|14|2005|LSC|Ontario|2019-04-28|2019 Ontario Team Challenge|4:36.43|610
43|Mcara, Chloe|14|2004|PCSC|Québec|2018-12-08|Invitation Provinciale AA-AAA Pointe-Claire 2018|4:36.43|610
45|Rathwell, Regan|14|2004|GO|Ontario|2018-11-25|Alex Baumann Invitational|4:36.46|610
46|Poirier, Elyse|14|2004|LMRL|Québec|2018-12-07|Défi Nez-Rouge 2018|4:36.47|610
47|Milanovich, Julianna|14|2003|ESWIM|Ontario|2018-12-08|Invitation Provinciale AA-AAA Pointe-Claire 2018|4:36.97|607
48|Puhalski, Jamie|14|2004|TBT|Ontario|2018-11-03|NYAC Cup|4:37.37|604
49|De Jager, Emily|14|2004|SPART|British Columbia|2019-01-12|2019 Hyack Icebreaker Classic|4:37.67|602
50|THOMPSON, KAtie|14|2004|KSC|Alberta|2018-12-16|JP Fiset Invitational|4:37.95|600