RANK|ATHLETES|AGE|YOB|CLUB|PROVINCE|DATE|MEET|TIME|FINA
1|Yeo, Chiok Sze|14|2004|MAC|Ontario|2018-12-15|Ontario Junior International|28.19|646
2|Hodge, Ashley|14|2004|BORC|Ontario|2019-04-27|2019 Ontario Team Challenge|28.30|639
3|Kovaluk, Eva|14|2004|NN|Québec|2018-11-03|Festival provincial par équipe section 1|28.39|633
4|Stannard, Camryn|14|2004|NRST|British Columbia|2018-12-07|16th Annual XMAS Cracker Invitational|28.52|624
5|Pain, Katie|14|2004|KBM|Ontario|2018-12-07|Gatineau Grand Prix|28.82|605
6|Wist, Sela|14|2004|ISC|British Columbia|2018-12-15|26th Annual MJB Law Classic SCM|28.83|604
7|Minic, Catherine|14|2003|GPP|Alberta|2018-12-15|Ontario Junior International|28.93|598
8|Wen, Eva|14|2004|HYACK|British Columbia|2018-12-15|Rapids Fast-Swim Classic|29.06|590
9|Rathwell, Regan|14|2004|GO|Ontario|2018-10-13|GO Kingfish Blue and Orange Pentathlon|29.07|589
10|Casasanta, Gabriella|14|2004|BRANT|Ontario|2019-02-03|2019 Western Region SC Champs|29.13|586
10|Vander Leek, Teagan|14|2004|EKSC|Alberta|2018-12-16|JP Fiset Invitational|29.13|586
12|Gormley, Breckin|14|2004|CPWD|Ontario|2019-02-01|2019 Eastern Ontario Regional Championships (SC/LC)|29.15|585
13|Babatsikos, Eleftheria|14|2004|TSC|Ontario|2018-11-02|NYAC Cup|29.25|579
14|Johns, Cadence|14|2004|MJKFF|Saskatchewan|2018-12-16|ManSask Championships Short Course Open Championships|29.27|577
15|Wall, Ava|14|2004|KISU|British Columbia|2018-12-15|26th Annual MJB Law Classic SCM|29.30|576
16|L'Archeveque, Alicia|14|2004|UCSC|Alberta|2019-07-14|UCSC Western Finale|29.42|569
17|Millns, Katie|14|2004|TRIT|Alberta|2018-12-16|JP Fiset Invitational|29.45|567
18|Tang, Janice|14|2004|VPSC|British Columbia|2018-12-16|JP Fiset Invitational|29.50|564
19|Gray, Cassidy|14|2004|HYACK|British Columbia|2018-12-15|Rapids Fast-Swim Classic|29.52|563
19|McMillan, Ashley|14|2004|KISU|British Columbia|2018-12-17|Post Championship Meet - Day 4 - Time Trial|29.52|563
21|Dailloux, Norah|14|2005|CNQ|Québec|2019-05-04|Invitation du Printemps|29.55|561
22|Varga, Ella|14|2004|CASC|Alberta|2018-11-17|KSC SC Invitational 2018|29.63|557
23|MACLEAN, KATE|14|2004|KSC|Alberta|2019-01-26|Mint Smartwash Winter Classic|29.64|556
24|Gruson, Karina|14|2003|SWOTT|Ontario|2018-12-02|Invitation provinciale 2018|29.66|555
25|Scott, Martha|14|2004|SWOTT|Ontario|2018-12-07|Gatineau Grand Prix|29.69|553
26|Gallagher, Hannah|14|2004|ROW|Ontario|2019-02-03|2019 Western Region SC Champs|29.77|549
26|Daigle, Elsa|14|2004|TSC|Ontario|2018-12-15|Ontario Junior International|29.77|549
28|Wasik, Adriana|14|2004|MSSAC|Ontario|2018-11-11|2018 Age Group International SC|29.80|547
29|Rothery, Freya|14|2004|TSC|Ontario|2018-11-02|NYAC Cup|29.81|547
30|Nobes, Samantha|14|2004|GHAC|Ontario|2018-12-07|Border City Invitational|29.82|546
31|Drover-Smith, Megan|14|2004|WS|Ontario|2019-04-27|2019 Ontario Team Challenge|29.83|545
31|Antonen, Tara|14|2004|TSC|Ontario|2018-11-02|NYAC Cup|29.83|545
33|Leslie, Kamryn|14|2004|UCSC|Alberta|2019-03-08|UCSC Team Champs|29.86|544
34|Whitmore, Aly|14|2004|NEW|Ontario|2018-10-19|HARVEST/AUTUMN INVITATIONAL|29.87|543
35|De Jager, Emily|14|2004|SPART|British Columbia|2018-12-15|Rapids Fast-Swim Classic|29.95|539
36|Majer, Grace|14|2004|UCSC|Alberta|2018-12-16|ManSask Championships Short Course Open Championships|29.96|538
36|Nykoliation, Claire|14|2004|SCAR|Ontario|2019-04-27|2019 Ontario Team Challenge|29.96|538
38|Giroux, Calli|14|2004|UCSC|Alberta|2019-07-14|UCSC Western Finale|29.97|538
39|Tremblay, Marie-Christine|14|2004|CNBO|New Brunswick|2018-11-02|NYAC Cup|29.98|537
40|Tran, Madeleine|14|2004|CYPS|Ontario|2018-12-15|Ontario Junior International|29.99|537
41|Brousseau, Jeanne|14|2004|CNQ|Québec|2018-11-03|Festival provincial par équipe section 1|30.02|535
42|Bertrim, Alexandra|14|2004|SLSC|Ontario|2019-02-03|Dave Kensit Memorial SC Championship|30.04|534
42|Bosco, Josie|14|2004|TSC|Ontario|2018-11-02|NYAC Cup|30.04|534
44|Murphy, Cleo|14|2004|LAC|Ontario|2018-11-23|LAC - Nothers Fall Invitational|30.07|532
45|Strong, Jessica|14|2004|HST|British Columbia|2019-01-19|Canadian Dolphin New Years Invitational 2019|30.08|532
46|Buche, Jacqueline|14|2003|PCSC|Québec|2018-11-03|Festival provincial par équipe section 1|30.09|531
47|Tremblay, Raphaelle|14|2004|LMRL|Québec|2018-12-08|Défi Nez-Rouge 2018|30.12|530
48|Elliott, Paige|14|2004|ISS|Ontario|2019-02-03|2019 Western Region SC Champs|30.13|529
49|Robertson, Maggie|14|2004|DDO|Québec|2018-11-03|Festival provincial par équipe section 3|30.14|529
50|MacLeod, Hannah|14|2004|DCSC|Nova Scotia|2018-12-16|Age Group Development Meet|30.20|526