RANK|ATHLETES|AGE|YOB|CLUB|PROVINCE|DATE|MEET|TIME|FINA
1|McMillan, Ashley|14|2004|KISU|British Columbia|2018-12-16|Ontario Junior International|2:14.50|743
2|Minic, Catherine|14|2003|GPP|Alberta|2018-12-16|Ontario Junior International|2:17.70|693
3|Rathwell, Regan|14|2004|GO|Ontario|2018-12-16|Ontario Junior International|2:17.76|692
4|Bellio, Katrina|14|2004|ESWIM|Ontario|2018-11-09|2018 Age Group International SC|2:18.46|681
5|Burnett, Devon|14|2004|ESWIM|Ontario|2018-11-09|2018 Age Group International SC|2:19.09|672
6|Lo, Jade|14|2004|ESWIM|Ontario|2019-01-12|2019 Etobicoke A-B Meet|2:20.71|649
7|Barbeau, Simonne|14|2004|NN|Québec|2018-11-02|Festival provincial par équipe section 1|2:21.26|641
8|Harri, Isabel|14|2004|TBT|Ontario|2018-12-08|Youth Cup|2:22.21|629
9|Johnsen, Hannah|14|2003|TBT|Ontario|2018-11-03|NYAC Cup|2:22.43|626
10|Berrigan, Meghan|14|2004|EKSC|Alberta|2018-12-15|JP Fiset Invitational|2:23.03|618
11|Johns, Cadence|14|2004|MJKFF|Saskatchewan|2018-12-15|ManSask Championships Short Course Open Championships|2:23.09|617
12|Gormley, Breckin|14|2004|CPWD|Ontario|2019-02-01|2019 Eastern Ontario Regional Championships (SC/LC)|2:23.15|616
13|Vander Leek, Teagan|14|2004|EKSC|Alberta|2019-01-19|Blue Bears 2019|2:23.24|615
14|Marovino, Katie|14|2004|ESWIM|Ontario|2019-01-12|2019 Etobicoke A-B Meet|2:23.31|614
15|Stannard, Camryn|14|2004|NRST|British Columbia|2019-01-25|Vancouver Island Regional SC Championships|2:23.38|613
16|De Jager, Emily|14|2004|SPART|British Columbia|2018-12-14|Rapids Fast-Swim Classic|2:24.20|603
17|Tremblay, Raphaelle|14|2004|LMRL|Québec|2019-06-09|Finale régionale|2:24.23|603
18|Kovaluk, Eva|14|2004|NN|Québec|2019-01-26|Invitation provinciale Neptune (St-Jérôme)|2:24.24|603
19|Crawford, Sarah|14|2004|RAPID|British Columbia|2018-12-14|Rapids Fast-Swim Classic|2:24.77|596
20|Kraetzer, Andrea|14|2004|KAJ|British Columbia|2018-12-14|26th Annual MJB Law Classic SCM|2:25.15|591
21|Thomas, Jordan|14|2004|KLAC|Ontario|2019-02-02|Dave Kensit Memorial SC Championship|2:25.28|590
22|Bosco, Josie|14|2004|TSC|Ontario|2018-12-08|Youth Cup|2:25.36|589
23|Tuck, Kate|14|2004|USC|Ontario|2018-11-03|NYAC Cup|2:25.61|586
24|Willar, Megan|14|2004|PCSC|Québec|2018-12-09|Invitation Provinciale AA-AAA Pointe-Claire 2018|2:25.70|585
25|Bond, Madison|14|2004|TCSC|Nova Scotia|2018-12-16|Age Group Development Meet|2:25.96|581
26|Forrester, Katie|14|2004|OAK|Ontario|2018-12-16|Ontario Junior International|2:26.32|577
27|Whitmore, Aly|14|2004|NEW|Ontario|2018-12-08|Border City Invitational|2:26.48|575
28|James, Megan|14|2004|MANTA|Manitoba|2018-12-13|ManSask Championships Short Course Open Championships|2:26.73|572
29|Masselink, Thea|14|2004|ISC|British Columbia|2018-12-07|16th Annual XMAS Cracker Invitational|2:26.76|572
29|Perron, Jennie|14|2004|UL|Québec|2018-12-07|Défi Nez-Rouge 2018|2:26.76|572
31|L'Archeveque, Alicia|14|2004|UCSC|Alberta|2018-12-08|Youth Cup|2:26.79|572
32|Hodge, Ashley|14|2004|BORC|Ontario|2018-12-08|Invitation provinciale AA-AAA Noël + Développement 11-12 ans CAMO|2:26.82|571
33|Tinmouth, Iris|14|2004|COMOX|British Columbia|2018-12-07|16th Annual XMAS Cracker Invitational|2:26.95|570
34|Housman, Eliza|14|2004|UCSC|Alberta|2019-07-13|UCSC Western Finale|2:27.18|567
35|Casasanta, Gabriella|14|2004|BRANT|Ontario|2018-12-16|Team Showdown 2018|2:27.32|565
36|Leslie, Kamryn|14|2004|UCSC|Alberta|2018-10-27|Cascade Speed Meet|2:27.35|565
37|Vézina, Corinne|14|2004|ELITE|Québec|2018-12-09|Invitation Provinciale AA-AAA Pointe-Claire 2018|2:27.52|563
38|Bertrim, Alexandra|14|2004|SLSC|Ontario|2019-02-02|Dave Kensit Memorial SC Championship|2:27.53|563
39|Thomas, Erika|14|2004|BTSC|Ontario|2018-11-03|2018 Barrie Aquafest|2:27.56|563
40|Drover-Smith, Megan|14|2004|WS|Ontario|2019-04-26|2019 Ontario Team Challenge|2:27.59|562
41|Slee, Naomi|14|2004|FMSC|Alberta|2018-12-15|JP Fiset Invitational|2:27.65|562
42|Pietrantonio, Alexia|14|2004|LMRL|Québec|2018-11-09|Festival provincial par équipe section 2|2:27.74|561
43|Vetter, Delrae|14|2004|AMAC|Alberta|2018-12-15|JP Fiset Invitational|2:27.84|560
44|Gage, Kyla|14|2004|PCSC|Québec|2018-12-09|Invitation Provinciale AA-AAA Pointe-Claire 2018|2:27.85|559
45|Casasanta, Alanna|14|2004|BRANT|Ontario|2019-02-03|2019 Western Region SC Champs|2:28.01|558
46|Liang, Christey|14|2004|EKSC|Alberta|2019-01-19|Blue Bears 2019|2:28.08|557
47|Chen, Jemimah|14|2005|WSC|British Columbia|2019-07-27|SKSC Summer Fest|2:28.10|557
48|Scholes, Dylan|14|2004|OAK|Ontario|2018-11-09|2018 Age Group International SC|2:28.33|554
48|Bereza, Samantha|14|2004|SCAR|Ontario|2018-11-09|42nd Cindy Nicholas Invitational|2:28.33|554
50|Mcara, Chloe|14|2004|PCSC|Québec|2018-12-09|Invitation Provinciale AA-AAA Pointe-Claire 2018|2:28.38|553