RANK|AGES|CLUB|TEAM|PROVINCE|DATE|MEET|TIME|FINA
1|14 - 14|Cascade Swim Club|CASC A|Alberta|2018-10-26|Cascade Speed Meet|1:57.44|679
2|14 - 14|Island Swimming Club|ISC A|British Columbia|2019-01-25|Vancouver Island Regional SC Championships|1:58.62|659
3|14 - 14|Olympian Swim Club|OSC A|Alberta|2018-10-26|Cascade Speed Meet|1:58.88|655
4|14 - 14|Edmonton Keyano Swim Club|EKSC A|Alberta|2018-12-15|JP Fiset Invitational|2:01.68|611
5|14 - 14|Manitoba Marlins|TOBA A|Manitoba|2018-12-16|ManSask Championships Short Course Open Championships|2:01.77|609
6|14 - 14|Calgary Patriots Swim Club|CP A|Alberta|2018-10-26|Fast & Furious Invitational|2:02.33|601
7|14 - 14|Whitby Swimming|WD A|Ontario|2018-11-30|2018 Union Cup|2:03.48|584
8|14 - 14|University Of Calgary Swim Club|UCSC B|Alberta|2018-10-26|Cascade Speed Meet|2:03.76|581
9|14 - 14|Nose Creek Swim Association|AB A|Alberta|2018-12-16|ManSask Championships Short Course Open Championships|2:03.99|577
10|14 - 14|Oakville Aquatic Club|OAK A|Ontario|2018-11-11|2018 Age Group International SC|2:05.00|563
11|14 - 14|Club Campbellton Aquatika Club|AQUA A|New Brunswick|2018-12-14|Championat par équipe Marianne Limpert|2:05.14|561
12|14 - 14|Loups Marins de Rivière-du-Loup|LMRL M|Québec|2018-11-09|Inter-provinciale LMRL 2019|2:05.27|560
13|14 - 14|Richmond Rapids Swim Club|RAPIDA|British Columbia|2018-11-11|ISC 2018 Bennett Cup|2:05.81|553
14|14 - 14|UVic Pacific Coast Swimming|UVPCSB|British Columbia|2019-01-25|Vancouver Island Regional SC Championships|2:05.97|550
15|14 - 14|Orangeville Otters Swim Club|OOSC C|Ontario|2019-02-03|2019 Huronia SC Regional Championships|2:06.30|546
16|14 - 14|Brantford Aquatic Club|BRANTA|Ontario|2018-10-14|Brad Townsend Fall Classic|2:07.50|531
17|14 - 14|Canadian Dolphin Swim Club|CDSC A|British Columbia|2019-01-18|Canadian Dolphin New Years Invitational 2019|2:07.60|530
18|14 - 14|Golden Horseshoe Aquatic Club|GHAC A|Ontario|2018-12-09|Border City Invitational|2:07.62|529
19|14 - 14|The Dorado Stars Swim Club|STARSA|Ontario|2018-11-30|2018 Union Cup|2:07.69|528
20|14 - 14|Muskoka Aquatic Club|MUSACA|Ontario|2019-02-03|2019 Huronia SC Regional Championships|2:08.09|524
21|14 - 14|Island Swimming Club|ISC C|British Columbia|2018-11-11|ISC 2018 Bennett Cup|2:09.18|510
22|14 - 14|Newmarket Stingrays Swim Club|NEW A|Ontario|2018-11-04|Newmarket Stingrays Fall Invitational|2:09.95|501
23|14 - 14|Prince Rupert Amateur Swim Club|PRASCB|British Columbia|2019-06-02|Northwest Spring Invitational|2:10.39|496
24|14 - 14|Owen Sound Aquatic Club|OSAC A|Ontario|2018-12-16|Team Showdown 2018|2:10.41|496
25|14 - 14|Duncan Stingrays Swim Team|DST A|British Columbia|2018-11-11|ISC 2018 Bennett Cup|2:11.15|488
26|14 - 14|Whitby Swimming|WD B|Ontario|2018-11-30|2018 Union Cup|2:11.23|487
27|14 - 14|Windsor Aquatic Club|WAC A|Ontario|2019-02-03|2019 Western Region SC Champs|2:11.69|482
28|14 - 14|Vancouver Pacific Swim Club|VPSC A|British Columbia|2018-12-15|Rapids Fast-Swim Classic|2:12.23|476
29|14 - 14|Upper Canada Swim Club|UCRO A|Ontario|2018-11-24|Gatineau Grand Prix|2:13.15|466
30|14 - 14|Carleton Place Water Dragons|CPWD A|Ontario|2018-12-07|Gatineau Grand Prix|2:13.32|464
31|14 - 14|Vancouver Pacific Swim Club|VPSC D|British Columbia|2018-11-11|ISC 2018 Bennett Cup|2:13.74|460
32|14 - 14|Sault Surge Aquatic Team|SSAT D|Ontario|2018-11-10|2018 Sault Surge Pentathlon|2:13.88|458
33|14 - 14|Mississauga Aquatic Club|MSSACA|Ontario|2019-01-12|MSSAC Open|2:14.14|456
33|14 - 14|Mississauga Aquatic Club|MSSA B|Ontario|2018-12-01|Neptune International (CSPO 25m)|2:14.14|456
35|14 - 14|Trent Swim Club|TRENTA|Ontario|2018-11-04|Dash for Cash|2:14.36|454
36|14 - 14|Okotoks Mavericks Swim Club|MAVS A|Alberta|2018-10-26|Maverick Madness 2019|2:14.62|451
37|14 - 14|Club de Natation SAMAK|SAMA A|Québec|2018-11-09|Festival provincial par équipe section 2|2:14.67|450
37|14 - 14|Club de Natation SAMAK|SAMA D|Québec|2019-02-16|Championnat provincial 11-12 ans et Paranatation - Hiver|2:14.67|450
39|14 - 14|Summerland Orca Swim Club|SOSC B|British Columbia|2018-11-18|2018 KAJ Fall Classic|2:15.41|443
40|14 - 14|Newmarket Stingrays Swim Club|NEW B|Ontario|2018-12-09|Border City Invitational|2:15.52|442
41|14 - 14|C.A. Régional de l'Abitibi-Témiscamingue|CARA A|Québec|2018-12-07|Gatineau Grand Prix|2:15.78|439
42|14 - 14|Pacific Sea Wolves|PSW A|British Columbia|2018-12-07|16th Annual XMAS Cracker Invitational|2:16.02|437
43|14 - 14|Scarborough Swim Club|SCAR A|Ontario|2019-02-24|Central Region SC C Champs (Winter)|2:16.03|437
44|14 - 14|Collingwood Clippers Swim Club|CCSC A|Ontario|2018-11-17|McDonald's Team Challenge Short Course Swim Meet|2:16.58|432
45|14 - 14|Nanaimo Riptide Swim Team|NRST B|British Columbia|2019-01-27|Vancouver Island Regional SC Championships|2:16.73|430
46|14 - 14|Clarington Swim Club|ROC A|Ontario|2019-02-24|Collingwood Invitational 2019|2:16.78|430
47|14 - 14|Vancouver Pacific Swim Club|VPSC C|British Columbia|2018-11-10|ISC 2018 Bennett Cup|2:17.20|426
48|14 - 14|Halton Hills Blue Fins|HHBF A|Ontario|2018-10-21|No Pain No Gain|2:17.36|424
49|14 - 14|Windsor Aquatic Club|WAC C|Ontario|2018-12-09|Border City Invitational|2:18.00|419
50|14 - 14|Mississauga Aquatic Club|MSSACE|Ontario|2018-10-21|HARVEST/AUTUMN INVITATIONAL|2:19.21|408