RANK|ATHLETES|AGE|YOB|CLUB|PROVINCE|DATE|MEET|TIME|FINA
1|Rathwell, Regan|14|2004|GO|Ontario|2018-12-15|Ontario Junior International|1:00.19|764
2|Masselink, Thea|14|2004|ISC|British Columbia|2018-12-09|16th Annual XMAS Cracker Invitational|1:01.71|709
3|Scholes, Dylan|14|2004|OAK|Ontario|2018-12-15|Ontario Junior International|1:02.61|678
4|James, Megan|14|2004|MANTA|Manitoba|2018-12-14|ManSask Championships Short Course Open Championships|1:02.62|678
5|McMillan, Ashley|14|2004|KISU|British Columbia|2018-12-15|Ontario Junior International|1:02.88|670
6|Kovaluk, Eva|14|2004|NN|Québec|2018-12-15|Ontario Junior International|1:03.36|655
7|Drover-Smith, Megan|14|2004|WS|Ontario|2018-12-15|Ontario Junior International|1:03.45|652
8|Varga, Ella|14|2004|CASC|Alberta|2018-12-15|Ontario Junior International|1:03.48|651
9|Johnsen, Hannah|14|2003|TBT|Ontario|2018-11-03|NYAC Cup|1:03.83|640
10|Nagy, Ella|14|2004|OAK|Ontario|2018-12-15|Ontario Junior International|1:04.07|633
11|Gray, Cassidy|14|2004|HYACK|British Columbia|2019-06-08|Knights June Jamboree 2019|1:04.13|631
11|Leslie, Kamryn|14|2004|UCSC|Alberta|2018-12-14|ManSask Championships Short Course Open Championships|1:04.13|631
13|Pietrantonio, Alexia|14|2004|LMRL|Québec|2018-12-08|Défi Nez-Rouge 2018|1:04.42|623
14|Beauchemin, Maulie|14|2003|ELITE|Québec|2018-11-04|Festival provincial par équipe section 1|1:04.53|620
15|Tran, Madeleine|14|2004|CYPS|Ontario|2018-12-15|Ontario Junior International|1:04.54|619
16|Lo, Jade|14|2004|ESWIM|Ontario|2018-12-21|2018 Trillium Cup|1:04.64|617
17|Bellio, Katrina|14|2004|ESWIM|Ontario|2018-12-21|2018 Trillium Cup|1:04.91|609
18|Burnett, Devon|14|2004|ESWIM|Ontario|2018-12-21|2018 Trillium Cup|1:04.92|609
19|Johns, Cadence|14|2004|MJKFF|Saskatchewan|2018-12-14|ManSask Championships Short Course Open Championships|1:05.26|599
20|Kelly, Payton|14|2004|CASC|Alberta|2018-12-16|JP Fiset Invitational|1:05.27|599
21|Giroux, Calli|14|2004|UCSC|Alberta|2018-12-07|Youth Cup|1:05.56|591
22|Goldin, Sadie|14|2004|RAMAC|Ontario|2018-12-15|Ontario Junior International|1:05.58|590
23|Buche, Jacqueline|14|2003|PCSC|Québec|2018-11-04|Festival provincial par équipe section 1|1:05.74|586
24|Wall, Ava|14|2004|KISU|British Columbia|2018-12-14|26th Annual MJB Law Classic SCM|1:05.85|583
25|Daigle, Elsa|14|2004|TSC|Ontario|2018-11-03|NYAC Cup|1:05.91|582
26|Bosco, Josie|14|2004|TSC|Ontario|2018-11-03|NYAC Cup|1:05.93|581
27|Tyrrell, Sarah|14|2004|LAC|Ontario|2018-12-15|Team Showdown 2018|1:05.95|580
28|Wen, Eva|14|2004|HYACK|British Columbia|2019-01-13|2019 Hyack Icebreaker Classic|1:05.98|580
29|McNicol, Emily|14|2004|GHAC|Ontario|2018-12-08|Border City Invitational|1:06.08|577
30|Martineau, Margot|14|2004|MEGO|Québec|2018-11-11|Festival provincial par équipe section 2|1:06.19|574
31|Gormley, Breckin|14|2004|CPWD|Ontario|2018-11-24|BYST Fall Invitational|1:06.25|573
32|Fack, Zadie|14|2004|PSW|British Columbia|2018-12-14|Rapids Fast-Swim Classic|1:06.26|572
33|Barbeau, Simonne|14|2004|NN|Québec|2018-11-30|Neptune International (CSPO 25m)|1:06.39|569
34|Bullock, Trista|14|2003|NYAC|Ontario|2018-11-03|NYAC Cup|1:06.46|567
35|Rerie, Payton|14|2004|MANTA|Manitoba|2018-12-14|ManSask Championships Short Course Open Championships|1:06.60|564
36|Hodge, Ashley|14|2004|BORC|Ontario|2019-04-27|2019 Ontario Team Challenge|1:06.64|563
37|Scott Bouris, Naeva|14|2004|UVPCS|British Columbia|2019-01-26|Vancouver Island Regional SC Championships|1:06.75|560
38|McBride, Courtney|14|2004|CBAC|Prince-Edward-Island|2018-12-07|Invitation Provinciale AA-AAA Pointe-Claire 2018|1:06.77|559
39|Vandermeer, Elly|14|2004|NHAC|Ontario|2018-11-30|Neptune International (CSPO 25m)|1:06.84|558
40|Forrester, Katie|14|2004|OAK|Ontario|2018-12-07|Youth Cup|1:06.86|557
41|Provost, Reily|14|2004|CARAT|Québec|2018-12-07|Gatineau Grand Prix|1:06.91|556
41|O'Shea, Tatum|14|2004|AAC|Ontario|2018-12-07|Youth Cup|1:06.91|556
43|Almasi, Grayson|14|2003|CP|Alberta|2018-10-28|Cascade Speed Meet|1:06.94|555
44|Beauregard, Kara|14|2004|CRKW|British Columbia|2018-11-10|ISC 2018 Bennett Cup|1:07.07|552
45|Liang, Christey|14|2004|EKSC|Alberta|2019-01-20|Blue Bears 2019|1:07.09|551
46|Vander Leek, Teagan|14|2004|EKSC|Alberta|2019-01-20|Blue Bears 2019|1:07.17|549
47|Murphy, Cleo|14|2004|LAC|Ontario|2019-02-02|2019 Western Region SC Champs|1:07.18|549
47|MACLEAN, KATE|14|2004|KSC|Alberta|2018-12-16|JP Fiset Invitational|1:07.18|549
49|Mathieu, Marie|14|2004|STN|Québec|2018-12-08|Défi Nez-Rouge 2018|1:07.20|549
50|Campbell, Rori|14|2004|CSL|Ontario|2019-01-12|2019 Bayside Maxillofacial Oral Surgery Centre Winter Invitational|1:07.23|548