RANK|ATHLETES|AGE|YOB|CLUB|PROVINCE|DATE|MEET|TIME|FINA
1|Rathwell, Regan|14|2004|GO|Ontario|2018-12-14|Ontario Junior International|27.92|777
2|Varga, Ella|14|2004|CASC|Alberta|2018-12-14|Ontario Junior International|28.82|706
3|Masselink, Thea|14|2004|ISC|British Columbia|2019-01-27|Vancouver Island Regional SC Championships|28.99|694
4|Scholes, Dylan|14|2004|OAK|Ontario|2018-12-14|Ontario Junior International|29.00|693
5|Kovaluk, Eva|14|2004|NN|Québec|2018-11-02|Festival provincial par équipe section 1|29.31|671
6|James, Megan|14|2004|MANTA|Manitoba|2018-12-16|ManSask Championships Short Course Open Championships|29.41|664
7|Goldin, Sadie|14|2004|RAMAC|Ontario|2018-12-14|Ontario Junior International|29.68|646
8|Tran, Madeleine|14|2004|CYPS|Ontario|2018-11-23|LAC - Nothers Fall Invitational|29.88|634
9|Kelly, Payton|14|2004|CASC|Alberta|2018-12-15|JP Fiset Invitational|29.96|629
10|Hodge, Ashley|14|2004|BORC|Ontario|2019-04-28|2019 Ontario Team Challenge|30.01|625
11|Wen, Eva|14|2004|HYACK|British Columbia|2019-06-08|Knights June Jamboree 2019|30.04|623
12|McKenzie, Teagan|14|2004|UCSC|Alberta|2019-03-08|UCSC Team Champs|30.17|615
13|Leslie, Kamryn|14|2004|UCSC|Alberta|2018-12-15|ManSask Championships Short Course Open Championships|30.18|615
14|Drover-Smith, Megan|14|2004|WS|Ontario|2018-12-14|Ontario Junior International|30.23|612
15|Pietrantonio, Alexia|14|2004|LMRL|Québec|2018-12-02|Neptune International (CSPO 25m)|30.27|609
16|Almasi, Grayson|14|2003|CP|Alberta|2018-10-27|Cascade Speed Meet|30.42|600
17|Nagy, Ella|14|2004|OAK|Ontario|2018-12-07|Youth Cup|30.45|599
18|McNicol, Emily|14|2004|GHAC|Ontario|2019-02-01|2019 Western Region SC Champs|30.57|592
19|Buche, Jacqueline|14|2003|PCSC|Québec|2018-11-02|Festival provincial par équipe section 1|30.58|591
20|Johns, Cadence|14|2004|MJKFF|Saskatchewan|2018-12-16|ManSask Championships Short Course Open Championships|30.59|590
21|Bullock, Trista|14|2003|NYAC|Ontario|2018-11-04|NYAC Cup|30.69|585
22|Lo, Jade|14|2004|ESWIM|Ontario|2018-12-14|Ontario Junior International|30.71|584
23|Beauregard, Kara|14|2004|CRKW|British Columbia|2019-01-27|Vancouver Island Regional SC Championships|30.82|577
24|Tyrrell, Sarah|14|2004|LAC|Ontario|2019-02-01|2019 Western Region SC Champs|30.84|576
25|Morrison, Clarke|14|2004|DUCKS|Ontario|2019-04-28|2019 Ontario Team Challenge|30.89|573
26|Bosco, Josie|14|2004|TSC|Ontario|2018-11-04|NYAC Cup|30.90|573
27|Wieclawek, Blythe|14|2005|CATS|Ontario|2019-07-13|UCSC Western Finale|30.94|571
28|Gray, Cassidy|14|2004|HYACK|British Columbia|2018-11-10|2018 Brad Reid Memorial Invitational|30.95|570
29|Millns, Katie|14|2004|TRIT|Alberta|2018-10-27|Cascade Speed Meet|30.99|568
30|McBride, Courtney|14|2004|CBAC|Prince-Edward-Island|2018-12-09|Invitation Provinciale AA-AAA Pointe-Claire 2018|31.02|566
30|Fack, Zadie|14|2004|PSW|British Columbia|2018-12-15|Rapids Fast-Swim Classic|31.02|566
32|Wall, Ava|14|2004|KISU|British Columbia|2018-12-16|26th Annual MJB Law Classic SCM|31.03|566
33|Gormley, Breckin|14|2004|CPWD|Ontario|2018-11-25|BYST Fall Invitational|31.05|565
34|Dumais, Gabrielle|14|2003|CNDA|Québec|2018-11-09|Intraclub 1|31.06|564
35|Mathieu, Marie|14|2004|STN|Québec|2018-12-09|Défi Nez-Rouge 2018|31.08|563
36|Liang, Christey|14|2004|EKSC|Alberta|2018-12-14|JP Fiset Invitational|31.10|562
37|Milanovich, Julianna|14|2003|ESWIM|Ontario|2018-11-09|2018 Age Group International SC|31.15|559
38|Allen, Eloise|14|2004|CHIN|British Columbia|2019-03-16|DSSC March LMR Meet|31.22|555
39|Housman, Eliza|14|2004|UCSC|Alberta|2019-03-08|UCSC Team Champs|31.23|555
40|VanBuskirk, Kyla|14|2004|WEST|Ontario|2019-02-01|2019 Western Region SC Champs|31.24|554
41|Burnett, Devon|14|2004|ESWIM|Ontario|2018-12-22|2018 Trillium Cup|31.25|554
42|Koch, Reese|14|2004|MJKFF|Saskatchewan|2018-12-16|ManSask Championships Short Course Open Championships|31.27|553
43|Vandermeer, Elly|14|2004|NHAC|Ontario|2018-12-02|Neptune International (CSPO 25m)|31.28|552
44|Martineau, Margot|14|2004|MEGO|Québec|2018-12-09|Invitation Provinciale AA-AAA Pointe-Claire 2018|31.35|548
45|Strong, Jessica|14|2004|HST|British Columbia|2018-12-09|Invitation Provinciale AA-AAA Pointe-Claire 2018|31.36|548
46|McMillan, Ashley|14|2004|KISU|British Columbia|2018-10-14|KISU Triple Pentathlon 2018|31.37|547
47|Provost, Reily|14|2004|CARAT|Québec|2019-04-13|Coupe Aquamos|31.40|546
48|Campbell, Rori|14|2004|CSL|Ontario|2019-01-12|2019 Bayside Maxillofacial Oral Surgery Centre Winter Invitational|31.44|544
49|Adelman, Melissa|14|2004|ROD|Saskatchewan|2018-12-16|ManSask Championships Short Course Open Championships|31.49|541
50|Giroux, Calli|14|2004|UCSC|Alberta|2019-03-08|UCSC Team Champs|31.50|541