RANK|ATHLETES|AGE|YOB|CLUB|PROVINCE|DATE|MEET|TIME|FINA
1|Semenyuk, Anton|10|2008|NG|Québec|2019-06-15|Championnat provincial 11-12 ans et Paranatation d'été|10:42.37|328
2|Campbell, Silas|10|2007|WAAC|Ontario|2018-12-07|Border City Invitational|10:43.44|327
3|Zhang, Aidan|10|2008|WVOSC|British Columbia|2019-01-27|Chena Distance Meet 2019|10:48.91|319
4|Cao, Tony|10|2008|WSC|British Columbia|2019-04-13|2019 Spartan 11 and Under and LMR Distance|11:02.84|299
5|Mecteau, Zachary|10|2008|RL|Québec|2019-04-13|ARENA Challenge du printemps Développement mixte 2019 CAMO|11:05.80|295
6|Vaillancourt, Henri|10|2008|CAMO|Québec|2019-04-13|ARENA Challenge du printemps Développement mixte 2019 CAMO|11:05.95|295
7|Jacobs, Colin|10|2008|NYAC|Ontario|2018-11-04|NYAC Cup|11:06.45|294
8|Lee, Luke|9|2009|NYAC|Ontario|2018-11-04|NYAC Cup|11:07.12|293
9|Park, Minhyuk|10|2008|LOSC|British Columbia|2019-01-18|Canadian Dolphin New Years Invitational 2019|11:13.27|285
10|Chan, Alonzo|10|2008|SKSC|British Columbia|2018-10-19|SKSC Distance Time Trial #1|11:19.35|278
11|Grewal, Jatinder|10|2008|DELTA|British Columbia|2018-12-02|DSSC Distance LMR|11:25.77|270
12|Shpanin, Georgy|9|2009|CAMO|Québec|2019-06-15|Championnat provincial 11-12 ans et Paranatation d'été|11:27.49|268
13|Boulaajoul, Marwan|9|2009|CAMO|Québec|2019-06-15|Championnat provincial 11-12 ans et Paranatation d'été|11:30.95|264
14|Cortez, Matthew|9|2009|CAMO|Québec|2019-06-15|Championnat provincial 11-12 ans et Paranatation d'été|11:34.09|260
15|Sénécal, Malyk|10|2009|NG|Québec|2019-06-15|Championnat provincial 11-12 ans et Paranatation d'été|11:39.95|254
16|Wu, Charlie (can chen)|10|2008|WSC|British Columbia|2019-04-13|2019 Spartan 11 and Under and LMR Distance|11:43.17|250
17|Scissons, Nikolas|10|2008|CPWD|Ontario|2019-02-03|2019 Eastern Ontario Regional Championships (SC/LC)|11:48.22|245
18|Ivancu, Giovanni|9|2009|CAMO|Québec|2019-06-15|Championnat provincial 11-12 ans et Paranatation d'été|11:48.29|245
19|Albert, Logan|10|2008|NES|New Brunswick|2018-12-16|Championat par équipe Marianne Limpert|11:48.76|244
20|You, Gavin|10|2008|OAK|Ontario|2018-12-07|Border City Invitational|11:48.91|244
21|Wang, Adam|10|2008|OAK|Ontario|2018-12-07|Border City Invitational|11:50.79|242
22|Matteis, Noah|10|2007|CYPS|Ontario|2018-11-23|LAC - Nothers Fall Invitational|11:58.12|235
23|Zhu, Jimmy|10|2008|WSC|British Columbia|2019-04-13|2019 Spartan 11 and Under and LMR Distance|11:59.43|234
24|Hirch, Christopher|10|2008|SPART|British Columbia|2018-12-02|DSSC Distance LMR|12:07.66|226
25|Rochette, Hubert|10|2009|CNQ|Québec|2019-04-13|ARENA Challenge du printemps Développement mixte 2019 CAMO|12:09.51|224
26|Millar, Benjamin|10|2007|BTSC|Ontario|2018-11-30|2018 Barrie Trojan Cup|12:14.42|220
27|Vilchez, Lucian|10|2008|BTSC|Ontario|2018-11-02|2018 Barrie Aquafest|12:15.76|218
28|Levasseur, Xavier|10|2008|CAEM|Québec|2019-04-13|ARENA Challenge du printemps Développement mixte 2019 CAMO|12:15.91|218
29|Ivancu, Fabrizzio|10|2008|CAMO|Québec|2019-04-13|ARENA Challenge du printemps Développement mixte 2019 CAMO|12:19.16|215
30|Urbanovic, Alex|10|2008|HAC|Ontario|2018-12-07|Steeltown 2018|12:20.17|215
31|Smith, Bayden|10|2008|CHENA|British Columbia|2019-04-13|2019 Spartan 11 and Under and LMR Distance|12:22.97|212
32|Robert, Nicolas|10|2007|CNHR|Québec|2018-10-25|Intra Club 1|12:23.23|212
33|Xu, Xiu Qi|10|2009|CAMO|Québec|2019-04-13|ARENA Challenge du printemps Développement mixte 2019 CAMO|12:23.53|212
34|Lackovic, Nikola|10|2009|WEST|Ontario|2019-05-18|Qualifying for Summer Championships 2019|12:23.75|211
35|Leblanc, Mathieu|9|2009|CAMO|Québec|2019-04-13|ARENA Challenge du printemps Développement mixte 2019 CAMO|12:24.03|211
36|Drouin, Léon|9|2009|CAMO|Québec|2019-04-13|ARENA Challenge du printemps Développement mixte 2019 CAMO|12:24.87|210
37|Kruger, Rudolf|10|2008|DST|British Columbia|2018-12-09|16th Annual XMAS Cracker Invitational|12:26.16|209
38|Kingdon, George|8|2010|CHENA|British Columbia|2019-04-13|2019 Spartan 11 and Under and LMR Distance|12:33.36|203
39|Legge, Eugene|10|2008|SWAT|Nova Scotia|2019-06-07|AA Spring Champs|12:33.73|203
40|Khanafer, Mohamad|10|2008|CAMO|Québec|2019-04-13|ARENA Challenge du printemps Développement mixte 2019 CAMO|12:34.55|202
41|Ding, Albert|10|2008|VAC|Ontario|2018-11-17|VAC2018 - 400-800-1500 Free & 200-400 IM Time Trial|12:46.78|193
42|Hasell, Robert|10|2008|SPART|British Columbia|2019-04-13|2019 Spartan 11 and Under and LMR Distance|12:47.94|192
43|Earle, Matthew|9|2009|SJL|Newfoundland|2019-06-08|2019 Summer Classic Invitational|12:48.23|192
44|Parent, Mathieu|10|2009|CAMO|Québec|2019-04-13|ARENA Challenge du printemps Développement mixte 2019 CAMO|12:49.01|191
45|Briand, Murray|10|2008|SWAT|Nova Scotia|2019-01-12|AA AGD 1|12:50.96|190
46|Cheon, Noah|10|2008|CHENA|British Columbia|2019-04-13|2019 Spartan 11 and Under and LMR Distance|12:53.38|188
47|Sulyatetsky, Michael|10|2008|CAMO|Québec|2019-04-13|ARENA Challenge du printemps Développement mixte 2019 CAMO|12:56.36|186
48|Pop, Robert|10|2007|ROW|Ontario|2018-12-15|ROW In House Competition|12:58.63|184
49|Côté, Julien|10|2008|BG|Québec|2018-12-15|Intra Club|13:02.94|181
50|Telky, Liam|10|2007|CREST|Ontario|2018-11-03|MAC Rising Star #1|13:03.60|181