RANK|ATHLETES|AGE|YOB|CLUB|PROVINCE|DATE|MEET|TIME|FINA
1|Molnar, Joey|10|2008|CASC|Alberta|2019-05-25|Summer Festival South|1:12.72|304
2|Li, Michael|10|2008|MAC|Ontario|2019-02-16|2019 Ontario Winter Festival Championships|1:14.25|286
3|Du, Samuel Jinyang|10|2008|MST~|Ontario|2018-12-07|Youth Cup|1:14.26|285
4|Williams, Austin|10|2007|BBST|Ontario|2018-11-03|NYAC Cup|1:16.87|257
5|Semenyuk, Anton|10|2008|NG|Québec|2019-06-16|Championnat provincial 11-12 ans et Paranatation d'été|1:17.95|247
6|Kruger, Rudolf|10|2008|DST|British Columbia|2019-01-26|Vancouver Island Regional SC Championships|1:18.28|244
7|Wang, Jack|10|2008|COBRA|Ontario|2019-02-16|2019 Ontario Winter Festival Championships|1:18.35|243
8|Wong, Adam|10|2008|WVOSC|British Columbia|2018-11-11|2018 Brad Reid Memorial Invitational|1:18.86|238
9|Lee, Aidan|9|2009|BORC|Ontario|2019-04-27|2019 Ontario Team Challenge|1:19.19|235
10|Vilchez, Lucian|10|2008|BTSC|Ontario|2019-02-01|2019 Huronia SC Regional Championships|1:19.22|235
11|Chan, Alonzo|10|2008|SKSC|British Columbia|2018-12-09|2018 Spartan Santa LMR|1:19.57|232
12|Fenning, Andrew|10|2007|UCSC|Alberta|2018-12-15|UCSC Holiday Classic|1:19.60|232
13|Pirvu, Spencer|10|2008|CW|Ontario|2019-03-03|Wilmot Aces Team Challenge Cup|1:20.28|226
14|Cescon, Benjamin|10|2008|TSC|Ontario|2019-01-19|Audi Midtown Toronto Winter Classic-SC 12 & U (TPASC)|1:20.29|226
15|Powell, Dalton|10|2008|RDCSC|Alberta|2018-10-28|Cascade Speed Meet|1:20.39|225
16|Campbell, Silas|10|2007|WAAC|Ontario|2018-11-17|Expressway Lincoln Fall Invitational|1:20.40|225
17|Chaires, Colton|10|2008|GO|Ontario|2019-02-16|2019 Ontario Winter Festival Championships|1:20.53|224
18|Hibbert, Samuel|10|2007|GGST|Ontario|2018-10-20|Downtown Sprint Meet|1:20.59|223
19|Kim, Eun-Woo|10|2007|NYAC|Ontario|2018-12-07|Youth Cup|1:20.62|223
20|Yang, Kris|10|2007|CDSC|British Columbia|2018-11-04|LOSC 12th Annual Short Course Invitational|1:20.71|222
20|Wang, Adam|10|2008|OAK|Ontario|2019-02-24|David Lawson Invitational|1:20.71|222
22|Tian, Alan|10|2008|HAC|Ontario|2019-02-16|2019 Ontario Winter Festival Championships|1:20.84|221
23|Pomerleau, Laurent|10|2008|CNQ|Québec|2019-06-15|A Finale régionale ANQCA Provincial développement|1:20.93|220
24|Grand, Noah|10|2008|ISC|British Columbia|2019-01-26|Vancouver Island Regional SC Championships|1:21.05|219
25|Ta, Edmund|10|2009|JDSS|Ontario|2019-04-27|2019 Ontario Team Challenge|1:21.15|219
26|Gonzales, Colton|10|2009|LCSC|British Columbia|2019-06-21|SUMMER AGE GROUP CHAMPIONSHIPS|1:21.23|218
27|Ng, Jalen|10|2008|APEX|Ontario|2019-02-16|2019 Ontario Winter Festival Championships|1:21.49|216
28|Lee, Luke|10|2009|NYAC|Ontario|2019-02-16|2019 Ontario Winter Festival Championships|1:21.53|216
29|Skavinski, Nicholas|10|2008|ESWIM|Ontario|2019-02-16|2019 Ontario Winter Festival Championships|1:21.62|215
30|Song, Yiguo|10|2008|RAPID|British Columbia|2019-06-21|SUMMER AGE GROUP CHAMPIONSHIPS|1:21.74|214
31|Park, Minhyuk|10|2008|LOSC|British Columbia|2019-02-22|Winter Age Group Championships|1:21.81|213
32|Vaillancourt, Henri|10|2008|CAMO|Québec|2019-04-13|ARENA Challenge du printemps Développement mixte 2019 CAMO|1:21.85|213
33|Watson, Scott|10|2008|KAJ|British Columbia|2019-02-22|Winter Age Group Championships|1:21.95|212
34|Jacobs, Colin|10|2008|NYAC|Ontario|2018-12-07|Youth Cup|1:22.01|212
35|Yao, Felix|10|2008|ESWIM|Ontario|2019-05-12|2019 TOP Cup SC|1:22.40|209
35|Blackwell, Matthew|10|2008|OTTER|Ontario|2019-03-02|COBRA Power|1:22.40|209
37|Jian, Alex|10|2009|MST~|Ontario|2019-02-16|2019 Ontario Winter Festival Championships|1:22.52|208
38|Yang, Derex|10|2008|HYACK|British Columbia|2019-07-28|SKSC Summer Fest|1:22.60|207
39|Baas, Owen|10|2008|CT33|Ontario|2019-04-27|2019 Ontario Team Challenge|1:22.76|206
40|Tian, ZhangFu|10|2008|NYAC|Ontario|2019-02-16|2019 Ontario Winter Festival Championships|1:22.78|206
41|Cortese, Logan|10|2008|WAC|Ontario|2018-11-11|2018 Age Group International SC|1:22.83|206
42|Issakov, Eitan|10|2008|ELITE|Québec|2019-02-03|Invitation Peter-Suen 2019|1:22.92|205
43|Zheng, Zhi|10|2008|CDSC|British Columbia|2019-01-18|Canadian Dolphin New Years Invitational 2019|1:23.05|204
44|Woo, Ethan|10|2008|UVPCS|British Columbia|2019-06-21|SUMMER AGE GROUP CHAMPIONSHIPS|1:23.07|204
45|Yim, matthew|10|2008|RAPID|British Columbia|2019-02-22|Winter Age Group Championships|1:23.09|204
46|Suchak, Aryan|10|2008|AAC|Ontario|2018-12-08|PICK Lisa Flood Christmas Classic 2018|1:23.23|203
47|Beaumadier, Alexandre|10|2008|CASE|Québec|2019-04-13|Grand prix de Montréal Invitation 12 ans et moins|1:23.25|202
48|Friesen, Matthew|10|2008|WDSC|British Columbia|2018-11-17|SFU-Gator LMR Swim Meet|1:23.36|202
49|Cao, Matthew|9|2010|PSW|British Columbia|2019-06-21|SUMMER AGE GROUP CHAMPIONSHIPS|1:23.37|202
50|You, Gavin|10|2008|OAK|Ontario|2018-11-24|LAC - Nothers Fall Invitational|1:23.43|201