RANK|ATHLETES|AGE|YOB|CLUB|PROVINCE|DATE|MEET|TIME|FINA
1|Cescon, Benjamin|10|2008|TSC|Ontario|2019-05-25|TSC Time Trial|5:43.54|322
2|Vaillancourt, Henri|10|2008|CAMO|Québec|2019-03-31|Inter club U12|5:56.39|288
3|Semenyuk, Anton|10|2008|NG|Québec|2019-02-16|Championnat provincial 11-12 ans et Paranatation - Hiver|5:58.28|283
4|Yang, Derex|10|2008|HYACK|British Columbia|2019-06-21|SUMMER AGE GROUP CHAMPIONSHIPS|6:03.15|272
5|Ta, Edmund|9|2009|JDSS|Ontario|2018-12-09|Steeltown 2018|6:04.99|268
6|Wong, Adam|10|2008|WVOSC|British Columbia|2018-11-17|SFU-Gator LMR Swim Meet|6:07.92|262
7|Molnar, Joey|10|2008|CASC|Alberta|2019-01-18|Pugsley's Plunge 2019|6:08.30|261
8|Boulaajoul, Marwan|9|2009|CAMO|Québec|2019-06-16|Championnat provincial 11-12 ans et Paranatation d'été|6:10.37|257
9|Dawson, Oliver|10|2008|GPP|Alberta|2018-11-04|Cygnet Dental & Junction Point Physical Therapy Fast Track into Fall|6:10.77|256
10|Ng, Jalen|10|2008|APEX|Ontario|2019-03-03|Steve Kingston Memorial Swim Meet|6:13.98|249
11|Baltazar, Konstantin|9|2009|CSLA|Québec|2019-05-03|CSLA 1st Annual Splash Bash Intra-Meet|6:14.76|248
12|Zhang, Aidan|10|2008|WVOSC|British Columbia|2019-01-19|Canadian Dolphin New Years Invitational 2019|6:16.82|244
13|You, Gavin|10|2008|OAK|Ontario|2018-12-09|Border City Invitational|6:16.94|243
14|Campbell, Silas|10|2007|WAAC|Ontario|2018-12-09|Border City Invitational|6:17.21|243
15|Mecteau, Zachary|10|2008|RL|Québec|2019-04-13|ARENA Challenge du printemps Développement mixte 2019 CAMO|6:17.29|243
16|Macluskie, Tobias|10|2008|COMOX|British Columbia|2018-12-09|16th Annual XMAS Cracker Invitational|6:18.75|240
17|Drouin, Léon|9|2009|CAMO|Québec|2019-06-16|Championnat provincial 11-12 ans et Paranatation d'été|6:21.05|236
18|Wang, Adam|10|2008|OAK|Ontario|2019-02-22|David Lawson Invitational|6:21.06|236
19|Cao, Tony|10|2008|WSC|British Columbia|2019-04-13|2019 Spartan 11 and Under and LMR Distance|6:23.16|232
20|Park, Minhyuk|10|2008|LOSC|British Columbia|2019-02-22|Winter Age Group Championships|6:23.84|230
21|Grewal, Jatinder|10|2008|DELTA|British Columbia|2018-12-15|Rapids Fast-Swim Classic|6:24.32|230
22|Van Horne, Jacob|10|2008|KMSC|British Columbia|2018-10-20|3rd Annual Technicon Swim Meet|6:24.70|229
23|Li, Burton|10|2009|SFNV|British Columbia|2019-06-01|LMR Championships|6:26.75|225
24|Lamoureux, Nataniel|10|2008|ELITE|Québec|2019-03-31|Inter club U12|6:30.74|218
25|Du, Gary|10|2008|RAPID|British Columbia|2019-04-13|Winskill Dolphins LMR|6:31.32|217
26|Chen, Quinton|10|2008|WSC|British Columbia|2019-04-13|2019 Spartan 11 and Under and LMR Distance|6:32.54|215
27|Lipnitskiy, Ivan|10|2008|CHENA|British Columbia|2019-01-26|Chena Distance Meet 2019|6:34.00|213
28|Goyette, Antoine|10|2008|NG|Québec|2019-06-09|Finale régionale des Jeux du Québec|6:35.88|210
29|Dunder, Justin|9|2009|SKSC|British Columbia|2019-07-28|SKSC Summer Fest|6:35.95|210
30|Duong, Elven|10|2008|SAMAK|Québec|2019-03-31|Inter club U12|6:36.04|210
31|Albert, Logan|10|2008|NES|New Brunswick|2019-01-26|Inter-provinciale LMRL 2019|6:36.83|209
32|Zhu, Jimmy|10|2008|WSC|British Columbia|2019-04-13|2019 Spartan 11 and Under and LMR Distance|6:37.87|207
33|Wu, Charlie (can chen)|10|2008|WSC|British Columbia|2019-04-13|2019 Spartan 11 and Under and LMR Distance|6:37.91|207
34|Burgi, Alexander|10|2008|WS|Ontario|2018-11-11|42nd Cindy Nicholas Invitational|6:38.62|206
35|Seneviratne, Preston|10|2008|HANEY|British Columbia|2019-01-27|SKSC Winter Fest|6:38.72|206
36|Doudou, Ghiles|10|2008|CAMO|Québec|2019-01-22|Intra-Club CAMO Natation|6:39.45|204
37|Yamamoto, Jinsei|9|2010|SFNV|British Columbia|2019-03-17|DSSC March LMR Meet|6:40.52|203
38|Roy, Nicholas|10|2007|NKB|Ontario|2018-12-01|Distance and Development Challenge|6:40.86|202
39|JINGAN, SAMIR|10|2008|CNSL|Québec|2019-05-01|2e Intra-Club CNSL 2019|6:43.85|198
40|Smith, Bayden|10|2008|CHENA|British Columbia|2019-01-26|Chena Distance Meet 2019|6:45.12|196
41|Kruger, Rudolf|10|2008|DST|British Columbia|2019-02-10|Sharks Last Chance Invitational|6:45.22|196
42|Parent, Mathieu|10|2009|CAMO|Québec|2019-03-31|Inter club U12|6:46.32|194
43|Shpanin, Georgy|9|2009|CAMO|Québec|2019-03-31|Inter club U12|6:46.72|194
44|Leblanc, Mathieu|9|2009|CAMO|Québec|2019-03-31|Inter club U12|6:47.38|193
45|Laberge, Renaud|10|2007|CNQ|Québec|2018-10-13|Invitation ROSE Nageons pour la cause|6:47.52|192
46|Lin, Arthur|10|2008|WSC|British Columbia|2019-04-13|2019 Spartan 11 and Under and LMR Distance|6:47.80|192
47|Cao, Matthew|8|2010|PSW|British Columbia|2019-04-13|Winskill Dolphins LMR|6:48.59|191
48|Levit, Ben|10|2008|SWAT|Nova Scotia|2019-02-15|AA Winter Champs|6:49.19|190
49|Schillinger, Eric|10|2008|SBSC|Nova Scotia|2019-06-07|AA Spring Champs|6:49.49|190
50|Velicico, Alexandru|10|2008|LOSC|British Columbia|2019-02-10|LMR Championships|6:49.70|189