RANK|ATHLETES|AGE|YOB|CLUB|PROVINCE|DATE|MEET|TIME|FINA
1|Molnar, Joey|10|2008|CASC|Alberta|2019-05-26|Summer Festival South|33.19|300
2|Li, Michael|10|2008|MAC|Ontario|2019-02-17|2019 Ontario Winter Festival Championships|34.04|278
3|Du, Samuel Jinyang|10|2008|MST~|Ontario|2018-11-23|Alex Baumann Invitational|34.05|277
4|Semenyuk, Anton|10|2008|NG|Québec|2019-05-11|2019 TOP Cup SC|35.50|245
5|Wang, Jack|10|2008|COBRA|Ontario|2019-02-17|2019 Ontario Winter Festival Championships|36.16|232
6|Vilchez, Lucian|10|2008|BTSC|Ontario|2019-02-01|2019 Huronia SC Regional Championships|36.19|231
7|Powell, Dalton|10|2008|RDCSC|Alberta|2018-12-15|Age Group Food Bank Challenge|36.38|227
8|Yang, Kris|10|2007|CDSC|British Columbia|2018-12-01|Hollyburn Invitational|36.46|226
9|Kruger, Rudolf|10|2008|DST|British Columbia|2019-01-25|Vancouver Island Regional SC Championships|36.55|224
10|Wong, Adam|10|2008|WVOSC|British Columbia|2018-12-07|16th Annual XMAS Cracker Invitational|36.97|217
11|Fenning, Andrew|10|2007|UCSC|Alberta|2018-11-25|Winter Festival South|37.04|215
12|Michael-Ailuelohia, Seth|10|2008|UCSC|Alberta|2019-05-26|Summer Festival South|37.06|215
13|Chaires, Colton|10|2008|GO|Ontario|2019-02-17|2019 Ontario Winter Festival Championships|37.18|213
14|Yao, Felix|10|2008|ESWIM|Ontario|2019-05-12|2019 TOP Cup SC|37.43|209
15|Pirvu, Spencer|10|2008|CW|Ontario|2019-05-11|2019 TOP Cup SC|37.48|208
16|Kim, Eun-Woo|10|2007|NYAC|Ontario|2018-12-07|Youth Cup|37.59|206
17|Wang, Adam|10|2008|OAK|Ontario|2019-02-23|David Lawson Invitational|37.66|205
18|Campbell, Silas|10|2007|WAAC|Ontario|2018-11-04|Aqua 7 NHAC vs WAAC|37.67|205
19|Massey, Ryan|10|2008|PCSC|Québec|2019-06-09|Finales Regionales Lac St-Louis|37.70|204
20|Blackwell, Matthew|10|2008|OTTER|Ontario|2019-02-01|2019 Huronia SC Regional Championships|37.71|204
21|Cheung, Jeffery|10|2008|UCSC|Alberta|2019-05-26|Summer Festival South|37.72|204
22|Benyahia, Riad|10|2007|CAMO|Québec|2018-10-28|Invitation Régionale 9 et plus et Développement - ANBM 1 (Groupe B - AM)|37.73|204
23|Park, Minhyuk|10|2008|LOSC|British Columbia|2019-02-22|Winter Age Group Championships|37.79|203
24|Cortese, Logan|10|2008|WAC|Ontario|2018-11-09|2018 Age Group International SC|37.95|200
25|Beaumadier, Alexandre|10|2008|CASE|Québec|2019-04-14|Grand prix de Montréal Invitation 12 ans et moins|37.97|200
26|Tian, Alan|10|2008|HAC|Ontario|2019-02-03|2019 Western Region SC Champs|38.07|198
27|Suchak, Aryan|10|2008|AAC|Ontario|2019-01-20|Audi Midtown Toronto Winter Classic-SC 12 & U (TPASC)|38.13|197
27|Carswell, Riley|10|2007|WEST|Ontario|2018-10-21|2018 RHAC Fall Classic|38.13|197
29|Williams, Austin|10|2007|BBST|Ontario|2018-10-21|Kingston Blue Marlins Pentathlon|38.23|196
30|Friesen, Matthew|10|2008|WDSC|British Columbia|2018-12-16|Rapids Fast-Swim Classic|38.24|196
31|Lavrov, Anton|10|2007|WVOSC|British Columbia|2018-12-01|Hollyburn Invitational|38.25|196
32|Wei, Harry|10|2008|WEST|Ontario|2019-02-17|2019 Ontario Winter Festival Championships|38.45|192
33|Baas, Owen|10|2008|CT33|Ontario|2019-04-28|2019 Ontario Team Challenge|38.47|192
34|Traverse, James|10|2009|CBSB|Newfoundland|2019-06-08|2019 Summer Classic Invitational|38.51|192
34|Peraza Blais, Antonny|10|2008|ELITE|Québec|2019-05-11|2019 TOP Cup SC|38.51|192
36|Lei, Leo|10|2008|WAC|Ontario|2019-02-17|2019 Ontario Winter Festival Championships|38.53|191
36|Zheng, Zhi|10|2008|CDSC|British Columbia|2019-01-19|Canadian Dolphin New Years Invitational 2019|38.53|191
38|Chen, Lucas|10|2007|RHAC|Ontario|2018-10-21|2018 RHAC Fall Classic|38.74|188
39|Cao, Tony|10|2008|WSC|British Columbia|2018-10-28|VPSC Fall Invitational|38.79|187
40|Cescon, Benjamin|10|2008|TSC|Ontario|2019-03-03|Steve Kingston Memorial Swim Meet|38.80|187
41|Mansoor, Matthew|10|2008|BAD|Ontario|2018-11-23|Alex Baumann Invitational|38.84|187
41|Sénécal, Malyk|10|2009|NG|Québec|2019-06-16|Championnat provincial 11-12 ans et Paranatation d'été|38.84|187
43|Manzini, Caede|10|2008|KAJ|British Columbia|2019-03-03|2019 3rd Annual Winter Regional A Championships|38.89|186
44|Piatek, Alan|10|2009|KSC|Alberta|2019-05-26|Summer Festival South|38.93|185
45|Leckey, Charlie|10|2008|HTAC|Nova Scotia|2018-12-14|Age Group Development Meet|38.97|185
45|Song, Yiguo|10|2008|RAPID|British Columbia|2019-04-14|Winskill Dolphins LMR|38.97|185
47|Cheng, Alex Wang Chi|10|2008|CDSC|British Columbia|2019-01-19|Canadian Dolphin New Years Invitational 2019|39.08|183
47|Woo, Ethan|10|2008|UVPCS|British Columbia|2018-10-28|2018 NRST Fall Invitational|39.08|183
49|Hamilton, Kayden|10|2009|PCSC|Québec|2019-04-07|Défi Australien - Australian Challenge|39.10|183
49|Liang, Anson|10|2008|RHAC|Ontario|2019-02-10|Central Region B Champs 2019|39.10|183