RANK|AGES|CLUB|TEAM|PROVINCE|DATE|MEET|TIME|FINA
1|10 - 10|Cascade Swim Club|CASC B|Alberta|2018-10-27|Maverick Madness 2019|2:07.02|274
2|10 - 10|Mallards Swim Team|MST~ A|Ontario|2018-10-20|Alex Baumann Invitational|2:07.32|273
3|10 - 10|Etobicoke Swim Club|ESWIMA|Ontario|2018-12-09|Youth Cup|2:11.69|246
4|10 - 10|Pointe-Claire Swim Club|PCSC A|Québec|2018-10-27|Régionale ANLSL Pointe-Claire|2:12.69|241
5|9 - 10|North York Aquatic Club|NYAC A|Ontario|2018-12-09|Youth Cup|2:12.91|240
6|10 - 10|E.N. Longueuil|ELIT C|Québec|2019-02-15|Développement 2e chance 14 ans et moins|2:12.94|239
6|10 - 10|E.N. Longueuil|ELITEA|Québec|2019-05-11|2019 TOP Cup SC|2:12.94|239
8|10 - 10|Club Aquatique Montreal|CAMO A|Québec|2018-10-28|Invitation Régionale 9 et plus et Développement - ANBM 1 (Groupe B - AM)|2:13.98|234
9|10 - 10|Toronto Swim Club|TSC A|Ontario|2018-11-17|Youth Cup|2:14.94|229
10|10 - 10|Windsor Aquatic Club|WAC A|Ontario|2018-11-10|Border City Invitational|2:15.53|226
11|9 - 10|Orcas Swimming of Burlington|BORC A|Ontario|2018-12-21|2019 Ontario Team Challenge|2:16.82|220
12|9 - 10|Club Aquatique Montreal|CAMO C|Québec|2018-10-28|Invitation Régionale 9 et plus et Développement - ANBM 1 (Groupe B - AM)|2:17.04|218
13|10 - 10|Windsor-Essex Swim Team|WEST A|Ontario|2018-10-20|Team Showdown 2018|2:17.82|215
14|9 - 10|C.N. Région de Québec|CNQ A|Québec|2019-04-13|B finale régionale ANQCA|2:18.20|213
15|10 - 10|Sackville Waves Aquatic Team|SWAT B|Nova Scotia|2019-05-05|AA Age Group Development 3|2:18.40|212
16|10 - 10|Wayland Swim Club|WSC A|British Columbia|2019-02-23|Winter Age Group Championships|2:19.01|209
17|9 - 10|North York Aquatic Club|NYAC B|Ontario|2018-12-09|Youth Cup|2:19.18|209
18|10 - 10|West Vancouver Otters|WVOSCC|British Columbia|2018-10-14|SFU-SFA LMR Swim Meet|2:19.36|208
19|10 - 10|Oakville Aquatic Club|OAK A|Ontario|2018-10-13|LAC - Nothers Fall Invitational|2:19.54|207
20|9 - 10|Ramac Aquatic Club|RAMACA|Ontario|2018-11-10|Alex Baumann Invitational|2:19.66|206
21|9 - 10|Club Aquatique Montreal|CAMO B|Québec|2018-10-28|Invitation Régionale 9 et plus et Développement - ANBM 1 (Groupe B - AM)|2:20.15|204
22|10 - 10|Richmond Hill Aquatic Club|RHAC A|Ontario|2018-11-03|Newmarket Stingrays Fall Invitational|2:20.37|203
23|10 - 10|Pointe-Claire Swim Club|PCSC B|Québec|2018-10-27|Régionale ANLSL Pointe-Claire|2:20.69|202
24|10 - 10|Riverains Lévis|RL A|Québec|2018-10-14|Coupe d'automne 2018|2:20.70|202
25|10 - 10|UVic Pacific Coast Swimming|UVPCSA|British Columbia|2019-01-25|Vancouver Island Regional SC Championships|2:21.64|198
26|10 - 10|Club de Natation SAMAK|SAMA A|Québec|2019-03-31|Inter club U12|2:21.88|197
27|10 - 10|Island Swimming Club|ISC A|British Columbia|2019-01-25|Vancouver Island Regional SC Championships|2:22.04|196
28|9 - 10|Pointe-Claire Swim Club|PCSC P|Québec|2019-01-27|Carnaval d'hiver ANLSL Winter Carnival / Préliminaires des Jeux de Montréal|2:22.07|196
29|10 - 10|Hyack Swim Club|HYACKD|British Columbia|2018-11-10|2018 Brad Reid Memorial Invitational|2:22.45|194
30|10 - 10|Kitimat Marlins|KMSC A|British Columbia|2018-10-20|Rio Tinto Northern Lights|2:22.98|192
31|10 - 10|Markham Aquatic Club|MAC A|Ontario|2018-11-04|MAC Rising Star #1|2:23.10|192
32|10 - 10|Hamilton Aquatic Club|HAC A|Ontario|2019-02-02|HOBC Finale|2:23.24|191
33|10 - 10|Greater Ottawa Kingfish Swim Club|GO A|Ontario|2018-11-24|GO Polar Bear Invitational12/Under SC 13/Over LC|2:23.37|191
34|10 - 10|Nepean Kanata Barracudas|NKB A|Ontario|2018-11-10|Heats and Finals SC Finale|2:23.81|189
35|10 - 10|Toronto Swim Club|TSC B|Ontario|2018-11-17|York Invitational|2:23.86|189
36|10 - 10|Cobra Swim Club|COBRAA|Ontario|2018-11-03|Newmarket Stingrays Fall Invitational|2:24.08|188
37|10 - 10|C.N. St-Laurent|CNSL A|Québec|2018-10-27|Régionale ANLSL Pointe-Claire|2:24.59|186
38|10 - 10|Club aquatique CDN-NDG|CDND B|Québec|2018-10-28|Jeux de Montréal 2019|2:24.72|185
39|9 - 10|Natation Gatineau|NG A|Québec|2018-11-24|2019 TOP Cup SC|2:25.19|184
40|10 - 10|Etobicoke Swim Club|ESWIMB|Ontario|2018-12-21|2019 TOP Cup SC|2:25.23|183
41|9 - 10|Barrie Trojan Swim Club|BTSC A|Ontario|2019-02-02|Collingwood Invitational 2019|2:25.29|183
42|10 - 10|University Of Calgary Swim Club|UCSC A|Alberta|2019-04-28|EVDSC 2019 Annual Invitational Swim Meet|2:25.39|183
43|10 - 10|Newmarket Stingrays Swim Club|NEW A|Ontario|2018-11-03|Otters Tri-City Swim Meet|2:25.72|182
44|9 - 9|Pacific Sea Wolves|PSW E|British Columbia|2019-06-23|SUMMER AGE GROUP CHAMPIONSHIPS|2:25.97|181
45|9 - 10|C.A. St-Eustache|CASE A|Québec|2018-11-24|Première invitation régionale MLLL|2:26.13|180
46|9 - 9|Elliot Lake Aquatic Club|ELAC A|Ontario|2019-01-20|NEOR #3|2:26.99|177
47|10 - 10|Canadian Dolphin Swim Club|CDSC C|British Columbia|2018-11-03|LOSC 12th Annual Short Course Invitational|2:27.40|175
48|10 - 10|Sackville Waves Aquatic Team|SWAT A|Nova Scotia|2019-01-13|AA Winter Champs|2:27.45|175
49|10 - 10|Les Espadons|LES A|New Brunswick|2018-10-27|premier CNS 2018|2:27.65|175
50|10 - 10|Club aquatique CDN-NDG|CDNDGB|Québec|2019-05-11|2019 TOP Cup SC|2:28.37|172