RANK|ATHLETES|AGE|YOB|CLUB|PROVINCE|DATE|MEET|TIME|FINA
1|Bravener, Alexander|10|2008|SSAT|Ontario|2019-04-07|2019 Top Fish #3 South|50.76|693
2|Semenyuk, Anton|10|2008|NG|Québec|2019-06-16|Championnat provincial 11-12 ans et Paranatation d'été|1:04.63|336
3|Molnar, Joey|10|2008|CASC|Alberta|2019-05-26|Summer Festival South|1:05.80|318
4|Jacobs, Colin|10|2008|NYAC|Ontario|2019-02-17|2019 Ontario Winter Festival Championships|1:08.51|282
5|Lee, Aidan|9|2009|BORC|Ontario|2019-04-28|2019 Ontario Team Challenge|1:08.60|281
6|Cescon, Benjamin|10|2008|TSC|Ontario|2019-05-11|2019 TOP Cup SC|1:08.80|278
7|Watson, Scott|10|2008|KAJ|British Columbia|2019-06-22|SUMMER AGE GROUP CHAMPIONSHIPS|1:08.98|276
8|Du, Samuel Jinyang|10|2008|MST~|Ontario|2018-12-09|Youth Cup|1:09.27|273
9|Fenning, Andrew|10|2007|UCSC|Alberta|2018-11-25|Winter Festival South|1:09.33|272
10|Vilchez, Lucian|10|2008|BTSC|Ontario|2019-02-01|2019 Huronia SC Regional Championships|1:09.48|270
11|Powell, Dalton|10|2008|RDCSC|Alberta|2018-12-16|Age Group Food Bank Challenge|1:09.49|270
12|Hibbert, Samuel|10|2007|GGST|Ontario|2018-10-20|Downtown Sprint Meet|1:09.59|269
13|Skavinski, Nicholas|10|2008|ESWIM|Ontario|2019-05-11|2019 TOP Cup SC|1:09.71|267
14|Wang, Adam|10|2008|OAK|Ontario|2019-02-17|2019 Ontario Winter Festival Championships|1:09.98|264
15|Tao, Zhe Rui|10|2008|RAPID|British Columbia|2019-04-13|Winskill Dolphins LMR|1:10.38|260
16|Mecteau, Zachary|10|2008|RL|Québec|2019-06-16|A Finale régionale ANQCA Provincial développement|1:10.44|259
17|Zheng, Zhi|10|2008|CDSC|British Columbia|2019-01-19|Canadian Dolphin New Years Invitational 2019|1:10.54|258
18|Vaillancourt, Henri|10|2008|CAMO|Québec|2019-06-16|Championnat provincial 11-12 ans et Paranatation d'été|1:11.01|253
19|You, Gavin|10|2008|OAK|Ontario|2019-02-17|2019 Ontario Winter Festival Championships|1:11.03|253
19|Lee, Alex Seokhoon|10|2008|OAK|Ontario|2019-02-17|2019 Ontario Winter Festival Championships|1:11.03|253
21|Lamoureux, Nataniel|10|2008|ELITE|Québec|2019-06-01|Festival provincial développement - Ouest|1:11.12|252
21|Ta, Edmund|10|2009|JDSS|Ontario|2019-04-28|2019 Ontario Team Challenge|1:11.12|252
23|Zhang, Aidan|10|2008|WVOSC|British Columbia|2019-02-03|Burnaby Dynamo LMR & 20 Years Anniversary Invitational|1:11.15|251
24|Byrne, David|10|2008|CP|Alberta|2019-01-19|Pugsley's Plunge 2019|1:11.20|251
25|Lee, Luke|9|2009|NYAC|Ontario|2019-01-20|Audi Midtown Toronto Winter Classic-SC 12 & U (TPASC)|1:11.25|250
26|Skinder, Joseph|10|2008|DYNA|British Columbia|2019-06-02|LMR Championships|1:11.58|247
26|Kim, Laon|10|2008|HYACK|British Columbia|2019-02-23|Winter Age Group Championships|1:11.58|247
28|Issakov, Eitan|10|2008|ELITE|Québec|2019-02-03|Invitation Peter-Suen 2019|1:11.60|247
29|Grand, Noah|10|2008|ISC|British Columbia|2019-01-26|Vancouver Island Regional SC Championships|1:11.64|246
30|Baltazar, Konstantin|9|2009|CSLA|Québec|2019-06-01|Festival provincial développement - Ouest|1:11.66|246
31|Liu, Eric Yee Ming|10|2008|MST~|Ontario|2019-02-17|2019 Ontario Winter Festival Championships|1:11.84|244
32|FAROKHSERESHT, BARSAM|10|2009|CNSL|Québec|2019-06-16|Championnat provincial 11-12 ans et Paranatation d'été|1:11.97|243
33|Noel, Tristan|10|2008|RL|Québec|2019-06-16|A Finale régionale ANQCA Provincial développement|1:12.11|242
34|Hamilton, Kayden|10|2009|PCSC|Québec|2019-05-11|2019 TOP Cup SC|1:12.12|241
35|Rochette, Hubert|10|2009|CNQ|Québec|2019-06-16|A Finale régionale ANQCA Provincial développement|1:12.16|241
36|Pirvu, Spencer|10|2008|CW|Ontario|2019-03-02|Wilmot Aces Team Challenge Cup|1:12.19|241
37|Wang, Jack|10|2008|COBRA|Ontario|2018-11-04|Newmarket Stingrays Fall Invitational|1:12.26|240
38|Williams, Austin|10|2007|BBST|Ontario|2018-11-02|NYAC Cup|1:12.34|239
38|Rogovoy, Maxim|10|2008|RAMAC|Ontario|2019-05-11|2019 TOP Cup SC|1:12.34|239
40|Govier, Ashton|10|2007|SFA|British Columbia|2018-12-08|2018 Spartan Santa LMR|1:12.38|239
41|Yang, Derex|10|2008|HYACK|British Columbia|2019-07-27|SKSC Summer Fest|1:12.40|239
42|Foulds, Matthew|10|2008|TBT|Ontario|2018-12-01|Northwest Narwhal's Massaro Construction LTD Invitational|1:12.45|238
43|Boulaajoul, Marwan|9|2009|CAMO|Québec|2019-04-14|ARENA Challenge du printemps Développement mixte 2019 CAMO|1:12.47|238
44|Zmouli, Wassim Fadel|10|2008|ELITE|Québec|2019-06-16|Championnat provincial 11-12 ans et Paranatation d'été|1:12.51|238
44|Pomerleau, Laurent|10|2008|CNQ|Québec|2019-06-16|A Finale régionale ANQCA Provincial développement|1:12.51|238
46|Carswell, Riley|10|2007|WEST|Ontario|2018-11-04|SEAL November 2018 - Leamington|1:12.73|235
47|Cao, Tony|10|2008|WSC|British Columbia|2018-11-09|2018 Brad Reid Memorial Invitational|1:12.75|235
48|Cortese, Logan|10|2008|WAC|Ontario|2018-12-08|Border City Invitational|1:12.81|235
49|Ng, Jalen|10|2008|APEX|Ontario|2019-03-03|Steve Kingston Memorial Swim Meet|1:12.83|234
50|Strom, Bennett|10|2008|KSC|Alberta|2018-12-16|Age Group Food Bank Challenge|1:12.85|234