RANK|AGES|CLUB|TEAM|PROVINCE|DATE|MEET|TIME|FINA
1|10 - 10|Wilmot Aquatic Aces|WAAC A|Ontario|2019-03-02|Wilmot Aces Team Challenge Cup|4:23.32|337
2|9 - 10|North York Aquatic Club|NYAC A|Ontario|2018-12-08|Youth Cup|4:58.96|230
3|9 - 10|Toronto Swim Club|TSC A|Ontario|2018-12-08|Youth Cup|5:14.61|197
4|10 - 10|Etobicoke Swim Club|ESWIMA|Ontario|2018-12-08|Youth Cup|5:17.14|193
5|9 - 10|Toronto Swim Club|TSC C|Ontario|2019-02-17|2019 Ontario Winter Festival Championships|5:27.28|175
6|9 - 9|Sussex Swordfish|SWRD A|New Brunswick|2018-10-20|Invitational #1|5:30.80|170
7|10 - 10|North York Aquatic Club|NYAC B|Ontario|2018-12-08|Youth Cup|5:32.03|168
8|10 - 10|Sackville Waves Aquatic Team|SWAT A|Nova Scotia|2019-02-15|AA Winter Champs|5:39.83|156
9|9 - 10|Charlottetown Bluephins Aquatic Club|CBAC A|Prince-Edward-Island|2018-12-15|9th Annual Elf Extravaganza|7:25.95|69