RANK|ATHLETES|AGE|YOB|CLUB|PROVINCE|DATE|MEET|TIME|FINA
1|Semenyuk, Anton|10|2008|NG|Québec|2019-05-12|2019 TOP Cup SC|1:15.79|255
2|Blackwell, Matthew|10|2008|OTTER|Ontario|2019-02-16|2019 Ontario Winter Festival Championships|1:16.49|248
3|Ta, Edmund|9|2009|JDSS|Ontario|2019-02-16|2019 Ontario Winter Festival Championships|1:16.52|248
4|Jacobs, Colin|10|2008|NYAC|Ontario|2019-02-16|2019 Ontario Winter Festival Championships|1:17.29|240
5|Zheng, Zhi|10|2008|CDSC|British Columbia|2019-01-20|Canadian Dolphin New Years Invitational 2019|1:17.43|239
6|Noel, Tristan|10|2008|RL|Québec|2019-06-15|A Finale régionale ANQCA Provincial développement|1:17.82|235
7|Rapoport, Eric|10|2008|RAMAC|Ontario|2019-05-12|2019 TOP Cup SC|1:17.83|235
8|Song, Yiguo|10|2008|RAPID|British Columbia|2019-07-28|SKSC Summer Fest|1:18.03|233
9|Cescon, Benjamin|10|2008|TSC|Ontario|2019-05-12|2019 TOP Cup SC|1:18.82|226
10|Fenning, Andrew|10|2007|UCSC|Alberta|2018-11-24|Winter Festival South|1:19.05|225
11|Lamoureux, Nataniel|10|2008|ELITE|Québec|2019-06-15|Championnat provincial 11-12 ans et Paranatation d'été|1:19.18|223
12|Yang, Derex|10|2008|HYACK|British Columbia|2019-02-22|Winter Age Group Championships|1:19.23|223
13|Wang, Matthew J|10|2008|MST~|Ontario|2019-02-16|2019 Ontario Winter Festival Championships|1:19.27|223
14|Boulaajoul, Marwan|9|2009|CAMO|Québec|2019-04-14|ARENA Challenge du printemps Développement mixte 2019 CAMO|1:19.43|221
15|Kim, Laon|10|2008|HYACK|British Columbia|2019-02-22|Winter Age Group Championships|1:19.88|218
16|Campbell, Silas|10|2007|WAAC|Ontario|2018-11-17|Expressway Lincoln Fall Invitational|1:20.21|215
17|Molnar, Joey|10|2008|CASC|Alberta|2019-05-25|Summer Festival South|1:20.88|210
18|Jian, Alex|10|2009|MST~|Ontario|2019-06-05|Mallards June In House Competition|1:21.50|205
19|Onur, Arman|10|2007|PCSC|Québec|2018-11-24|2018 CSL Snowflake Invitational|1:21.62|204
20|Grand, Noah|10|2008|ISC|British Columbia|2019-01-25|Vancouver Island Regional SC Championships|1:21.76|203
21|Vaillancourt, Henri|10|2008|CAMO|Québec|2019-03-31|Inter club U12|1:21.93|202
22|Wang, Jack|10|2008|COBRA|Ontario|2019-01-13|2019 Etobicoke A-B Meet|1:21.96|201
23|Gomez, Leonardo|10|2008|RHAC|Ontario|2019-02-16|2019 Ontario Winter Festival Championships|1:22.34|199
24|Chan, Alonzo|10|2008|SKSC|British Columbia|2018-11-11|2018 Brad Reid Memorial Invitational|1:22.60|197
25|Du, Samuel Jinyang|10|2008|MST~|Ontario|2018-10-21|2018 RHAC Fall Classic|1:22.62|197
26|Tao, Zhe Rui|10|2008|RAPID|British Columbia|2019-01-20|Canadian Dolphin New Years Invitational 2019|1:23.03|194
27|Macluskie, Tobias|10|2008|COMOX|British Columbia|2019-01-25|Vancouver Island Regional SC Championships|1:23.18|193
28|Drouin, Léon|9|2009|CAMO|Québec|2019-06-15|Championnat provincial 11-12 ans et Paranatation d'été|1:23.54|190
29|Skavinski, Nicholas|10|2008|ESWIM|Ontario|2019-05-12|2019 TOP Cup SC|1:23.63|190
30|Kim, Eun-Woo|10|2007|NYAC|Ontario|2018-12-08|Youth Cup|1:23.78|189
31|Wei, Harry|10|2008|WEST|Ontario|2019-02-16|2019 Ontario Winter Festival Championships|1:23.88|188
32|Baas, Owen|10|2008|CT33|Ontario|2019-04-26|2019 Ontario Team Challenge|1:24.00|187
33|Powell, Dalton|10|2008|RDCSC|Alberta|2018-12-01|Winter Festival North|1:24.57|183
34|Leblanc, Mathieu|9|2009|CAMO|Québec|2019-06-15|Championnat provincial 11-12 ans et Paranatation d'été|1:24.89|181
35|Wang, Adam|10|2008|OAK|Ontario|2019-02-23|David Lawson Invitational|1:25.09|180
36|Cheng, Alex Wang Chi|10|2008|CDSC|British Columbia|2019-02-22|Winter Age Group Championships|1:25.14|180
37|Smith, Bayden|10|2008|CHENA|British Columbia|2019-06-21|SUMMER AGE GROUP CHAMPIONSHIPS|1:25.16|179
38|Piatek, Alan|10|2009|KSC|Alberta|2019-05-25|Summer Festival South|1:25.17|179
39|Chen, Ethan|10|2009|BORC|Ontario|2019-04-26|2019 Ontario Team Challenge|1:25.18|179
40|Lee, Aidan|9|2009|BORC|Ontario|2018-12-22|2018 Trillium Cup|1:25.55|177
41|Yamamoto, Jinsei|9|2010|SFNV|British Columbia|2019-06-21|SUMMER AGE GROUP CHAMPIONSHIPS|1:25.59|177
42|Govier, Ashton|10|2007|SFA|British Columbia|2018-11-11|2018 Brad Reid Memorial Invitational|1:25.60|177
43|Duong, Elven|10|2008|SAMAK|Québec|2019-03-31|Inter club U12|1:25.68|176
44|Malcolm, Evan|10|2008|GGST|Ontario|2018-12-14|Team Showdown 2018|1:25.83|175
45|Wu, Charlie (can chen)|10|2008|WSC|British Columbia|2019-02-22|Winter Age Group Championships|1:25.96|174
46|Zhu, Jimmy|10|2008|WSC|British Columbia|2019-05-26|DSSC 11 & Under Sprint Cup|1:26.07|174
47|Sivu, Robert|9|2010|LAVAL|Québec|2019-06-15|Championnat provincial 11-12 ans et Paranatation d'été|1:26.38|172
48|Cheon, Noah|10|2008|CHENA|British Columbia|2019-06-21|SUMMER AGE GROUP CHAMPIONSHIPS|1:26.49|171
49|Parent, Mathieu|10|2009|CAMO|Québec|2019-06-15|Championnat provincial 11-12 ans et Paranatation d'été|1:26.69|170
49|Tian, ZhangFu|10|2008|NYAC|Ontario|2019-02-10|Central Region B Champs 2019|1:26.69|170