RANK|ATHLETES|AGE|YOB|CLUB|PROVINCE|DATE|MEET|TIME|FINA
1|Semenyuk, Anton|10|2008|NG|Québec|2019-05-10|2019 TOP Cup SC|5:05.12|336
2|Lee, Aidan|9|2009|BORC|Ontario|2019-04-26|2019 Ontario Team Challenge|5:06.85|330
3|Jacobs, Colin|10|2008|NYAC|Ontario|2019-02-17|2019 Ontario Winter Festival Championships|5:07.77|327
4|Cescon, Benjamin|10|2008|TSC|Ontario|2019-05-10|2019 TOP Cup SC|5:08.88|324
5|Skavinski, Nicholas|10|2008|ESWIM|Ontario|2019-05-10|2019 TOP Cup SC|5:10.32|319
6|Vaillancourt, Henri|10|2008|CAMO|Québec|2019-04-14|ARENA Challenge du printemps Développement mixte 2019 CAMO|5:14.04|308
7|Kim, Laon|10|2008|HYACK|British Columbia|2019-02-23|Winter Age Group Championships|5:14.40|307
8|Campbell, Silas|10|2007|WAAC|Ontario|2018-12-08|Border City Invitational|5:14.64|306
9|Boulaajoul, Marwan|9|2009|CAMO|Québec|2019-04-14|ARENA Challenge du printemps Développement mixte 2019 CAMO|5:15.70|303
10|Molnar, Joey|10|2008|CASC|Alberta|2019-08-03|Mid-Summer Madness|5:16.17|302
11|Fenning, Andrew|10|2007|UCSC|Alberta|2018-12-16|UCSC Holiday Classic|5:18.52|295
12|Powell, Dalton|10|2008|RDCSC|Alberta|2018-12-15|Age Group Food Bank Challenge|5:20.41|290
13|Zhang, Aidan|10|2008|WVOSC|British Columbia|2019-01-20|Canadian Dolphin New Years Invitational 2019|5:21.44|287
14|Rogovoy, Maxim|10|2008|RAMAC|Ontario|2019-05-10|2019 TOP Cup SC|5:23.01|283
15|Ta, Edmund|9|2009|JDSS|Ontario|2019-02-17|2019 Ontario Winter Festival Championships|5:23.27|283
16|Foulds, Matthew|10|2008|TBT|Ontario|2018-12-08|Youth Cup|5:23.40|282
17|Grewal, Jatinder|10|2008|DELTA|British Columbia|2018-12-16|Rapids Fast-Swim Classic|5:24.52|279
18|Lee, Luke|10|2009|NYAC|Ontario|2019-02-17|2019 Ontario Winter Festival Championships|5:26.47|274
19|Zheng, Zhi|10|2008|CDSC|British Columbia|2019-01-20|Canadian Dolphin New Years Invitational 2019|5:26.81|273
20|Lee, Alex Seokhoon|10|2008|OAK|Ontario|2019-02-17|2019 Ontario Winter Festival Championships|5:27.38|272
21|You, Gavin|10|2008|OAK|Ontario|2019-02-17|2019 Ontario Winter Festival Championships|5:27.39|272
22|Skinder, Joseph|10|2008|DYNA|British Columbia|2019-06-02|LMR Championships|5:27.94|271
23|Du, Samuel Jinyang|10|2008|MST~|Ontario|2018-12-08|Youth Cup|5:28.39|270
24|Williams, Austin|10|2007|BBST|Ontario|2018-11-03|NYAC Cup|5:28.89|268
25|Park, Minhyuk|10|2008|LOSC|British Columbia|2019-02-23|Winter Age Group Championships|5:28.97|268
26|Wang, Jack|10|2008|COBRA|Ontario|2019-01-12|2019 Etobicoke A-B Meet|5:29.25|267
27|Pirvu, Spencer|10|2008|CW|Ontario|2019-05-10|2019 TOP Cup SC|5:30.99|263
28|Dunder, Justin|9|2009|SKSC|British Columbia|2019-07-27|SKSC Summer Fest|5:32.77|259
29|Mendoza Ochoa, Carlo|10|2008|TSC|Ontario|2019-05-10|2019 TOP Cup SC|5:33.90|256
30|Burgi, Alexander|10|2008|WS|Ontario|2019-02-17|2019 Ontario Winter Festival Championships|5:36.17|251
31|Gomez, Leonardo|10|2008|RHAC|Ontario|2019-02-17|2019 Ontario Winter Festival Championships|5:37.00|249
32|Oleinic, Dmitrii|10|2009|CDSC|British Columbia|2019-07-27|SKSC Summer Fest|5:37.42|248
33|Dawson, Oliver|10|2008|GPP|Alberta|2018-11-03|Cygnet Dental & Junction Point Physical Therapy Fast Track into Fall|5:37.54|248
34|Brock, Bodhi|10|2008|NYAC|Ontario|2019-01-20|Audi Midtown Toronto Winter Classic-SC 12 & U (TPASC)|5:38.46|246
35|Chen, Ethan|10|2009|BORC|Ontario|2019-04-26|2019 Ontario Team Challenge|5:38.84|245
36|Anderson, Will|10|2008|HAC|Ontario|2019-02-17|2019 Ontario Winter Festival Championships|5:39.48|244
37|Quinn, Louie|10|2008|KMSC|British Columbia|2019-01-27|Rio Tinto Northern Lights|5:40.67|241
38|Baas, Owen|10|2008|CT33|Ontario|2019-04-26|2019 Ontario Team Challenge|5:40.70|241
39|Matteis, Noah|10|2007|CYPS|Ontario|2018-11-23|LAC - Nothers Fall Invitational|5:40.71|241
40|Onur, Arman|10|2007|PCSC|Québec|2018-11-25|2018 CSL Snowflake Invitational|5:40.74|241
41|Shortis, Paul|10|2008|WSSC|Ontario|2019-06-01|PICK Last Gasp 2019|5:41.34|240
42|Watson, Scott|10|2008|KAJ|British Columbia|2018-12-15|26th Annual MJB Law Classic SCM|5:41.70|239
43|Macluskie, Tobias|10|2008|COMOX|British Columbia|2018-12-08|16th Annual XMAS Cracker Invitational|5:41.87|239
44|Smith, Bayden|10|2008|CHENA|British Columbia|2019-06-02|LMR Championships|5:42.18|238
45|Tian, ZhangFu|10|2008|NYAC|Ontario|2019-02-17|2019 Ontario Winter Festival Championships|5:42.21|238
46|Blackwell, Matthew|10|2008|OTTER|Ontario|2019-01-20|Audi Midtown Toronto Winter Classic-SC 12 & U (TPASC)|5:42.25|238
47|Shpanin, Georgy|9|2009|CAMO|Québec|2019-04-14|ARENA Challenge du printemps Développement mixte 2019 CAMO|5:42.66|237
48|Cescon, Andrew|10|2009|TSC|Ontario|2019-05-10|2019 TOP Cup SC|5:43.31|236
49|Vilchez, Lucian|10|2008|BTSC|Ontario|2018-11-04|2018 Barrie Aquafest|5:43.37|236
50|Rapoport, Eric|10|2008|RAMAC|Ontario|2019-05-10|2019 TOP Cup SC|5:43.82|235