RANK|ATHLETES|AGE|YOB|CLUB|PROVINCE|DATE|MEET|TIME|FINA
1|Du, Samuel Jinyang|10|2008|MST~|Ontario|2018-12-09|Youth Cup|2:38.73|294
2|Molnar, Joey|10|2008|CASC|Alberta|2019-08-04|Mid-Summer Madness|2:40.42|285
3|Lee, Aidan|9|2009|BORC|Ontario|2019-04-28|2019 Ontario Team Challenge|2:40.46|285
4|Semenyuk, Anton|10|2008|NG|Québec|2019-05-11|2019 TOP Cup SC|2:44.16|266
5|Wong, Adam|10|2008|WVOSC|British Columbia|2018-12-08|16th Annual XMAS Cracker Invitational|2:44.93|262
6|Cescon, Benjamin|10|2008|TSC|Ontario|2019-05-11|2019 TOP Cup SC|2:45.51|259
7|Park, Minhyuk|10|2008|LOSC|British Columbia|2019-02-24|Winter Age Group Championships|2:45.60|259
8|Li, Michael|10|2008|MAC|Ontario|2019-02-17|2019 Ontario Winter Festival Championships|2:46.08|257
9|Williams, Austin|10|2007|BBST|Ontario|2018-11-02|NYAC Cup|2:47.77|249
10|Chaires, Colton|10|2008|GO|Ontario|2019-02-17|2019 Ontario Winter Festival Championships|2:47.91|248
11|Kim, Eun-Woo|10|2007|NYAC|Ontario|2018-12-09|Youth Cup|2:47.98|248
12|Skavinski, Nicholas|10|2008|ESWIM|Ontario|2019-02-17|2019 Ontario Winter Festival Championships|2:48.75|245
13|Vaillancourt, Henri|10|2008|CAMO|Québec|2019-03-31|Inter club U12|2:49.82|240
14|Vilchez, Lucian|10|2008|BTSC|Ontario|2018-12-01|2018 Barrie Trojan Cup|2:50.48|237
15|Kruger, Rudolf|10|2008|DST|British Columbia|2019-02-10|Sharks Last Chance Invitational|2:51.04|235
16|Pirvu, Spencer|10|2008|CW|Ontario|2019-05-11|2019 TOP Cup SC|2:51.47|233
17|Campbell, Silas|10|2007|WAAC|Ontario|2018-11-18|Expressway Lincoln Fall Invitational|2:51.50|233
18|Pomerleau, Laurent|10|2008|CNQ|Québec|2019-06-16|A Finale régionale ANQCA Provincial développement|2:51.59|233
19|Ta, Edmund|10|2009|JDSS|Ontario|2019-04-28|2019 Ontario Team Challenge|2:52.01|231
20|Dawson, Oliver|10|2008|GPP|Alberta|2018-11-04|Cygnet Dental & Junction Point Physical Therapy Fast Track into Fall|2:52.87|228
21|Kim, Laon|10|2008|HYACK|British Columbia|2019-02-24|Winter Age Group Championships|2:53.08|227
22|Lee, Luke|10|2009|NYAC|Ontario|2019-02-17|2019 Ontario Winter Festival Championships|2:53.11|227
23|Yang, Kris|10|2007|CDSC|British Columbia|2018-11-03|LOSC 12th Annual Short Course Invitational|2:53.52|225
24|Yao, Felix|10|2008|ESWIM|Ontario|2019-05-11|2019 TOP Cup SC|2:54.00|223
25|Baas, Owen|10|2008|CT33|Ontario|2019-04-28|2019 Ontario Team Challenge|2:54.12|223
26|Beaumadier, Alexandre|10|2008|CASE|Québec|2019-02-16|Championnat provincial 11-12 ans et Paranatation - Hiver|2:54.34|222
27|Cheung, Jeffery|10|2008|UCSC|Alberta|2019-04-26|EVDSC 2019 Annual Invitational Swim Meet|2:54.59|221
28|Watson, Scott|10|2008|KAJ|British Columbia|2018-12-15|26th Annual MJB Law Classic SCM|2:54.76|220
29|Jian, Alex|9|2009|MST~|Ontario|2018-12-09|Youth Cup|2:54.90|220
30|Tian, ZhangFu|10|2008|NYAC|Ontario|2019-02-17|2019 Ontario Winter Festival Championships|2:55.06|219
31|Mecteau, Zachary|10|2008|RL|Québec|2019-02-16|Championnat provincial 11-12 ans et Paranatation - Hiver|2:55.15|219
32|Gomez, Leonardo|10|2008|RHAC|Ontario|2019-02-17|2019 Ontario Winter Festival Championships|2:55.23|219
33|Hamilton, Kayden|10|2009|PCSC|Québec|2019-06-15|Championnat provincial 11-12 ans et Paranatation d'été|2:55.26|218
34|Zhang, Aidan|10|2008|WVOSC|British Columbia|2019-02-03|Burnaby Dynamo LMR & 20 Years Anniversary Invitational|2:55.65|217
35|Zhu, Jimmy|10|2008|WSC|British Columbia|2019-06-23|SUMMER AGE GROUP CHAMPIONSHIPS|2:55.66|217
36|Yang, Derex|10|2008|HYACK|British Columbia|2018-11-09|2018 Brad Reid Memorial Invitational|2:55.84|216
37|Dunder, Justin|9|2009|SKSC|British Columbia|2019-06-23|SUMMER AGE GROUP CHAMPIONSHIPS|2:56.02|216
38|Gonzales, Colton|9|2009|LCSC|British Columbia|2019-05-04|Sharks 10 & Under Challenge|2:56.13|215
39|Rogovoy, Maxim|10|2008|RAMAC|Ontario|2019-05-11|2019 TOP Cup SC|2:56.33|214
40|Smith, Bayden|10|2008|CHENA|British Columbia|2019-06-01|LMR Championships|2:56.52|214
41|Baker, Gavin|10|2008|CDSC|British Columbia|2019-02-24|Winter Age Group Championships|2:56.96|212
42|Leckey, Charlie|10|2008|HTAC|Nova Scotia|2018-12-15|Age Group Development Meet|2:57.09|212
43|Ng, Jalen|10|2008|APEX|Ontario|2019-02-17|2019 Ontario Winter Festival Championships|2:57.14|212
44|Rochette, Hubert|10|2009|CNQ|Québec|2019-06-16|A Finale régionale ANQCA Provincial développement|2:57.26|211
45|Cumming, Travis|10|2007|TSC|Ontario|2018-12-09|Border City Invitational|2:57.29|211
46|Tian, Alan|10|2008|HAC|Ontario|2019-02-17|2019 Ontario Winter Festival Championships|2:57.35|211
47|zhu, xiaoyang|10|2008|RHSD|Ontario|2019-02-17|2019 Ontario Winter Festival Championships|2:57.90|209
48|Friesen, Matthew|10|2008|WDSC|British Columbia|2018-12-15|Rapids Fast-Swim Classic|2:58.19|208
49|Sénécal, Malyk|10|2009|NG|Québec|2019-06-15|Championnat provincial 11-12 ans et Paranatation d'été|2:58.34|207
50|Hadley, Harvey|10|2008|WTSC|Nova Scotia|2019-02-16|AA Winter Champs|2:58.37|207