RANK|AGES|CLUB|TEAM|PROVINCE|DATE|MEET|TIME|FINA
1|8 - 10|Swimfaster Parent Association - North Vancouver|SFNV A|British Columbia|2018-12-07|16th Annual XMAS Cracker Invitational|2:18.58|278
2|10 - 10|Mallards Swim Team|MST~ A|Ontario|2018-10-21|Alex Baumann Invitational|2:24.19|247
3|10 - 10|Etobicoke Swim Club|ESWIMA|Ontario|2018-11-11|Youth Cup|2:24.71|244
4|10 - 10|Richmond Hill Aquatic Club|RHAC C|Ontario|2018-10-21|Alex Baumann Invitational|2:29.39|222
5|9 - 10|North York Aquatic Club|NYAC A|Ontario|2018-12-07|Youth Cup|2:31.49|213
6|8 - 8|Pacific Sea Wolves|PSW E|British Columbia|2019-02-24|Winter Age Group Championships|2:32.47|209
7|9 - 10|Ramac Aquatic Club|RAMACA|Ontario|2018-11-11|Alex Baumann Invitational|2:33.56|204
8|10 - 10|Toronto Swim Club|TSC A|Ontario|2018-11-18|Youth Cup|2:33.61|204
9|10 - 10|Windsor Aquatic Club|WAC A|Ontario|2018-11-11|Border City Invitational|2:34.04|202
10|10 - 10|Oakville Aquatic Club|OAK A|Ontario|2018-10-14|LAC - Nothers Fall Invitational|2:34.29|201
11|10 - 10|Natation Gatineau|NG A|Québec|2018-11-03|GO Fall Invitational|2:34.57|200
12|9 - 10|Pointe-Claire Swim Club|PCSC I|Québec|2019-06-09|Finales Regionales Lac St-Louis|2:35.08|198
13|10 - 10|Pointe-Claire Swim Club|PCSC A|Québec|2019-04-07|Défi Australien - Australian Challenge|2:35.21|198
14|10 - 10|E.N. Longueuil|ELITEA|Québec|2019-05-12|2019 TOP Cup SC|2:35.70|196
15|10 - 10|Fredericton Aquanauts Swim Team|FAST A|New Brunswick|2018-12-01|Premier Festival Edmundston NB|2:36.05|195
16|9 - 9|Ladysmith/Chemainus|LCSC A|British Columbia|2019-01-25|Vancouver Island Regional SC Championships|2:36.37|193
17|9 - 10|Club Aquatique Montreal|CAMO A|Québec|2019-04-13|ARENA Challenge du printemps Développement mixte 2019 CAMO|2:36.78|192
18|10 - 10|Owen Sound Aquatic Club|OSAC A|Ontario|2018-11-17|Owen Sound Aquatic Club Development meet|2:37.22|190
19|10 - 10|Canadian Dolphin Swim Club|CDSC H|British Columbia|2018-12-01|Hollyburn Invitational|2:37.71|189
20|10 - 10|Canadian Dolphin Swim Club|CDSC E|British Columbia|2019-01-18|Canadian Dolphin New Years Invitational 2019|2:37.74|188
21|10 - 10|Richmond Hill Aquatic Club|RHAC A|Ontario|2018-11-04|Newmarket Stingrays Fall Invitational|2:38.59|185
22|9 - 10|J-Dolphins Swim School|JDSS A|Ontario|2018-10-21|Newmarket Stingrays Fall Invitational|2:38.87|184
23|9 - 10|Comox Valley Aquatic Club|COMOXA|British Columbia|2019-01-26|Vancouver Island Regional SC Championships|2:39.18|183
24|10 - 10|West Vancouver Otters|WVOSCB|British Columbia|2018-10-13|SFU-SFA LMR Swim Meet|2:39.41|183
25|10 - 10|Conception Bay South Bluefins|CBSB A|Newfoundland|2019-04-06|Bluefins Spring Invitational|2:39.56|182
26|9 - 10|Windsor Aquatic Club|WAC C|Ontario|2018-12-08|Border City Invitational|2:39.80|181
27|10 - 10|Markham Aquatic Club|MAC A|Ontario|2018-11-03|MAC Rising Star #1|2:39.83|181
28|9 - 10|Orcas Swimming of Burlington|BORC A|Ontario|2018-12-22|2019 Ontario Team Challenge|2:40.92|177
29|10 - 10|Vancouver Pacific Swim Club|VPSC C|British Columbia|2019-01-18|DSSC March LMR Meet|2:41.71|175
30|10 - 10|Richmond Rapids Swim Club|RAPIDA|British Columbia|2018-10-13|SFU-SFA LMR Swim Meet|2:41.86|174
31|10 - 10|C.N. Région de Québec|CNQ A|Québec|2019-04-13|ARENA Challenge du printemps Développement mixte 2019 CAMO|2:42.99|171
32|10 - 10|UVic Pacific Coast Swimming|UVPCSA|British Columbia|2019-01-26|Vancouver Island Regional SC Championships|2:43.15|170
33|10 - 10|Riverains Lévis|RL A|Québec|2018-10-14|Coupe d'automne 2018|2:43.23|170
34|10 - 10|Island Swimming Club|ISC A|British Columbia|2019-01-25|Vancouver Island Regional SC Championships|2:43.74|168
35|10 - 10|Sackville Waves Aquatic Team|SWAT A|Nova Scotia|2019-02-17|AA Winter Champs|2:44.43|166
36|9 - 10|London Aquatic Club|LAC A|Ontario|2018-11-24|LAC - Nothers Fall Invitational|2:44.47|166
37|8 - 10|Pacific Sea Wolves|PSW A|British Columbia|2019-01-26|Chena Swim Meet 2019|2:44.91|165
38|10 - 10|Wayland Swim Club|WSC B|British Columbia|2019-01-19|Canadian Dolphin New Years Invitational 2019|2:45.37|163
39|10 - 10|Mallards Swim Team|MST~ B|Ontario|2018-10-21|Alex Baumann Invitational|2:45.39|163
40|10 - 10|North York Aquatic Club|NYAC B|Ontario|2018-12-07|Youth Cup|2:45.92|162
41|10 - 10|Etobicoke Swim Club|ESWIMB|Ontario|2018-11-11|2019 TOP Cup SC|2:45.99|162
42|10 - 10|Nepean Kanata Barracudas|NKB A|Ontario|2018-11-03|GO Fall Invitational|2:46.16|161
43|10 - 10|Toronto Swim Club|TSC B|Ontario|2018-11-18|York Invitational|2:46.23|161
44|10 - 10|West Vancouver Otters|WVOSCA|British Columbia|2018-10-13|SFU-SFA LMR Swim Meet|2:46.28|161
45|10 - 10|Cobra Swim Club|COBRAA|Ontario|2018-11-04|Newmarket Stingrays Fall Invitational|2:46.38|160
46|10 - 10|Saskatoon Laser Swim Club|LASERA|Saskatchewan|2019-03-10|2019 Junior Short Course Provincials|2:46.44|160
47|10 - 10|University Of Calgary Swim Club|UCSC A|Alberta|2019-04-26|EVDSC 2019 Annual Invitational Swim Meet|2:46.86|159
48|10 - 10|Greater Ottawa Kingfish Swim Club|GO A|Ontario|2018-11-03|GO Polar Bear Invitational12/Under SC 13/Over LC|2:47.04|159
49|9 - 10|Swim Ottawa|SWOTTA|Ontario|2019-02-01|BlackFly|2:47.34|158
50|8 - 10|Windsor-Essex Swim Team|WEST A|Ontario|2018-12-16|Team Showdown 2018|2:47.56|157