RANK|ATHLETES|AGE|YOB|CLUB|PROVINCE|DATE|MEET|TIME|FINA
1|Grewal, Jatinder|10|2008|DELTA|British Columbia|2018-12-02|DSSC Distance LMR|21:36.77|279
2|Wei, William|10|2008|CDSC|British Columbia|2019-04-13|2019 Spartan 11 and Under and LMR Distance|21:37.40|279
3|Watson, Scott|10|2008|KAJ|British Columbia|2019-06-15|Nolan's Pharmasave Invitational|21:51.64|270
4|Williams, Austin|10|2007|BBST|Ontario|2018-11-04|NYAC Cup|22:03.95|262
5|Albert, Logan|10|2008|NES|New Brunswick|2019-01-19|Compétition Distance Meet - Ed'ston 2019|22:53.72|235
6|Park, Minhyuk|10|2008|LOSC|British Columbia|2018-11-10|November 2018 800/1500 Time Trial|23:03.21|230
7|Velicico, Alexandru|10|2008|LOSC|British Columbia|2019-01-18|Canadian Dolphin New Years Invitational 2019|23:20.50|222
8|Lipnitskiy, Ivan|10|2008|CHENA|British Columbia|2019-04-13|2019 Spartan 11 and Under and LMR Distance|24:31.33|191
9|Rugina, Andrew|10|2008|CITA|Québec|2019-01-05|Intra polaire|25:02.72|179
10|Desjardins-Yougbaré, Liam|10|2007|NN|Québec|2018-10-21|Invitation de l'automne Neptune (CSPO 25m)|25:19.48|173
11|Roy, Jean-Michel|10|2008|NN|Québec|2018-10-21|Invitation de l'automne Neptune (CSPO 25m)|26:04.42|159
12|Gates, Noah|10|2008|LAKER|Newfoundland|2019-06-09|2019 Summer Classic Invitational|26:23.66|153
13|Haché, Jacob|10|2008|LES|New Brunswick|2018-11-18|BLAST INVITATIONAL|27:12.80|140
14|Kanatbekov, Ulukbek|10|2008|DSC|Québec|2018-12-20|Intra Club Longue Distance|27:18.50|138
15|Leblanc, Keegan|10|2008|SBSC|Nova Scotia|2019-05-04|AA Age Group Development 3|29:57.19|105
16|GAGNON, Vincent|10|2008|RIKI|Québec|2019-05-04|Intra3|30:03.92|103
17|Pascaru, Alexander|10|2007|CAPC|Québec|2018-10-19|KingOfFreestyle2018|31:08.98|93