RANK|ATHLETES|AGE|YOB|CLUB|PROVINCE|DATE|MEET|TIME|FINA
1|Molnar, Joey|10|2008|CASC|Alberta|2019-05-25|Summer Festival South|1:15.18|306
2|Sen, Kinnon|8|2010|CWC|Alberta|2019-01-19|Winter Cup Invitational|1:15.44|303
3|Li, Michael|10|2008|MAC|Ontario|2019-02-10|Central Region B Champs 2019|1:16.99|285
4|Wang, Jack|10|2008|COBRA|Ontario|2019-02-16|2019 Ontario Winter Festival Championships|1:17.64|278
5|Du, Samuel Jinyang|10|2008|MST~|Ontario|2018-12-07|Youth Cup|1:17.88|276
6|Cescon, Benjamin|10|2008|TSC|Ontario|2019-02-16|2019 Ontario Winter Festival Championships|1:18.24|272
7|Blackwell, Matthew|10|2008|OTTER|Ontario|2019-02-16|2019 Ontario Winter Festival Championships|1:18.65|268
8|Semenyuk, Anton|10|2008|NG|Québec|2019-06-08|Finale régionale des Jeux du Québec|1:19.63|258
9|Lee, Aidan|9|2009|BORC|Ontario|2019-04-27|2019 Ontario Team Challenge|1:19.77|256
10|Wang, Adam|10|2008|OAK|Ontario|2019-02-16|2019 Ontario Winter Festival Championships|1:19.96|255
11|Williams, Austin|10|2007|BBST|Ontario|2018-10-21|Kingston Blue Marlins Pentathlon|1:20.11|253
12|Lamoureux, Nataniel|10|2008|ELITE|Québec|2019-06-02|Festival provincial développement - Ouest|1:20.18|252
13|Michael-Ailuelohia, Seth|10|2008|UCSC|Alberta|2019-05-25|Summer Festival South|1:20.50|249
14|Ta, Edmund|10|2009|JDSS|Ontario|2019-04-27|2019 Ontario Team Challenge|1:21.39|241
15|Campbell, Silas|10|2007|WAAC|Ontario|2018-12-02|Aqua 7 - AAST vs WAAC|1:21.53|240
16|Wang, Matthew J|10|2008|MST~|Ontario|2019-02-16|2019 Ontario Winter Festival Championships|1:21.61|239
17|Ng, Jalen|10|2008|APEX|Ontario|2019-02-16|2019 Ontario Winter Festival Championships|1:21.68|239
18|Dawson, Oliver|10|2008|GPP|Alberta|2018-10-13|Oktober Opener|1:21.99|236
19|Powell, Dalton|10|2008|RDCSC|Alberta|2018-12-01|Winter Festival North|1:22.09|235
20|Boulaajoul, Marwan|9|2009|CAMO|Québec|2019-05-11|Finale de l'ANBM 2018-2019 -Challenge|1:22.38|233
21|Carswell, Riley|10|2007|WEST|Ontario|2018-11-04|SEAL November 2018 - Leamington|1:22.90|228
22|Baltazar, Konstantin|9|2009|CSLA|Québec|2019-06-02|Festival provincial développement - Ouest|1:22.95|228
22|MacNeil, Noah|10|2008|ESWIM|Ontario|2019-02-16|2019 Ontario Winter Festival Championships|1:22.95|228
24|Zhang, NingYuan|10|2008|NYAC|Ontario|2019-02-16|2019 Ontario Winter Festival Championships|1:23.26|225
25|Kim, Eun-Woo|10|2007|NYAC|Ontario|2018-12-07|Youth Cup|1:23.35|225
26|Wei, Harry|10|2008|WEST|Ontario|2019-02-16|2019 Ontario Winter Festival Championships|1:23.43|224
27|Vilchez, Lucian|10|2008|BTSC|Ontario|2019-02-03|2019 Huronia SC Regional Championships|1:23.51|223
28|Lee, Luke|9|2009|NYAC|Ontario|2019-01-19|Audi Midtown Toronto Winter Classic-SC 12 & U (TPASC)|1:23.58|223
29|Byrne, David|10|2008|CP|Alberta|2019-01-19|Pugsley's Plunge 2019|1:23.69|222
30|Fenning, Andrew|10|2007|UCSC|Alberta|2018-10-20|UCSC Fall Start Up|1:23.75|221
31|Courchesne, Justin|10|2007|MEGO|Québec|2018-11-24|Première invitation régionale MLLL|1:23.84|221
32|Beaumadier, Alexandre|10|2008|CASE|Québec|2019-04-13|Grand prix de Montréal Invitation 12 ans et moins|1:24.01|219
33|Pirvu, Spencer|10|2008|CW|Ontario|2018-12-07|Youth Cup|1:24.04|219
34|Mecteau, Zachary|10|2008|RL|Québec|2019-03-23|Invitation du printemps NSH|1:24.50|216
35|Vinizki, Zac|10|2008|NYAC|Ontario|2019-01-19|Audi Midtown Toronto Winter Classic-SC 12 & U (TPASC)|1:24.67|214
36|Grand, Noah|10|2008|ISC|British Columbia|2019-02-10|Speed League 2|1:24.80|213
37|Suchak, Aryan|10|2008|AAC|Ontario|2019-02-16|2019 Ontario Winter Festival Championships|1:24.82|213
38|Beaumadier, Cyriaque|10|2008|CASE|Québec|2019-04-13|Grand prix de Montréal Invitation 12 ans et moins|1:24.96|212
39|Burgi, Alexander|10|2008|WS|Ontario|2019-02-16|2019 Ontario Winter Festival Championships|1:25.23|210
40|Cortese, Logan|10|2008|WAC|Ontario|2018-11-10|2018 Age Group International SC|1:25.55|208
41|You, Gavin|10|2008|OAK|Ontario|2019-02-24|David Lawson Invitational|1:25.56|208
42|Lei, Leo|10|2008|WAC|Ontario|2019-02-16|2019 Ontario Winter Festival Championships|1:25.57|208
43|Gomez, Leonardo|10|2008|RHAC|Ontario|2019-02-16|2019 Ontario Winter Festival Championships|1:25.58|208
44|Peraza Blais, Antonny|10|2008|ELITE|Québec|2019-06-02|Festival provincial développement - Ouest|1:25.88|205
45|Hamilton, Kayden|9|2009|PCSC|Québec|2018-12-01|ANLSL Regionale 2 - Les Sprints des fêtes|1:25.91|205
46|Tian, Alan|10|2008|HAC|Ontario|2019-02-16|2019 Ontario Winter Festival Championships|1:26.11|204
47|Fitzgerald, Quinn|10|2008|NKB|Ontario|2019-02-02|2019 Eastern Ontario Regional Championships (SC/LC)|1:26.12|204
48|El Tatawy, Abduallah|10|2007|KWST|Ontario|2018-10-27|ROW Fall First Try Meet|1:26.20|203
49|JINGAN, SAMIR|10|2008|CNSL|Québec|2019-06-02|Festival provincial développement - Ouest|1:26.28|203
50|Rogovoy, Maxim|10|2008|RAMAC|Ontario|2019-02-16|2019 Ontario Winter Festival Championships|1:26.30|202