RANK|ATHLETES|AGE|YOB|CLUB|PROVINCE|DATE|MEET|TIME|FINA
1|Lau, Octavia|17|2001|HYACK|British Columbia|2018-12-16|Ontario Junior International|8:42.45|772
2|Switzer, Brooke|17|2001|MAC|Ontario|2018-12-16|Ontario Junior International|8:42.69|771
3|Maradyn, Ellie|17|2001|CASC|Alberta|2018-12-16|Ontario Junior International|8:49.66|741
4|Ross, Kyla|17|2001|ISC|British Columbia|2018-12-16|Ontario Junior International|8:52.03|731
5|Putrimas, Andrea|17|2001|TSC|Ontario|2018-12-16|Ontario Junior International|8:52.28|730
6|Jeffrey, Chantel|17|2001|ISC|British Columbia|2018-12-16|Ontario Junior International|8:55.13|718
7|Corson, Sarah|17|2001|UCSC|Alberta|2018-12-16|Ontario Junior International|8:58.77|704
8|Andrusak, Kelsey|17|2001|ISC|British Columbia|2018-11-09|ISC 2018 Bennett Cup|9:00.64|696
9|MacDonald, Reagan|17|2001|NKB|Ontario|2018-12-16|Ontario Junior International|9:02.21|690
10|Rennie, Ella|17|2001|BTSC|Ontario|2018-11-30|2018 Barrie Trojan Cup|9:08.90|665
11|Mage, Lauren|17|2001|CAJ|Ontario|2018-12-16|Ontario Junior International|9:09.69|663
12|Mouat, Savanna|17|2001|GO|Ontario|2018-12-16|Ontario Junior International|9:11.91|655
13|Hage, Dounia|17|2001|CAMO|Québec|2018-12-08|Invitation provinciale AA-AAA Noël + Développement 11-12 ans CAMO|9:12.74|652
14|Dumont-Belanger, Anna|17|2001|SPART|British Columbia|2018-12-16|Ontario Junior International|9:13.48|649
15|Grimme, Catherine|17|2001|PSW|British Columbia|2018-11-09|2018 Brad Reid Memorial Invitational|9:15.37|642
16|Brough, Kiera|17|2001|OAK|Ontario|2018-11-08|2018 Age Group International SC|9:15.51|642
17|Brunoro, Sophia|17|2001|CHENA|British Columbia|2018-12-14|Rapids Fast-Swim Classic|9:16.54|638
18|Fogarty, Molly|17|2001|CSSSC|British Columbia|2018-12-14|26th Annual MJB Law Classic SCM|9:18.77|631
19|Gentleman, Alice|17|2000|UVIC|British Columbia|2018-11-23|Canada West Championships 2018|9:19.00|630
20|Liu, Linda|17|2001|HYACK|British Columbia|2018-12-16|Ontario Junior International|9:22.27|619
21|Daoud, Nadine|17|2001|UCSC|Alberta|2018-10-28|Cascade Speed Meet|9:22.78|617
22|Anderson, Sarah|17|2001|CNBO|New Brunswick|2018-11-17|2018 Fall Splash Invitational|9:24.61|611
23|Kennedy, MaKenzy|17|2001|NKB|Ontario|2018-11-08|2018 Age Group International SC|9:27.60|602
24|Smart, Natalie|17|2001|MPM|Newfoundland|2018-12-06|Invitation Provinciale AA-AAA Pointe-Claire 2018|9:27.79|601
25|Anderson, Erin|17|2001|GHAC|Ontario|2019-01-31|2019 Western Region SC Champs|9:28.36|599
26|Markey, Hanna|17|2001|ROCS|Ontario|2018-12-06|Invitation Provinciale AA-AAA Pointe-Claire 2018|9:28.86|598
27|Milne, Payton|17|2001|MAC|Ontario|2018-12-09|Gatineau Grand Prix|9:29.36|596
28|Lane, Amelia|17|2001|HTAC|Nova Scotia|2019-02-15|AA Winter Champs|9:29.43|596
29|Vigneault-Larocque, Mariel|17|2001|NG|Québec|2018-12-09|Gatineau Grand Prix|9:30.22|594
30|Schweers, Kyra|17|2000|PCSC|Québec|2018-12-06|Invitation Provinciale AA-AAA Pointe-Claire 2018|9:32.91|585
31|Maycock, Jane|17|2001|UVPCS|British Columbia|2019-01-25|Vancouver Island Regional SC Championships|9:33.64|583
32|Miron, Emma|17|2001|OAK|Ontario|2018-11-08|2018 Age Group International SC|9:34.24|581
33|Fenton, Chilyn|17|2001|CATS|Ontario|2019-02-03|2019 Huronia SC Regional Championships|9:35.55|577
34|Cassivi-Vermette, Maeva|17|2001|ELITE|Québec|2018-11-04|Festival provincial par équipe section 1|9:36.19|575
35|Reibel, Jessica|17|2001|ROW|Ontario|2018-11-30|Neptune International (CSPO 25m)|9:38.60|568
36|Dumaine, Kate|17|2000|UOFC|Alberta|2018-10-27|Rocky Mountain Cup|9:39.58|565
37|Kiernan, Hannah|17|2001|NEW|Ontario|2019-01-11|2019 Etobicoke A-B Meet|9:39.60|565
38|McDonald, Abigail|17|2001|GMAC|Ontario|2018-12-09|Dash for Cash|9:39.68|565
39|Whelan, Marcella|17|2001|SJL|Newfoundland|2018-12-06|Invitation Provinciale AA-AAA Pointe-Claire 2018|9:39.89|564
40|McQuaid, Alexa|17|2002|CBAC|Prince-Edward-Island|2019-01-13|Garden of the Gulf|9:39.91|564
41|Boutilier, Eve|17|2001|NN|Québec|2018-11-04|Festival provincial par équipe section 1|9:40.00|564
42|Lang, Kirstin|17|2001|BAD|Ontario|2018-11-24|Alex Baumann Invitational|9:40.05|564
43|Gonthier, Natacha|17|2001|OTTSC|Ontario|2018-11-22|2018 Mount Pearl Marlins 3rd Annual Sink or Swim Invitiational|9:40.57|562
44|Whitehead, Kayla|17|2001|GO|Ontario|2018-11-24|Alex Baumann Invitational|9:40.81|562
45|Dufresne, Alice|17|2000|CAMO|Québec|2018-12-08|Invitation provinciale AA-AAA Noël + Développement 11-12 ans CAMO|9:40.86|561
46|Cyr, Emily|17|2001|CASC|Alberta|2018-12-13|JP Fiset Invitational|9:42.00|558
47|Chubaty, Lily|17|2002|KBM|Ontario|2019-02-24|Heats and Finals SC Finale|9:42.85|556
48|Tucker, Logan|17|2001|OTTER|Ontario|2019-02-03|2019 Huronia SC Regional Championships|9:43.54|554
49|Côté, Mariane|17|2001|UL|Québec|2019-02-22|Championnat provincial groupe d'âge AA d'hiver - section Est|9:45.43|548
50|MacQueen, Shailyn|17|2001|COBRA|Ontario|2019-02-07|Central Region B Champs 2019|9:47.48|543