RANK|AGES|CLUB|TEAM|PROVINCE|DATE|MEET|TIME|FINA
1|17 - 17|Kitimat Marlins|KMSC A|British Columbia|2019-06-01|Northwest Spring Invitational|2:02.12|459
2|17 - 17|Okotoks Mavericks Swim Club|MAVS O|Alberta|2019-02-02|Maverick Madness 2019|2:08.95|390
3|17 - 17|Delta Sungod Swim Club|DELTAC|British Columbia|2019-03-17|DSSC March LMR Meet|2:09.95|381
4|17 - 17|KISU Swim Club|KISU B|British Columbia|2019-03-02|2019 3rd Annual Winter Regional A Championships|2:13.37|352
5|17 - 17|Cégep de Thetford Mines|UCT A|Québec|2018-10-20|Collégiale#2 - Victoriaville - Conf. Nord-Ouest|2:19.64|307
6|17 - 17|North Bay Y Titans|NBYT A|Ontario|2018-12-02|NEOR Developmental Meet #2|2:21.14|297