RANK|ATHLETES|AGE|YOB|CLUB|PROVINCE|DATE|MEET|TIME|FINA
1|Maradyn, Ellie|17|2001|CASC|Alberta|2018-12-14|Ontario Junior International|4:42.87|784
2|Pavicevic, Katja|17|2001|TSC|Ontario|2018-12-22|2018 Trillium Cup|4:50.69|722
3|Ross, Kyla|17|2001|ISC|British Columbia|2018-12-14|Ontario Junior International|4:50.96|720
4|Merckx, Axana|17|2001|KAJ|British Columbia|2018-12-14|Ontario Junior International|4:51.38|717
5|Jeffrey, Chantel|17|2001|ISC|British Columbia|2019-01-26|Vancouver Island Regional SC Championships|4:54.27|696
6|Andrusak, Kelsey|17|2001|ISC|British Columbia|2019-01-26|Vancouver Island Regional SC Championships|4:54.44|695
7|Switzer, Brooke|17|2001|MAC|Ontario|2018-12-14|Ontario Junior International|4:54.50|694
8|McDonald, Abigail|17|2001|GMAC|Ontario|2018-12-14|Ontario Junior International|4:54.69|693
9|Arcand, Alicia|17|2001|NN|Québec|2018-11-03|Festival provincial par équipe section 1|4:55.48|687
10|Brough, Kiera|17|2001|OAK|Ontario|2018-12-07|Youth Cup|4:56.40|681
11|Mitchell, Emma|17|2001|KSC|Alberta|2018-12-14|JP Fiset Invitational|4:56.57|680
12|Brunoro, Sophia|17|2001|CHENA|British Columbia|2018-12-15|Rapids Fast-Swim Classic|4:56.80|678
13|Liu, Linda|17|2001|HYACK|British Columbia|2018-11-10|2018 Brad Reid Memorial Invitational|4:56.94|677
14|Hill, Molly|17|2001|KAJ|British Columbia|2018-12-16|26th Annual MJB Law Classic SCM|4:57.69|672
15|MacDonald, Reagan|17|2001|NKB|Ontario|2018-12-14|Ontario Junior International|4:57.79|672
16|Rennie, Ella|17|2001|BTSC|Ontario|2019-02-03|2019 Huronia SC Regional Championships|4:58.41|667
17|Zahab, Mia|17|2001|NKB|Ontario|2019-02-02|2019 Eastern Ontario Regional Championships (SC/LC)|5:00.97|651
18|Fogarty, Molly|17|2001|CSSSC|British Columbia|2018-12-16|26th Annual MJB Law Classic SCM|5:01.18|649
19|Pauletto, Hailey|17|2001|PCSC|Québec|2018-11-03|Festival provincial par équipe section 1|5:02.71|639
20|Meadway, Shannon|17|2001|USC|Ontario|2019-04-27|2019 Ontario Team Challenge|5:03.15|637
21|Albers, Laura|17|2001|UCSC|Alberta|2018-10-28|Cascade Speed Meet|5:03.71|633
22|Cook, Julia|17|2001|NYAC|Ontario|2018-12-14|Ontario Junior International|5:03.80|633
23|Dumont-Belanger, Anna|17|2001|SPART|British Columbia|2018-11-10|2018 Brad Reid Memorial Invitational|5:04.34|629
24|Miron, Emma|17|2001|OAK|Ontario|2018-12-07|Youth Cup|5:04.54|628
25|McQuaid, Alexa|17|2002|CBAC|Prince-Edward-Island|2019-01-12|Garden of the Gulf|5:05.27|623
26|Kennedy, MaKenzy|17|2001|NKB|Ontario|2019-02-02|2019 Eastern Ontario Regional Championships (SC/LC)|5:05.74|621
27|Pengilly, Georgia|17|2001|KAJ|British Columbia|2018-12-16|26th Annual MJB Law Classic SCM|5:06.14|618
28|Keir, Holly|17|2001|ESWIM|Ontario|2018-12-14|Ontario Junior International|5:07.01|613
29|Alejandrino, Kirsten|17|2001|ESWIM|Ontario|2018-12-14|Ontario Junior International|5:07.62|609
30|Loewen, Kennedy|17|2000|SFU|British Columbia|2018-11-03|Odlum Brown Colleges Cup Pacific Hosted by UBC|5:07.88|608
31|Barsalou, Mayra|17|2001|NN|Québec|2018-11-03|Festival provincial par équipe section 1|5:08.19|606
32|Goodman, Audrey|17|2000|UT|Ontario|2018-11-24|OUA Fairweather Division Championships 2018|5:08.23|606
33|Tom, Megan|17|2001|SLSC|Ontario|2018-12-07|Youth Cup|5:10.60|592
34|Smart, Natalie|17|2001|MPM|Newfoundland|2018-12-07|Invitation Provinciale AA-AAA Pointe-Claire 2018|5:10.73|591
35|Gonzalez Rojas, Itzy|17|2001|HAC|Ontario|2019-01-27|Joanne Malar|5:10.96|590
36|Fish, Samantha|17|2001|LAC|Ontario|2018-12-15|Team Showdown 2018|5:11.35|588
37|Campbell, Claire|17|2001|GMAC|Ontario|2018-12-15|Team Showdown 2018|5:11.47|587
38|Schweers, Kyra|17|2000|PCSC|Québec|2018-12-14|Ontario Junior International|5:12.86|579
39|Grimme, Catherine|17|2001|PSW|British Columbia|2018-11-10|2018 Brad Reid Memorial Invitational|5:12.95|579
40|Craig, Rebekah|17|2001|NYAC|Ontario|2018-12-07|Youth Cup|5:13.26|577
41|Mouat, Savanna|17|2001|GO|Ontario|2019-02-02|2019 Eastern Ontario Regional Championships (SC/LC)|5:13.61|575
42|Collier, Kylie|17|2001|COBRA|Ontario|2018-11-30|Neptune International (CSPO 25m)|5:14.53|570
43|Kim, Sun Bin|17|2001|CSLA|Québec|2018-12-09|Invitation provinciale des fêtes CSLA|5:14.55|570
44|Macor, Madison|17|2001|MMST|Ontario|2018-11-25|BYST Fall Invitational|5:15.53|565
45|Kiernan, Hannah|17|2001|NEW|Ontario|2018-12-08|Border City Invitational|5:15.92|562
46|Flann, Abigail|17|2001|AQUA|New Brunswick|2019-02-02|NB Open Cup - Coupe NB|5:16.67|558
47|Montgomery, Alyssa|17|2002|BROCK|Ontario|2019-02-01|2019 Western Region SC Champs|5:17.13|556
48|Gonthier, Natacha|17|2001|OTTSC|Ontario|2019-02-02|2019 Eastern Ontario Regional Championships (SC/LC)|5:18.22|550
49|Laliberté, Olivia|17|2001|NN|Québec|2018-11-03|Festival provincial par équipe section 1|5:20.01|541
50|Cormier, Charlotte|17|2001|MEGO|Québec|2018-11-25|Circuit senior étape 2|5:21.20|535