RANK|ATHLETES|AGE|YOB|CLUB|PROVINCE|DATE|MEET|TIME|FINA
1|Brough, Kiera|17|2001|OAK|Ontario|2018-12-09|Youth Cup|2:13.93|705
2|Arcand, Alicia|17|2001|NN|Québec|2018-11-03|Festival provincial par équipe section 1|2:14.36|698
3|Ross, Kyla|17|2001|ISC|British Columbia|2018-12-16|Ontario Junior International|2:14.99|689
4|Mozill, Megan|17|2001|CP|Alberta|2018-12-15|JP Fiset Invitational|2:15.61|679
5|Nyhof, Martine|17|2001|SLSC|Ontario|2018-12-16|Ontario Junior International|2:15.66|678
6|Miron, Emma|17|2001|OAK|Ontario|2018-12-09|Youth Cup|2:15.86|675
7|Grimme, Catherine|17|2001|PSW|British Columbia|2018-12-15|Rapids Fast-Swim Classic|2:15.89|675
8|Hill, Molly|17|2001|KAJ|British Columbia|2018-12-15|26th Annual MJB Law Classic SCM|2:15.92|675
9|Gursoy, Janelle|17|2001|SCAR|Ontario|2018-11-02|NYAC Cup|2:16.17|671
10|MacDonald, Reagan|17|2001|NKB|Ontario|2018-12-16|Ontario Junior International|2:16.47|666
11|Merckx, Axana|17|2001|KAJ|British Columbia|2018-12-16|Ontario Junior International|2:16.51|666
12|McDonald, Abigail|17|2001|GMAC|Ontario|2018-12-16|Ontario Junior International|2:16.93|660
13|Moore, Elizabeth|17|2001|RDCSC|Alberta|2019-01-19|Blue Bears 2019|2:17.44|652
14|Anderson, Sarah|17|2001|CNBO|New Brunswick|2018-12-15|9th Annual Elf Extravaganza|2:18.25|641
15|Meadway, Shannon|17|2001|USC|Ontario|2019-04-28|2019 Ontario Team Challenge|2:18.49|638
16|Cook, Julia|17|2001|NYAC|Ontario|2018-12-09|Youth Cup|2:18.73|634
17|Mitchell, Emma|17|2001|KSC|Alberta|2018-12-15|JP Fiset Invitational|2:19.21|628
18|Jeffrey, Chantel|17|2001|ISC|British Columbia|2018-11-09|ISC 2018 Bennett Cup|2:19.28|627
19|Wang, Bonnie|17|2001|WVOSC|British Columbia|2019-01-19|Canadian Dolphin New Years Invitational 2019|2:19.34|626
20|Rennie, Ella|17|2001|BTSC|Ontario|2018-11-03|2018 Barrie Aquafest|2:19.39|625
21|Laliberté, Olivia|17|2001|NN|Québec|2018-12-16|Ontario Junior International|2:19.47|624
22|Fish, Samantha|17|2001|LAC|Ontario|2018-12-16|Team Showdown 2018|2:19.88|619
23|Mage, Lauren|17|2001|CAJ|Ontario|2018-11-02|NYAC Cup|2:20.79|607
24|Daoud, Nadine|17|2001|UCSC|Alberta|2018-10-26|Cascade Speed Meet|2:21.43|599
25|Gray, Marni|17|2001|TSC|Ontario|2018-11-02|NYAC Cup|2:21.75|595
26|Lafontaine-Giguère, Florence|17|2001|NN|Québec|2018-12-01|Neptune International (CSPO 25m)|2:21.84|593
27|Smart, Natalie|17|2001|MPM|Newfoundland|2018-11-25|2018 Mount Pearl Marlins 3rd Annual Sink or Swim Invitiational|2:21.98|592
28|Munro, Sydney|17|2001|TSC|Ontario|2018-12-09|Youth Cup|2:22.53|585
29|hermanson, hannah|17|2000|UT|Ontario|2018-11-24|OUA Fairweather Division Championships 2018|2:22.61|584
30|Miller, Shannon|17|2001|VPSC|British Columbia|2018-12-15|JP Fiset Invitational|2:23.10|578
31|Pengilly, Georgia|17|2001|KAJ|British Columbia|2018-12-15|26th Annual MJB Law Classic SCM|2:23.20|577
32|Dumont-Belanger, Anna|17|2001|SPART|British Columbia|2018-11-04|Odlum Brown Colleges Cup Pacific Hosted by UBC|2:23.22|576
33|Pauletto, Hailey|17|2001|PCSC|Québec|2018-12-08|Invitation Provinciale AA-AAA Pointe-Claire 2018|2:23.64|571
34|Marginean, Bianca|17|2001|ROCS|Ontario|2018-12-08|Invitation Provinciale AA-AAA Pointe-Claire 2018|2:23.96|568
35|Putrimas, Andrea|17|2001|TSC|Ontario|2018-11-02|NYAC Cup|2:24.30|564
36|Acevedo, Catalina|17|2001|AAC|Ontario|2018-12-09|Youth Cup|2:24.45|562
37|Carrière, Rosalie|17|2001|CNQ|Québec|2018-11-03|Festival provincial par équipe section 1|2:24.59|560
38|Milne, Payton|17|2001|MAC|Ontario|2018-12-08|Gatineau Grand Prix|2:24.66|559
39|Tulud, Kelly|17|2001|CSLA|Québec|2018-11-10|Festival provincial par équipe section 2|2:24.82|558
40|Weber, Alycia|17|2001|MAVS|Alberta|2018-12-16|Ontario Junior International|2:25.08|555
41|Free, Ava|17|2001|CASC|Alberta|2018-10-27|Rocky Mountain Cup|2:25.42|551
42|MACDONALD, GRACE|17|2002|UVPCS|British Columbia|2019-08-04|Mid-Summer Madness|2:25.66|548
43|Alejandrino, Kirsten|17|2001|ESWIM|Ontario|2018-12-22|2018 Trillium Cup|2:25.81|546
44|Halford, Claire|17|2001|RDCSC|Alberta|2018-12-15|JP Fiset Invitational|2:25.85|546
45|Dufresne, Alice|17|2000|CAMO|Québec|2018-12-08|Invitation provinciale AA-AAA Noël + Développement 11-12 ans CAMO|2:25.96|545
46|Lanctot, Caroline|17|2001|WS|Ontario|2019-02-10|Central Region B Champs 2019|2:26.09|543
47|Haggarty, Sage|17|2001|USC|Ontario|2019-02-10|Central Region B Champs 2019|2:26.12|543
48|McQuaid, Alexa|17|2002|CBAC|Prince-Edward-Island|2019-01-13|Garden of the Gulf|2:26.14|543
49|Kiernan, Hannah|17|2001|NEW|Ontario|2019-02-10|Central Region B Champs 2019|2:26.36|540
50|Spence, Annalise|17|2000|UOFL|Alberta|2018-11-24|Canada West Championships 2018|2:26.89|534