RANK|ATHLETES|AGE|YOB|CLUB|PROVINCE|DATE|MEET|TIME|FINA
1|Ling, Elizabeth|17|2002|UCSC|Alberta|2019-06-21|UCSC Team Champs|1:04.04|732
2|Moore, Elizabeth|17|2001|RDCSC|Alberta|2018-11-18|KSC SC Invitational 2018|1:04.51|717
3|McQuaid, Alexa|17|2002|CBAC|Prince-Edward-Island|2019-04-27|9th Annual Fast and Furious|1:05.53|684
4|Mitchell, Emma|17|2001|KSC|Alberta|2018-11-18|KSC SC Invitational 2018|1:05.92|672
5|Arcand, Alicia|17|2001|UCSJ|Québec|2019-02-22|Comp. Coll. #6 - Outaouais - Conf. Sud-Ouest|1:05.97|670
6|Landry, Marie-Jeanne|17|2001|CAMO|Québec|2018-11-17|Open Sprint SAMAK 2018|1:06.33|659
7|McMurray, Cailin|17|2002|CSLA|Québec|2019-05-03|CSLA 1st Annual Splash Bash Intra-Meet|1:07.15|635
8|Barsalou, Mayra|17|2001|NN|Québec|2018-12-01|Neptune International (CSPO 25m)|1:07.27|632
9|chui, Kimberly|17|2001|APEX|Ontario|2018-12-07|Youth Cup|1:07.39|628
10|Albers, Laura|17|2001|UCSC|Alberta|2019-06-21|UCSC Team Champs|1:07.48|626
11|Loewen, Kennedy|17|2000|SFU|British Columbia|2018-10-20|2018 OCTOBER SENIOR CIRCUIT|1:07.57|623
12|Meagher, Breanna|17|2001|NYAC|Ontario|2018-12-07|Youth Cup|1:07.75|619
13|Merckx, Axana|17|2001|KAJ|British Columbia|2018-10-14|KISU Triple Pentathlon 2018|1:07.77|618
14|Lafontaine-Giguère, Florence|17|2001|UCSJ|Québec|2018-11-16|Collégial#2 - Bois-de-Boulogne - Conf. Sud-Ouest|1:07.91|614
15|Hedges, Alexandria|17|2001|CONNU|British Columbia|2018-12-02|2018 Sadownik Memorial Invitational|1:08.49|599
16|MacDonald, Reagan|17|2001|NKB|Ontario|2018-12-01|Neptune International (CSPO 25m)|1:08.89|588
17|Deering, Megan|17|2001|MAVS|Alberta|2019-02-02|Maverick Madness 2019|1:08.91|588
18|Field, Josie|17|2001|LOSC|British Columbia|2019-06-15|June 2019 Time Trial|1:09.05|584
19|Free, Ava|17|2001|CASC|Alberta|2018-11-18|KSC SC Invitational 2018|1:09.27|579
20|Corson, Sarah|17|2001|UCSC|Alberta|2019-06-21|UCSC Team Champs|1:09.34|577
21|Collier, Kylie|17|2001|COBRA|Ontario|2018-12-01|Neptune International (CSPO 25m)|1:09.39|576
22|Dumont-Belanger, Anna|17|2001|SPART|British Columbia|2018-10-14|KISU Triple Pentathlon 2018|1:09.42|575
23|Macor, Madison|17|2001|MMST|Ontario|2019-06-01|MMST Club Championships 2019|1:09.53|572
24|Cyr, Emily|17|2001|CASC|Alberta|2018-11-18|KSC SC Invitational 2018|1:09.59|571
25|Laroche, Emmy|17|2002|CNQ|Québec|2019-05-04|Invitation du Printemps|1:09.61|570
26|Weber, Alycia|17|2001|MAVS|Alberta|2018-11-18|KSC SC Invitational 2018|1:09.79|566
27|O'Grady, Emma|17|2001|HAC|Ontario|2019-01-27|Joanne Malar|1:09.96|562
28|Wheatley, Amy|17|2002|CBAC|Prince-Edward-Island|2019-04-27|9th Annual Fast and Furious|1:10.79|542
29|Anderson, Sarah|17|2001|CNBO|New Brunswick|2018-10-20|October First Chance meet 2018|1:10.82|541
30|Sliti, Yasmine|17|2001|SAMAK|Québec|2018-12-01|Neptune International (CSPO 25m)|1:10.88|540
31|Simms, Abby|17|2001|SJL|Newfoundland|2018-10-20|October 20 Time Trial|1:10.90|540
32|Winokur, Sydney|17|2001|NYAC|Ontario|2018-12-07|Youth Cup|1:11.08|536
33|Whitehead, Kayla|17|2001|GO|Ontario|2018-10-13|GO Kingfish Blue and Orange Pentathlon|1:11.32|530
34|Dumaine, Kate|17|2000|UOFC|Alberta|2018-10-20|UCSC Fall Start Up|1:11.64|523
35|Hollick, Veronica|17|2001|MSSAC|Ontario|2018-10-14|Blue and Orange|1:11.66|523
36|Gomez Martinez, Laura Mariane|17|2001|CNQ|Québec|2019-05-04|Invitation du Printemps|1:11.78|520
37|Daoud, Nadine|17|2001|UCSC|Alberta|2019-03-08|UCSC Team Champs|1:12.16|512
38|Lanctot, Caroline|17|2001|WS|Ontario|2018-12-01|2018 Union Cup|1:12.48|505
39|Maradyn, Ellie|17|2001|CASC|Alberta|2018-10-20|UCSC Fall Start Up|1:12.50|505
40|Olesen-Despres, Sophie|17|2001|NN|Québec|2018-12-01|Neptune International (CSPO 25m)|1:12.71|500
41|Schaffeler, Claire|17|2001|ROC|Ontario|2018-10-14|ROC vs WD Dual in the Pool|1:12.74|500
42|Bissonnette, Annabelle|17|2001|CNMN|Québec|2019-06-08|Invitation Super Splash|1:12.75|499
43|Harrison, Marie|17|2001|UCMAT|Québec|2018-11-24|Collégiale#2 - Victoriaville - Conf. Nord-Ouest|1:12.95|495
43|Ashton, Clare|17|2001|CAJ|Ontario|2018-11-18|Expressway Lincoln Fall Invitational|1:12.95|495
45|Sicoli, Demetra|17|2000|UOFC|Alberta|2018-10-20|UCSC Fall Start Up|1:13.05|493
46|Leighton, Amy|17|2001|PRASC|British Columbia|2018-11-16|2018 PGBSC Medical Northern Invitational|1:13.31|488
47|Eisen, Alicia|17|2000|UOFC|Alberta|2018-10-20|UCSC Fall Start Up|1:13.48|485
48|Roberts, Megan|17|2001|BAD|Ontario|2018-10-13|MMST Dash for Cash|1:13.53|484
49|Czech, Justine|17|2001|LMRL|Québec|2019-04-27|3è Régionale de l'est-du-Québec|1:13.56|483
50|Graham, Alexis|17|2001|CAJ|Ontario|2018-11-18|Expressway Lincoln Fall Invitational|1:13.67|481