RANK|ATHLETES|AGE|YOB|CLUB|PROVINCE|DATE|MEET|TIME|FINA
1|Sanchez, Kayla Noelle|17|2001|AAC|Ontario|2018-10-20|Downtown Sprint Meet|30.44|832
2|Knelson, Faith|17|2001|ISC|British Columbia|2018-12-07|16th Annual XMAS Cracker Invitational|30.85|800
3|Deering, Megan|17|2001|MAVS|Alberta|2018-12-16|Ontario Junior International|31.97|718
4|chui, Kimberly|17|2001|APEX|Ontario|2018-12-16|Ontario Junior International|32.43|688
5|Pavicevic, Katja|17|2001|TSC|Ontario|2018-12-16|Ontario Junior International|32.45|687
6|Whitehead, Kayla|17|2001|GO|Ontario|2018-12-16|Ontario Junior International|32.61|677
7|Moore, Elizabeth|17|2001|RDCSC|Alberta|2018-12-15|JP Fiset Invitational|32.99|654
8|McDonald, Abigail|17|2001|GMAC|Ontario|2018-12-08|Dash for Cash|33.18|643
9|Bui, Morgan|17|2001|NKB|Ontario|2019-02-01|2019 Eastern Ontario Regional Championships (SC/LC)|33.21|641
10|Saarloos, Ageliki|17|2001|MSSAC|Ontario|2018-12-16|Ontario Junior International|33.32|635
11|Kim, Sun Bin|17|2001|CSLA|Québec|2018-11-09|Festival provincial par équipe section 2|33.49|625
12|McQuaid, Alexa|17|2002|CBAC|Prince-Edward-Island|2019-04-28|9th Annual Fast and Furious|33.83|606
13|Landry, Marie-Jeanne|17|2001|CAMO|Québec|2018-11-02|Festival provincial par équipe section 1|33.95|600
14|Alejandrino, Kirsten|17|2001|ESWIM|Ontario|2018-11-10|2018 Age Group International SC|34.00|597
15|Howell, Abby|17|2001|BTSC|Ontario|2018-12-16|Ontario Junior International|34.03|596
16|MacDonald, Victoria|17|2000|DAL|Nova Scotia|2018-11-16|Kemp-Fry AUS Invitational|34.11|591
17|Legault, Eve|17|2001|TORP|Québec|2018-11-02|Festival provincial par équipe section 3|34.13|590
18|Macor, Madison|17|2001|MMST|Ontario|2018-12-09|Border City Invitational|34.14|590
19|Goodman, Audrey|17|2000|UT|Ontario|2018-10-27|McMaster vs Toronto|34.29|582
20|Corish, Abbey|17|2001|SDSC|Prince-Edward-Island|2018-12-01|Neptune International (CSPO 25m)|34.30|582
21|Heckman, Margaret|17|2001|WAAC|Ontario|2019-02-02|2019 Western Region SC Champs|34.33|580
22|Mitchell, Emma|17|2001|KSC|Alberta|2018-10-28|Cascade Speed Meet|34.45|574
23|Belanger, Victoria|17|2001|UMAN|Manitoba|2018-12-15|ManSask Championships Short Course Open Championships|34.61|566
24|Pearlman, Megan|17|2002|VAC|Ontario|2019-05-04|VAC - Intersquad Challenge 2019|34.62|566
25|Cormier, Charlotte|17|2001|MEGO|Québec|2018-11-09|Festival provincial par équipe section 2|34.64|565
26|Humphreys, Aileen|17|2001|NRST|British Columbia|2018-12-07|16th Annual XMAS Cracker Invitational|34.67|563
27|Montes, Sarah|17|2001|BTSC|Ontario|2018-11-04|2018 Barrie Aquafest|34.73|560
28|Keir, Holly|17|2001|ESWIM|Ontario|2018-11-10|2018 Age Group International SC|34.75|559
29|Lavoie, Veronique|17|2002|LMRL|Québec|2019-06-08|Finale régionale|34.76|559
30|Charles, Anna|17|2001|DST|British Columbia|2018-12-14|Rapids Fast-Swim Classic|34.80|557
31|Brough, Kiera|17|2001|OAK|Ontario|2018-11-10|2018 Age Group International SC|34.91|552
32|Rennie, Ella|17|2001|BTSC|Ontario|2019-01-12|2019 Etobicoke A-B Meet|34.96|549
33|Holden, Holly|17|2001|LAC|Ontario|2019-02-02|2019 Western Region SC Champs|35.05|545
34|Gomez Martinez, Laura Mariane|17|2001|CNQ|Québec|2019-05-04|Invitation du Printemps|35.13|541
34|Pengilly, Georgia|17|2001|KAJ|British Columbia|2018-12-14|26th Annual MJB Law Classic SCM|35.13|541
36|Whelan, Marcella|17|2001|SJL|Newfoundland|2018-12-07|Invitation Provinciale AA-AAA Pointe-Claire 2018|35.14|541
37|Merckx, Axana|17|2001|KAJ|British Columbia|2018-10-14|KISU Triple Pentathlon 2018|35.22|537
38|Klapuschak, Alexandra|17|2001|MSSAC|Ontario|2018-12-01|Neptune International (CSPO 25m)|35.24|536
39|Diamond, Natalia|17|2001|DUCKS|Ontario|2019-04-28|2019 Ontario Team Challenge|35.28|534
40|Sidor, Megan|17|2001|DUCKS|Ontario|2019-04-28|2019 Ontario Team Challenge|35.29|534
41|Craig, Rebekah|17|2001|NYAC|Ontario|2018-11-02|NYAC Cup|35.31|533
42|Pauletto, Hailey|17|2001|PCSC|Québec|2018-12-16|Ontario Junior International|35.32|533
43|Wang, Bonnie|17|2001|WVOSC|British Columbia|2018-12-14|Rapids Fast-Swim Classic|35.35|531
44|Albers, Laura|17|2001|UCSC|Alberta|2019-06-21|UCSC Team Champs|35.43|528
45|Brathwaite, Laurena|17|2001|DSC|Québec|2018-11-09|Festival provincial par équipe section 5 - Nord|35.44|527
45|Ho Ping Kong, Sarah|17|2001|GGST|Ontario|2018-12-07|Gatineau Grand Prix|35.44|527
47|Hollick, Veronica|17|2001|MSSAC|Ontario|2018-12-01|Neptune International (CSPO 25m)|35.46|526
48|Markey, Hanna|17|2001|ROCS|Ontario|2019-02-01|2019 Eastern Ontario Regional Championships (SC/LC)|35.62|519
49|Hechache, Sara|17|2001|CAEM|Québec|2018-11-09|Festival provincial par équipe section 4|35.65|518
49|Panneton, Anabelle|17|2000|CNMN|Québec|2018-11-02|Festival provincial par équipe section 3|35.65|518