RANK|ATHLETES|AGE|YOB|CLUB|PROVINCE|DATE|MEET|TIME|FINA
1|Sanchez, Kayla Noelle|17|2001|AAC|Ontario|2018-11-03|NYAC Cup|23.94|914
2|Leibel, Kyla|17|2001|ISC|British Columbia|2018-12-15|Ontario Junior International|25.14|789
3|Dandois-Samson, Raphaëlle|17|2001|CAMO|Québec|2018-12-15|Ontario Junior International|25.62|746
4|Kilger, Kennady|17|2001|TSC|Ontario|2018-12-15|Ontario Junior International|25.72|737
5|Knelson, Faith|17|2001|ISC|British Columbia|2018-12-09|16th Annual XMAS Cracker Invitational|25.99|714
6|Ling, Elizabeth|17|2002|UCSC|Alberta|2019-06-21|UCSC Team Champs|26.06|709
7|Lafontaine-Giguère, Florence|17|2001|UCSJ|Québec|2019-03-23|Comp. Collégiale - Sud-Ouest - St-Jérome #7|26.11|705
8|Simms, Abby|17|2001|SJL|Newfoundland|2018-12-15|Ontario Junior International|26.25|693
9|Chiarotto, Joanne|17|2001|BORC|Ontario|2018-12-10|Invitation provinciale AA-AAA Noël + Développement 11-12 ans CAMO|26.32|688
9|Snyder, Cassia|17|2001|GO|Ontario|2018-12-08|Gatineau Grand Prix|26.32|688
11|Gursoy, Janelle|17|2001|SCAR|Ontario|2018-12-15|Ontario Junior International|26.34|686
12|Lau, Octavia|17|2001|HYACK|British Columbia|2018-12-15|Ontario Junior International|26.43|679
13|Albers, Laura|17|2001|UCSC|Alberta|2018-12-15|Ontario Junior International|26.44|679
14|Mouat, Savanna|17|2001|GO|Ontario|2019-02-03|2019 Eastern Ontario Regional Championships (SC/LC)|26.53|672
15|Nyhof, Martine|17|2001|SLSC|Ontario|2018-12-15|Ontario Junior International|26.55|670
16|Corson, Sarah|17|2001|UCSC|Alberta|2018-12-15|Ontario Junior International|26.57|669
17|Mage, Lauren|17|2001|CAJ|Ontario|2018-12-15|Ontario Junior International|26.62|665
18|Chubaty, Lily|17|2002|KBM|Ontario|2019-02-03|2019 Eastern Ontario Regional Championships (SC/LC)|26.63|664
19|Andrusak, Kelsey|17|2001|ISC|British Columbia|2018-12-09|16th Annual XMAS Cracker Invitational|26.79|652
20|McQuaid, Alexa|17|2002|CBAC|Prince-Edward-Island|2019-04-27|9th Annual Fast and Furious|26.81|651
20|Munro, Sydney|17|2001|TSC|Ontario|2018-11-03|NYAC Cup|26.81|651
22|Saarloos, Ageliki|17|2001|MSSAC|Ontario|2018-12-15|Ontario Junior International|26.85|648
23|chui, Kimberly|17|2001|APEX|Ontario|2018-12-15|Ontario Junior International|26.86|647
24|MACDONALD, GRACE|17|2002|UVPCS|British Columbia|2019-08-04|Mid-Summer Madness|26.89|645
25|Mariano, Jacquelyne|17|2000|WAT|Ontario|2018-11-24|OUA Fairweather Division Championships 2018|26.91|644
25|Hedges, Alexandria|17|2001|CONNU|British Columbia|2018-12-16|JP Fiset Invitational|26.91|644
27|Arcand, Alicia|17|2001|UCSJ|Québec|2019-02-22|Comp. Coll. #6 - Outaouais - Conf. Sud-Ouest|27.01|636
28|Godin, Juliette|17|2001|CNSH|Québec|2018-11-04|Festival provincial par équipe section 3|27.07|632
29|Carrière, Rosalie|17|2001|CNQ|Québec|2018-12-07|Défi Nez-Rouge 2018|27.11|629
30|Moore, Elizabeth|17|2001|RDCSC|Alberta|2018-12-16|JP Fiset Invitational|27.12|629
31|Alejandrino, Kirsten|17|2001|ESWIM|Ontario|2018-12-15|Ontario Junior International|27.16|626
32|Pengilly, Georgia|17|2001|KAJ|British Columbia|2018-12-15|26th Annual MJB Law Classic SCM|27.23|621
32|Mitchell, Emma|17|2001|KSC|Alberta|2018-10-27|Cascade Speed Meet|27.23|621
32|Bissonnette, Emma|17|2001|HHBF|Ontario|2019-04-26|2019 Ontario Team Challenge|27.23|621
35|Culic, Nadya|17|2001|NYAC|Ontario|2018-12-08|Youth Cup|27.24|620
36|Belanger, Victoria|17|2001|UMAN|Manitoba|2018-12-14|ManSask Championships Short Course Open Championships|27.25|620
36|Schaffeler, Claire|17|2001|ROC|Ontario|2018-12-15|Team Showdown 2018|27.25|620
38|Walker-DeJong, Shaunna|17|2001|CAJ|Ontario|2018-12-15|Ontario Junior International|27.27|618
39|Chin, Sydney|17|2000|UG|Ontario|2018-11-09|Swim International 2018|27.28|618
40|Haggarty, Sage|17|2001|USC|Ontario|2018-12-08|Youth Cup|27.33|614
41|Hollick, Veronica|17|2001|MSSAC|Ontario|2018-12-15|Ontario Junior International|27.34|614
42|Riddoch, Alison|17|2001|CHENA|British Columbia|2018-12-16|Rapids Fast-Swim Classic|27.35|613
43|Pavicevic, Katja|17|2001|TSC|Ontario|2018-11-03|NYAC Cup|27.40|610
44|Eisen, Alicia|17|2000|UOFC|Alberta|2018-10-26|UofC Duel Meet|27.45|606
45|Zahab, Mia|17|2001|NKB|Ontario|2019-02-03|2019 Eastern Ontario Regional Championships (SC/LC)|27.50|603
46|Anderson, Sarah|17|2001|CNBO|New Brunswick|2018-11-03|NYAC Cup|27.51|602
47|Luka, Olivia|17|2001|TSC|Ontario|2018-12-15|Ontario Junior International|27.56|599
48|Landaverde, Elena|17|2001|CAEM|Québec|2018-12-10|Invitation provinciale AA-AAA Noël + Développement 11-12 ans CAMO|27.59|597
49|Hage, Dounia|17|2001|CAMO|Québec|2018-12-10|Invitation provinciale AA-AAA Noël + Développement 11-12 ans CAMO|27.62|595
50|Tucker, Logan|17|2001|OTTER|Ontario|2019-02-02|2019 Huronia SC Regional Championships|27.63|595