RANK|ATHLETES|AGE|YOB|CLUB|PROVINCE|DATE|MEET|TIME|FINA
1|Sanchez, Kayla Noelle|17|2001|AAC|Ontario|2018-10-20|Downtown Sprint Meet|27.00|859
2|Ling, Elizabeth|17|2002|UCSC|Alberta|2019-07-13|UCSC Western Finale|28.43|736
3|Arcand, Alicia|17|2001|NN|Québec|2018-12-14|Ontario Junior International|28.97|695
4|Lafontaine-Giguère, Florence|17|2001|NN|Québec|2018-12-14|Ontario Junior International|29.28|673
5|Merckx, Axana|17|2001|KAJ|British Columbia|2018-12-14|Ontario Junior International|29.45|662
6|Moore, Elizabeth|17|2001|RDCSC|Alberta|2018-12-14|JP Fiset Invitational|29.60|652
7|Nyhof, Martine|17|2001|SLSC|Ontario|2018-12-14|Ontario Junior International|29.63|650
8|Mozill, Megan|17|2001|CP|Alberta|2018-12-14|JP Fiset Invitational|29.67|647
9|Weber, Alycia|17|2001|MAVS|Alberta|2018-12-14|Ontario Junior International|29.69|646
10|Eisen, Alicia|17|2000|UOFC|Alberta|2018-11-23|Canada West Championships 2018|29.72|644
11|Laliberté, Olivia|17|2001|NN|Québec|2018-11-02|Festival provincial par équipe section 1|29.73|643
12|Spence, Annalise|17|2000|UOFL|Alberta|2018-10-26|UofC Duel Meet|29.83|637
13|Gursoy, Janelle|17|2001|SCAR|Ontario|2018-11-09|2018 Age Group International SC|29.85|635
14|Pengilly, Georgia|17|2001|KAJ|British Columbia|2018-11-17|2018 KAJ Fall Classic|29.86|635
15|Corson, Sarah|17|2001|UCSC|Alberta|2019-02-01|UCSC Grand Prix|29.93|630
16|Cook, Julia|17|2001|NYAC|Ontario|2018-12-07|Youth Cup|29.95|629
17|Albers, Laura|17|2001|UCSC|Alberta|2018-12-14|Ontario Junior International|30.03|624
18|Halford, Claire|17|2001|RDCSC|Alberta|2019-01-19|Blue Bears 2019|30.17|615
19|Grimme, Catherine|17|2001|PSW|British Columbia|2018-12-16|Rapids Fast-Swim Classic|30.20|614
19|Miron, Emma|17|2001|OAK|Ontario|2018-12-14|Ontario Junior International|30.20|614
21|Wang, Bonnie|17|2001|WVOSC|British Columbia|2019-01-19|Canadian Dolphin New Years Invitational 2019|30.32|606
22|Daoud, Nadine|17|2001|UCSC|Alberta|2018-10-27|Cascade Speed Meet|30.35|605
23|Kilger, Kennady|17|2001|TSC|Ontario|2018-11-04|NYAC Cup|30.40|602
24|Chiarotto, Joanne|17|2001|BORC|Ontario|2018-11-09|2018 Age Group International SC|30.52|595
25|Brough, Kiera|17|2001|OAK|Ontario|2018-11-09|2018 Age Group International SC|30.60|590
26|Tulud, Kelly|17|2001|CSLA|Québec|2018-11-09|Festival provincial par équipe section 2|30.63|588
27|Mitchell, Emma|17|2001|KSC|Alberta|2018-10-27|Cascade Speed Meet|30.69|585
28|Gray, Marni|17|2001|TSC|Ontario|2018-11-04|NYAC Cup|30.72|583
29|Anderson, Sarah|17|2001|CNBO|New Brunswick|2018-11-04|NYAC Cup|30.73|582
30|Culic, Nadya|17|2001|NYAC|Ontario|2018-12-14|Ontario Junior International|30.74|582
31|Anderson, Erin|17|2001|GHAC|Ontario|2019-02-01|2019 Western Region SC Champs|30.87|574
31|McKenzie, Riley|17|2002|NKB|Ontario|2019-02-03|2019 Eastern Ontario Regional Championships (SC/LC)|30.87|574
33|McDonald, Abigail|17|2001|GMAC|Ontario|2018-11-04|NYAC Cup|30.96|569
34|MacDonald, Reagan|17|2001|NKB|Ontario|2018-12-02|Neptune International (CSPO 25m)|30.98|568
34|McQuaid, Alexa|17|2002|CBAC|Prince-Edward-Island|2019-04-27|9th Annual Fast and Furious|30.98|568
36|Loewen, Kennedy|17|2000|SFU|British Columbia|2018-11-03|Odlum Brown Colleges Cup Pacific Hosted by UBC|31.00|567
37|Low, Janine|17|2001|RAPID|British Columbia|2018-12-14|Ontario Junior International|31.04|565
38|Alexiuk, Jamie|17|2001|MM|Manitoba|2018-10-27|Celebrate Swimming Invitational|31.05|565
38|Mage, Lauren|17|2001|CAJ|Ontario|2018-11-17|Expressway Lincoln Fall Invitational|31.05|565
40|Miller, Shannon|17|2001|VPSC|British Columbia|2018-12-14|JP Fiset Invitational|31.09|562
41|Forster, Jayden|17|2001|CONNU|British Columbia|2018-12-14|JP Fiset Invitational|31.10|562
42|hermanson, hannah|17|2000|UT|Ontario|2018-11-24|OUA Fairweather Division Championships 2018|31.11|561
43|O'Hare, Kate|17|2001|OAK|Ontario|2019-02-24|David Lawson Invitational|31.13|560
44|Munro, Sydney|17|2001|TSC|Ontario|2018-11-04|NYAC Cup|31.20|556
45|Dunn, Cianna|17|2001|CRKW|British Columbia|2018-11-11|ISC 2018 Bennett Cup|31.21|556
46|Fish, Samantha|17|2001|LAC|Ontario|2019-02-01|2019 Western Region SC Champs|31.25|554
47|Carrier-Deschênes, Brittany|17|2001|CNJO|Québec|2018-11-04|Festival provincial par équipe section 5 - Est|31.28|552
48|Goyette, Tatyanna|17|2000|UDEM|Québec|2018-10-12|Coupe universitaire #1|31.32|550
49|Condinho, Elizabeth|17|2000|CAR|Ontario|2018-11-25|2018 OUA DeBray Divisional Champs|31.40|546
50|Belanger, Victoria|17|2001|UMAN|Manitoba|2018-12-16|ManSask Championships Short Course Open Championships|31.41|545