RANK|ATHLETES|AGE|YOB|CLUB|PROVINCE|DATE|MEET|TIME|FINA
1|Leibel, Kyla|17|2001|ISC|British Columbia|2018-12-14|Ontario Junior International|59.34|779
2|Knelson, Faith|17|2001|ISC|British Columbia|2018-12-09|16th Annual XMAS Cracker Invitational|1:00.04|752
3|Kilger, Kennady|17|2001|TSC|Ontario|2018-12-14|Ontario Junior International|1:00.63|730
4|Arcand, Alicia|17|2001|NN|Québec|2018-12-14|Ontario Junior International|1:00.67|729
5|Lau, Octavia|17|2001|HYACK|British Columbia|2018-12-14|Ontario Junior International|1:01.52|699
6|Gray, Marni|17|2001|TSC|Ontario|2018-11-04|NYAC Cup|1:01.55|698
7|Moore, Elizabeth|17|2001|RDCSC|Alberta|2018-12-15|JP Fiset Invitational|1:01.90|686
8|McDonald, Abigail|17|2001|SLSC|Ontario|2018-12-14|Ontario Junior International|1:01.92|685
9|Field, Josie|17|2001|LOSC|British Columbia|2018-12-14|Ontario Junior International|1:02.29|673
10|Anderson, Sarah|17|2001|CNBO|New Brunswick|2019-02-03|NB Open Cup - Coupe NB|1:02.45|668
11|Zahab, Mia|17|2001|NKB|Ontario|2019-02-02|2019 Eastern Ontario Regional Championships (SC/LC)|1:02.62|663
12|Albers, Laura|17|2001|UCSC|Alberta|2018-12-14|Ontario Junior International|1:02.68|661
13|Andrusak, Kelsey|17|2001|ISC|British Columbia|2018-12-09|16th Annual XMAS Cracker Invitational|1:02.95|652
14|Dandois-Samson, Raphaëlle|17|2001|CAMO|Québec|2018-11-04|Festival provincial par équipe section 1|1:03.08|648
15|Chiarotto, Joanne|17|2001|BORC|Ontario|2018-11-10|2018 Age Group International SC|1:03.09|648
16|Nyhof, Martine|17|2001|SLSC|Ontario|2019-01-19|Winter Invitational|1:03.28|642
17|Pavicevic, Katja|17|2001|TSC|Ontario|2018-11-04|NYAC Cup|1:03.44|637
18|Whitehead, Kayla|17|2001|GO|Ontario|2018-12-08|Gatineau Grand Prix|1:03.62|632
19|Bennett, Hannah|17|2002|UCSC|Alberta|2019-07-13|UCSC Western Finale|1:03.79|627
20|Jeffrey, Chantel|17|2001|ISC|British Columbia|2018-10-20|2018 OCTOBER SENIOR CIRCUIT|1:04.03|620
21|Hill, Molly|17|2001|KAJ|British Columbia|2018-12-16|26th Annual MJB Law Classic SCM|1:04.05|619
22|Snyder, Cassia|17|2001|GO|Ontario|2018-12-14|Ontario Junior International|1:04.32|612
23|Landry, Marie-Jeanne|17|2001|CAMO|Québec|2018-12-07|Invitation provinciale AA-AAA Noël + Développement 11-12 ans CAMO|1:04.46|608
24|Brunoro, Sophia|17|2001|CHENA|British Columbia|2018-12-16|Rapids Fast-Swim Classic|1:04.52|606
25|Deering, Megan|17|2001|MAVS|Alberta|2018-12-14|Ontario Junior International|1:04.56|605
26|McDonald, Abigail|17|2001|GMAC|Ontario|2018-12-08|Dash for Cash|1:04.58|604
27|Miller, Shannon|17|2001|VPSC|British Columbia|2018-12-15|JP Fiset Invitational|1:04.67|602
28|Sicoli, Demetra|17|2000|UOFC|Alberta|2018-11-04|Odlum Brown Colleges Cup Pacific Hosted by UBC|1:04.68|601
29|Ross, Kyla|17|2001|ISC|British Columbia|2018-11-09|ISC 2018 Bennett Cup|1:04.73|600
30|Tucker, Logan|17|2001|OTTER|Ontario|2019-02-02|2019 Huronia SC Regional Championships|1:04.83|597
31|Campbell, Claire|17|2001|GMAC|Ontario|2018-12-08|Dash for Cash|1:04.87|596
32|Blair, Paige|17|2001|NYAC|Ontario|2018-12-08|Youth Cup|1:04.90|595
33|Rennie, Ella|17|2001|BTSC|Ontario|2018-12-01|2018 Barrie Trojan Cup|1:05.04|591
34|Luka, Olivia|17|2001|TSC|Ontario|2018-12-14|Ontario Junior International|1:05.08|590
35|Kennedy, MaKenzy|17|2001|NKB|Ontario|2019-02-02|2019 Eastern Ontario Regional Championships (SC/LC)|1:05.10|590
36|Landaverde, Elena|17|2001|CAEM|Québec|2018-12-07|Invitation provinciale AA-AAA Noël + Développement 11-12 ans CAMO|1:05.14|589
37|Hollick, Veronica|17|2001|MSSAC|Ontario|2018-12-01|Neptune International (CSPO 25m)|1:05.16|588
37|Barsalou, Mayra|17|2001|NN|Québec|2018-11-04|Festival provincial par équipe section 1|1:05.16|588
39|Beaulieu, Gabrielle|17|2001|CNJA|Québec|2019-01-27|Sag-Lac 2|1:05.22|587
40|Vial, Ava|17|2002|WTSC|Nova Scotia|2019-06-19|WTSC Time Trial One|1:05.36|583
41|Diamond, Natalia|17|2001|DUCKS|Ontario|2019-04-26|2019 Ontario Team Challenge|1:05.47|580
42|Maradyn, Ellie|17|2001|CASC|Alberta|2018-11-18|KSC SC Invitational 2018|1:05.59|577
43|Loewen, Kennedy|17|2000|SFU|British Columbia|2018-11-04|Odlum Brown Colleges Cup Pacific Hosted by UBC|1:05.72|573
44|Free, Ava|17|2001|CASC|Alberta|2018-11-18|KSC SC Invitational 2018|1:06.01|566
45|Kidd, Olivia|17|2001|EKSC|Alberta|2018-12-15|JP Fiset Invitational|1:06.03|565
45|DI MARIA, MÉLANIE|17|2002|CNSL|Québec|2019-06-29|Championnat provincial groupe d'âge AA d'été - Ouest|1:06.03|565
47|Hedges, Alexandria|17|2001|CONNU|British Columbia|2018-12-01|2018 Sadownik Memorial Invitational|1:06.14|562
48|Cyr, Emily|17|2001|CASC|Alberta|2018-12-15|JP Fiset Invitational|1:06.16|562
49|Culic, Nadya|17|2001|NYAC|Ontario|2018-12-08|Youth Cup|1:06.18|561
50|Mitchell, Emma|17|2001|KSC|Alberta|2018-10-26|Cascade Speed Meet|1:06.31|558