RANK|ATHLETES|AGE|YOB|CLUB|PROVINCE|DATE|MEET|TIME|FINA
1|Sanchez, Kayla Noelle|17|2001|AAC|Ontario|2018-11-03|NYAC Cup|58.25|843
2|Nyhof, Martine|17|2001|SLSC|Ontario|2018-12-15|Ontario Junior International|1:01.34|722
3|Arcand, Alicia|17|2001|NN|Québec|2018-11-04|Festival provincial par équipe section 1|1:02.24|691
4|Gursoy, Janelle|17|2001|SCAR|Ontario|2018-11-03|NYAC Cup|1:02.41|685
5|Merckx, Axana|17|2001|KAJ|British Columbia|2018-12-15|Ontario Junior International|1:02.51|682
6|Mozill, Megan|17|2001|CP|Alberta|2018-12-16|JP Fiset Invitational|1:02.56|680
7|Kilger, Kennady|17|2001|TSC|Ontario|2018-12-16|Ontario Junior International|1:02.77|673
8|Miron, Emma|17|2001|OAK|Ontario|2018-12-15|Ontario Junior International|1:02.81|672
9|Moore, Elizabeth|17|2001|RDCSC|Alberta|2019-01-20|Blue Bears 2019|1:03.10|663
10|Grimme, Catherine|17|2001|PSW|British Columbia|2018-12-14|Rapids Fast-Swim Classic|1:03.22|659
11|Pengilly, Georgia|17|2001|KAJ|British Columbia|2018-12-14|26th Annual MJB Law Classic SCM|1:03.38|654
12|Lafontaine-Giguère, Florence|17|2001|NN|Québec|2018-11-04|Festival provincial par équipe section 1|1:03.56|649
13|Brough, Kiera|17|2001|OAK|Ontario|2018-11-11|2018 Age Group International SC|1:03.68|645
14|Cook, Julia|17|2001|NYAC|Ontario|2018-12-15|Ontario Junior International|1:04.12|632
15|Weber, Alycia|17|2001|MAVS|Alberta|2018-12-15|Ontario Junior International|1:04.21|629
16|MacDonald, Reagan|17|2001|NKB|Ontario|2018-12-15|Ontario Junior International|1:04.27|627
17|Laliberté, Olivia|17|2001|NN|Québec|2018-12-15|Ontario Junior International|1:04.31|626
18|Dandois-Samson, Raphaëlle|17|2001|CAMO|Québec|2018-12-07|Invitation provinciale AA-AAA Noël + Développement 11-12 ans CAMO|1:04.42|623
19|Eisen, Alicia|17|2000|UOFC|Alberta|2018-11-25|Canada West Championships 2018|1:04.50|621
20|Halford, Claire|17|2001|RDCSC|Alberta|2019-01-20|Blue Bears 2019|1:04.76|613
21|Wang, Bonnie|17|2001|WVOSC|British Columbia|2019-01-18|Canadian Dolphin New Years Invitational 2019|1:04.89|609
22|Rennie, Ella|17|2001|BTSC|Ontario|2019-02-01|2019 Huronia SC Regional Championships|1:05.04|605
23|Mitchell, Emma|17|2001|KSC|Alberta|2018-12-16|JP Fiset Invitational|1:05.08|604
24|Daoud, Nadine|17|2001|UCSC|Alberta|2018-10-28|Cascade Speed Meet|1:05.10|604
24|Hill, Molly|17|2001|KAJ|British Columbia|2018-12-14|26th Annual MJB Law Classic SCM|1:05.10|604
26|Anderson, Sarah|17|2001|CNBO|New Brunswick|2018-11-03|NYAC Cup|1:05.12|603
27|Tulud, Kelly|17|2001|CSLA|Québec|2018-11-11|Festival provincial par équipe section 2|1:05.23|600
28|Ross, Kyla|17|2001|ISC|British Columbia|2019-01-26|Vancouver Island Regional SC Championships|1:05.27|599
29|Loewen, Kennedy|17|2000|SFU|British Columbia|2018-11-04|Odlum Brown Colleges Cup Pacific Hosted by UBC|1:05.28|599
30|Carrière, Rosalie|17|2001|CNQ|Québec|2018-11-03|Festival provincial par équipe section 1|1:05.52|592
31|Spence, Annalise|17|2000|UOFL|Alberta|2018-11-03|Odlum Brown Colleges Cup Pacific Hosted by UBC|1:05.58|590
32|MACDONALD, GRACE|17|2002|UVPCS|British Columbia|2019-08-03|Mid-Summer Madness|1:05.94|581
33|Snyder, Cassia|17|2001|GO|Ontario|2019-02-01|2019 Eastern Ontario Regional Championships (SC/LC)|1:05.98|580
34|Deering, Megan|17|2001|MAVS|Alberta|2018-12-15|Ontario Junior International|1:05.99|579
35|Simms, Abby|17|2001|SJL|Newfoundland|2018-12-15|Ontario Junior International|1:06.04|578
35|Landry, Marie-Jeanne|17|2001|CAMO|Québec|2018-12-07|Invitation provinciale AA-AAA Noël + Développement 11-12 ans CAMO|1:06.04|578
37|Fish, Samantha|17|2001|LAC|Ontario|2018-12-15|Team Showdown 2018|1:06.12|576
38|Bissonnette, Emma|17|2001|HHBF|Ontario|2019-04-27|2019 Ontario Team Challenge|1:06.23|573
39|Dunn, Cianna|17|2001|CRKW|British Columbia|2018-11-10|ISC 2018 Bennett Cup|1:06.42|568
40|Free, Ava|17|2001|CASC|Alberta|2018-11-18|KSC SC Invitational 2018|1:06.45|567
41|Mage, Lauren|17|2001|CAJ|Ontario|2018-11-03|NYAC Cup|1:06.48|567
42|Lorette, Hannah|17|2001|UVPCS|British Columbia|2018-12-09|16th Annual XMAS Cracker Invitational|1:06.49|566
43|hermanson, hannah|17|2000|UT|Ontario|2018-11-25|OUA Fairweather Division Championships 2018|1:06.62|563
44|Munro, Sydney|17|2001|TSC|Ontario|2018-12-07|Youth Cup|1:06.69|561
44|Pauletto, Hailey|17|2001|PCSC|Québec|2018-12-15|Ontario Junior International|1:06.69|561
46|Culic, Nadya|17|2001|NYAC|Ontario|2018-11-03|NYAC Cup|1:06.71|561
47|Gray, Marni|17|2001|TSC|Ontario|2018-11-03|NYAC Cup|1:06.73|560
48|McQuaid, Alexa|17|2002|CBAC|Prince-Edward-Island|2019-04-28|9th Annual Fast and Furious|1:06.74|560
49|Goyette, Tatyanna|17|2000|UDEM|Québec|2018-10-12|Coupe universitaire #1|1:06.77|559
50|Miller, Shannon|17|2001|VPSC|British Columbia|2018-12-16|JP Fiset Invitational|1:06.84|558