RANK|ATHLETES|AGE|YOB|CLUB|PROVINCE|DATE|MEET|TIME|FINA
1|Lau, Octavia|17|2001|HYACK|British Columbia|2018-12-14|Ontario Junior International|16:49.52|756
2|Jeffrey, Chantel|17|2001|ISC|British Columbia|2018-12-14|Ontario Junior International|16:57.35|738
3|Ross, Kyla|17|2001|ISC|British Columbia|2018-12-14|Ontario Junior International|17:03.07|726
4|Fogarty, Molly|17|2001|CSSSC|British Columbia|2018-11-17|2018 KAJ Fall Classic|17:29.33|673
5|Andrusak, Kelsey|17|2001|ISC|British Columbia|2018-12-07|16th Annual XMAS Cracker Invitational|17:31.54|669
6|Chiarotto, Joanne|17|2001|BORC|Ontario|2019-01-11|2019 Etobicoke A-B Meet|17:44.19|645
7|Schweers, Kyra|17|2000|PCSC|Québec|2018-12-14|Ontario Junior International|17:48.27|638
8|Cooke, Kendrick|17|2002|GSH|Ontario|2019-02-03|2019 Eastern Ontario Regional Championships (SC/LC)|18:10.20|600
9|Maycock, Jane|17|2001|UVPCS|British Columbia|2018-12-07|16th Annual XMAS Cracker Invitational|18:11.30|598
10|Gonthier, Natacha|17|2001|OTTSC|Ontario|2018-11-04|NYAC Cup|18:16.06|590
11|Kiernan, Hannah|17|2001|NEW|Ontario|2019-03-01|Steve Kingston Memorial Swim Meet|18:16.67|589
12|Cassivi-Vermette, Maeva|17|2001|ELITE|Québec|2018-12-16|Invitation Provinciale des fêtes avec épreuves Ho! Ho! Eau Libre|18:25.74|575
13|Beck, Ali|17|2001|CRKW|British Columbia|2018-12-07|16th Annual XMAS Cracker Invitational|18:31.36|566
14|Fenton, Chilyn|17|2001|CATS|Ontario|2019-03-03|Trojan Pentathlon|18:34.77|561
15|Boutilier, Eve|17|2001|NN|Québec|2018-12-01|Neptune International (CSPO 25m)|18:35.62|560
16|Gentleman, Alice|17|2000|UVIC|British Columbia|2018-10-20|2018-19 Blue Gold Time Trial #1 (SC)|18:39.47|554
17|Menif-Tenreiro, Sara|17|2002|NG|Québec|2019-06-30|Championnat provincial groupe d'âge AA d'été - Ouest|18:41.70|551
18|Wood, Grace|17|2001|CVAC|New Brunswick|2019-02-01|NB Open Cup - Coupe NB|18:43.69|548
19|Laidman, Emily|17|2001|ISC|British Columbia|2018-12-07|16th Annual XMAS Cracker Invitational|18:50.37|538
20|Humphreys, Aileen|17|2001|NRST|British Columbia|2018-11-10|ISC 2018 Bennett Cup|19:03.07|520
21|Boudrot, Claire|17|2001|NRST|British Columbia|2018-11-10|ISC 2018 Bennett Cup|19:04.38|519
22|Lane, Amelia|17|2001|HTAC|Nova Scotia|2018-12-01|Age Group Development Meet Fall Series #3|19:22.48|495
23|Lambert, Aglaé|17|2001|LSNR|Québec|2019-01-25|Inter-provinciale LMRL 2019|19:27.11|489
24|Beaudin, Melayna|17|2001|CRKW|British Columbia|2018-11-25|CRKW Winter Classic|19:27.97|488
25|Hardy, Kristen|17|2002|VKSC|British Columbia|2019-06-15|Nolan's Pharmasave Invitational|19:42.98|469
26|Gow, Emily|17|2001|STARS|Ontario|2018-11-02|2018 Barrie Aquafest|19:47.46|464
27|Molaison, Rafaèle|17|2001|RL|Québec|2018-11-30|Invitation provinciale 2018|19:53.45|457
28|Schaffeler, Claire|17|2001|ROC|Ontario|2019-04-26|2019 Ontario Team Challenge|20:03.40|446
29|Zheng, Aurora|17|2002|DELTA|British Columbia|2019-04-13|2019 Spartan 11 and Under and LMR Distance|20:09.65|439
30|Robinson, Erica|17|2001|ROC|Ontario|2018-11-24|OSHAC Distance Meet|20:17.99|430
31|Tremblay, Émilie|17|2001|CNJO|Québec|2019-04-27|Invitation régionale Sag-Lac 4|20:23.66|424
32|Button, Thea|17|2001|CVAC|New Brunswick|2019-01-19|Distance Qualifier 2019|20:59.69|389
33|White, Julia|17|2001|EBSC|Ontario|2019-02-24|Heats and Finals SC Finale|21:23.11|368
34|Heffernan, Makayla|17|2001|EBSC|Ontario|2019-01-19|EBSC Barracuda Winter Blast|21:24.01|367
35|Petitpas, Catherine|17|2001|RL|Québec|2018-11-30|Invitation provinciale 2018|21:56.40|341
36|Breton, Koralie|17|2001|CNBB|Québec|2019-01-26|Sag-Lac 2|22:20.97|322
37|Mersereau, Regan|17|2001|CVAC|New Brunswick|2019-01-19|Distance Qualifier 2019|22:21.51|322