RANK|AGES|CLUB|TEAM|PROVINCE|DATE|MEET|TIME|FINA
1|17 - 17|Kelowna Aquajets|KAJ A|British Columbia|2018-11-18|2018 KAJ Fall Classic|1:56.76|691
2|17 - 17|Calgary Patriots Swim Club|CP A|Alberta|2018-10-26|Cascade Speed Meet|1:58.25|666
3|17 - 17|Owen Sound Aquatic Club|OSAC A|Ontario|2019-02-03|2019 Huronia SC Regional Championships|1:59.53|644
4|17 - 17|Comox Valley Aquatic Club|COMOXA|British Columbia|2019-01-25|Vancouver Island Regional SC Championships|2:02.29|602
5|17 - 17|Barrie Trojan Swim Club|BTSC A|Ontario|2019-02-03|2019 Huronia SC Regional Championships|2:02.61|597
6|17 - 17|University Of Waterloo|WAT F|Ontario|2018-10-31|Battle of Waterloo|2:08.20|522
7|17 - 17|Natation Edmundston Swimming|NES A|New Brunswick|2018-12-14|Premier Festival Edmundston NB|2:08.56|518
8|17 - 17|Cascade Swim Club|CASC A|Alberta|2019-02-09|NCSA John Timmermans Memorial Invitational 2019|2:12.30|475
9|17 - 17|Owen Sound Aquatic Club|OSAC E|Ontario|2019-02-03|2019 Huronia SC Regional Championships|2:17.02|428
10|17 - 17|Port Hawkesbury Antigonish Swim Team|PHASTA|Nova Scotia|2019-03-30|AA Age Group Development Meet Two|2:20.89|393
11|17 - 17|Kitimat Marlins|KMSC A|British Columbia|2019-06-02|Northwest Spring Invitational|2:23.66|371
12|17 - 17|Delta Sungod Swim Club|DELTAC|British Columbia|2019-03-16|DSSC March LMR Meet|2:27.10|346
13|17 - 17|North Bay Y Titans|NBYT A|Ontario|2018-11-04|6th Annual Mile of Gold Invitational|2:28.67|335
14|17 - 17|Arnprior Blue Fish Swim Club|ABSC A|Ontario|2019-05-12|BlackFly|2:29.76|327