RANK|ATHLETES|AGE|YOB|CLUB|PROVINCE|DATE|MEET|TIME|FINA
1|Lau, Octavia|17|2001|HYACK|British Columbia|2018-12-15|Ontario Junior International|4:12.08|805
2|Switzer, Brooke|17|2001|MAC|Ontario|2018-12-15|Ontario Junior International|4:13.32|793
3|Jeffrey, Chantel|17|2001|ISC|British Columbia|2018-12-15|Ontario Junior International|4:15.83|770
4|Leibel, Kyla|17|2001|ISC|British Columbia|2018-10-20|2018 OCTOBER SENIOR CIRCUIT|4:16.77|761
5|Ross, Kyla|17|2001|ISC|British Columbia|2018-12-15|Ontario Junior International|4:16.89|760
6|Putrimas, Andrea|17|2001|TSC|Ontario|2018-12-15|Ontario Junior International|4:17.89|752
7|Andrusak, Kelsey|17|2001|ISC|British Columbia|2018-12-08|16th Annual XMAS Cracker Invitational|4:19.31|739
8|Corson, Sarah|17|2001|UCSC|Alberta|2018-12-15|Ontario Junior International|4:19.54|737
9|Zahab, Mia|17|2001|NKB|Ontario|2019-02-01|2019 Eastern Ontario Regional Championships (SC/LC)|4:21.72|719
10|Free, Ava|17|2001|CASC|Alberta|2018-11-16|KSC SC Invitational 2018|4:21.98|717
11|Mage, Lauren|17|2001|CAJ|Ontario|2018-12-15|Ontario Junior International|4:22.68|711
12|Dumont-Belanger, Anna|17|2001|SPART|British Columbia|2018-12-15|Ontario Junior International|4:23.61|704
13|Mouat, Savanna|17|2001|GO|Ontario|2018-12-15|Ontario Junior International|4:23.93|701
14|Hill, Molly|17|2001|KAJ|British Columbia|2018-12-15|26th Annual MJB Law Classic SCM|4:24.42|697
15|Mitchell, Emma|17|2001|KSC|Alberta|2018-12-16|JP Fiset Invitational|4:24.83|694
16|Field, Josie|17|2001|LOSC|British Columbia|2018-12-15|Ontario Junior International|4:26.93|678
17|Grimme, Catherine|17|2001|PSW|British Columbia|2018-11-11|2018 Brad Reid Memorial Invitational|4:27.67|672
18|Maradyn, Ellie|17|2001|CASC|Alberta|2018-10-28|Rocky Mountain Cup|4:27.73|672
19|Chiarotto, Joanne|17|2001|BORC|Ontario|2018-12-21|2018 Trillium Cup|4:28.17|668
20|Brunoro, Sophia|17|2001|CHENA|British Columbia|2018-11-03|Odlum Brown Colleges Cup Pacific Hosted by UBC|4:28.59|665
21|MACDONALD, GRACE|17|2002|UVPCS|British Columbia|2019-08-03|Mid-Summer Madness|4:28.75|664
22|MacDonald, Reagan|17|2001|NKB|Ontario|2018-12-02|Neptune International (CSPO 25m)|4:28.96|662
23|Barsalou, Mayra|17|2001|NN|Québec|2018-11-02|Festival provincial par équipe section 1|4:30.16|654
24|Carrière, Rosalie|17|2001|CNQ|Québec|2018-11-02|Festival provincial par équipe section 1|4:30.19|653
25|Fogarty, Molly|17|2001|CSSSC|British Columbia|2018-11-17|2018 KAJ Fall Classic|4:30.93|648
26|Rennie, Ella|17|2001|BTSC|Ontario|2018-12-02|2018 Barrie Trojan Cup|4:31.26|646
27|Brough, Kiera|17|2001|OAK|Ontario|2018-11-11|2018 Age Group International SC|4:31.34|645
28|Liu, Linda|17|2001|HYACK|British Columbia|2018-11-11|2018 Brad Reid Memorial Invitational|4:31.83|642
29|Meadway, Shannon|17|2001|USC|Ontario|2019-04-28|2019 Ontario Team Challenge|4:32.07|640
30|Dunn, Cianna|17|2001|CRKW|British Columbia|2018-11-11|ISC 2018 Bennett Cup|4:34.33|624
31|Kennedy, MaKenzy|17|2001|NKB|Ontario|2019-02-01|2019 Eastern Ontario Regional Championships (SC/LC)|4:34.35|624
32|Gentleman, Alice|17|2000|UVIC|British Columbia|2018-11-03|Odlum Brown Colleges Cup Pacific Hosted by UBC|4:34.98|620
33|McDonald, Abigail|17|2001|GMAC|Ontario|2018-12-08|Dash for Cash|4:35.41|617
34|Schweers, Kyra|17|2000|PCSC|Québec|2018-12-15|Ontario Junior International|4:35.52|616
35|Simms, Abby|17|2001|SJL|Newfoundland|2018-11-25|2018 Mount Pearl Marlins 3rd Annual Sink or Swim Invitiational|4:35.54|616
36|Smart, Natalie|17|2001|MPM|Newfoundland|2018-12-08|Invitation Provinciale AA-AAA Pointe-Claire 2018|4:35.74|615
37|Hage, Dounia|17|2001|CAMO|Québec|2018-12-10|Invitation provinciale AA-AAA Noël + Développement 11-12 ans CAMO|4:35.92|614
38|Dumaine, Kate|17|2000|UOFC|Alberta|2018-10-26|UofC Duel Meet|4:36.54|609
39|Albers, Laura|17|2001|UCSC|Alberta|2019-02-01|UCSC Grand Prix|4:36.90|607
40|Milne, Payton|17|2001|MAC|Ontario|2018-12-08|Gatineau Grand Prix|4:37.24|605
41|Arcand, Alicia|17|2001|NN|Québec|2018-10-20|Invitation de l'automne Neptune (CSPO 25m)|4:37.42|604
42|Pengilly, Georgia|17|2001|KAJ|British Columbia|2018-11-17|2018 KAJ Fall Classic|4:37.82|601
43|Cassivi-Vermette, Maeva|17|2001|ELITE|Québec|2018-12-08|Invitation Provinciale AA-AAA Pointe-Claire 2018|4:38.07|599
44|Beck, Ali|17|2001|CRKW|British Columbia|2018-11-11|ISC 2018 Bennett Cup|4:38.24|598
45|Vigneault-Larocque, Mariel|17|2001|NG|Québec|2018-12-08|Gatineau Grand Prix|4:38.32|598
46|Markey, Hanna|17|2001|ROCS|Ontario|2019-02-01|2019 Eastern Ontario Regional Championships (SC/LC)|4:38.37|597
47|Lane, Amelia|17|2001|HTAC|Nova Scotia|2019-02-16|AA Winter Champs|4:39.13|593
47|Reibel, Jessica|17|2001|ROW|Ontario|2018-12-02|Neptune International (CSPO 25m)|4:39.13|593
49|Macor, Madison|17|2001|MMST|Ontario|2018-11-23|BYST Fall Invitational|4:39.82|588
50|Anderson, Sarah|17|2001|CNBO|New Brunswick|2018-10-20|October First Chance meet 2018|4:39.91|588