RANK|ATHLETES|AGE|YOB|CLUB|PROVINCE|DATE|MEET|TIME|FINA
1|Leibel, Kyla|17|2001|ISC|British Columbia|2018-12-16|Ontario Junior International|54.65|808
2|Kilger, Kennady|17|2001|TSC|Ontario|2018-12-16|Ontario Junior International|55.12|787
3|Dandois-Samson, Raphaëlle|17|2001|CAMO|Québec|2018-12-08|Invitation provinciale AA-AAA Noël + Développement 11-12 ans CAMO|55.26|781
4|Chiarotto, Joanne|17|2001|BORC|Ontario|2018-12-08|Invitation provinciale AA-AAA Noël + Développement 11-12 ans CAMO|55.97|752
5|Knelson, Faith|17|2001|ISC|British Columbia|2018-12-08|16th Annual XMAS Cracker Invitational|56.19|743
6|Lau, Octavia|17|2001|HYACK|British Columbia|2018-12-16|Ontario Junior International|56.52|730
7|Nyhof, Martine|17|2001|SLSC|Ontario|2018-12-16|Ontario Junior International|56.56|729
8|Simms, Abby|17|2001|SJL|Newfoundland|2018-12-16|Ontario Junior International|56.97|713
9|Eisen, Alicia|17|2000|UOFC|Alberta|2018-11-03|Odlum Brown Colleges Cup Pacific Hosted by UBC|56.99|712
10|Gursoy, Janelle|17|2001|SCAR|Ontario|2018-12-16|Ontario Junior International|57.18|705
10|Jeffrey, Chantel|17|2001|ISC|British Columbia|2018-10-20|2018 OCTOBER SENIOR CIRCUIT|57.18|705
12|Albers, Laura|17|2001|UCSC|Alberta|2018-10-28|Cascade Speed Meet|57.54|692
13|Andrusak, Kelsey|17|2001|ISC|British Columbia|2018-11-09|ISC 2018 Bennett Cup|57.61|690
13|Snyder, Cassia|17|2001|GO|Ontario|2018-12-16|Ontario Junior International|57.61|690
15|Lafontaine-Giguère, Florence|17|2001|NN|Québec|2018-11-02|Festival provincial par équipe section 1|57.63|689
16|Mouat, Savanna|17|2001|GO|Ontario|2018-12-16|Ontario Junior International|57.79|683
17|Corson, Sarah|17|2001|UCSC|Alberta|2018-12-16|Ontario Junior International|57.84|681
18|Mage, Lauren|17|2001|CAJ|Ontario|2018-12-16|Ontario Junior International|57.90|679
19|Munro, Sydney|17|2001|TSC|Ontario|2018-12-09|Youth Cup|57.98|676
20|Putrimas, Andrea|17|2001|TSC|Ontario|2018-12-15|Ontario Junior International|58.09|673
21|Hedges, Alexandria|17|2001|CONNU|British Columbia|2018-12-15|JP Fiset Invitational|58.16|670
22|MacDonald, Reagan|17|2001|NKB|Ontario|2018-12-15|Ontario Junior International|58.28|666
23|Switzer, Brooke|17|2001|MAC|Ontario|2018-12-16|Ontario Junior International|58.41|662
23|Kwan, Jasmine|17|2001|CASC|Alberta|2018-12-15|JP Fiset Invitational|58.41|662
25|Rennie, Ella|17|2001|BTSC|Ontario|2019-01-12|2019 Etobicoke A-B Meet|58.52|658
26|McQuaid, Alexa|17|2002|CBAC|Prince-Edward-Island|2019-04-28|9th Annual Fast and Furious|58.60|655
26|Field, Josie|17|2001|LOSC|British Columbia|2018-12-15|Ontario Junior International|58.60|655
28|Moore, Elizabeth|17|2001|RDCSC|Alberta|2018-11-17|KSC SC Invitational 2018|58.70|652
29|Culic, Nadya|17|2001|NYAC|Ontario|2018-12-09|Youth Cup|58.83|648
30|Alejandrino, Kirsten|17|2001|ESWIM|Ontario|2018-11-11|2018 Age Group International SC|58.85|647
31|Carrière, Rosalie|17|2001|CNQ|Québec|2018-11-02|Festival provincial par équipe section 1|58.90|645
32|Brough, Kiera|17|2001|OAK|Ontario|2018-11-11|2018 Age Group International SC|58.99|642
33|McDonald, Abigail|17|2001|GMAC|Ontario|2018-12-08|Dash for Cash|59.09|639
34|Gentleman, Alice|17|2000|UVIC|British Columbia|2018-11-03|Odlum Brown Colleges Cup Pacific Hosted by UBC|59.10|639
35|Meadway, Shannon|17|2001|USC|Ontario|2019-04-28|2019 Ontario Team Challenge|59.17|636
36|Hage, Dounia|17|2001|CAMO|Québec|2018-12-08|Invitation provinciale AA-AAA Noël + Développement 11-12 ans CAMO|59.20|635
37|Pengilly, Georgia|17|2001|KAJ|British Columbia|2018-12-14|26th Annual MJB Law Classic SCM|59.21|635
37|Saarloos, Ageliki|17|2001|MSSAC|Ontario|2018-12-16|Ontario Junior International|59.21|635
39|Haggarty, Sage|17|2001|USC|Ontario|2018-12-09|Youth Cup|59.23|635
40|Kim, Sun Bin|17|2001|CSLA|Québec|2018-12-08|Invitation provinciale des fêtes CSLA|59.28|633
41|Dumont-Belanger, Anna|17|2001|SPART|British Columbia|2018-11-03|Odlum Brown Colleges Cup Pacific Hosted by UBC|59.41|629
42|Grimme, Catherine|17|2001|PSW|British Columbia|2018-12-15|Rapids Fast-Swim Classic|59.43|628
43|Mariano, Jacquelyne|17|2000|WAT|Ontario|2018-11-25|OUA Fairweather Division Championships 2018|59.54|625
44|Tiplady, Zoe|17|2001|WEST|Ontario|2019-02-03|2019 Western Region SC Champs|59.56|624
44|Gray, Marni|17|2001|TSC|Ontario|2018-12-16|Ontario Junior International|59.56|624
46|Milne, Payton|17|2001|MAC|Ontario|2018-12-09|Gatineau Grand Prix|59.62|622
47|Landaverde, Elena|17|2001|CAEM|Québec|2018-12-08|Invitation provinciale AA-AAA Noël + Développement 11-12 ans CAMO|59.64|622
48|Luka, Olivia|17|2001|TSC|Ontario|2018-12-16|Ontario Junior International|59.70|620
49|Mozill, Megan|17|2001|CP|Alberta|2018-12-15|JP Fiset Invitational|59.72|619
50|Walker-DeJong, Shaunna|17|2001|CAJ|Ontario|2018-12-16|Ontario Junior International|59.76|618