RANK|ATHLETES|AGE|YOB|CLUB|PROVINCE|DATE|MEET|TIME|FINA
1|Leibel, Kyla|17|2001|ISC|British Columbia|2018-12-15|Ontario Junior International|26.88|746
2|Arcand, Alicia|17|2001|NN|Québec|2018-12-15|Ontario Junior International|27.75|678
3|Dandois-Samson, Raphaëlle|17|2001|CAMO|Québec|2018-12-15|Ontario Junior International|27.82|673
4|Kilger, Kennady|17|2001|TSC|Ontario|2018-11-02|NYAC Cup|27.90|667
5|Gray, Marni|17|2001|TSC|Ontario|2018-11-02|NYAC Cup|28.18|647
6|Snyder, Cassia|17|2001|GO|Ontario|2018-12-15|Ontario Junior International|28.23|644
6|Lau, Octavia|17|2001|HYACK|British Columbia|2019-01-12|2019 Hyack Icebreaker Classic|28.23|644
8|Anderson, Sarah|17|2001|CNBO|New Brunswick|2019-02-01|NB Open Cup - Coupe NB|28.25|642
9|Albers, Laura|17|2001|UCSC|Alberta|2019-06-21|UCSC Team Champs|28.32|638
10|Nyhof, Martine|17|2001|SLSC|Ontario|2018-11-02|NYAC Cup|28.53|624
11|Lafontaine-Giguère, Florence|17|2001|NN|Québec|2018-11-03|Festival provincial par équipe section 1|28.55|622
11|Hollick, Veronica|17|2001|MSSAC|Ontario|2018-12-15|Ontario Junior International|28.55|622
13|McQuaid, Alexa|17|2002|CBAC|Prince-Edward-Island|2019-04-27|9th Annual Fast and Furious|28.65|616
14|Hedges, Alexandria|17|2001|CONNU|British Columbia|2018-12-16|JP Fiset Invitational|28.66|615
15|Chiarotto, Joanne|17|2001|BORC|Ontario|2018-11-11|2018 Age Group International SC|28.71|612
16|Gursoy, Janelle|17|2001|SCAR|Ontario|2018-12-15|Ontario Junior International|28.74|610
17|Zahab, Mia|17|2001|NKB|Ontario|2019-02-01|2019 Eastern Ontario Regional Championships (SC/LC)|28.90|600
18|McDonald, Abigail|17|2001|SLSC|Ontario|2018-12-15|Ontario Junior International|29.00|594
19|Miller, Shannon|17|2001|VPSC|British Columbia|2018-12-16|JP Fiset Invitational|29.03|592
20|Hill, Molly|17|2001|KAJ|British Columbia|2018-12-15|26th Annual MJB Law Classic SCM|29.05|591
21|Whitehead, Kayla|17|2001|GO|Ontario|2018-12-15|Ontario Junior International|29.27|577
22|Beaulieu, Gabrielle|17|2001|CNJA|Québec|2018-12-08|Défi Nez-Rouge 2018|29.28|577
23|Sicoli, Demetra|17|2000|UOFC|Alberta|2018-10-26|UofC Duel Meet|29.31|575
24|Moore, Elizabeth|17|2001|RDCSC|Alberta|2018-11-17|KSC SC Invitational 2018|29.34|573
25|Tucker, Logan|17|2001|OTTER|Ontario|2019-02-03|2019 Huronia SC Regional Championships|29.37|571
26|Kennedy, MaKenzy|17|2001|NKB|Ontario|2019-02-01|2019 Eastern Ontario Regional Championships (SC/LC)|29.40|570
27|Corson, Sarah|17|2001|UCSC|Alberta|2019-02-01|UCSC Grand Prix|29.43|568
27|Low, Janine|17|2001|RAPID|British Columbia|2019-03-15|Rapids TT #4|29.43|568
29|Belanger, Victoria|17|2001|UMAN|Manitoba|2018-12-16|ManSask Championships Short Course Open Championships|29.44|567
30|Godin, Juliette|17|2001|CNSH|Québec|2018-11-03|Festival provincial par équipe section 3|29.51|563
31|Walker-DeJong, Shaunna|17|2001|CAJ|Ontario|2018-11-02|NYAC Cup|29.57|560
32|Luka, Olivia|17|2001|TSC|Ontario|2018-12-15|Ontario Junior International|29.62|557
33|Riddoch, Alison|17|2001|CHENA|British Columbia|2018-12-15|Rapids Fast-Swim Classic|29.65|555
34|DeCoteau, Alice|17|2001|ROD|Saskatchewan|2018-11-03|Odlum Brown Colleges Cup Pacific Hosted by UBC|29.67|554
35|Dwyer, Mahalia|17|2001|GHAC|Ontario|2018-12-08|Border City Invitational|29.75|550
36|Roberts, Megan|17|2001|BAD|Ontario|2018-12-15|Ontario Junior International|29.80|547
37|Field, Josie|17|2001|LOSC|British Columbia|2019-06-15|June 2019 Time Trial|29.83|545
38|Weber, Alycia|17|2001|MAVS|Alberta|2018-12-15|Ontario Junior International|29.86|544
39|Barsalou, Mayra|17|2001|NN|Québec|2018-12-08|Invitation Provinciale AA-AAA Pointe-Claire 2018|29.89|542
39|Andrusak, Kelsey|17|2001|ISC|British Columbia|2018-11-11|ISC 2018 Bennett Cup|29.89|542
41|Fish, Samantha|17|2001|LAC|Ontario|2019-02-03|2019 Western Region SC Champs|29.94|539
42|Wheatley, Amy|17|2002|CBAC|Prince-Edward-Island|2019-04-27|9th Annual Fast and Furious|29.95|539
43|Mozill, Megan|17|2001|CP|Alberta|2018-12-16|JP Fiset Invitational|30.00|536
44|Masters, Emily|17|2001|CW|Ontario|2018-12-08|Invitation Provinciale AA-AAA Pointe-Claire 2018|30.05|534
45|Keir, Holly|17|2001|ESWIM|Ontario|2018-11-11|2018 Age Group International SC|30.06|533
46|Mosher, Lauren|17|2000|ISC|British Columbia|2018-10-27|2018 NRST Fall Invitational|30.08|532
47|Horton, Erin|17|2000|WES|Ontario|2018-11-25|OUA Fairweather Division Championships 2018|30.12|530
47|Fortin, Océane|17|2001|CNBB|Québec|2019-01-26|Sag-Lac 2|30.12|530
49|Choboter, Emily|17|2001|ROD|Saskatchewan|2018-12-16|ManSask Championships Short Course Open Championships|30.14|529
50|McDonald, Abigail|17|2001|GMAC|Ontario|2018-12-09|Dash for Cash|30.15|528