RANK|ATHLETES|AGE|YOB|CLUB|PROVINCE|DATE|MEET|TIME|FINA
1|Knelson, Faith|17|2001|ISC|British Columbia|2018-12-08|16th Annual XMAS Cracker Invitational|1:06.40|828
2|Deering, Megan|17|2001|MAVS|Alberta|2018-12-14|Ontario Junior International|1:08.78|745
3|Pavicevic, Katja|17|2001|TSC|Ontario|2018-12-14|Ontario Junior International|1:09.70|716
4|McDonald, Abigail|17|2001|GMAC|Ontario|2018-12-14|Ontario Junior International|1:09.82|712
5|Moore, Elizabeth|17|2001|RDCSC|Alberta|2018-12-14|JP Fiset Invitational|1:10.04|705
6|chui, Kimberly|17|2001|APEX|Ontario|2018-12-14|Ontario Junior International|1:11.25|670
7|Maradyn, Ellie|17|2001|CASC|Alberta|2018-12-14|Ontario Junior International|1:11.37|667
8|Whitehead, Kayla|17|2001|GO|Ontario|2018-12-14|Ontario Junior International|1:11.87|653
9|Saarloos, Ageliki|17|2001|MSSAC|Ontario|2018-12-14|Ontario Junior International|1:11.96|650
10|Macor, Madison|17|2001|MMST|Ontario|2018-12-14|Ontario Junior International|1:11.98|650
11|Kim, Sun Bin|17|2001|CSLA|Québec|2018-12-09|Invitation provinciale des fêtes CSLA|1:12.63|632
12|Merckx, Axana|17|2001|KAJ|British Columbia|2018-11-18|2018 KAJ Fall Classic|1:12.65|632
13|Bui, Morgan|17|2001|NKB|Ontario|2019-02-02|2019 Eastern Ontario Regional Championships (SC/LC)|1:12.87|626
14|Brough, Kiera|17|2001|OAK|Ontario|2018-12-09|Youth Cup|1:13.08|621
15|Goodman, Audrey|17|2000|UT|Ontario|2018-11-17|Quad meet|1:13.22|617
16|Rennie, Ella|17|2001|BTSC|Ontario|2018-12-14|Ontario Junior International|1:13.36|614
16|Howell, Abby|17|2001|BTSC|Ontario|2018-12-01|2018 Barrie Trojan Cup|1:13.36|614
18|MacDonald, Victoria|17|2000|DAL|Nova Scotia|2018-11-17|Kemp-Fry AUS Invitational|1:13.54|609
19|Landry, Marie-Jeanne|17|2001|CAMO|Québec|2018-11-03|Festival provincial par équipe section 1|1:13.56|609
20|Keir, Holly|17|2001|ESWIM|Ontario|2018-11-09|2018 Age Group International SC|1:13.63|607
21|Albers, Laura|17|2001|UCSC|Alberta|2018-10-26|Cascade Speed Meet|1:14.11|595
22|Montes, Sarah|17|2001|BTSC|Ontario|2018-11-03|2018 Barrie Aquafest|1:14.25|592
23|Heckman, Margaret|17|2001|WAAC|Ontario|2018-12-08|Border City Invitational|1:14.36|589
24|Lavoie, Veronique|17|2002|LMRL|Québec|2019-04-27|3è Régionale de l'est-du-Québec|1:14.37|589
25|Meagher, Breanna|17|2001|NYAC|Ontario|2018-11-04|NYAC Cup|1:14.38|589
26|Alejandrino, Kirsten|17|2001|ESWIM|Ontario|2018-12-14|Ontario Junior International|1:14.49|586
27|Cormier, Charlotte|17|2001|MEGO|Québec|2018-12-09|Invitation Provinciale AA-AAA Pointe-Claire 2018|1:14.61|583
28|Lutsch, Kendra|17|2001|BTSC|Ontario|2019-02-02|2019 Huronia SC Regional Championships|1:14.78|579
29|Pauletto, Hailey|17|2001|PCSC|Québec|2018-12-09|Invitation Provinciale AA-AAA Pointe-Claire 2018|1:15.10|572
30|Holden, Holly|17|2001|LAC|Ontario|2018-12-15|Team Showdown 2018|1:15.11|572
31|Humphreys, Aileen|17|2001|NRST|British Columbia|2018-12-08|16th Annual XMAS Cracker Invitational|1:15.20|570
32|McQuaid, Alexa|17|2002|CBAC|Prince-Edward-Island|2019-04-27|9th Annual Fast and Furious|1:15.27|568
33|Brunoro, Sophia|17|2001|CHENA|British Columbia|2018-12-15|Rapids Fast-Swim Classic|1:15.61|561
34|Craig, Rebekah|17|2001|NYAC|Ontario|2018-12-09|Youth Cup|1:15.65|560
35|Meadway, Shannon|17|2001|USC|Ontario|2019-04-27|2019 Ontario Team Challenge|1:15.76|557
36|Miron, Emma|17|2001|OAK|Ontario|2018-12-14|Ontario Junior International|1:15.92|554
37|Ho Ping Kong, Sarah|17|2001|GGST|Ontario|2019-02-24|Central Region SC C Champs (Winter)|1:16.05|551
38|Legault, Eve|17|2001|TORP|Québec|2018-11-03|Festival provincial par équipe section 3|1:16.11|550
39|Cook, Julia|17|2001|NYAC|Ontario|2018-12-09|Youth Cup|1:16.17|548
40|Sidor, Megan|17|2001|DUCKS|Ontario|2019-04-27|2019 Ontario Team Challenge|1:16.33|545
41|Moss, Talia|17|2001|TSC|Ontario|2018-12-08|Border City Invitational|1:16.34|545
42|Dandois-Samson, Raphaëlle|17|2001|CAMO|Québec|2018-11-17|Open Sprint SAMAK 2018|1:16.41|543
43|Andrusak, Kelsey|17|2001|ISC|British Columbia|2019-01-25|Vancouver Island Regional SC Championships|1:16.66|538
44|Winokur, Sydney|17|2001|NYAC|Ontario|2018-12-14|Ontario Junior International|1:16.73|536
45|Whelan, Marcella|17|2001|SJL|Newfoundland|2018-11-23|2018 Mount Pearl Marlins 3rd Annual Sink or Swim Invitiational|1:16.93|532
46|Laroche, Emmy|17|2002|CNQ|Québec|2019-06-30|Championnat provincial groupe d'âge AA d'été - section Est|1:17.02|530
47|Franczak, Keara|17|2001|NCSA|Alberta|2019-03-02|Provincials - Short Course|1:17.46|521
48|Hechache, Sara|17|2001|CAEM|Québec|2018-12-08|Invitation provinciale AA-AAA Noël + Développement 11-12 ans CAMO|1:17.49|521
49|Klapuschak, Alexandra|17|2001|MSSAC|Ontario|2018-12-07|Dash for Cash|1:17.52|520
50|Montgomery, Alyssa|17|2002|BROCK|Ontario|2019-02-01|2019 Western Region SC Champs|1:17.62|518