RANK|ATHLETES|AGE|YOB|CLUB|PROVINCE|DATE|MEET|TIME|FINA
1|Knelson, Faith|17|2001|ISC|British Columbia|2018-12-09|16th Annual XMAS Cracker Invitational|2:26.29|778
2|Pavicevic, Katja|17|2001|TSC|Ontario|2018-12-15|Ontario Junior International|2:29.16|734
3|McDonald, Abigail|17|2001|GMAC|Ontario|2018-12-15|Ontario Junior International|2:29.23|733
4|Deering, Megan|17|2001|MAVS|Alberta|2018-12-15|Ontario Junior International|2:29.51|729
5|Moore, Elizabeth|17|2001|RDCSC|Alberta|2018-12-16|JP Fiset Invitational|2:30.05|721
6|Maradyn, Ellie|17|2001|CASC|Alberta|2018-12-15|Ontario Junior International|2:31.68|698
7|Macor, Madison|17|2001|MMST|Ontario|2018-12-15|Ontario Junior International|2:32.75|683
8|Keir, Holly|17|2001|ESWIM|Ontario|2018-12-15|Ontario Junior International|2:33.32|676
9|Kim, Sun Bin|17|2001|CSLA|Québec|2018-11-11|Festival provincial par équipe section 2|2:35.29|650
10|Howell, Abby|17|2001|BTSC|Ontario|2018-12-15|Ontario Junior International|2:35.78|644
11|Rennie, Ella|17|2001|BTSC|Ontario|2018-12-15|Ontario Junior International|2:35.93|642
12|Merckx, Axana|17|2001|KAJ|British Columbia|2018-10-20|2018 OCTOBER SENIOR CIRCUIT|2:36.50|635
13|Brough, Kiera|17|2001|OAK|Ontario|2018-12-15|Ontario Junior International|2:37.14|628
14|Pauletto, Hailey|17|2001|PCSC|Québec|2018-12-08|Invitation Provinciale AA-AAA Pointe-Claire 2018|2:37.51|623
15|Lutsch, Kendra|17|2001|BTSC|Ontario|2018-12-02|2018 Barrie Trojan Cup|2:37.65|621
16|Montes, Sarah|17|2001|BTSC|Ontario|2018-11-04|2018 Barrie Aquafest|2:37.79|620
17|Goodman, Audrey|17|2000|UT|Ontario|2018-11-25|OUA Fairweather Division Championships 2018|2:38.36|613
18|Cook, Julia|17|2001|NYAC|Ontario|2018-12-08|Youth Cup|2:38.74|609
19|Meagher, Breanna|17|2001|NYAC|Ontario|2018-11-02|NYAC Cup|2:39.61|599
20|MacDonald, Victoria|17|2000|DAL|Nova Scotia|2018-11-18|Kemp-Fry AUS Invitational|2:39.76|597
21|Winokur, Sydney|17|2001|NYAC|Ontario|2018-12-08|Youth Cup|2:40.08|594
22|Bui, Morgan|17|2001|NKB|Ontario|2018-12-15|Ontario Junior International|2:40.11|593
23|Humphreys, Aileen|17|2001|NRST|British Columbia|2018-12-09|16th Annual XMAS Cracker Invitational|2:40.70|587
24|Craig, Rebekah|17|2001|NYAC|Ontario|2018-12-08|Youth Cup|2:41.08|583
25|Alejandrino, Kirsten|17|2001|ESWIM|Ontario|2018-12-21|2018 Trillium Cup|2:41.15|582
26|Schweers, Kyra|17|2000|PCSC|Québec|2018-12-08|Invitation Provinciale AA-AAA Pointe-Claire 2018|2:41.42|579
27|Liu, Linda|17|2001|HYACK|British Columbia|2018-12-15|Ontario Junior International|2:41.53|578
28|Mitchell, Emma|17|2001|KSC|Alberta|2018-10-27|Cascade Speed Meet|2:41.56|577
29|Klapuschak, Alexandra|17|2001|MSSAC|Ontario|2018-11-30|Neptune International (CSPO 25m)|2:41.91|574
30|Heckman, Margaret|17|2001|WAAC|Ontario|2019-02-02|2019 Western Region SC Champs|2:42.43|568
31|Moss, Talia|17|2001|TSC|Ontario|2018-12-09|Border City Invitational|2:42.65|566
32|Saarloos, Ageliki|17|2001|MSSAC|Ontario|2018-11-02|NYAC Cup|2:42.72|565
33|chui, Kimberly|17|2001|APEX|Ontario|2018-12-08|Youth Cup|2:43.27|559
34|Cormier, Charlotte|17|2001|MEGO|Québec|2018-11-11|Festival provincial par équipe section 2|2:43.51|557
35|Collier, Kylie|17|2001|COBRA|Ontario|2018-12-08|Youth Cup|2:43.54|557
36|Goyette, Tatyanna|17|2000|UDEM|Québec|2018-10-12|Coupe universitaire #1|2:43.57|556
37|Legault, Eve|17|2001|TORP|Québec|2018-11-04|Festival provincial par équipe section 3|2:44.59|546
38|Whelan, Marcella|17|2001|SJL|Newfoundland|2018-12-08|Invitation Provinciale AA-AAA Pointe-Claire 2018|2:44.60|546
39|Holden, Holly|17|2001|LAC|Ontario|2018-12-16|Team Showdown 2018|2:44.82|544
40|Grant, Grace|17|2001|OTTER|Ontario|2018-12-08|Youth Cup|2:44.88|543
41|Barsalou, Mayra|17|2001|NN|Québec|2018-12-08|Invitation Provinciale AA-AAA Pointe-Claire 2018|2:45.64|536
42|Miron, Emma|17|2001|OAK|Ontario|2018-11-11|2018 Age Group International SC|2:45.94|533
43|Wolff, Chelanne|17|2001|KSC|Alberta|2018-12-16|JP Fiset Invitational|2:45.99|532
44|Tom, Megan|17|2001|SLSC|Ontario|2019-02-02|Dave Kensit Memorial SC Championship|2:46.06|532
45|Whitehead, Kayla|17|2001|GO|Ontario|2018-12-15|Ontario Junior International|2:46.17|531
46|Milne, Payton|17|2001|MAC|Ontario|2018-11-02|NYAC Cup|2:46.26|530
46|Albers, Laura|17|2001|UCSC|Alberta|2018-11-24|UCSC TT|2:46.26|530
48|Franczak, Keara|17|2001|NCSA|Alberta|2019-03-03|Provincials - Short Course|2:46.81|525
49|Shortt, Alexandra|17|2001|VKSC|British Columbia|2018-12-15|26th Annual MJB Law Classic SCM|2:46.92|523
50|Cyr, Emily|17|2001|CASC|Alberta|2018-12-16|JP Fiset Invitational|2:46.98|523