RANK|ATHLETES|AGE|YOB|CLUB|PROVINCE|DATE|MEET|TIME|FINA
1|Leibel, Kyla|17|2001|ISC|British Columbia|2018-12-14|Ontario Junior International|1:56.43|861
2|Kilger, Kennady|17|2001|TSC|Ontario|2018-12-14|Ontario Junior International|1:58.21|823
3|Jeffrey, Chantel|17|2001|ISC|British Columbia|2018-12-14|Ontario Junior International|1:59.51|796
4|Lau, Octavia|17|2001|HYACK|British Columbia|2018-12-14|Ontario Junior International|2:00.56|775
5|Chiarotto, Joanne|17|2001|BORC|Ontario|2018-12-07|Invitation provinciale AA-AAA Noël + Développement 11-12 ans CAMO|2:00.62|774
6|Switzer, Brooke|17|2001|MAC|Ontario|2018-12-14|Ontario Junior International|2:02.50|739
7|Andrusak, Kelsey|17|2001|ISC|British Columbia|2019-01-26|Vancouver Island Regional SC Championships|2:02.80|734
8|Gursoy, Janelle|17|2001|SCAR|Ontario|2018-12-14|Ontario Junior International|2:02.86|733
9|Corson, Sarah|17|2001|UCSC|Alberta|2018-12-14|Ontario Junior International|2:03.21|726
10|Nyhof, Martine|17|2001|SLSC|Ontario|2018-12-14|Ontario Junior International|2:03.40|723
11|Dandois-Samson, Raphaëlle|17|2001|CAMO|Québec|2018-12-07|Invitation provinciale AA-AAA Noël + Développement 11-12 ans CAMO|2:03.90|714
12|Eisen, Alicia|17|2000|UOFC|Alberta|2018-11-24|Canada West Championships 2018|2:04.12|710
13|Field, Josie|17|2001|LOSC|British Columbia|2018-12-14|Ontario Junior International|2:04.14|710
14|Mouat, Savanna|17|2001|GO|Ontario|2018-12-14|Ontario Junior International|2:04.28|708
15|Dumont-Belanger, Anna|17|2001|SPART|British Columbia|2018-12-14|Ontario Junior International|2:04.57|703
16|Simms, Abby|17|2001|SJL|Newfoundland|2018-12-14|Ontario Junior International|2:04.58|703
17|Mitchell, Emma|17|2001|KSC|Alberta|2018-12-14|JP Fiset Invitational|2:04.59|702
18|Bennett, Hannah|17|2002|UCSC|Alberta|2019-07-13|UCSC Western Finale|2:04.71|700
19|Maradyn, Ellie|17|2001|CASC|Alberta|2018-12-14|Ontario Junior International|2:04.87|698
20|MacDonald, Reagan|17|2001|NKB|Ontario|2018-12-14|Ontario Junior International|2:04.90|697
21|Mage, Lauren|17|2001|CAJ|Ontario|2018-11-04|NYAC Cup|2:04.94|697
22|Putrimas, Andrea|17|2001|TSC|Ontario|2018-11-04|NYAC Cup|2:05.22|692
23|Ross, Kyla|17|2001|ISC|British Columbia|2019-01-26|Vancouver Island Regional SC Championships|2:05.35|690
24|Merckx, Axana|17|2001|KAJ|British Columbia|2018-12-14|Ontario Junior International|2:05.75|683
25|Brunoro, Sophia|17|2001|CHENA|British Columbia|2018-11-10|2018 Brad Reid Memorial Invitational|2:06.04|678
26|Hage, Dounia|17|2001|CAMO|Québec|2018-12-07|Invitation provinciale AA-AAA Noël + Développement 11-12 ans CAMO|2:06.09|678
27|Munro, Sydney|17|2001|TSC|Ontario|2018-12-07|Youth Cup|2:06.55|670
28|Rennie, Ella|17|2001|BTSC|Ontario|2019-02-02|2019 Huronia SC Regional Championships|2:06.84|666
29|Snyder, Cassia|17|2001|GO|Ontario|2018-12-14|Ontario Junior International|2:06.95|664
30|Free, Ava|17|2001|CASC|Alberta|2018-10-27|Rocky Mountain Cup|2:07.31|658
31|Anderson, Sarah|17|2001|CNBO|New Brunswick|2018-12-15|9th Annual Elf Extravaganza|2:07.79|651
32|Grimme, Catherine|17|2001|PSW|British Columbia|2018-12-16|Rapids Fast-Swim Classic|2:07.80|651
32|Alejandrino, Kirsten|17|2001|ESWIM|Ontario|2018-11-09|2018 Age Group International SC|2:07.80|651
34|Lafontaine-Giguère, Florence|17|2001|NN|Québec|2018-11-03|Festival provincial par équipe section 1|2:07.90|649
35|Tucker, Logan|17|2001|OTTER|Ontario|2019-02-02|2019 Huronia SC Regional Championships|2:08.17|645
36|Gentleman, Alice|17|2000|UVIC|British Columbia|2018-11-24|Canada West Championships 2018|2:08.30|643
37|Fenton, Chilyn|17|2001|CATS|Ontario|2019-02-02|2019 Huronia SC Regional Championships|2:08.58|639
38|Kwan, Jasmine|17|2001|CASC|Alberta|2018-12-14|JP Fiset Invitational|2:08.84|635
38|Kim, Sun Bin|17|2001|CSLA|Québec|2018-12-09|Invitation provinciale des fêtes CSLA|2:08.84|635
40|Pavicevic, Katja|17|2001|TSC|Ontario|2018-11-04|NYAC Cup|2:08.98|633
41|Carrière, Rosalie|17|2001|CNQ|Québec|2018-11-03|Festival provincial par équipe section 1|2:09.13|631
42|Arcand, Alicia|17|2001|NN|Québec|2018-10-21|Invitation de l'automne Neptune (CSPO 25m)|2:09.19|630
43|Milne, Payton|17|2001|MAC|Ontario|2018-12-07|Gatineau Grand Prix|2:09.73|622
44|Haggarty, Sage|17|2001|USC|Ontario|2018-12-07|Youth Cup|2:09.75|622
45|Fish, Samantha|17|2001|LAC|Ontario|2018-12-15|Team Showdown 2018|2:09.83|621
46|Liu, Linda|17|2001|HYACK|British Columbia|2018-11-10|2018 Brad Reid Memorial Invitational|2:10.07|617
47|Tom, Megan|17|2001|SLSC|Ontario|2018-12-07|Youth Cup|2:10.17|616
48|Pengilly, Georgia|17|2001|KAJ|British Columbia|2018-11-18|2018 KAJ Fall Classic|2:10.42|612
49|Mozill, Megan|17|2001|CP|Alberta|2018-12-14|JP Fiset Invitational|2:10.45|612
50|Chubaty, Lily|17|2002|KBM|Ontario|2019-02-03|2019 Eastern Ontario Regional Championships (SC/LC)|2:10.48|612