RANK|ATHLETES|AGE|YOB|CLUB|PROVINCE|DATE|MEET|TIME|FINA
1|Somerset, Sebastian|17|2001|CASC|Alberta|2018-12-14|Ontario Junior International|24.93|708
2|Saarloos, Artemios|17|2001|MSSAC|Ontario|2018-12-14|Ontario Junior International|25.46|664
3|Hickey, David|17|2001|LAC|Ontario|2019-02-01|2019 Western Region SC Champs|25.65|650
4|Castillo, Sebastian|17|2001|UCSC|Alberta|2018-12-14|Ontario Junior International|25.96|627
5|Rambo, Jacob|17|2002|UVPCS|British Columbia|2019-08-03|Mid-Summer Madness|26.07|619
6|Bracho, Canek|17|2001|CW|Ontario|2018-12-09|Invitation Provinciale AA-AAA Pointe-Claire 2018|26.20|609
7|Smith, Everett|17|2001|UT|Ontario|2018-11-17|Quad meet|26.35|599
8|Wall, Tyler|17|2001|KISU|British Columbia|2018-10-14|KISU Triple Pentathlon 2018|26.42|594
9|Bourassa, Samuel|17|2001|NN|Québec|2018-12-14|Ontario Junior International|26.46|592
10|Crawford, Matthew|17|2001|RAPID|British Columbia|2018-11-03|Odlum Brown Colleges Cup Pacific Hosted by UBC|26.56|585
11|Fauteux, Nicholas|17|2001|MSSAC|Ontario|2018-12-02|Neptune International (CSPO 25m)|26.60|582
12|McKervill, Padric|17|2000|UVIC|British Columbia|2018-11-04|Odlum Brown Colleges Cup Pacific Hosted by UBC|26.69|577
13|Côté-Forest, Ismael|17|2001|CNQ|Québec|2019-05-05|Invitation du Printemps|26.74|573
14|LABRIE, Alex|17|2001|RIKI|Québec|2018-11-09|Festival provincial par équipe section 2|26.82|568
15|Brough, Mitchell|17|2001|ROD|Saskatchewan|2018-12-16|ManSask Championships Short Course Open Championships|26.85|566
16|Smyth, Conor|17|2001|AAC|Ontario|2018-12-14|Ontario Junior International|26.87|565
16|Pfeifer, Scott|17|2001|SKSC|British Columbia|2019-01-26|SKSC Winter Fest|26.87|565
18|Wittmann, Matthew|17|2001|RHAC|Ontario|2018-11-09|2018 Age Group International SC|26.96|559
18|Hilkewich, Nicholas|17|2001|WVOSC|British Columbia|2018-12-16|ManSask Championships Short Course Open Championships|26.96|559
20|Boyd, Thomas|17|2001|SLSC|Ontario|2018-12-14|Ontario Junior International|27.01|556
21|Ketelaars, Kail|17|2001|EKSC|Alberta|2018-12-14|JP Fiset Invitational|27.02|556
22|Tejada, Gabriel|17|2001|OTTSC|Ontario|2018-12-14|Ontario Junior International|27.37|535
22|Kholodovski, Kfir|17|2001|UMAN|Manitoba|2018-12-16|ManSask Championships Short Course Open Championships|27.37|535
24|Holt, Benjamin|17|2001|HHBF|Ontario|2018-12-01|2018 Union Cup|27.45|530
25|Maxwell, Cameron|17|2001|OTTER|Ontario|2018-12-14|Ontario Junior International|27.46|529
26|Wang, Charles|17|2001|UCSC|Alberta|2018-12-15|JP Fiset Invitational|27.47|529
27|brooks, noah|17|2001|BBST|Ontario|2018-11-24|BYST Fall Invitational|27.57|523
28|Przyswitt, Kier|17|2001|EKSC|Alberta|2018-10-28|Rocky Mountain Cup|27.58|522
29|Kennedy, Nicholas|17|2002|UCSC|Alberta|2019-06-21|UCSC Team Champs|27.60|521
30|Steele, James|17|2000|GMAC|Ontario|2018-11-04|NYAC Cup|27.64|519
31|MacDonald, Matthew|17|2001|KAJ|British Columbia|2018-12-16|26th Annual MJB Law Classic SCM|27.70|516
32|Somov, Alex|17|2000|SLSC|Ontario|2018-11-09|2018 Age Group International SC|27.76|512
33|Toyata, Marc|17|2001|KAJ|British Columbia|2018-12-16|26th Annual MJB Law Classic SCM|27.83|508
33|Levytskyy, Maksym|17|2000|WAT|Ontario|2018-11-24|OUA Fairweather Division Championships 2018|27.83|508
33|Lacroix, Brandon|17|2001|NG|Québec|2018-10-20|Pentathlon octobre 2018|27.83|508
36|Basler, Elijah|17|2001|EKSC|Alberta|2018-12-14|JP Fiset Invitational|27.85|507
36|Wang, Colin|17|2001|MSSAC|Ontario|2018-11-09|2018 Age Group International SC|27.85|507
38|Brake, Noah|17|2001|FAST|New Brunswick|2018-12-02|Neptune International (CSPO 25m)|27.93|503
39|Pedneault, Joel|17|2001|RL|Québec|2018-12-09|Défi Nez-Rouge 2018|27.99|500
40|Gagne, Collyn|17|2000|SFU|British Columbia|2018-10-20|2018 OCTOBER SENIOR CIRCUIT|28.02|498
41|Tudosa, Dragos|17|2001|HYACK|British Columbia|2018-12-16|Rapids Fast-Swim Classic|28.04|497
42|Wang, Byron|17|2001|SKSC|British Columbia|2019-01-26|SKSC Winter Fest|28.05|497
43|Wagner, Noah|17|2001|ROD|Saskatchewan|2018-11-11|NCSA Fall Invitational 2018|28.06|496
44|Dauvergne, Hugh|17|2001|VPSC|British Columbia|2018-12-15|JP Fiset Invitational|28.07|496
45|Boucher, Charles-Antoine|17|2002|GAMIN|Québec|2019-06-08|BBQ groupe d'âge 2019|28.11|493
46|Blair, Sterlyng|17|2001|EKSC|Alberta|2018-10-13|Oktoberfest|28.13|492
46|Placek, Ethan|17|2001|WS|Ontario|2019-01-19|Winter Invitational|28.13|492
48|Roberge, Charles|17|2002|LMRL|Québec|2019-04-27|3è Régionale de l'est-du-Québec|28.18|490
49|Hao, Brian|17|2001|SKSC|British Columbia|2019-07-27|SKSC Summer Fest|28.19|489
50|Czoma, Zsombor|17|2001|GO|Ontario|2018-12-09|Gatineau Grand Prix|28.25|486