RANK|ATHLETES|AGE|YOB|CLUB|PROVINCE|DATE|MEET|TIME|FINA
1|Lacroix, Brandon|17|2001|NG|Québec|2018-12-14|Ontario Junior International|1:50.09|735
2|Hussey, Patrick|17|2001|PCSC|Québec|2018-12-14|Ontario Junior International|1:50.43|728
3|Bertrand, Louis|17|2001|GO|Ontario|2018-12-14|Ontario Junior International|1:50.68|723
4|Huang, Owen|17|2001|TSC|Ontario|2018-11-04|NYAC Cup|1:50.77|721
5|Przyswitt, Kier|17|2001|EKSC|Alberta|2018-12-14|JP Fiset Invitational|1:51.34|710
6|Yang, Ray|17|2001|ESWIM|Ontario|2018-11-09|2018 Age Group International SC|1:52.25|693
7|Hull, Aidan|17|2001|TSC|Ontario|2018-12-14|Ontario Junior International|1:52.40|690
8|Boyd, Thomas|17|2001|SLSC|Ontario|2018-12-14|Ontario Junior International|1:52.48|689
9|Placek, Ethan|17|2001|WS|Ontario|2018-12-14|Ontario Junior International|1:52.62|686
10|McRae, Ryley|17|2000|TRUW|British Columbia|2018-12-16|26th Annual MJB Law Classic SCM|1:52.74|684
11|Versluys, Nathan|17|2001|EKSC|Alberta|2018-12-14|JP Fiset Invitational|1:52.97|680
12|Smith, Everett|17|2001|UT|Ontario|2019-02-08|2019 Ontario University Championships|1:53.63|668
12|Dommann, Raben|17|2001|CHENA|British Columbia|2018-11-04|Odlum Brown Colleges Cup Pacific Hosted by UBC|1:53.63|668
14|Rodgers, Lucas|17|2001|NKB|Ontario|2018-12-14|Ontario Junior International|1:53.84|665
15|Loewen, Riley|17|2001|ESWIM|Ontario|2018-12-14|Ontario Junior International|1:54.12|660
16|Baker, Reilly|17|2001|NYAC|Ontario|2018-12-14|Ontario Junior International|1:54.26|657
17|Singh, Sehajvir|17|2001|HYACK|British Columbia|2018-12-14|Ontario Junior International|1:54.40|655
18|Pimentel, Xavier|17|2001|NG|Québec|2018-12-14|Ontario Junior International|1:54.49|653
19|Hickey, David|17|2001|LAC|Ontario|2019-02-01|2019 Western Region SC Champs|1:54.82|648
20|Maksoud, Youssef|17|2000|CASC|Alberta|2018-11-18|KSC SC Invitational 2018|1:54.87|647
21|Arden, Raine|17|2000|UOFL|Alberta|2018-11-04|Odlum Brown Colleges Cup Pacific Hosted by UBC|1:54.89|647
22|Migneault, Justice|17|2002|SKSC|British Columbia|2019-06-08|Knights June Jamboree 2019|1:55.05|644
23|Antifaoff, Micheal|17|2000|UOFA|Alberta|2018-11-04|Odlum Brown Colleges Cup Pacific Hosted by UBC|1:55.10|643
24|Dimitrov, Martin|17|2000|UBCT|British Columbia|2018-11-04|Odlum Brown Colleges Cup Pacific Hosted by UBC|1:55.17|642
25|Zhang, Eric|17|2001|RHAC|Ontario|2018-12-14|Ontario Junior International|1:55.22|641
26|Brough, Mitchell|17|2001|ROD|Saskatchewan|2019-01-19|Winter Invitational|1:55.49|636
27|Steele, James|17|2000|GMAC|Ontario|2018-11-04|NYAC Cup|1:55.59|635
28|Johnsen, Cameron|17|2001|TBT|Ontario|2018-12-07|Youth Cup|1:55.87|630
29|Brajuka, Matthew|17|2001|ESWIM|Ontario|2018-12-22|2018 Trillium Cup|1:55.91|630
30|Wang, Charles|17|2001|UCSC|Alberta|2019-07-13|UCSC Western Finale|1:55.97|629
31|Wagner, Noah|17|2001|ROD|Saskatchewan|2019-01-19|Winter Invitational|1:56.01|628
32|Iapicco, Aidan|17|2001|BROCK|Ontario|2018-12-15|Team Showdown 2018|1:56.11|626
33|Lanouette, Christophe|17|2001|NG|Québec|2018-12-14|Ontario Junior International|1:56.12|626
34|Tucker, Finn|17|2001|OTTSC|Ontario|2018-12-14|Ontario Junior International|1:56.16|626
35|Czoma, Zsombor|17|2001|GO|Ontario|2018-12-07|Gatineau Grand Prix|1:56.29|623
36|McKervill, Padric|17|2000|UVIC|British Columbia|2018-11-10|ISC 2018 Bennett Cup|1:56.39|622
37|Tucker, Declan|17|2001|OTTSC|Ontario|2018-11-04|NYAC Cup|1:56.42|621
38|Riess, Casey|17|2001|EKSC|Alberta|2018-12-14|JP Fiset Invitational|1:56.49|620
39|Lim, Dmitriy|17|2000|UBCT|British Columbia|2018-10-20|2018 OCTOBER SENIOR CIRCUIT|1:56.60|618
40|McLeod, Lorne|17|2001|PCSC|Québec|2018-12-14|Ontario Junior International|1:56.68|617
40|Meuleman, Matthew|17|2000|RAPID|British Columbia|2018-10-13|PSW Fall Invitational|1:56.68|617
42|brooks, noah|17|2001|BBST|Ontario|2018-12-14|Ontario Junior International|1:56.78|616
43|Antonen, Eric|17|2001|TSC|Ontario|2018-12-14|Ontario Junior International|1:56.87|614
44|Roy, Liam|17|2001|PCSC|Québec|2018-12-14|Ontario Junior International|1:56.90|614
45|Zheng, Allen|17|2001|GSH|Ontario|2018-12-14|Ontario Junior International|1:57.02|612
46|Olson, Carter|17|2001|HAC|Ontario|2019-01-27|Joanne Malar|1:57.12|610
47|Chan, Ethan|17|2001|RAPID|British Columbia|2018-11-10|ISC 2018 Bennett Cup|1:57.20|609
48|Cheung, Martin|17|2001|WEST|Ontario|2018-12-15|Team Showdown 2018|1:57.21|609
49|Hébert, Félix|17|2002|CNQ|Québec|2019-06-28|Championnat provincial groupe d'âge AA d'été - section Est|1:57.31|607
50|Beyak, Sam|17|2001|ISC|British Columbia|2018-12-07|Invitation Provinciale AA-AAA Pointe-Claire 2018|1:57.32|607