RANK|AGES|CLUB|TEAM|PROVINCE|DATE|MEET|TIME|FINA
1|17 - 17|University Of Calgary Swim Club|UCSC A|Alberta|2018-10-26|Cascade Speed Meet|1:25.65|1180
2|17 - 17|Edmonton Keyano Swim Club|EKSC A|Alberta|2018-12-15|JP Fiset Invitational|1:46.17|619
3|17 - 17|St. James Seals|TOBA A|Manitoba|2018-12-16|ManSask Championships Short Course Open Championships|1:46.56|612
4|17 - 17|Windsor-Essex Swim Team|WEST A|Ontario|2018-12-16|Team Showdown 2018|1:48.38|582
5|17 - 17|Cascade Swim Club|CASC A|Alberta|2018-10-28|Rocky Mountain Cup|1:50.79|545
6|17 - 17|Natation Gatineau|NG A|Québec|2018-11-02|Festival provincial par équipe section 1|1:52.23|524
7|17 - 17|Richmond Rapids Swim Club|RAPIDA|British Columbia|2018-11-11|ISC 2018 Bennett Cup|1:54.38|495
8|17 - 17|Orangeville Otters Swim Club|OOSC A|Ontario|2019-02-03|2019 Huronia SC Regional Championships|1:54.57|493
9|17 - 17|University Of Waterloo|WAT A|Ontario|2018-10-31|Battle of Waterloo|1:55.34|483
10|17 - 17|West Vancouver Otters|WVOSCA|British Columbia|2018-10-13|SFU-SFA LMR Swim Meet|1:55.43|482
11|17 - 17|Edmonton Keyano Swim Club|EKSC B|Alberta|2018-10-26|Cascade Speed Meet|1:57.04|462
12|17 - 17|Prince Rupert Amateur Swim Club|PRASCA|British Columbia|2019-05-12|Northwest Regional Championship|1:58.08|450
13|17 - 17|St. James Seals|SEALSA|Manitoba|2018-12-01|Last Chance for Man/Sask|1:58.18|449
14|17 - 17|Charlottetown Bluephins Aquatic Club|CBAC A|Prince-Edward-Island|2019-01-12|Garden of the Gulf|1:58.21|448
15|17 - 17|Orillia Channel Cats|CATS A|Ontario|2019-02-03|2019 Huronia SC Regional Championships|2:00.87|419
16|17 - 17|Kelowna Aquajets|KAJ D|British Columbia|2018-11-18|2018 KAJ Fall Classic|2:04.27|386
17|17 - 17|Vancouver Pacific Swim Club|VPSC A|British Columbia|2018-11-11|ISC 2018 Bennett Cup|2:04.35|385
18|17 - 17|Collingwood Clippers Swim Club|CCSC B|Ontario|2019-02-03|2019 Huronia SC Regional Championships|2:07.31|359
19|17 - 17|Charlottetown Bluephins Aquatic Club|CBAC C|Prince-Edward-Island|2019-01-12|Garden of the Gulf|2:11.45|326
20|17 - 17|Cégep de Trois-Rivières|UCTR A|Québec|2018-10-20|Coll. Jonquière #1 - Nord-Est|2:11.79|323
21|17 - 17|Halifax Trojan Aquatic Club|HTAC A|Nova Scotia|2019-02-17|AA Winter Champs|2:13.58|311
22|17 - 17|Cégep Marie-Victorin|UCMV A|Québec|2018-10-12|Comp. Collégiale - Sud-Ouest - John-Abbott #3|2:15.46|298
23|17 - 17|Prince Rupert Amateur Swim Club|PRASCB|British Columbia|2019-01-27|Rio Tinto Northern Lights|2:15.82|295
24|17 - 17|Ernestown Barracuda Swim Club|EBSC A|Ontario|2018-11-04|EBSC Fall Invitational Swim Meet|2:15.83|295
25|17 - 17|Terrace Blueback Swim Club|TBSC A|British Columbia|2019-01-27|Rio Tinto Northern Lights|2:26.04|238
26|17 - 17|Prince Rupert Amateur Swim Club|PRASCC|British Columbia|2019-06-02|Northwest Spring Invitational|2:30.18|218