RANK|ATHLETES|AGE|YOB|CLUB|PROVINCE|DATE|MEET|TIME|FINA
1|Knox, Finlay|17|2001|MAVS|Alberta|2018-12-14|Ontario Junior International|59.92|799
2|Huang, Owen|17|2001|TSC|Ontario|2018-12-14|Ontario Junior International|1:01.43|741
3|Bulban, Nicholas|17|2001|RHAC|Ontario|2018-12-14|Ontario Junior International|1:02.54|703
4|Nyhof, Barstow|17|2001|COBRA|Ontario|2018-12-14|Ontario Junior International|1:03.55|670
5|Côté-Forest, Ismael|17|2001|CNQ|Québec|2018-12-08|Défi Nez-Rouge 2018|1:03.76|663
6|Chiandussi, Luca|17|2001|WEST|Ontario|2019-01-20|Seal Meet #4 2019|1:03.94|657
7|Migneault, Justice|17|2002|SKSC|British Columbia|2019-06-08|Knights June Jamboree 2019|1:04.02|655
8|Teasdale, Cameron|17|2001|MS|Ontario|2018-12-14|Ontario Junior International|1:04.19|650
9|Hemeon, Brayden|17|2001|GOLD|Saskatchewan|2018-12-16|ManSask Championships Short Course Open Championships|1:04.27|647
10|Boyd, Thomas|17|2001|SLSC|Ontario|2018-12-14|Ontario Junior International|1:04.42|643
11|Chua, Zachary|17|2001|RHAC|Ontario|2018-12-14|Ontario Junior International|1:04.75|633
12|Hussey, Patrick|17|2001|PCSC|Québec|2018-12-09|Invitation Provinciale AA-AAA Pointe-Claire 2018|1:04.80|632
13|Tucker, Declan|17|2001|OTTSC|Ontario|2018-12-14|Ontario Junior International|1:04.97|627
14|Johnsen, Cameron|17|2001|TBT|Ontario|2018-12-09|Youth Cup|1:05.08|623
15|Godden, Zachary|17|2001|PCSC|Québec|2018-12-09|Invitation Provinciale AA-AAA Pointe-Claire 2018|1:05.21|620
16|Louis-Seize, Samuel|17|2001|ELITE|Québec|2018-11-03|Festival provincial par équipe section 1|1:05.25|619
17|Boily, Nicolas|17|2000|CNQ|Québec|2018-11-03|Festival provincial par équipe section 1|1:05.40|614
18|Steele, James|17|2000|GMAC|Ontario|2018-12-07|Dash for Cash|1:05.53|611
19|Machell, Nicolas|17|2001|DUCKS|Ontario|2018-12-14|Ontario Junior International|1:05.66|607
20|Iapicco, Aidan|17|2001|BROCK|Ontario|2018-11-25|LAC - Nothers Fall Invitational|1:05.71|606
21|Versluys, Nathan|17|2001|EKSC|Alberta|2018-10-28|Rocky Mountain Cup|1:05.81|603
22|Kilroy, Evan|17|2001|CT33|Ontario|2018-12-14|Ontario Junior International|1:05.94|599
23|Wang, Lucas|17|2001|WEST|Ontario|2018-12-15|Team Showdown 2018|1:05.99|598
24|Wiersma, Caleb|17|2001|SR|Ontario|2018-11-25|LAC - Nothers Fall Invitational|1:06.00|598
25|Feick, Evan|17|2001|TRENT|Ontario|2018-12-14|Ontario Junior International|1:06.01|597
26|Hickey, David|17|2001|LAC|Ontario|2018-11-25|LAC - Nothers Fall Invitational|1:06.05|596
27|Dela Cruz, Jaerrod|17|2001|UMAN|Manitoba|2018-12-16|ManSask Championships Short Course Open Championships|1:06.49|585
28|Carlyle-Locke, Cameron|17|2001|UCRO|Ontario|2019-02-03|2019 Eastern Ontario Regional Championships (SC/LC)|1:06.54|583
29|Yang, Ray|17|2001|ESWIM|Ontario|2018-12-22|2018 Trillium Cup|1:06.55|583
29|Bourassa, Samuel|17|2001|NN|Québec|2018-12-14|Ontario Junior International|1:06.55|583
31|Terejko, Josiah|17|2002|WRMS|Ontario|2019-05-05|Aqua 7 Finals|1:06.59|582
32|Mourinet, Luther|17|2001|NN|Québec|2018-12-09|Invitation Provinciale AA-AAA Pointe-Claire 2018|1:06.64|581
33|Rotsaert-Smith, Ethan|17|2001|GHAC|Ontario|2018-12-08|Border City Invitational|1:06.69|579
34|Clavelle, Matthew|17|2001|ISC|British Columbia|2018-12-09|Invitation Provinciale AA-AAA Pointe-Claire 2018|1:07.02|571
34|Ketelaars, Kail|17|2001|EKSC|Alberta|2018-12-14|JP Fiset Invitational|1:07.02|571
36|Lau, Alvin|17|2001|MST~|Ontario|2019-06-05|Mallards June In House Competition|1:07.07|569
37|Placek, Ethan|17|2001|WS|Ontario|2019-04-27|2019 Ontario Team Challenge|1:07.11|568
38|Kelly, Jack|17|2001|OSHAC|Ontario|2018-12-09|Invitation Provinciale AA-AAA Pointe-Claire 2018|1:07.24|565
39|Konrad, Jaxon|17|2001|GMAC|Ontario|2018-12-07|Dash for Cash|1:07.31|563
40|Cieplik, Kasper|17|2001|PCSC|Québec|2018-12-09|Invitation Provinciale AA-AAA Pointe-Claire 2018|1:07.35|562
41|Durocher, Elliot|17|2002|BLUE|Québec|2019-05-18|Invitation Provinciale Dollard-Des-Ormeaux en 25 M|1:07.36|562
42|Kells, Brayden|17|2001|SKSC|British Columbia|2018-12-08|16th Annual XMAS Cracker Invitational|1:07.40|561
43|Savelyev, Pavel|17|2001|ESWIM|Ontario|2019-01-12|2019 Etobicoke A-B Meet|1:07.41|561
44|Côté-Tessier, Matis|17|2001|UCSJ|Québec|2019-03-23|Neptune International (CSPO 25m)|1:07.49|559
45|Munoz, Mateo|17|2001|KBM|Ontario|2018-12-09|Gatineau Grand Prix|1:07.59|556
46|Lavoie-Rancourt, Vincent|17|2002|CNQ|Québec|2019-06-30|Championnat provincial groupe d'âge AA d'été - section Est|1:07.61|556
47|Kelly, Max|17|2001|SJL|Newfoundland|2018-12-09|Invitation Provinciale AA-AAA Pointe-Claire 2018|1:07.66|555
47|Millns, Ricky|17|2001|TRIT|Alberta|2018-12-14|JP Fiset Invitational|1:07.66|555
49|Wang, Wayland|17|2001|WSC|British Columbia|2018-12-15|Rapids Fast-Swim Classic|1:07.72|553
50|Sabatini, Nicola|17|2001|CHENA|British Columbia|2018-11-10|2018 Brad Reid Memorial Invitational|1:07.90|549