RANK|ATHLETES|AGE|YOB|CLUB|PROVINCE|DATE|MEET|TIME|FINA
1|Yang, Ray|17|2001|ESWIM|Ontario|2018-12-15|Ontario Junior International|1:58.00|778
2|Huang, Owen|17|2001|TSC|Ontario|2018-11-03|NYAC Cup|2:02.62|693
3|McRae, Ryley|17|2000|TRUW|British Columbia|2018-12-14|26th Annual MJB Law Classic SCM|2:02.86|689
4|Lacroix, Brandon|17|2001|NG|Québec|2018-12-15|Ontario Junior International|2:03.03|687
5|Crawford, Matthew|17|2001|RAPID|British Columbia|2018-12-15|Ontario Junior International|2:04.40|664
6|McKervill, Padric|17|2000|UVIC|British Columbia|2018-11-03|Odlum Brown Colleges Cup Pacific Hosted by UBC|2:05.24|651
7|Knox, Finlay|17|2001|MAVS|Alberta|2018-11-03|Jack Frost 2018|2:05.65|644
8|Dommann, Raben|17|2001|CHENA|British Columbia|2018-12-14|Rapids Fast-Swim Classic|2:06.25|635
9|Pedneault, Joel|17|2001|RL|Québec|2018-12-08|Défi Nez-Rouge 2018|2:06.34|634
10|Younes, Alexandre|17|2000|MCGILL|Québec|2018-11-18|Kemp-Fry AUS Invitational|2:06.36|634
11|Hussey, Patrick|17|2001|PCSC|Québec|2018-12-15|Ontario Junior International|2:06.42|633
12|Antifaoff, Micheal|17|2000|UOFA|Alberta|2018-11-03|Odlum Brown Colleges Cup Pacific Hosted by UBC|2:06.60|630
13|Versluys, Nathan|17|2001|EKSC|Alberta|2019-01-19|Blue Bears 2019|2:06.90|626
14|Blair, Sterlyng|17|2001|EKSC|Alberta|2018-12-14|JP Fiset Invitational|2:07.38|619
15|Tucker, Finn|17|2001|OTTSC|Ontario|2018-11-03|NYAC Cup|2:07.54|616
16|Côté-Forest, Ismael|17|2001|CNQ|Québec|2018-11-02|Festival provincial par équipe section 1|2:08.18|607
16|Tejada, Gabriel|17|2001|OTTSC|Ontario|2018-11-03|NYAC Cup|2:08.18|607
18|Wagner, Noah|17|2001|ROD|Saskatchewan|2018-11-23|Goldfins Invitational|2:08.42|604
19|Bailey, Michael|17|2001|NYAC|Ontario|2018-12-15|Ontario Junior International|2:08.57|601
20|Riess, Casey|17|2001|EKSC|Alberta|2018-12-14|JP Fiset Invitational|2:09.56|588
21|Munoz, Mateo|17|2001|KBM|Ontario|2018-12-09|Gatineau Grand Prix|2:09.92|583
22|Phee, Dylan|17|2001|GO|Ontario|2018-12-09|Gatineau Grand Prix|2:10.16|580
23|Savelyev, Pavel|17|2001|ESWIM|Ontario|2018-11-09|2018 Age Group International SC|2:10.40|577
24|Gagnon, Vincent|17|2001|PCSC|Québec|2018-12-09|Invitation Provinciale AA-AAA Pointe-Claire 2018|2:11.10|567
25|Cyr Bouchard, Antoine|17|2001|NG|Québec|2018-12-15|Ontario Junior International|2:11.40|563
26|Rodgers, Lucas|17|2001|NKB|Ontario|2019-02-02|2019 Eastern Ontario Regional Championships (SC/LC)|2:11.45|563
27|Steele, James|17|2000|GMAC|Ontario|2018-11-03|NYAC Cup|2:11.56|561
28|brooks, noah|17|2001|BBST|Ontario|2018-11-25|BYST Fall Invitational|2:11.62|561
29|Poupart, Xavier|17|2001|DDO|Québec|2018-12-02|Neptune International (CSPO 25m)|2:11.85|558
30|Jansen, Ruben|17|2001|BAD|Ontario|2019-02-02|2019 Western Region SC Champs|2:12.27|552
31|Perkins, Lucas|17|2001|NKB|Ontario|2019-02-02|2019 Eastern Ontario Regional Championships (SC/LC)|2:12.70|547
32|Antonen, Eric|17|2001|TSC|Ontario|2018-12-15|Ontario Junior International|2:13.07|542
33|Loewen, Riley|17|2001|ESWIM|Ontario|2018-12-21|2018 Trillium Cup|2:13.13|542
34|Alexander, Thomas|17|2001|LASC|Alberta|2018-12-14|JP Fiset Invitational|2:13.18|541
35|Cormier, Samuel|17|2001|LAC|Ontario|2019-02-02|2019 Western Region SC Champs|2:13.37|539
36|Moffitt, Logan|17|2001|NKB|Ontario|2019-02-02|2019 Eastern Ontario Regional Championships (SC/LC)|2:13.57|536
37|Gauthier, Alexandre|17|2001|CNQ|Québec|2018-12-08|Défi Nez-Rouge 2018|2:13.66|535
38|Hickey, David|17|2001|LAC|Ontario|2019-02-02|2019 Western Region SC Champs|2:13.76|534
39|Dimitrov, Martin|17|2000|UBCT|British Columbia|2018-10-26|UofC Duel Meet|2:13.85|533
40|Pauch-Nolin, Samuel|17|2001|UCSC|Alberta|2018-12-15|ManSask Championships Short Course Open Championships|2:13.87|533
41|Kennedy, Nicholas|17|2002|UCSC|Alberta|2019-07-14|UCSC Western Finale|2:14.47|526
42|Caron, Michael|17|2002|LMRL|Québec|2019-06-09|Finale régionale|2:14.75|522
43|Plamondon, William|17|2001|NG|Québec|2018-12-09|Gatineau Grand Prix|2:14.78|522
44|Tsaiger, Daniel|17|2001|UMAN|Manitoba|2018-12-15|ManSask Championships Short Course Open Championships|2:14.82|522
45|Saretsky, Trey|17|2001|EKSC|Alberta|2019-01-19|Blue Bears 2019|2:15.15|518
46|Smith, Jonah|17|2001|PCSC|Québec|2018-12-09|Invitation Provinciale AA-AAA Pointe-Claire 2018|2:15.33|516
47|Marchand, Samuel|17|2001|PGB|British Columbia|2018-11-16|2018 PGBSC Medical Northern Invitational|2:15.56|513
48|Sosa-Espana, Alejandro S.|17|2001|CAMO|Québec|2018-11-02|Festival provincial par équipe section 1|2:15.92|509
49|Chua, Zachary|17|2001|RHAC|Ontario|2018-11-09|2018 Age Group International SC|2:16.05|508
50|Pimentel, Xavier|17|2001|NG|Québec|2018-12-09|Gatineau Grand Prix|2:16.10|507