RANK|ATHLETES|AGE|YOB|CLUB|PROVINCE|DATE|MEET|TIME|FINA
1|Knox, Finlay|17|2001|MAVS|Alberta|2018-12-16|Ontario Junior International|1:55.94|845
2|Huang, Owen|17|2001|TSC|Ontario|2018-12-16|Ontario Junior International|2:01.94|726
3|Yang, Ray|17|2001|ESWIM|Ontario|2018-12-16|Ontario Junior International|2:04.25|686
4|Nyhof, Barstow|17|2001|COBRA|Ontario|2018-12-16|Ontario Junior International|2:04.31|685
5|Hussey, Patrick|17|2001|PCSC|Québec|2018-12-16|Ontario Junior International|2:04.47|683
6|Smith, Everett|17|2001|UT|Ontario|2018-11-25|OUA Fairweather Division Championships 2018|2:05.04|673
7|Tucker, Declan|17|2001|OTTSC|Ontario|2018-11-03|NYAC Cup|2:05.42|667
8|Steele, James|17|2000|GMAC|Ontario|2018-12-07|Dash for Cash|2:05.43|667
9|Hickey, David|17|2001|LAC|Ontario|2018-12-16|Ontario Junior International|2:06.17|656
10|Boyd, Thomas|17|2001|SLSC|Ontario|2018-12-16|Ontario Junior International|2:06.54|650
11|Versluys, Nathan|17|2001|EKSC|Alberta|2018-10-28|Rocky Mountain Cup|2:06.98|643
12|Younes, Alexandre|17|2000|MCGILL|Québec|2018-11-18|Kemp-Fry AUS Invitational|2:07.06|642
13|Savelyev, Pavel|17|2001|ESWIM|Ontario|2019-01-12|2019 Etobicoke A-B Meet|2:07.71|632
14|Hull, Aidan|17|2001|TSC|Ontario|2018-12-16|Ontario Junior International|2:08.77|617
15|Côté-Forest, Ismael|17|2001|CNQ|Québec|2019-05-05|Invitation du Printemps|2:09.09|612
16|Kennedy, Julian|17|2001|NYAC|Ontario|2018-12-16|Ontario Junior International|2:09.37|608
17|Crawford, Matthew|17|2001|RAPID|British Columbia|2018-12-16|Ontario Junior International|2:09.46|607
18|Wall, Tyler|17|2001|KISU|British Columbia|2019-03-16|KISU Regional Draft Meet 2019|2:09.68|604
19|Bertrand, Louis|17|2001|GO|Ontario|2019-02-01|2019 Eastern Ontario Regional Championships (SC/LC)|2:10.12|598
20|Loewen, Riley|17|2001|ESWIM|Ontario|2018-12-21|2018 Trillium Cup|2:10.34|595
20|Holt, Benjamin|17|2001|HHBF|Ontario|2018-11-30|2018 Union Cup|2:10.34|595
22|Ketelaars, Kail|17|2001|EKSC|Alberta|2018-12-15|JP Fiset Invitational|2:10.42|593
23|Kilroy, Evan|17|2001|CT33|Ontario|2018-12-16|Ontario Junior International|2:10.57|591
24|Harris, Logan|17|2001|OTT|Québec|2018-12-02|Neptune International (CSPO 25m)|2:10.74|589
25|Hemeon, Brayden|17|2001|GOLD|Saskatchewan|2018-12-13|ManSask Championships Short Course Open Championships|2:11.54|578
26|Bracho, Canek|17|2001|CW|Ontario|2018-12-09|Invitation Provinciale AA-AAA Pointe-Claire 2018|2:11.68|577
27|Brough, Mitchell|17|2001|ROD|Saskatchewan|2018-12-15|ManSask Championships Short Course Open Championships|2:11.69|576
28|Poupart, Xavier|17|2001|DDO|Québec|2018-12-02|Neptune International (CSPO 25m)|2:11.81|575
29|brooks, noah|17|2001|BBST|Ontario|2019-02-01|2019 Eastern Ontario Regional Championships (SC/LC)|2:11.85|574
30|Clavelle, Matthew|17|2001|ISC|British Columbia|2018-12-09|Invitation Provinciale AA-AAA Pointe-Claire 2018|2:11.94|573
31|Geoffroy, Mathieu|17|2001|PCSC|Québec|2018-12-16|Ontario Junior International|2:12.29|569
32|Feick, Evan|17|2001|TRENT|Ontario|2018-12-16|Ontario Junior International|2:12.30|568
33|Lanouette, Christophe|17|2001|NG|Québec|2018-12-08|Gatineau Grand Prix|2:12.40|567
34|Antifaoff, Micheal|17|2000|UOFA|Alberta|2018-10-13|Oktoberfest|2:12.41|567
35|Lacroix, Brandon|17|2001|NG|Québec|2018-10-20|Pentathlon octobre 2018|2:12.42|567
36|Czoma, Zsombor|17|2001|GO|Ontario|2018-11-04|GO Fall Invitational|2:12.47|566
37|Alexander, Thomas|17|2001|LASC|Alberta|2018-12-15|JP Fiset Invitational|2:12.52|566
38|LABRIE, Alex|17|2001|RIKI|Québec|2018-12-07|Défi Nez-Rouge 2018|2:12.58|565
39|Gilpin, Jacob|17|2001|EBSC|Ontario|2019-02-01|2019 Eastern Ontario Regional Championships (SC/LC)|2:12.60|565
40|Saarloos, Artemios|17|2001|MSSAC|Ontario|2018-11-30|2018 Union Cup|2:12.81|562
41|Chua, Zachary|17|2001|RHAC|Ontario|2018-11-09|2018 Age Group International SC|2:12.85|561
42|Teasdale, Cameron|17|2001|MS|Ontario|2019-02-03|2019 Western Region SC Champs|2:12.87|561
43|Wang, Charles|17|2001|UCSC|Alberta|2019-07-13|UCSC Western Finale|2:13.06|559
44|Cyr Bouchard, Antoine|17|2001|NG|Québec|2018-12-08|Gatineau Grand Prix|2:13.16|558
45|Pimentel, Xavier|17|2001|NG|Québec|2018-12-16|Ontario Junior International|2:13.18|557
46|Durocher, Elliot|17|2002|BLUE|Québec|2019-05-19|Invitation Provinciale Dollard-Des-Ormeaux en 25 M|2:13.23|557
47|Roy, Liam|17|2001|PCSC|Québec|2018-12-09|Invitation Provinciale AA-AAA Pointe-Claire 2018|2:13.25|556
48|Rotsaert-Smith, Ethan|17|2001|GHAC|Ontario|2019-02-03|2019 Western Region SC Champs|2:13.37|555
49|Millns, Ricky|17|2001|TRIT|Alberta|2018-12-15|JP Fiset Invitational|2:13.49|553
50|McKervill, Padric|17|2000|UVIC|British Columbia|2018-10-27|2018 NRST Fall Invitational|2:13.60|552