RANK|ATHLETES|AGE|YOB|CLUB|PROVINCE|DATE|MEET|TIME|FINA
1|Somerset, Sebastian|17|2001|CASC|Alberta|2018-12-16|Ontario Junior International|1:57.03|735
2|Castillo, Sebastian|17|2001|UCSC|Alberta|2018-12-16|Ontario Junior International|1:59.62|688
3|Hickey, David|17|2001|LAC|Ontario|2018-12-16|Ontario Junior International|2:00.94|666
4|Gagne, Collyn|17|2000|SFU|British Columbia|2018-11-04|Odlum Brown Colleges Cup Pacific Hosted by UBC|2:02.15|646
5|Smyth, Conor|17|2001|AAC|Ontario|2018-12-16|Ontario Junior International|2:02.21|645
6|Hull, Aidan|17|2001|TSC|Ontario|2018-12-16|Ontario Junior International|2:03.46|626
7|Dommann, Raben|17|2001|CHENA|British Columbia|2018-12-15|Rapids Fast-Swim Classic|2:04.05|617
8|Crawford, Matthew|17|2001|RAPID|British Columbia|2018-12-16|Ontario Junior International|2:04.08|616
9|Brough, Mitchell|17|2001|ROD|Saskatchewan|2018-12-15|ManSask Championships Short Course Open Championships|2:04.29|613
10|Ketelaars, Kail|17|2001|EKSC|Alberta|2018-12-15|JP Fiset Invitational|2:04.62|608
11|Smith, Everett|17|2001|UT|Ontario|2018-11-24|OUA Fairweather Division Championships 2018|2:04.67|608
12|Zhang, Eric|17|2001|RHAC|Ontario|2018-12-16|Ontario Junior International|2:05.24|599
13|Maxwell, Cameron|17|2001|OTTER|Ontario|2018-12-16|Ontario Junior International|2:06.05|588
14|Steele, James|17|2000|GMAC|Ontario|2018-11-02|NYAC Cup|2:06.21|586
15|Boyd, Thomas|17|2001|SLSC|Ontario|2018-12-16|Ontario Junior International|2:06.32|584
16|TUCK, FINN|17|2001|USC|Ontario|2018-12-09|Youth Cup|2:06.35|584
17|Wittmann, Matthew|17|2001|RHAC|Ontario|2018-12-16|Ontario Junior International|2:06.42|583
18|Basler, Elijah|17|2001|EKSC|Alberta|2018-12-15|JP Fiset Invitational|2:06.65|580
19|Antifaoff, Micheal|17|2000|UOFA|Alberta|2018-11-04|Odlum Brown Colleges Cup Pacific Hosted by UBC|2:07.04|574
20|Bourassa, Samuel|17|2001|NN|Québec|2018-11-03|Festival provincial par équipe section 1|2:07.08|574
21|Roy, Liam|17|2001|PCSC|Québec|2018-12-16|Ontario Junior International|2:07.39|570
22|Singh, Sehajvir|17|2001|HYACK|British Columbia|2018-11-04|Odlum Brown Colleges Cup Pacific Hosted by UBC|2:07.52|568
23|Holt, Benjamin|17|2001|HHBF|Ontario|2018-12-01|2018 Union Cup|2:07.78|564
24|brooks, noah|17|2001|BBST|Ontario|2019-01-13|2019 Bayside Maxillofacial Oral Surgery Centre Winter Invitational|2:08.04|561
25|Al-Shareef, Ali|17|2002|UCSC|Alberta|2019-07-13|UCSC Western Finale|2:08.22|559
26|Olson, Carter|17|2001|HAC|Ontario|2019-01-13|2019 Etobicoke A-B Meet|2:08.67|553
27|Kreuzer, Ethan|17|2001|CSLA|Québec|2018-12-09|Invitation provinciale des fêtes CSLA|2:08.74|552
28|Kennedy, Julian|17|2001|NYAC|Ontario|2018-12-16|Ontario Junior International|2:08.85|550
29|LABRIE, Alex|17|2001|RIKI|Québec|2018-11-10|Festival provincial par équipe section 2|2:08.98|549
30|Wang, Charles|17|2001|UCSC|Alberta|2018-12-15|JP Fiset Invitational|2:09.00|549
31|Migneault, Justice|17|2002|SKSC|British Columbia|2019-06-08|Knights June Jamboree 2019|2:09.03|548
32|Liu, Horace|17|2001|SKSC|British Columbia|2019-01-26|SKSC Winter Fest|2:09.58|541
32|Kennedy, Nicholas|17|2002|UCSC|Alberta|2019-07-13|UCSC Western Finale|2:09.58|541
34|Hilkewich, Nicholas|17|2001|WVOSC|British Columbia|2018-12-15|ManSask Championships Short Course Open Championships|2:10.15|534
35|Valentine, Justin|17|2001|RDCSC|Alberta|2018-12-15|JP Fiset Invitational|2:10.18|534
36|Carlyle-Locke, Cameron|17|2001|UCRO|Ontario|2019-02-03|2019 Eastern Ontario Regional Championships (SC/LC)|2:10.21|533
37|Castle, Oliver|17|2001|DST|British Columbia|2018-11-09|ISC 2018 Bennett Cup|2:10.26|533
38|Bracho, Canek|17|2001|CW|Ontario|2018-12-08|Invitation Provinciale AA-AAA Pointe-Claire 2018|2:10.38|531
39|Glor, Braeden|17|2001|MANTA|Manitoba|2018-12-15|ManSask Championships Short Course Open Championships|2:10.45|530
40|Gilpin, Jacob|17|2001|EBSC|Ontario|2019-02-03|2019 Eastern Ontario Regional Championships (SC/LC)|2:10.68|528
41|Saarloos, Artemios|17|2001|MSSAC|Ontario|2018-12-16|Ontario Junior International|2:11.11|522
42|Levytskyy, Maksym|17|2000|WAT|Ontario|2018-11-24|OUA Fairweather Division Championships 2018|2:11.38|519
43|Wagner, Noah|17|2001|ROD|Saskatchewan|2018-11-24|Goldfins Invitational|2:11.56|517
44|Geoffroy, Mathieu|17|2001|PCSC|Québec|2018-12-08|Invitation Provinciale AA-AAA Pointe-Claire 2018|2:11.62|516
45|Ko, Colin|17|2001|MST~|Ontario|2019-06-05|Mallards June In House Competition|2:11.71|515
45|Plamondon, William|17|2001|NG|Québec|2018-11-03|Festival provincial par équipe section 1|2:11.71|515
47|Cusson, Seth|17|2001|DDO|Québec|2018-12-01|Neptune International (CSPO 25m)|2:11.83|514
48|Harris, Logan|17|2001|OTT|Québec|2018-12-01|Neptune International (CSPO 25m)|2:11.87|513
49|MacDonald, Matthew|17|2001|KAJ|British Columbia|2018-12-15|26th Annual MJB Law Classic SCM|2:11.92|513
50|Wang, Byron|17|2001|SKSC|British Columbia|2018-12-08|16th Annual XMAS Cracker Invitational|2:12.04|511