RANK|ATHLETES|AGE|YOB|CLUB|PROVINCE|DATE|MEET|TIME|FINA
1|Singh, Sehajvir|17|2001|HYACK|British Columbia|2018-12-14|Ontario Junior International|8:12.38|730
2|Versluys, Nathan|17|2001|EKSC|Alberta|2019-01-18|Blue Bears 2019|8:14.02|723
3|Pimentel, Xavier|17|2001|NG|Québec|2018-12-14|Ontario Junior International|8:14.37|721
4|Tucker, Finn|17|2001|OTTSC|Ontario|2018-12-14|Ontario Junior International|8:17.10|709
5|Hussey, Patrick|17|2001|PCSC|Québec|2018-12-16|Ontario Junior International|8:25.30|675
6|Iapicco, Aidan|17|2001|BROCK|Ontario|2018-11-23|LAC - Nothers Fall Invitational|8:25.45|675
7|McRae, Ryley|17|2000|TRUW|British Columbia|2018-10-27|Kamloops Fall Swimming Festival|8:25.84|673
8|Brajuka, Matthew|17|2001|ESWIM|Ontario|2018-12-14|Ontario Junior International|8:28.80|661
9|McLeod, Lorne|17|2001|PCSC|Québec|2018-12-14|Ontario Junior International|8:30.96|653
10|Przyswitt, Kier|17|2001|EKSC|Alberta|2019-01-18|Blue Bears 2019|8:34.08|641
11|Wagner, Noah|17|2001|ROD|Saskatchewan|2018-11-23|Goldfins Invitational|8:34.31|640
12|Chan, Darian|17|2001|EKSC|Alberta|2019-01-18|Blue Bears 2019|8:34.86|638
13|Knox, Finlay|17|2001|MAVS|Alberta|2018-11-02|Jack Frost 2018|8:35.57|636
14|Roy, Liam|17|2001|PCSC|Québec|2018-12-06|Invitation Provinciale AA-AAA Pointe-Claire 2018|8:38.26|626
15|Olson, Carter|17|2001|HAC|Ontario|2018-12-14|Ontario Junior International|8:38.88|624
16|Hickey, David|17|2001|LAC|Ontario|2018-11-23|LAC - Nothers Fall Invitational|8:39.74|620
17|Jansen, Ruben|17|2001|BAD|Ontario|2018-11-24|Alex Baumann Invitational|8:40.25|619
18|Geoffroy, Mathieu|17|2001|PCSC|Québec|2018-12-06|Invitation Provinciale AA-AAA Pointe-Claire 2018|8:40.55|618
19|Loewen, Riley|17|2001|ESWIM|Ontario|2018-10-26|Gus Ryder Memorial Cup|8:42.49|611
20|Leguia, Arturo|17|2001|VAC|Ontario|2018-11-11|42nd Cindy Nicholas Invitational|8:47.08|595
21|Pedneault, Joel|17|2001|RL|Québec|2018-12-02|Invitation provinciale 2018|8:50.52|583
22|Linde Elmhirst, Ryder|17|2001|TRENT|Ontario|2018-12-09|Dash for Cash|8:54.28|571
23|Lang, Matthew|17|2001|EKSC|Alberta|2018-10-28|Cascade Speed Meet|8:56.12|565
24|Harris, Logan|17|2001|OTT|Québec|2018-10-18|uOttawa/Queens /Carleton Tri Meet|8:57.88|560
25|Lacroix, Brandon|17|2001|NG|Québec|2018-12-09|Gatineau Grand Prix|8:57.92|560
26|Ingo, Cameron|17|2001|EBSC|Ontario|2018-11-11|42nd Cindy Nicholas Invitational|8:58.18|559
27|Brough, Mitchell|17|2001|ROD|Saskatchewan|2018-11-23|Goldfins Invitational|8:58.48|558
28|Lopaschuk, Logan|17|2001|RDCSC|Alberta|2019-01-18|Blue Bears 2019|8:59.50|555
29|Glor, Braeden|17|2001|MANTA|Manitoba|2018-12-15|ManSask Championships Short Course Open Championships|9:01.29|549
30|Valentine, Justin|17|2001|RDCSC|Alberta|2019-01-18|Blue Bears 2019|9:02.60|545
31|Franes, Kobi|17|2001|PRASC|British Columbia|2019-01-26|Rio Tinto Northern Lights|9:02.62|545
32|Millns, Ricky|17|2001|TRIT|Alberta|2018-10-28|Cascade Speed Meet|9:03.91|541
33|Steele, James|17|2000|GMAC|Ontario|2018-11-23|LAC - Nothers Fall Invitational|9:04.05|541
34|Duranleau, Ludovic|17|2001|SAMAK|Québec|2018-12-16|Invitation Provinciale des fêtes avec épreuves Ho! Ho! Eau Libre|9:04.30|540
35|Tejada, Gabriel|17|2001|OTTSC|Ontario|2018-11-17|OYO Vorgee Iced Cap|9:05.21|537
36|Wang, Wayland|17|2001|WSC|British Columbia|2019-01-18|Canadian Dolphin New Years Invitational 2019|9:08.45|528
37|Tudosa, Dragos|17|2001|HYACK|British Columbia|2018-11-09|2018 Brad Reid Memorial Invitational|9:09.88|524
38|Gilpin, Jacob|17|2001|EBSC|Ontario|2018-11-02|EBSC Fall Invitational Swim Meet|9:10.01|524
39|Riopel, Louis|17|2001|TMSC|Ontario|2018-12-09|Gatineau Grand Prix|9:10.44|522
40|Jones, Tristen|17|2001|TRENT|Ontario|2019-02-03|2019 Huronia SC Regional Championships|9:11.15|520
41|Crawford, Ethan|17|2001|UCRO|Ontario|2019-02-02|2019 Eastern Ontario Regional Championships (SC/LC)|9:11.86|518
42|Nolan, Quinn|17|2001|MS|Ontario|2018-12-07|Border City Invitational|9:13.22|514
43|LeBlanc, Mathieu|17|2002|CNBO|New Brunswick|2019-02-02|NB Open Cup - Coupe NB|9:13.28|514
44|Parker, Taylor|17|2001|BKSC|Saskatchewan|2018-12-15|ManSask Championships Short Course Open Championships|9:13.29|514
45|Milne, Bryan|17|2001|HYACK|British Columbia|2018-11-09|2018 Brad Reid Memorial Invitational|9:14.08|512
46|Chan, Ethan|17|2001|RAPID|British Columbia|2018-11-04|Rapids Distance meet|9:14.39|511
47|Marchand, Samuel|17|2001|PGB|British Columbia|2018-12-15|Dec 8 Time Trial 400 800|9:15.59|508
48|Mancic, Petar|17|2001|ESWIM|Ontario|2018-12-06|Invitation Provinciale AA-AAA Pointe-Claire 2018|9:15.81|507
49|Wang, Alan|17|2001|SKSC|British Columbia|2018-11-09|2018 Brad Reid Memorial Invitational|9:16.53|505
50|Gladden, Zachary|17|2001|NCSA|Alberta|2019-01-18|Blue Bears 2019|9:17.14|504