RANK|ATHLETES|AGE|YOB|CLUB|PROVINCE|DATE|MEET|TIME|FINA
1|Lacroix, Brandon|17|2001|NG|Québec|2018-12-15|Ontario Junior International|24.37|715
2|Côté-Forest, Ismael|17|2001|CNQ|Québec|2018-12-08|Défi Nez-Rouge 2018|24.45|708
3|Smith, Everett|17|2001|SLSC|Ontario|2018-12-15|Ontario Junior International|24.88|672
4|Knox, Finlay|17|2001|MAVS|Alberta|2018-11-17|KSC SC Invitational 2018|24.94|667
5|Tejada, Gabriel|17|2001|OTTSC|Ontario|2018-12-15|Ontario Junior International|25.11|654
6|Blair, Sterlyng|17|2001|EKSC|Alberta|2018-12-16|JP Fiset Invitational|25.26|642
7|Fauteux, Nicholas|17|2001|MSSAC|Ontario|2018-12-15|Ontario Junior International|25.27|642
8|Somerset, Sebastian|17|2001|CASC|Alberta|2018-12-15|Ontario Junior International|25.38|633
9|Belkhelladi, Yanis|17|2001|ELITE|Québec|2018-12-15|Ontario Junior International|25.46|627
10|Yang, Ray|17|2001|ESWIM|Ontario|2018-11-11|2018 Age Group International SC|25.64|614
11|Przyswitt, Kier|17|2001|EKSC|Alberta|2018-10-13|Oktoberfest|25.65|613
12|McRae, Ryley|17|2000|TRUW|British Columbia|2018-12-15|26th Annual MJB Law Classic SCM|25.67|612
13|Tsaiger, Daniel|17|2001|UMAN|Manitoba|2018-12-16|ManSask Championships Short Course Open Championships|25.72|608
14|Godden, Zachary|17|2001|PCSC|Québec|2018-11-03|Festival provincial par équipe section 1|25.80|603
15|Wittmann, Matthew|17|2001|RHAC|Ontario|2018-11-11|2018 Age Group International SC|25.93|594
16|Somov, Alex|17|2000|SLSC|Ontario|2018-12-01|2018 Barrie Trojan Cup|25.94|593
17|Brough, Mitchell|17|2001|ROD|Saskatchewan|2019-01-20|Winter Invitational|25.98|590
18|McKervill, Padric|17|2000|UVIC|British Columbia|2018-10-20|2018 OCTOBER SENIOR CIRCUIT|26.06|585
19|Castillo, Sebastian|17|2001|UCSC|Alberta|2018-12-15|Ontario Junior International|26.10|582
20|Rambo, Jacob|17|2002|UVPCS|British Columbia|2019-08-03|Mid-Summer Madness|26.11|582
21|Steele, James|17|2000|GMAC|Ontario|2018-11-02|NYAC Cup|26.17|578
22|Tan, Tim|17|2001|HANEY|British Columbia|2019-01-26|SKSC Winter Fest|26.18|577
23|Maksoud, Youssef|17|2000|CASC|Alberta|2018-11-17|KSC SC Invitational 2018|26.24|573
24|Chua, Zachary|17|2001|RHAC|Ontario|2018-11-11|2018 Age Group International SC|26.25|572
24|Dimitrov, Martin|17|2000|UBCT|British Columbia|2018-11-23|Canada West Championships 2018|26.25|572
26|Versluys, Nathan|17|2001|EKSC|Alberta|2018-10-13|Oktoberfest|26.33|567
26|Lopaschuk, Logan|17|2001|RDCSC|Alberta|2018-12-16|JP Fiset Invitational|26.33|567
28|Baker, Reilly|17|2001|NYAC|Ontario|2018-12-15|Ontario Junior International|26.34|566
29|Nadeau, Lambert|17|2001|SAMAK|Québec|2019-03-01|IntraClub SamaK Mars 2019|26.35|566
30|Hao, Brian|17|2001|SKSC|British Columbia|2018-11-03|Odlum Brown Colleges Cup Pacific Hosted by UBC|26.37|564
31|Witwicki, Andrew|17|2001|SEALS|Manitoba|2018-12-08|Invitation Provinciale AA-AAA Pointe-Claire 2018|26.40|563
32|Chan, Ethan|17|2001|RAPID|British Columbia|2018-12-15|Rapids Fast-Swim Classic|26.44|560
33|Johnston, Alexander|17|2001|KSC|Alberta|2018-12-16|JP Fiset Invitational|26.45|559
34|Holt, Benjamin|17|2001|HHBF|Ontario|2018-12-15|Ontario Junior International|26.46|559
35|Plourde, Matis|17|2001|BLUE|Québec|2018-11-03|Festival provincial par équipe section 3|26.48|557
36|Levytskyy, Maksym|17|2000|ESWIM|Ontario|2018-12-15|Ontario Junior International|26.56|552
37|Louis-Seize, Samuel|17|2001|ELITE|Québec|2018-12-15|Ontario Junior International|26.62|549
37|Baker, Justin|17|2001|NYAC|Ontario|2018-12-15|Ontario Junior International|26.62|549
39|Kranjc, Thomas|17|2001|WDSC|British Columbia|2018-12-15|Rapids Fast-Swim Classic|26.63|548
40|Tierney, Blake|17|2002|GOLD|Saskatchewan|2019-01-20|Winter Invitational|26.64|547
41|CASTONGUAY, Nicolas|17|2001|RIKI|Québec|2018-11-10|Festival provincial par équipe section 2|26.65|547
42|Wagner, Noah|17|2001|ROD|Saskatchewan|2018-11-10|NCSA Fall Invitational 2018|26.68|545
43|Konzelmann, Benjamin|17|2001|NEW|Ontario|2018-10-19|HARVEST/AUTUMN INVITATIONAL|26.69|544
44|Liu, Horace|17|2001|SKSC|British Columbia|2018-12-15|Rapids Fast-Swim Classic|26.70|544
45|Bailey, Michael|17|2001|NYAC|Ontario|2018-12-15|Ontario Junior International|26.71|543
46|Kennedy, Nicholas|17|2002|UCSC|Alberta|2019-03-08|UCSC Team Champs|26.72|543
47|Rodgers, Lucas|17|2001|NKB|Ontario|2019-02-01|2019 Eastern Ontario Regional Championships (SC/LC)|26.74|541
48|Bulban, Nicholas|17|2001|RHAC|Ontario|2018-11-11|2018 Age Group International SC|26.78|539
48|Seto, Lucas|17|2001|DCSC|Nova Scotia|2018-12-01|Age Group Development Meet Fall Series #3|26.78|539
50|Hickey, David|17|2001|LAC|Ontario|2018-10-21|LAC - Fall Startup Part 1|26.81|537