RANK|ATHLETES|AGE|YOB|CLUB|PROVINCE|DATE|MEET|TIME|FINA
1|Gagne, Collyn|17|2000|SFU|British Columbia|2018-11-03|Odlum Brown Colleges Cup Pacific Hosted by UBC|4:22.65|720
2|Hussey, Patrick|17|2001|PCSC|Québec|2018-12-07|Invitation Provinciale AA-AAA Pointe-Claire 2018|4:25.16|700
3|Hickey, David|17|2001|LAC|Ontario|2018-12-14|Ontario Junior International|4:25.64|696
4|Nyhof, Barstow|17|2001|COBRA|Ontario|2018-12-14|Ontario Junior International|4:27.63|681
5|Versluys, Nathan|17|2001|EKSC|Alberta|2018-12-14|JP Fiset Invitational|4:28.39|675
6|Younes, Alexandre|17|2000|MCGILL|Québec|2018-11-17|Kemp-Fry AUS Invitational|4:28.85|672
7|Smith, Everett|17|2001|UT|Ontario|2018-11-24|OUA Fairweather Division Championships 2018|4:30.55|659
8|Savelyev, Pavel|17|2001|ESWIM|Ontario|2018-11-10|2018 Age Group International SC|4:32.15|647
9|Roy, Liam|17|2001|PCSC|Québec|2018-12-14|Ontario Junior International|4:32.16|647
10|Ketelaars, Kail|17|2001|EKSC|Alberta|2019-01-20|Blue Bears 2019|4:34.92|628
11|Singh, Sehajvir|17|2001|HYACK|British Columbia|2018-11-10|2018 Brad Reid Memorial Invitational|4:36.55|617
12|Cyr Bouchard, Antoine|17|2001|NG|Québec|2018-12-14|Ontario Junior International|4:37.33|612
13|Yang, Ray|17|2001|ESWIM|Ontario|2018-10-26|Gus Ryder Memorial Cup|4:37.71|609
14|Hull, Aidan|17|2001|TSC|Ontario|2018-12-14|Ontario Junior International|4:39.64|597
15|brooks, noah|17|2001|BBST|Ontario|2018-11-02|NYAC Cup|4:39.79|596
16|Hemeon, Brayden|17|2001|GOLD|Saskatchewan|2018-12-16|ManSask Championships Short Course Open Championships|4:40.60|591
17|Kennedy, Julian|17|2001|NYAC|Ontario|2018-12-14|Ontario Junior International|4:40.69|590
18|Geoffroy, Mathieu|17|2001|PCSC|Québec|2018-12-07|Invitation Provinciale AA-AAA Pointe-Claire 2018|4:40.82|589
19|Wagner, Noah|17|2001|ROD|Saskatchewan|2018-11-25|Goldfins Invitational|4:42.28|580
20|Steele, James|17|2000|GMAC|Ontario|2018-12-09|Dash for Cash|4:42.98|576
21|Gilpin, Jacob|17|2001|EBSC|Ontario|2019-02-03|2019 Eastern Ontario Regional Championships (SC/LC)|4:43.29|574
22|Kilroy, Evan|17|2001|CT33|Ontario|2018-12-14|Ontario Junior International|4:43.67|572
23|Olson, Carter|17|2001|HAC|Ontario|2019-01-27|Joanne Malar|4:43.68|572
24|Tucker, Finn|17|2001|OTTSC|Ontario|2018-11-02|NYAC Cup|4:44.07|569
25|Gagnon, Vincent|17|2001|PCSC|Québec|2018-12-07|Invitation Provinciale AA-AAA Pointe-Claire 2018|4:44.55|566
26|Millns, Ricky|17|2001|TRIT|Alberta|2018-12-14|JP Fiset Invitational|4:44.68|566
27|Johnsen, Cameron|17|2001|TBT|Ontario|2018-12-07|Youth Cup|4:45.08|563
28|Harris, Logan|17|2001|OTT|Québec|2018-11-30|Neptune International (CSPO 25m)|4:45.18|563
29|Crawford, Matthew|17|2001|RAPID|British Columbia|2018-11-03|Odlum Brown Colleges Cup Pacific Hosted by UBC|4:45.34|562
30|Knox, Finlay|17|2001|MAVS|Alberta|2018-11-04|Jack Frost 2018|4:45.55|560
31|Glor, Braeden|17|2001|MANTA|Manitoba|2018-12-16|ManSask Championships Short Course Open Championships|4:45.97|558
32|Alexander, Thomas|17|2001|LASC|Alberta|2018-12-14|JP Fiset Invitational|4:46.22|557
33|Chua, Zachary|17|2001|RHAC|Ontario|2018-11-10|2018 Age Group International SC|4:46.38|556
34|Antonen, Eric|17|2001|TSC|Ontario|2018-12-14|Ontario Junior International|4:46.59|554
35|Loewen, Riley|17|2001|ESWIM|Ontario|2019-01-13|2019 Etobicoke A-B Meet|4:46.69|554
36|Marchand, Samuel|17|2001|PGB|British Columbia|2018-11-18|2018 PGBSC Medical Northern Invitational|4:46.83|553
37|Tudosa, Dragos|17|2001|HYACK|British Columbia|2018-12-15|Rapids Fast-Swim Classic|4:47.05|552
38|Iapicco, Aidan|17|2001|BROCK|Ontario|2018-12-15|Team Showdown 2018|4:47.06|552
39|Brajuka, Matthew|17|2001|ESWIM|Ontario|2018-10-26|Gus Ryder Memorial Cup|4:48.41|544
40|Cieplik, Kasper|17|2001|PCSC|Québec|2018-12-07|Invitation Provinciale AA-AAA Pointe-Claire 2018|4:48.88|541
41|LABRIE, Alex|17|2001|RIKI|Québec|2018-11-10|Festival provincial par équipe section 2|4:49.06|540
42|Jansen, Ruben|17|2001|BAD|Ontario|2018-12-07|Invitation Provinciale AA-AAA Pointe-Claire 2018|4:50.06|535
43|Feick, Evan|17|2001|TRENT|Ontario|2019-02-03|2019 Huronia SC Regional Championships|4:51.81|525
44|Saretsky, Trey|17|2001|EKSC|Alberta|2019-01-20|Blue Bears 2019|4:51.90|525
45|Wang, Colin|17|2001|MSSAC|Ontario|2018-10-20|HARVEST/AUTUMN INVITATIONAL|4:52.69|520
46|Bailey, Michael|17|2001|NYAC|Ontario|2018-11-02|NYAC Cup|4:52.90|519
47|Milne, Bryan|17|2001|HYACK|British Columbia|2018-12-15|Rapids Fast-Swim Classic|4:52.96|519
48|Wang, Wayland|17|2001|WSC|British Columbia|2019-01-19|Canadian Dolphin New Years Invitational 2019|4:53.10|518
49|Phee, Dylan|17|2001|GO|Ontario|2018-12-07|Gatineau Grand Prix|4:53.16|518
50|Pimentel, Xavier|17|2001|NG|Québec|2018-11-03|Festival provincial par équipe section 1|4:53.26|517