RANK|ATHLETES|AGE|YOB|CLUB|PROVINCE|DATE|MEET|TIME|FINA
1|Przyswitt, Kier|17|2001|EKSC|Alberta|2018-12-15|JP Fiset Invitational|50.44|707
2|Boyd, Thomas|17|2001|SLSC|Ontario|2018-12-16|Ontario Junior International|50.51|704
3|Knox, Finlay|17|2001|MAVS|Alberta|2018-10-20|Fall Challenge|50.74|694
4|Lacroix, Brandon|17|2001|NG|Québec|2018-12-16|Ontario Junior International|51.02|683
5|Huang, Owen|17|2001|TSC|Ontario|2018-11-02|NYAC Cup|51.05|682
6|Baker, Justin|17|2001|NYAC|Ontario|2018-12-16|Ontario Junior International|51.20|676
7|Zheng, Allen|17|2001|GSH|Ontario|2018-12-16|Ontario Junior International|51.23|675
8|Fauteux, Nicholas|17|2001|MSSAC|Ontario|2018-12-01|Neptune International (CSPO 25m)|51.35|670
9|Placek, Ethan|17|2001|WS|Ontario|2018-12-16|Ontario Junior International|51.46|666
10|Saarloos, Artemios|17|2001|MSSAC|Ontario|2018-12-15|Ontario Junior International|51.56|662
11|Bertrand, Louis|17|2001|GO|Ontario|2018-12-16|Ontario Junior International|51.61|660
12|Baker, Reilly|17|2001|NYAC|Ontario|2018-12-16|Ontario Junior International|51.79|653
13|Hussey, Patrick|17|2001|PCSC|Québec|2018-12-08|Invitation Provinciale AA-AAA Pointe-Claire 2018|51.80|652
14|Brough, Mitchell|17|2001|ROD|Saskatchewan|2018-12-15|ManSask Championships Short Course Open Championships|51.81|652
15|Smith, Everett|17|2001|UT|Ontario|2019-01-20|Winter Invitational|51.83|651
16|Bracho, Canek|17|2001|CW|Ontario|2018-12-08|Invitation Provinciale AA-AAA Pointe-Claire 2018|51.84|651
17|Somerset, Sebastian|17|2001|CASC|Alberta|2018-11-17|KSC SC Invitational 2018|51.89|649
18|Boucher, Charles-Antoine|17|2002|GAMIN|Québec|2019-05-19|Invitation Provinciale Dollard-Des-Ormeaux en 25 M|51.90|649
19|Côté-Forest, Ismael|17|2001|CNQ|Québec|2018-12-09|Défi Nez-Rouge 2018|52.07|642
19|Arden, Raine|17|2000|UOFL|Alberta|2018-11-03|Odlum Brown Colleges Cup Pacific Hosted by UBC|52.07|642
19|Versluys, Nathan|17|2001|EKSC|Alberta|2019-01-19|Blue Bears 2019|52.07|642
22|Dela Cruz, Jaerrod|17|2001|UMAN|Manitoba|2018-12-15|ManSask Championships Short Course Open Championships|52.10|641
23|Lanouette, Christophe|17|2001|NG|Québec|2018-12-09|Gatineau Grand Prix|52.20|638
24|Blair, Sterlyng|17|2001|EKSC|Alberta|2018-12-15|JP Fiset Invitational|52.21|637
25|Steele, James|17|2000|GMAC|Ontario|2018-12-08|Dash for Cash|52.29|634
25|Yang, Ray|17|2001|ESWIM|Ontario|2018-11-11|2018 Age Group International SC|52.29|634
25|Migneault, Justice|17|2002|SKSC|British Columbia|2019-06-08|Knights June Jamboree 2019|52.29|634
28|Loewen, Riley|17|2001|ESWIM|Ontario|2018-11-11|2018 Age Group International SC|52.39|631
29|Clavelle, Matthew|17|2001|ISC|British Columbia|2018-12-08|Invitation Provinciale AA-AAA Pointe-Claire 2018|52.49|627
30|Kennedy, Nicholas|17|2002|UCSC|Alberta|2019-07-14|UCSC Western Finale|52.67|621
31|Witwicki, Andrew|17|2001|SEALS|Manitoba|2018-12-15|ManSask Championships Short Course Open Championships|52.71|619
31|Beyak, Sam|17|2001|ISC|British Columbia|2018-12-08|Invitation Provinciale AA-AAA Pointe-Claire 2018|52.71|619
33|Godden, Zachary|17|2001|PCSC|Québec|2018-12-08|Invitation Provinciale AA-AAA Pointe-Claire 2018|52.75|618
34|Wang, Colin|17|2001|MSSAC|Ontario|2018-11-30|Neptune International (CSPO 25m)|52.92|612
35|Katelnikoff, Alexander|17|2000|CASC|Alberta|2018-10-27|Rocky Mountain Cup|52.98|610
36|Wang, Charles|17|2001|UCSC|Alberta|2018-12-15|JP Fiset Invitational|53.01|609
37|Cheung, Martin|17|2001|WEST|Ontario|2019-05-18|Qualifying for Summer Championships 2019|53.06|607
38|Kim, Joshua|17|2002|LOSC|British Columbia|2019-06-15|June 2019 Time Trial|53.09|606
39|Tejada, Gabriel|17|2001|OTTSC|Ontario|2018-12-16|Ontario Junior International|53.10|606
40|Johnsen, Cameron|17|2001|TBT|Ontario|2018-12-09|Youth Cup|53.12|605
41|Dommann, Raben|17|2001|CHENA|British Columbia|2018-12-15|Rapids Fast-Swim Classic|53.16|604
42|Levytskyy, Maksym|17|2000|ESWIM|Ontario|2018-12-21|2018 Trillium Cup|53.19|603
43|McRae, Ryley|17|2000|TRUW|British Columbia|2018-11-03|Odlum Brown Colleges Cup Pacific Hosted by UBC|53.32|598
43|Hébert, Félix|17|2002|CNQ|Québec|2019-06-29|Championnat provincial groupe d'âge AA d'été - section Est|53.32|598
45|Kholodovski, Kfir|17|2001|UMAN|Manitoba|2018-12-15|ManSask Championships Short Course Open Championships|53.35|597
46|Czoma, Zsombor|17|2001|GO|Ontario|2018-12-09|Gatineau Grand Prix|53.36|597
47|Singh, Sehajvir|17|2001|HYACK|British Columbia|2018-12-16|Ontario Junior International|53.37|597
48|Valentine, Justin|17|2001|RDCSC|Alberta|2018-12-15|JP Fiset Invitational|53.41|595
49|Kranjc, Thomas|17|2001|WDSC|British Columbia|2018-11-03|Odlum Brown Colleges Cup Pacific Hosted by UBC|53.43|595
50|Maksoud, Youssef|17|2000|CASC|Alberta|2018-10-27|Rocky Mountain Cup|53.45|594