RANK|ATHLETES|AGE|YOB|CLUB|PROVINCE|DATE|MEET|TIME|FINA
1|Lau, Alvin|17|2001|MST~|Ontario|2019-06-05|Mallards June In House Competition|52.62|762
2|Knox, Finlay|17|2001|MAVS|Alberta|2018-12-14|Ontario Junior International|53.42|729
3|Lacroix, Brandon|17|2001|NG|Québec|2018-12-14|Ontario Junior International|54.08|702
4|Yang, Ray|17|2001|ESWIM|Ontario|2018-12-14|Ontario Junior International|54.39|690
5|Fauteux, Nicholas|17|2001|MSSAC|Ontario|2018-12-01|Neptune International (CSPO 25m)|54.65|680
6|Huang, Owen|17|2001|TSC|Ontario|2018-12-14|Ontario Junior International|54.80|675
7|Côté-Forest, Ismael|17|2001|CNQ|Québec|2018-12-09|Défi Nez-Rouge 2018|55.32|656
8|Blair, Sterlyng|17|2001|EKSC|Alberta|2018-12-15|JP Fiset Invitational|55.34|655
9|Tejada, Gabriel|17|2001|OTTSC|Ontario|2018-12-14|Ontario Junior International|55.51|649
10|Oswald, Brendan|17|2002|WAC|Ontario|2019-05-18|WAC Cup 2|56.65|611
11|McRae, Ryley|17|2000|TRUW|British Columbia|2018-12-16|26th Annual MJB Law Classic SCM|56.67|610
12|Hussey, Patrick|17|2001|PCSC|Québec|2018-12-07|Invitation Provinciale AA-AAA Pointe-Claire 2018|56.75|608
13|McKervill, Padric|17|2000|UVIC|British Columbia|2018-11-09|ISC 2018 Bennett Cup|57.09|597
14|Clavelle, Matthew|17|2001|ISC|British Columbia|2018-12-07|Invitation Provinciale AA-AAA Pointe-Claire 2018|57.13|596
15|Crawford, Matthew|17|2001|RAPID|British Columbia|2018-12-14|Ontario Junior International|57.18|594
16|Bailey, Michael|17|2001|NYAC|Ontario|2018-12-14|Ontario Junior International|57.28|591
17|Somov, Alex|17|2000|SLSC|Ontario|2018-12-14|Ontario Junior International|57.41|587
17|Przyswitt, Kier|17|2001|EKSC|Alberta|2018-12-15|JP Fiset Invitational|57.41|587
19|Steele, James|17|2000|GMAC|Ontario|2018-12-08|Dash for Cash|57.50|584
20|Versluys, Nathan|17|2001|EKSC|Alberta|2018-10-26|Cascade Speed Meet|57.52|584
21|Wang, Colin|17|2001|MSSAC|Ontario|2018-12-01|Neptune International (CSPO 25m)|57.55|583
22|Placek, Ethan|17|2001|WS|Ontario|2018-12-14|Ontario Junior International|57.57|582
23|Hickey, David|17|2001|LAC|Ontario|2019-02-01|2019 Western Region SC Champs|57.64|580
24|Wagner, Noah|17|2001|ROD|Saskatchewan|2018-11-24|Goldfins Invitational|57.86|573
25|Wittmann, Matthew|17|2001|RHAC|Ontario|2018-11-10|2018 Age Group International SC|57.95|571
26|Holt, Benjamin|17|2001|HHBF|Ontario|2018-12-14|Ontario Junior International|58.03|568
27|Pauch-Nolin, Samuel|17|2001|UCSC|Alberta|2018-12-14|ManSask Championships Short Course Open Championships|58.06|567
28|Liu, Horace|17|2001|SKSC|British Columbia|2018-12-16|Rapids Fast-Swim Classic|58.10|566
29|Belkhelladi, Yanis|17|2001|ELITE|Québec|2018-12-14|Ontario Junior International|58.15|565
30|Chua, Zachary|17|2001|RHAC|Ontario|2018-11-10|2018 Age Group International SC|58.18|564
30|Rodgers, Lucas|17|2001|NKB|Ontario|2018-12-14|Ontario Junior International|58.18|564
32|brooks, noah|17|2001|BBST|Ontario|2018-12-14|Ontario Junior International|58.22|563
33|Lopaschuk, Logan|17|2001|RDCSC|Alberta|2018-12-15|JP Fiset Invitational|58.24|562
34|Pedneault, Joel|17|2001|RL|Québec|2018-11-04|Festival provincial par équipe section 3|58.31|560
35|Nyhof, Barstow|17|2001|COBRA|Ontario|2018-12-01|Neptune International (CSPO 25m)|58.33|560
36|Levytskyy, Maksym|17|2000|ESWIM|Ontario|2018-12-14|Ontario Junior International|58.34|559
37|Seto, Lucas|17|2001|DCSC|Nova Scotia|2018-12-15|Age Group Development Meet|58.35|559
38|Tsaiger, Daniel|17|2001|UMAN|Manitoba|2018-12-14|ManSask Championships Short Course Open Championships|58.37|558
39|Bertrand, Louis|17|2001|GO|Ontario|2018-12-14|Ontario Junior International|58.38|558
40|Maksoud, Youssef|17|2000|CASC|Alberta|2018-10-28|Rocky Mountain Cup|58.46|556
41|Hull, Aidan|17|2001|TSC|Ontario|2018-11-04|NYAC Cup|58.47|556
42|Godden, Zachary|17|2001|PCSC|Québec|2018-12-07|Invitation Provinciale AA-AAA Pointe-Claire 2018|58.49|555
43|Hao, Brian|17|2001|SKSC|British Columbia|2018-10-13|PSW Fall Invitational|58.52|554
44|Kranjc, Thomas|17|2001|WDSC|British Columbia|2018-11-04|Odlum Brown Colleges Cup Pacific Hosted by UBC|58.61|552
45|Kim, Joshua|17|2002|LOSC|British Columbia|2019-01-20|Canadian Dolphin New Years Invitational 2019|58.68|550
46|Caux, William|17|2001|CASE|Québec|2018-12-07|Invitation provinciale AA-AAA Noël + Développement 11-12 ans CAMO|58.74|548
47|Czoma, Zsombor|17|2001|GO|Ontario|2018-12-08|Gatineau Grand Prix|58.88|544
48|Loewen, Riley|17|2001|ESWIM|Ontario|2018-12-14|Ontario Junior International|58.93|543
49|Nord, Brandon|17|2001|BKSC|Saskatchewan|2018-12-14|ManSask Championships Short Course Open Championships|59.14|537
49|Kholodovski, Kfir|17|2001|UMAN|Manitoba|2018-12-14|ManSask Championships Short Course Open Championships|59.14|537