RANK|ATHLETES|AGE|YOB|CLUB|PROVINCE|DATE|MEET|TIME|FINA
1|Teasdale, Cameron|17|2001|MS|Ontario|2018-12-16|Ontario Junior International|28.94|664
2|Chiandussi, Luca|17|2001|WEST|Ontario|2019-02-02|2019 Western Region SC Champs|28.96|662
3|Huang, Owen|17|2001|TSC|Ontario|2018-12-16|Ontario Junior International|28.98|661
4|Bulban, Nicholas|17|2001|RHAC|Ontario|2018-12-16|Ontario Junior International|29.16|649
5|Hemeon, Brayden|17|2001|GOLD|Saskatchewan|2018-12-15|ManSask Championships Short Course Open Championships|29.49|627
6|Nyhof, Barstow|17|2001|COBRA|Ontario|2018-12-16|Ontario Junior International|29.58|621
7|Johnsen, Cameron|17|2001|TBT|Ontario|2018-12-08|Youth Cup|29.60|620
8|Machell, Nicolas|17|2001|DUCKS|Ontario|2018-12-16|Ontario Junior International|29.62|619
9|Louis-Seize, Samuel|17|2001|ELITE|Québec|2018-12-16|Ontario Junior International|29.67|616
10|Godden, Zachary|17|2001|PCSC|Québec|2018-12-07|Invitation Provinciale AA-AAA Pointe-Claire 2018|29.68|615
11|Côté-Forest, Ismael|17|2001|CNQ|Québec|2018-11-02|Festival provincial par équipe section 1|29.73|612
12|Feick, Evan|17|2001|TRENT|Ontario|2018-12-16|Ontario Junior International|29.77|610
13|Wang, Lucas|17|2001|WEST|Ontario|2019-02-02|2019 Western Region SC Champs|29.87|604
14|Boily, Nicolas|17|2000|CNQ|Québec|2018-11-02|Festival provincial par équipe section 1|30.00|596
15|Brown, Parker|17|2002|CASC|Alberta|2019-05-11|Fast & Furious Invitational|30.02|595
16|Younes, Alexandre|17|2000|MCGILL|Québec|2018-11-16|Kemp-Fry AUS Invitational|30.11|589
17|Pfeifer, Scott|17|2001|SKSC|British Columbia|2019-01-27|SKSC Winter Fest|30.14|587
18|Wagner, Noah|17|2001|ROD|Saskatchewan|2018-11-10|NCSA Fall Invitational 2018|30.15|587
19|Bourassa, Samuel|17|2001|NN|Québec|2018-12-16|Ontario Junior International|30.29|579
19|Boyd, Thomas|17|2001|SLSC|Ontario|2018-11-10|2018 Age Group International SC|30.29|579
19|Chua, Zachary|17|2001|RHAC|Ontario|2018-12-16|Ontario Junior International|30.29|579
22|Tucker, Declan|17|2001|OTTSC|Ontario|2018-11-02|NYAC Cup|30.33|576
22|Martin, Alexis|17|2001|CNBO|New Brunswick|2019-02-03|NB Open Cup - Coupe NB|30.33|576
24|Carlyle-Locke, Cameron|17|2001|UCRO|Ontario|2019-02-01|2019 Eastern Ontario Regional Championships (SC/LC)|30.41|572
25|Wiersma, Caleb|17|2001|SR|Ontario|2018-11-23|LAC - Nothers Fall Invitational|30.42|571
26|Kilroy, Evan|17|2001|CT33|Ontario|2018-12-16|Ontario Junior International|30.46|569
27|Kelly, Max|17|2001|SJL|Newfoundland|2018-12-07|Invitation Provinciale AA-AAA Pointe-Claire 2018|30.47|569
28|Durocher, Thierry|17|2001|MUST|Québec|2018-12-14|Invitation Provinciale des fêtes avec épreuves Ho! Ho! Eau Libre|30.48|568
29|Rotsaert-Smith, Ethan|17|2001|GHAC|Ontario|2019-02-02|2019 Western Region SC Champs|30.51|566
30|Lanouette, Christophe|17|2001|UCO|Québec|2019-02-08|Comp. Coll. #5 -Vieux-Montréal - Conf. Sud-Ouest|30.62|560
31|Cieplik, Kasper|17|2001|PCSC|Québec|2018-12-07|Invitation Provinciale AA-AAA Pointe-Claire 2018|30.66|558
32|Johnson, Ryan|17|2001|MM|Manitoba|2018-11-17|Bison Sprint IM Invitational|30.69|556
33|Kelly, Jack|17|2001|OSHAC|Ontario|2018-12-07|Invitation Provinciale AA-AAA Pointe-Claire 2018|30.70|556
34|Lacroix, Brandon|17|2001|NG|Québec|2018-10-20|Pentathlon octobre 2018|30.72|555
35|Kells, Brayden|17|2001|SKSC|British Columbia|2018-11-09|2018 Brad Reid Memorial Invitational|30.76|553
36|Konrad, Jaxon|17|2001|GMAC|Ontario|2018-11-02|NYAC Cup|30.79|551
37|Hickey, David|17|2001|LAC|Ontario|2018-10-21|LAC - Fall Startup Part 1|30.80|550
38|Dela Cruz, Jaerrod|17|2001|UMAN|Manitoba|2018-12-15|ManSask Championships Short Course Open Championships|30.82|549
39|Placek, Ethan|17|2001|WS|Ontario|2019-01-19|Winter Invitational|30.83|549
40|Mourinet, Luther|17|2001|NN|Québec|2018-11-02|Festival provincial par équipe section 1|30.87|547
41|Wang, Wayland|17|2001|WSC|British Columbia|2018-12-14|Rapids Fast-Swim Classic|30.91|545
42|Millns, Ricky|17|2001|TRIT|Alberta|2018-12-15|JP Fiset Invitational|30.94|543
43|Steele, James|17|2000|GMAC|Ontario|2018-12-08|Dash for Cash|30.98|541
44|Shiers-Redhead, nate|17|2000|BBST|Ontario|2018-10-21|Kingston Blue Marlins Pentathlon|31.04|538
45|Côté-Tessier, Matis|17|2001|UCSJ|Québec|2019-03-23|Comp. Collégiale - Sud-Ouest - St-Jérome #7|31.05|537
46|Yang, Ray|17|2001|ESWIM|Ontario|2018-10-14|2018 Hall of Fame Meet|31.10|535
47|Savelyev, Pavel|17|2001|ESWIM|Ontario|2019-01-12|2019 Etobicoke A-B Meet|31.13|533
48|Munoz, Mateo|17|2001|KBM|Ontario|2018-12-07|Gatineau Grand Prix|31.14|533
49|CHARETTE, Philippe-Olivier|17|2001|UCRIM|Québec|2018-10-20|Coll. Jonquière #1 - Nord-Est|31.17|531
50|Little, Jonathan|17|2001|SEALS|Manitoba|2018-12-15|ManSask Championships Short Course Open Championships|31.18|531