RANK|AGES|CLUB|TEAM|PROVINCE|DATE|MEET|TIME|FINA
1|17 - 17|Edmonton Keyano Swim Club|EKSC A|Alberta|2018-10-27|Rocky Mountain Cup|1:36.25|632
2|17 - 17|Natation Gatineau|NG A|Québec|2018-11-03|Festival provincial par équipe section 1|1:38.64|587
3|17 - 17|Cascade Swim Club|CASC A|Alberta|2018-10-27|Rocky Mountain Cup|1:42.13|529
4|17 - 17|Prince Rupert Amateur Swim Club|PRASCA|British Columbia|2019-05-11|Northwest Spring Invitational|1:42.15|528
5|17 - 17|Okotoks Mavericks Swim Club|MAVS A|Alberta|2018-11-03|Jack Frost 2018|1:43.88|502
6|17 - 17|Burlington Aquatic Devilrays|BAD A|Ontario|2018-11-24|Alex Baumann Invitational|1:45.88|474
7|17 - 17|West Vancouver Otters|WVOSCB|British Columbia|2018-11-10|2018 Brad Reid Memorial Invitational|1:45.95|473
8|17 - 17|Red Deer Catalina Swim Club|RDCSCA|Alberta|2018-10-27|Cascade Speed Meet|1:47.75|450
9|17 - 17|SUDBURY LAURENTIAN SWIM CLUB|SLSC A|Ontario|2019-02-02|Dave Kensit Memorial SC Championship|1:48.01|447
10|17 - 17|Edmonton Keyano Swim Club|EKSC B|Alberta|2018-10-27|Cascade Speed Meet|1:48.52|440
11|17 - 17|West Vancouver Otters|WVOSCD|British Columbia|2018-10-14|SFU-SFA LMR Swim Meet|1:49.94|424
12|17 - 17|West Vancouver Otters|WVOSCC|British Columbia|2018-10-14|SFU-SFA LMR Swim Meet|1:51.02|411
13|17 - 17|St. James Seals|SEALSA|Manitoba|2018-10-28|Celebrate Swimming Invitational|1:52.35|397
14|17 - 17|Cfb North Bay Thunderbirds|CT33 A|Ontario|2019-02-02|Dave Kensit Memorial SC Championship|1:52.38|397
15|17 - 17|Terrace Blueback Swim Club|TBSC A|British Columbia|2019-01-26|Rio Tinto Northern Lights|1:54.09|379
16|17 - 17|Cfb North Bay Thunderbirds|CT33 B|Ontario|2019-02-02|Dave Kensit Memorial SC Championship|1:54.20|378
17|17 - 17|Cégep de Trois-Rivières|UCTR A|Québec|2018-10-20|Coll. Jonquière #1 - Nord-Est|1:54.50|375
18|17 - 17|Bulkley Valley Otters|BVOSCA|British Columbia|2019-01-26|Rio Tinto Northern Lights|1:55.04|370
19|17 - 17|Collingwood Clippers Swim Club|CCSC B|Ontario|2019-02-03|2019 Huronia SC Regional Championships|1:55.15|369
20|17 - 17|Prince Rupert Amateur Swim Club|PRASCB|British Columbia|2019-01-26|Rio Tinto Northern Lights|1:56.25|358
21|17 - 17|Cégep Marie-Victorin|UCMV A|Québec|2018-11-16|Collégial#2 - Bois-de-Boulogne - Conf. Sud-Ouest|1:57.57|346
22|17 - 17|Cfb North Bay Thunderbirds|CT33 C|Ontario|2019-01-20|NEOR 3|1:58.37|339
23|17 - 17|Halifax Trojan Aquatic Club|HTAC A|Nova Scotia|2019-01-13|AA Age Group Development Meet Two|2:03.71|297
24|17 - 17|Port Hawkesbury Antigonish Swim Team|PHASTA|Nova Scotia|2019-02-16|AA Winter Champs|2:04.35|293
25|17 - 17|Brock University Swim Club|BADGRD|Ontario|2018-10-14|Badger Invitational One|2:04.84|289
26|17 - 17|Summerside Dolphin Swim Club|SDSC A|Prince-Edward-Island|2018-12-15|9th Annual Elf Extravaganza|2:06.95|275
27|17 - 17|Port Aux Basques Piranhas|PABP B|Newfoundland|2019-03-02|Last Chance For Champs Provincial Invitational|2:08.67|264
28|17 - 17|Corner Brook Rapids Swimclub|CBSC A|Newfoundland|2019-03-02|Last Chance For Champs Provincial Invitational|2:29.12|169