RANK|ATHLETES|AGE|YOB|CLUB|PROVINCE|DATE|MEET|TIME|FINA
1|Baker, Justin|17|2001|NYAC|Ontario|2018-12-15|Ontario Junior International|23.02|681
2|Smith, Everett|17|2001|SLSC|Ontario|2018-12-15|Ontario Junior International|23.15|670
3|Knox, Finlay|17|2001|MAVS|Alberta|2018-10-20|Fall Challenge|23.22|664
4|Saarloos, Artemios|17|2001|MSSAC|Ontario|2018-12-15|Ontario Junior International|23.24|662
5|Fauteux, Nicholas|17|2001|MSSAC|Ontario|2018-12-02|Neptune International (CSPO 25m)|23.39|649
6|Somerset, Sebastian|17|2001|CASC|Alberta|2018-12-15|Ontario Junior International|23.40|649
7|Côté-Forest, Ismael|17|2001|CNQ|Québec|2018-12-07|Défi Nez-Rouge 2018|23.41|648
8|Bracho, Canek|17|2001|CW|Ontario|2018-12-07|Invitation Provinciale AA-AAA Pointe-Claire 2018|23.45|644
9|Zheng, Allen|17|2001|GSH|Ontario|2018-12-15|Ontario Junior International|23.54|637
10|Yang, Ray|17|2001|ESWIM|Ontario|2018-12-22|2018 Trillium Cup|23.56|635
10|Wang, Colin|17|2001|MSSAC|Ontario|2018-12-02|Neptune International (CSPO 25m)|23.56|635
12|Baker, Reilly|17|2001|NYAC|Ontario|2018-12-15|Ontario Junior International|23.58|634
13|Godden, Zachary|17|2001|PCSC|Québec|2018-11-04|Festival provincial par équipe section 1|23.65|628
14|Przyswitt, Kier|17|2001|EKSC|Alberta|2018-12-16|JP Fiset Invitational|23.69|625
15|Lacroix, Brandon|17|2001|NG|Québec|2018-12-08|Gatineau Grand Prix|23.72|623
16|Boucher, Charles-Antoine|17|2002|GAMIN|Québec|2019-06-08|BBQ groupe d'âge 2019|23.84|613
17|Blair, Sterlyng|17|2001|EKSC|Alberta|2018-12-14|JP Fiset Invitational|23.89|609
18|Placek, Ethan|17|2001|WS|Ontario|2018-12-15|Ontario Junior International|23.90|609
19|Bertrand, Louis|17|2001|GO|Ontario|2018-12-15|Ontario Junior International|23.99|602
20|Witwicki, Andrew|17|2001|SEALS|Manitoba|2018-12-14|ManSask Championships Short Course Open Championships|24.00|601
21|Huang, Owen|17|2001|TSC|Ontario|2018-10-20|Downtown Sprint Meet|24.01|600
22|Wall, Tyler|17|2001|KISU|British Columbia|2018-10-14|KISU Triple Pentathlon 2018|24.02|600
23|Boyd, Thomas|17|2001|SLSC|Ontario|2018-12-15|Ontario Junior International|24.05|597
24|Tejada, Gabriel|17|2001|OTTSC|Ontario|2018-12-08|Gatineau Grand Prix|24.10|594
25|Wang, Charles|17|2001|UCSC|Alberta|2019-06-21|UCSC Team Champs|24.11|593
26|Johnsen, Cameron|17|2001|TBT|Ontario|2018-11-03|NYAC Cup|24.14|591
27|Oswald, Brendan|17|2002|WAC|Ontario|2019-05-18|WAC Cup 2|24.16|589
28|brooks, noah|17|2001|BBST|Ontario|2018-12-15|Ontario Junior International|24.22|585
29|Nyhof, Barstow|17|2001|COBRA|Ontario|2018-12-02|Neptune International (CSPO 25m)|24.23|584
29|Belkhelladi, Yanis|17|2001|ELITE|Québec|2018-12-15|Ontario Junior International|24.23|584
31|Cheung, Martin|17|2001|WEST|Ontario|2018-12-15|Team Showdown 2018|24.26|582
32|Tan, Tim|17|2001|HANEY|British Columbia|2019-01-27|SKSC Winter Fest|24.27|581
33|Lanouette, Christophe|17|2001|UCO|Québec|2019-02-08|Ontario Junior International|24.28|580
34|Chiandussi, Luca|17|2001|WEST|Ontario|2018-12-14|Team Showdown 2018|24.29|580
34|Hilkewich, Nicholas|17|2001|WVOSC|British Columbia|2018-12-14|ManSask Championships Short Course Open Championships|24.29|580
34|Levytskyy, Maksym|17|2000|ESWIM|Ontario|2018-12-22|2018 Trillium Cup|24.29|580
37|McRae, Ryley|17|2000|TRUW|British Columbia|2018-12-15|26th Annual MJB Law Classic SCM|24.32|578
38|Kennedy, Nicholas|17|2002|UCSC|Alberta|2019-07-13|UCSC Western Finale|24.41|571
38|Versluys, Nathan|17|2001|EKSC|Alberta|2019-01-20|Blue Bears 2019|24.41|571
40|Czoma, Zsombor|17|2001|GO|Ontario|2018-12-08|Gatineau Grand Prix|24.42|571
40|Chan, Ethan|17|2001|RAPID|British Columbia|2018-11-10|ISC 2018 Bennett Cup|24.42|571
42|Beyak, Sam|17|2001|ISC|British Columbia|2018-12-07|Invitation Provinciale AA-AAA Pointe-Claire 2018|24.43|570
42|Wagner, Noah|17|2001|ROD|Saskatchewan|2018-11-24|Goldfins Invitational|24.43|570
42|Brough, Mitchell|17|2001|ROD|Saskatchewan|2018-12-14|ManSask Championships Short Course Open Championships|24.43|570
45|Loewen, Riley|17|2001|ESWIM|Ontario|2018-11-10|2018 Age Group International SC|24.44|569
46|McKervill, Padric|17|2000|UVIC|British Columbia|2018-11-10|ISC 2018 Bennett Cup|24.45|568
46|Martel, Hugo|17|2001|TORP|Québec|2018-11-04|Festival provincial par équipe section 3|24.45|568
48|Hull, Aidan|17|2001|TSC|Ontario|2018-11-03|NYAC Cup|24.46|568
49|Maksoud, Youssef|17|2000|CASC|Alberta|2018-10-27|Rocky Mountain Cup|24.48|566
50|Wang, Lucas|17|2001|WEST|Ontario|2018-12-15|Team Showdown 2018|24.49|566