RANK|ATHLETES|AGE|YOB|CLUB|PROVINCE|DATE|MEET|TIME|FINA
1|Knox, Finlay|17|2001|MAVS|Alberta|2018-12-15|Ontario Junior International|2:10.86|779
2|Huang, Owen|17|2001|TSC|Ontario|2018-12-15|Ontario Junior International|2:14.38|719
3|Nyhof, Barstow|17|2001|COBRA|Ontario|2018-12-15|Ontario Junior International|2:15.77|698
4|Bulban, Nicholas|17|2001|RHAC|Ontario|2018-12-15|Ontario Junior International|2:16.48|687
5|Hickey, David|17|2001|LAC|Ontario|2018-12-15|Ontario Junior International|2:17.15|677
6|Tucker, Declan|17|2001|OTTSC|Ontario|2018-12-15|Ontario Junior International|2:18.35|659
7|Chua, Zachary|17|2001|RHAC|Ontario|2018-11-11|2018 Age Group International SC|2:18.98|650
8|Côté-Forest, Ismael|17|2001|CNQ|Québec|2018-11-04|Festival provincial par équipe section 1|2:19.80|639
9|Hemeon, Brayden|17|2001|GOLD|Saskatchewan|2018-12-14|ManSask Championships Short Course Open Championships|2:20.53|629
10|Kim, Joshua|17|2002|LOSC|British Columbia|2019-01-20|Canadian Dolphin New Years Invitational 2019|2:20.55|629
11|Iapicco, Aidan|17|2001|BROCK|Ontario|2018-11-24|LAC - Nothers Fall Invitational|2:20.81|625
12|Johnsen, Cameron|17|2001|TBT|Ontario|2018-11-02|NYAC Cup|2:21.12|621
13|Versluys, Nathan|17|2001|EKSC|Alberta|2019-01-20|Blue Bears 2019|2:23.13|595
14|Savelyev, Pavel|17|2001|ESWIM|Ontario|2018-11-11|2018 Age Group International SC|2:23.14|595
15|Wagner, Noah|17|2001|ROD|Saskatchewan|2019-01-19|Winter Invitational|2:23.90|586
16|Boily, Nicolas|17|2000|CNQ|Québec|2018-11-04|Festival provincial par équipe section 1|2:24.15|583
17|Yang, Ray|17|2001|ESWIM|Ontario|2018-12-21|2018 Trillium Cup|2:24.70|576
18|Kilroy, Evan|17|2001|CT33|Ontario|2018-12-15|Ontario Junior International|2:24.71|576
19|Feick, Evan|17|2001|TRENT|Ontario|2018-12-15|Ontario Junior International|2:25.07|572
20|Rotsaert-Smith, Ethan|17|2001|GHAC|Ontario|2019-02-02|2019 Western Region SC Champs|2:25.11|571
21|Durocher, Elliot|17|2002|BLUE|Québec|2019-05-19|Invitation Provinciale Dollard-Des-Ormeaux en 25 M|2:25.21|570
22|Wiersma, Caleb|17|2001|SR|Ontario|2018-11-24|LAC - Nothers Fall Invitational|2:25.40|568
23|Cieplik, Kasper|17|2001|PCSC|Québec|2018-12-08|Invitation Provinciale AA-AAA Pointe-Claire 2018|2:25.48|567
24|Chiandussi, Luca|17|2001|WEST|Ontario|2018-11-09|Swim International 2018|2:25.56|566
25|Machell, Nicolas|17|2001|DUCKS|Ontario|2018-12-15|Ontario Junior International|2:26.09|560
26|Clavelle, Matthew|17|2001|ISC|British Columbia|2018-12-08|Invitation Provinciale AA-AAA Pointe-Claire 2018|2:26.69|553
27|Carlyle-Locke, Cameron|17|2001|UCRO|Ontario|2019-02-02|2019 Eastern Ontario Regional Championships (SC/LC)|2:27.53|544
28|Côté-Tessier, Matis|17|2001|NN|Québec|2018-11-30|Neptune International (CSPO 25m)|2:27.61|543
29|Konrad, Jaxon|17|2001|GMAC|Ontario|2018-11-02|NYAC Cup|2:27.62|543
30|Boyd, Thomas|17|2001|SLSC|Ontario|2019-02-02|Dave Kensit Memorial SC Championship|2:27.63|542
31|Wang, Wayland|17|2001|WSC|British Columbia|2018-12-16|Rapids Fast-Swim Classic|2:28.05|538
32|Millns, Ricky|17|2001|TRIT|Alberta|2018-12-16|JP Fiset Invitational|2:28.35|535
33|Gagnon, Vincent|17|2001|PCSC|Québec|2018-12-08|Invitation Provinciale AA-AAA Pointe-Claire 2018|2:28.47|533
33|Castle, Oliver|17|2001|DST|British Columbia|2019-01-26|Vancouver Island Regional SC Championships|2:28.47|533
35|Sabatini, Nicola|17|2001|CHENA|British Columbia|2018-11-11|2018 Brad Reid Memorial Invitational|2:28.67|531
36|Kennedy, Julian|17|2001|NYAC|Ontario|2018-12-15|Ontario Junior International|2:28.98|528
36|Munoz, Mateo|17|2001|KBM|Ontario|2018-12-07|Gatineau Grand Prix|2:28.98|528
38|Hussey, Patrick|17|2001|PCSC|Québec|2018-11-04|Festival provincial par équipe section 1|2:29.17|526
39|Nolan, Quinn|17|2001|MS|Ontario|2019-02-02|2019 Western Region SC Champs|2:29.56|522
40|Little, Jonathan|17|2001|SEALS|Manitoba|2018-12-14|ManSask Championships Short Course Open Championships|2:30.02|517
41|Mourinet, Luther|17|2001|NN|Québec|2018-12-08|Invitation Provinciale AA-AAA Pointe-Claire 2018|2:30.03|517
42|Louis-Seize, Samuel|17|2001|ELITE|Québec|2018-10-21|Invitation de l'automne Neptune (CSPO 25m)|2:30.30|514
43|Terejko, Josiah|17|2002|WRMS|Ontario|2019-05-05|Aqua 7 Finals|2:30.57|511
44|brooks, noah|17|2001|BBST|Ontario|2018-11-25|BYST Fall Invitational|2:30.74|510
45|Blackburn, Jacob|17|2001|CPWD|Ontario|2018-12-07|Gatineau Grand Prix|2:30.88|508
46|Steele, James|17|2000|GMAC|Ontario|2018-11-24|LAC - Nothers Fall Invitational|2:31.18|505
47|Kelly, Max|17|2001|SJL|Newfoundland|2018-12-08|Invitation Provinciale AA-AAA Pointe-Claire 2018|2:31.22|505
48|Edwards, Hughie|17|2001|CATS|Ontario|2019-02-01|2019 Huronia SC Regional Championships|2:31.76|499
49|Tudosa, Dragos|17|2001|HYACK|British Columbia|2018-11-11|2018 Brad Reid Memorial Invitational|2:32.06|496
50|Nord, Brandon|17|2001|BKSC|Saskatchewan|2018-12-14|ManSask Championships Short Course Open Championships|2:32.34|494