RANK|ATHLETES|AGE|YOB|CLUB|PROVINCE|DATE|MEET|TIME|FINA
1|Singh, Sehajvir|17|2001|HYACK|British Columbia|2018-12-15|Ontario Junior International|3:52.22|763
2|Bertrand, Louis|17|2001|GO|Ontario|2018-12-15|Ontario Junior International|3:54.84|738
3|Versluys, Nathan|17|2001|EKSC|Alberta|2019-01-19|Blue Bears 2019|3:56.18|725
4|McRae, Ryley|17|2000|TRUW|British Columbia|2018-12-15|26th Annual MJB Law Classic SCM|3:57.50|713
5|Hussey, Patrick|17|2001|PCSC|Québec|2018-12-08|Invitation Provinciale AA-AAA Pointe-Claire 2018|3:58.12|708
6|Rodgers, Lucas|17|2001|NKB|Ontario|2018-12-15|Ontario Junior International|3:58.28|706
7|Dommann, Raben|17|2001|CHENA|British Columbia|2018-12-16|Rapids Fast-Swim Classic|3:58.81|702
8|Przyswitt, Kier|17|2001|EKSC|Alberta|2019-01-19|Blue Bears 2019|3:59.67|694
9|Loewen, Riley|17|2001|ESWIM|Ontario|2018-12-15|Ontario Junior International|3:59.71|694
10|Tucker, Finn|17|2001|OTTSC|Ontario|2018-12-15|Ontario Junior International|3:59.98|691
11|Pimentel, Xavier|17|2001|NG|Québec|2018-12-15|Ontario Junior International|4:00.82|684
12|Riess, Casey|17|2001|EKSC|Alberta|2018-12-16|JP Fiset Invitational|4:01.23|681
13|Antifaoff, Micheal|17|2000|UOFA|Alberta|2018-11-03|Odlum Brown Colleges Cup Pacific Hosted by UBC|4:01.60|678
14|Rambo, Jacob|17|2002|UVPCS|British Columbia|2019-08-03|Mid-Summer Madness|4:02.00|674
15|Dimitrov, Martin|17|2000|UBCT|British Columbia|2018-11-25|Canada West Championships 2018|4:02.03|674
16|Brajuka, Matthew|17|2001|ESWIM|Ontario|2018-12-15|Ontario Junior International|4:03.20|664
17|Roy, Liam|17|2001|PCSC|Québec|2018-12-15|Ontario Junior International|4:04.14|657
18|Iapicco, Aidan|17|2001|BROCK|Ontario|2018-12-14|Team Showdown 2018|4:04.58|653
19|Kim, Joshua|17|2002|LOSC|British Columbia|2019-01-20|Canadian Dolphin New Years Invitational 2019|4:04.65|652
20|McLeod, Lorne|17|2001|PCSC|Québec|2018-12-15|Ontario Junior International|4:06.35|639
21|Wagner, Noah|17|2001|ROD|Saskatchewan|2018-11-09|NCSA Fall Invitational 2018|4:06.85|635
22|Smith, Everett|17|2001|UT|Ontario|2018-11-25|OUA Fairweather Division Championships 2018|4:07.23|632
23|Cyr Bouchard, Antoine|17|2001|NG|Québec|2018-11-02|Festival provincial par équipe section 1|4:07.88|627
24|Gagne, Collyn|17|2000|SFU|British Columbia|2018-10-20|2018 OCTOBER SENIOR CIRCUIT|4:08.12|625
25|Zhang, Eric|17|2001|RHAC|Ontario|2018-12-15|Ontario Junior International|4:08.24|625
26|Wall, Tyler|17|2001|KISU|British Columbia|2018-11-24|Distance week 400 Free Time Trial|4:08.49|623
27|Olson, Carter|17|2001|HAC|Ontario|2019-01-26|Joanne Malar|4:08.55|622
28|Gauthier, Alexandre|17|2001|CNQ|Québec|2018-12-08|Défi Nez-Rouge 2018|4:09.54|615
29|Arden, Raine|17|2000|UOFL|Alberta|2018-10-26|UofC Duel Meet|4:09.56|615
30|Beauséjour, Thomas|17|2001|CAMO|Québec|2018-12-10|Invitation provinciale AA-AAA Noël + Développement 11-12 ans CAMO|4:10.34|609
31|Maksoud, Youssef|17|2000|CASC|Alberta|2018-10-27|Rocky Mountain Cup|4:10.79|606
32|Hickey, David|17|2001|LAC|Ontario|2019-02-02|2019 Western Region SC Champs|4:10.94|605
33|brooks, noah|17|2001|BBST|Ontario|2018-11-23|BYST Fall Invitational|4:10.99|604
34|Gutierrez, Juan Antonio|17|2002|UVPCS|British Columbia|2019-08-03|Mid-Summer Madness|4:11.55|600
35|Jansen, Ruben|17|2001|BAD|Ontario|2019-02-02|2019 Western Region SC Champs|4:11.85|598
36|Duranleau, Ludovic|17|2001|SAMAK|Québec|2018-12-08|Invitation Provinciale AA-AAA Pointe-Claire 2018|4:12.28|595
37|Chan, Darian|17|2001|EKSC|Alberta|2018-12-16|JP Fiset Invitational|4:12.36|594
38|Antonen, Eric|17|2001|TSC|Ontario|2018-12-15|Ontario Junior International|4:12.68|592
39|Savelyev, Pavel|17|2001|ESWIM|Ontario|2018-11-11|2018 Age Group International SC|4:13.16|589
40|Lahmadi, Adam|17|2001|MSSAC|Ontario|2018-12-02|Neptune International (CSPO 25m)|4:13.43|587
41|Leguia, Arturo|17|2001|VAC|Ontario|2018-12-07|Vaughan Aquatic Club 30th Annual Roy Jacobson Inv 2018|4:13.61|586
42|Geoffroy, Mathieu|17|2001|PCSC|Québec|2018-12-08|Invitation Provinciale AA-AAA Pointe-Claire 2018|4:13.86|584
43|Lord, Guillaume|17|2000|MUST|Québec|2018-10-20|Invitation de l'automne Neptune (CSPO 25m)|4:13.98|583
44|Witwicki, Andrew|17|2001|SEALS|Manitoba|2018-12-01|Last Chance for Man/Sask|4:14.09|582
45|Lang, Matthew|17|2001|EKSC|Alberta|2018-12-16|JP Fiset Invitational|4:14.99|576
46|Leclerc, Hayden|17|2001|NCSA|Alberta|2018-12-14|ManSask Championships Short Course Open Championships|4:15.25|574
47|Chan, Ethan|17|2001|RAPID|British Columbia|2018-12-07|Rapids TT #1|4:15.59|572
48|Wang, Charles|17|2001|UCSC|Alberta|2019-02-01|UCSC Grand Prix|4:16.05|569
49|Crawford, Matthew|17|2001|RAPID|British Columbia|2018-11-11|ISC 2018 Bennett Cup|4:16.83|564
50|Brough, Mitchell|17|2001|ROD|Saskatchewan|2018-11-24|Goldfins Invitational|4:17.05|562