RANK|ATHLETES|AGE|YOB|CLUB|PROVINCE|DATE|MEET|TIME|FINA
1|Knox, Finlay|17|2001|MAVS|Alberta|2018-12-15|Ontario Junior International|52.78|796
2|Somerset, Sebastian|17|2001|CASC|Alberta|2018-12-15|Ontario Junior International|53.73|754
3|Hickey, David|17|2001|LAC|Ontario|2018-12-15|Ontario Junior International|55.17|697
4|Castillo, Sebastian|17|2001|UCSC|Alberta|2018-12-16|Ontario Junior International|55.38|689
5|Saarloos, Artemios|17|2001|MSSAC|Ontario|2018-12-15|Ontario Junior International|55.49|685
6|Wittmann, Matthew|17|2001|RHAC|Ontario|2018-12-16|Ontario Junior International|56.68|642
7|Bourassa, Samuel|17|2001|NN|Québec|2018-11-04|Festival provincial par équipe section 1|56.84|637
8|Smyth, Conor|17|2001|AAC|Ontario|2018-12-15|Ontario Junior International|56.91|635
9|Wall, Tyler|17|2001|KISU|British Columbia|2018-10-12|KISU Triple Pentathlon 2018|57.14|627
10|Brough, Mitchell|17|2001|ROD|Saskatchewan|2018-12-14|ManSask Championships Short Course Open Championships|57.15|627
11|Crawford, Matthew|17|2001|RAPID|British Columbia|2018-12-15|Ontario Junior International|57.39|619
12|Yang, Ray|17|2001|ESWIM|Ontario|2018-12-21|2018 Trillium Cup|57.42|618
13|Boyd, Thomas|17|2001|SLSC|Ontario|2018-12-15|Ontario Junior International|57.73|608
14|Fauteux, Nicholas|17|2001|MSSAC|Ontario|2018-12-15|Ontario Junior International|57.96|601
15|Levytskyy, Maksym|17|2000|ESWIM|Ontario|2018-12-16|Ontario Junior International|57.99|600
16|LABRIE, Alex|17|2001|RIKI|Québec|2018-11-11|Festival provincial par équipe section 2|58.05|598
17|Pfeifer, Scott|17|2001|SKSC|British Columbia|2019-01-27|SKSC Winter Fest|58.08|597
18|Hilkewich, Nicholas|17|2001|WVOSC|British Columbia|2019-01-18|Canadian Dolphin New Years Invitational 2019|58.11|596
19|McKervill, Padric|17|2000|UVIC|British Columbia|2018-11-03|Odlum Brown Colleges Cup Pacific Hosted by UBC|58.12|596
20|Gagne, Collyn|17|2000|SFU|British Columbia|2018-11-03|Odlum Brown Colleges Cup Pacific Hosted by UBC|58.17|594
21|Hull, Aidan|17|2001|TSC|Ontario|2018-12-15|Ontario Junior International|58.19|594
22|Wang, Charles|17|2001|UCSC|Alberta|2018-12-16|JP Fiset Invitational|58.38|588
23|Basler, Elijah|17|2001|EKSC|Alberta|2019-01-20|Blue Bears 2019|58.62|581
24|Ketelaars, Kail|17|2001|EKSC|Alberta|2018-12-16|JP Fiset Invitational|58.63|580
25|brooks, noah|17|2001|BBST|Ontario|2018-11-24|BYST Fall Invitational|58.91|572
26|Steele, James|17|2000|GMAC|Ontario|2018-11-03|NYAC Cup|58.93|572
27|Bracho, Canek|17|2001|CW|Ontario|2018-12-07|Invitation Provinciale AA-AAA Pointe-Claire 2018|58.95|571
28|Maxwell, Cameron|17|2001|OTTER|Ontario|2018-12-15|Ontario Junior International|58.99|570
29|Holt, Benjamin|17|2001|HHBF|Ontario|2018-12-15|Ontario Junior International|59.03|569
30|Castle, Oliver|17|2001|DST|British Columbia|2019-01-26|Vancouver Island Regional SC Championships|59.15|565
31|Carlyle-Locke, Cameron|17|2001|UCRO|Ontario|2019-02-01|2019 Eastern Ontario Regional Championships (SC/LC)|59.16|565
32|Lacroix, Brandon|17|2001|NG|Québec|2018-12-07|Gatineau Grand Prix|59.23|563
33|Lau, Alvin|17|2001|MST~|Ontario|2019-06-05|Mallards June In House Competition|59.27|562
34|Huang, Owen|17|2001|TSC|Ontario|2018-10-19|Downtown Sprint Meet|59.47|556
35|Lim, Dmitriy|17|2000|UBCT|British Columbia|2018-10-20|2018 OCTOBER SENIOR CIRCUIT|59.49|556
36|Wagner, Noah|17|2001|ROD|Saskatchewan|2018-11-10|NCSA Fall Invitational 2018|59.60|552
37|Kennedy, Julian|17|2001|NYAC|Ontario|2018-12-15|Ontario Junior International|59.61|552
37|Roy, Liam|17|2001|PCSC|Québec|2018-12-15|Ontario Junior International|59.61|552
39|Nyhof, Barstow|17|2001|COBRA|Ontario|2018-11-30|Neptune International (CSPO 25m)|59.62|552
40|Wang, Lucas|17|2001|WEST|Ontario|2018-12-15|Team Showdown 2018|59.63|552
41|Al-Shareef, Ali|17|2002|UCSC|Alberta|2019-07-14|UCSC Western Finale|59.75|548
42|Antifaoff, Micheal|17|2000|UOFA|Alberta|2018-11-03|Odlum Brown Colleges Cup Pacific Hosted by UBC|59.76|548
42|Wang, Byron|17|2001|SKSC|British Columbia|2019-06-08|Knights June Jamboree 2019|59.76|548
44|Somov, Alex|17|2000|SLSC|Ontario|2018-12-02|2018 Barrie Trojan Cup|59.82|546
45|Bertrand, Louis|17|2001|GO|Ontario|2019-02-01|2019 Eastern Ontario Regional Championships (SC/LC)|59.87|545
46|Kreuzer, Ethan|17|2001|CSLA|Québec|2018-12-08|Invitation provinciale des fêtes CSLA|59.88|545
47|Chouinard, Arnaud|17|2001|CNQ|Québec|2018-12-08|Défi Nez-Rouge 2018|1:00.03|541
48|Tudosa, Dragos|17|2001|HYACK|British Columbia|2018-11-11|2018 Brad Reid Memorial Invitational|1:00.09|539
49|Geoffroy, Mathieu|17|2001|PCSC|Québec|2018-12-15|Ontario Junior International|1:00.10|539
50|Blair, Sterlyng|17|2001|EKSC|Alberta|2019-01-20|Blue Bears 2019|1:00.13|538