RANK|ATHLETES|AGE|YOB|CLUB|PROVINCE|DATE|MEET|TIME|FINA
1|Pimentel, Xavier|17|2001|NG|Québec|2018-12-16|Ontario Junior International|15:44.50|723
2|Singh, Sehajvir|17|2001|HYACK|British Columbia|2018-12-16|Ontario Junior International|15:45.25|722
3|McRae, Ryley|17|2000|TRUW|British Columbia|2018-12-14|26th Annual MJB Law Classic SCM|15:48.60|714
4|Dommann, Raben|17|2001|CHENA|British Columbia|2018-12-14|Rapids Fast-Swim Classic|15:48.92|713
5|Riess, Casey|17|2001|EKSC|Alberta|2018-12-13|JP Fiset Invitational|15:49.07|713
6|Tucker, Finn|17|2001|OTTSC|Ontario|2018-12-16|Ontario Junior International|15:54.72|700
7|Hussey, Patrick|17|2001|PCSC|Québec|2018-12-16|Ontario Junior International|15:58.13|693
8|Brajuka, Matthew|17|2001|ESWIM|Ontario|2018-11-08|2018 Age Group International SC|16:01.16|686
9|Versluys, Nathan|17|2001|EKSC|Alberta|2018-12-13|JP Fiset Invitational|16:03.88|681
10|Dimitrov, Martin|17|2000|UBCT|British Columbia|2018-11-04|Odlum Brown Colleges Cup Pacific Hosted by UBC|16:06.06|676
11|Gagne, Collyn|17|2000|SFU|British Columbia|2018-11-04|Odlum Brown Colleges Cup Pacific Hosted by UBC|16:08.54|671
12|Wagner, Noah|17|2001|ROD|Saskatchewan|2019-01-20|Winter Invitational|16:13.63|660
13|Olson, Carter|17|2001|HAC|Ontario|2018-12-16|Ontario Junior International|16:17.45|653
14|McLeod, Lorne|17|2001|PCSC|Québec|2018-12-16|Ontario Junior International|16:17.63|652
15|Loewen, Riley|17|2001|ESWIM|Ontario|2019-01-11|2019 Etobicoke A-B Meet|16:20.33|647
16|Steele, James|17|2000|GMAC|Ontario|2018-11-04|NYAC Cup|16:29.35|629
17|Bertrand, Louis|17|2001|GO|Ontario|2018-11-23|Alex Baumann Invitational|16:36.30|616
18|Jansen, Ruben|17|2001|BAD|Ontario|2018-12-06|Invitation Provinciale AA-AAA Pointe-Claire 2018|16:37.24|615
19|Lang, Matthew|17|2001|EKSC|Alberta|2019-01-18|Blue Bears 2019|16:39.81|610
20|Beauséjour, Thomas|17|2001|CAMO|Québec|2018-11-04|Festival provincial par équipe section 1|16:44.26|602
21|Leguia, Arturo|17|2001|VAC|Ontario|2018-11-17|VAC2018 - 400-800-1500 Free & 200-400 IM Time Trial|16:44.34|602
22|Iapicco, Aidan|17|2001|BROCK|Ontario|2018-12-16|Team Showdown 2018|16:45.17|600
23|Chan, Darian|17|2001|EKSC|Alberta|2018-12-13|JP Fiset Invitational|16:45.78|599
24|Rodgers, Lucas|17|2001|NKB|Ontario|2019-02-03|2019 Eastern Ontario Regional Championships (SC/LC)|16:47.45|596
25|Sabatini, Nicola|17|2001|CHENA|British Columbia|2019-01-27|Chena Distance Meet 2019|16:47.64|596
26|Marchand, Antoine|17|2001|CAMO|Québec|2018-12-08|Invitation provinciale AA-AAA Noël + Développement 11-12 ans CAMO|16:52.83|587
27|Boyd, Thomas|17|2001|SLSC|Ontario|2019-02-01|Dave Kensit Memorial SC Championship|16:56.28|581
28|Whitaker, Tyler|17|2001|CP|Alberta|2018-12-13|JP Fiset Invitational|16:59.38|575
29|Broadway, Benjamin|17|2001|NKB|Ontario|2018-11-08|2018 Age Group International SC|17:01.50|572
30|Lopaschuk, Logan|17|2001|RDCSC|Alberta|2018-12-13|JP Fiset Invitational|17:01.78|571
31|Milne, Bryan|17|2001|HYACK|British Columbia|2018-12-14|Rapids Fast-Swim Classic|17:02.39|570
32|Phee, Dylan|17|2001|GO|Ontario|2018-11-23|Alex Baumann Invitational|17:04.68|566
33|Leclerc, Hayden|17|2001|NCSA|Alberta|2018-12-13|ManSask Championships Short Course Open Championships|17:04.70|566
34|Duguay, Antoine|17|2001|CNQ|Québec|2018-11-04|Festival provincial par équipe section 1|17:05.17|566
35|Savelyev, Pavel|17|2001|ESWIM|Ontario|2019-01-11|2019 Etobicoke A-B Meet|17:11.70|555
36|Brundage, Emmett|17|2001|KBM|Ontario|2019-02-03|2019 Eastern Ontario Regional Championships (SC/LC)|17:12.75|553
37|Pedneault, Joel|17|2001|RL|Québec|2018-11-30|Invitation provinciale 2018|17:18.23|545
38|Duranleau, Ludovic|17|2001|SAMAK|Québec|2018-11-11|Festival provincial par équipe section 2|17:19.14|543
39|Geoffroy, Mathieu|17|2001|PCSC|Québec|2018-11-04|Festival provincial par équipe section 1|17:21.39|540
40|Chua, Zachary|17|2001|RHAC|Ontario|2019-02-07|Central Region B Champs 2019|17:22.67|538
41|Cameron, Benjamin|17|2001|CW|Ontario|2019-01-31|2019 Western Region SC Champs|17:23.21|537
42|Wang, Alan|17|2001|SKSC|British Columbia|2018-10-19|SKSC Distance Time Trial #1|17:23.67|536
43|Wang, Wayland|17|2001|WSC|British Columbia|2018-11-10|2018 Brad Reid Memorial Invitational|17:26.16|532
44|Glor, Braeden|17|2001|MANTA|Manitoba|2018-11-15|November 15 2018 Time Trial|17:34.29|520
45|Kim, Daniel|17|2001|HAC|Ontario|2018-11-08|2018 Age Group International SC|17:37.73|515
46|Parker, Taylor|17|2001|BKSC|Saskatchewan|2018-12-13|ManSask Championships Short Course Open Championships|17:38.92|513
47|Holt, Benjamin|17|2001|HHBF|Ontario|2019-02-07|Central Region B Champs 2019|17:39.34|513
48|Johnsen, Cameron|17|2001|TBT|Ontario|2018-11-04|NYAC Cup|17:39.65|512
49|Crawford, Ethan|17|2001|UCRO|Ontario|2019-02-03|2019 Eastern Ontario Regional Championships (SC/LC)|17:40.34|511
50|Franes, Kobi|17|2001|PRASC|British Columbia|2018-12-08|Prince Rupert Invitational Swim Meet|17:40.35|511