RANK|ATHLETES|AGE|YOB|CLUB|PROVINCE|DATE|MEET|TIME|FINA
1|Knox, Finlay|17|2001|MAVS|Alberta|2018-10-27|Rocky Mountain Cup|54.89|788
2|Hickey, David|17|2001|LAC|Ontario|2018-10-21|LAC - Fall Startup Part 2|59.36|623
3|Wang, Charles|17|2001|UCSC|Alberta|2019-06-21|UCSC Team Champs|59.60|615
4|Wagner, Noah|17|2001|ROD|Saskatchewan|2018-11-11|NCSA Fall Invitational 2018|59.65|614
5|Côté, Jonathan|17|2002|UL|Québec|2019-05-04|Invitation du Printemps|59.74|611
6|brooks, noah|17|2001|BBST|Ontario|2019-05-15|BYST In House Competition|1:00.13|599
6|Wall, Tyler|17|2001|KISU|British Columbia|2018-10-14|KISU Triple Pentathlon 2018|1:00.13|599
8|Côté-Forest, Ismael|17|2001|CNQ|Québec|2019-05-04|Invitation du Printemps|1:00.23|596
9|Bouma, Adam|17|2002|BBST|Ontario|2019-05-15|BYST In House Competition|1:00.28|595
10|Bourassa, Samuel|17|2001|NN|Québec|2018-12-01|Neptune International (CSPO 25m)|1:00.35|593
11|Lanouette, Christophe|17|2001|UCO|Québec|2018-11-16|Collégial#2 - Bois-de-Boulogne - Conf. Sud-Ouest|1:00.44|590
12|Steele, James|17|2000|GMAC|Ontario|2018-10-21|No Pain No Gain|1:00.49|589
13|Kennedy, Nicholas|17|2002|UCSC|Alberta|2019-03-08|UCSC Team Champs|1:00.83|579
14|Versluys, Nathan|17|2001|EKSC|Alberta|2018-10-27|Rocky Mountain Cup|1:00.89|577
15|Wang, Colin|17|2001|MSSAC|Ontario|2018-12-01|Neptune International (CSPO 25m)|1:00.98|575
16|McKervill, Padric|17|2000|UVIC|British Columbia|2018-11-03|Odlum Brown Colleges Cup Pacific Hosted by UBC|1:01.20|568
17|Bailey, Michael|17|2001|NYAC|Ontario|2018-12-07|Youth Cup|1:01.47|561
18|Hébert, Félix|17|2002|CNQ|Québec|2019-05-04|Invitation du Printemps|1:01.54|559
19|Daley, Ethan|17|2001|NYAC|Ontario|2018-12-07|Youth Cup|1:01.58|558
19|LABRIE, Alex|17|2001|UCRIM|Québec|2018-11-24|Collégiale#2 - Victoriaville - Conf. Nord-Ouest|1:01.58|558
21|Czoma, Zsombor|17|2001|GO|Ontario|2018-10-13|GO Kingfish Blue and Orange Pentathlon|1:01.67|555
22|Dela Cruz, Jaerrod|17|2001|UMAN|Manitoba|2018-10-28|Celebrate Swimming Invitational|1:01.87|550
23|DeGraaf, Quinn|17|2002|WAC|Ontario|2019-05-18|WAC Cup 2|1:02.31|539
24|Kennedy, Julian|17|2001|NYAC|Ontario|2018-12-07|Youth Cup|1:02.36|537
25|Kranjc, Thomas|17|2001|WDSC|British Columbia|2019-01-20|Canadian Dolphin New Years Invitational 2019|1:02.40|536
26|Dommann, Raben|17|2001|CHENA|British Columbia|2018-10-20|2018 OCTOBER SENIOR CIRCUIT|1:02.42|536
27|Witwicki, Andrew|17|2001|SEALS|Manitoba|2018-11-17|Bison Sprint IM Invitational|1:02.58|532
27|Holt, Benjamin|17|2001|HHBF|Ontario|2018-10-13|MMST Dash for Cash|1:02.58|532
29|Baker, Justin|17|2001|NYAC|Ontario|2018-12-07|Youth Cup|1:02.80|526
30|Alexander, Thomas|17|2001|LASC|Alberta|2018-11-18|Skin Technologies Marlin Marquee Invitational|1:02.89|524
31|Nord, Brandon|17|2001|BKSC|Saskatchewan|2019-03-23|Lasers Class II Time Trial|1:02.91|523
32|Dolan, Zachary|17|2001|PRASC|British Columbia|2019-05-10|Northwest Regional Championship|1:03.09|519
33|Van Riet Paap, Owen|17|2001|GMAC|Ontario|2019-05-11|Rally for Regionals|1:03.13|518
33|Ketelaars, Kail|17|2001|EKSC|Alberta|2018-10-27|Rocky Mountain Cup|1:03.13|518
35|Gilpin, Jacob|17|2001|EBSC|Ontario|2018-10-21|Kingston Blue Marlins Pentathlon|1:03.18|517
36|Maksoud, Youssef|17|2000|CASC|Alberta|2018-10-20|UCSC Fall Start Up|1:03.27|514
37|Broadway, Benjamin|17|2001|NKB|Ontario|2018-12-01|Neptune International (CSPO 25m)|1:03.28|514
38|Bertrand, Louis|17|2001|GO|Ontario|2018-10-13|GO Kingfish Blue and Orange Pentathlon|1:03.32|513
39|Edwards, Hughie|17|2001|CATS|Ontario|2019-01-06|University of Guelph - Club Invitational|1:03.35|512
39|MacDonald, Matthew|17|2001|KAJ|British Columbia|2018-11-17|2018 KAJ Fall Classic|1:03.35|512
41|Kelly, Jack|17|2001|OSHAC|Ontario|2019-01-20|PICK Winter Swim Fest 2019|1:03.70|504
42|Nadeau, Lambert|17|2001|SAMAK|Québec|2018-11-17|Open Sprint SAMAK 2018|1:03.82|501
43|CHARETTE, Philippe-Olivier|17|2001|UCRIM|Québec|2018-11-24|Collégiale#2 - Victoriaville - Conf. Nord-Ouest|1:03.92|499
44|Duranleau, Ludovic|17|2001|SAMAK|Québec|2018-12-01|Neptune International (CSPO 25m)|1:03.95|498
45|Shiers-Redhead, nate|17|2000|BBST|Ontario|2018-10-21|Kingston Blue Marlins Pentathlon|1:04.04|496
46|Castle, Oliver|17|2001|DST|British Columbia|2018-10-14|Sharks Thanksgiving Challenge|1:04.06|496
47|Saarloos, Artemios|17|2001|MSSAC|Ontario|2018-10-14|Blue and Orange|1:04.12|494
48|Valentine, Justin|17|2001|RDCSC|Alberta|2018-11-18|KSC SC Invitational 2018|1:04.19|493
49|Harris, Logan|17|2001|OTT|Québec|2018-10-13|GO Kingfish Blue and Orange Pentathlon|1:04.39|488
50|CARON-HUG, Killian|17|2001|UCRIM|Québec|2018-10-20|Coll. Jonquière #1 - Nord-Est|1:04.49|486