RANK|ATHLETES|AGE|YOB|CLUB|PROVINCE|DATE|MEET|TIME|FINA
1|Chen, Amber|12|2005|MAC|Ontario|2018-12-08|Gatineau Grand Prix|1:14.27|591
2|West, Mia|12|2006|SEALS|Manitoba|2018-12-01|Last Chance for Man/Sask|1:14.86|578
3|Kovaluk, Alexia|12|2005|NN|Québec|2018-11-03|Festival provincial par équipe section 1|1:15.81|556
4|Brousseau, Julie|12|2006|SWOTT|Ontario|2018-12-01|Invitation provinciale 2018|1:16.45|542
5|McIntosh, Summer|12|2006|ESWIM|Ontario|2018-12-22|2018 Trillium Cup|1:16.66|538
6|Johns, Chloe|12|2006|MJKFF|Saskatchewan|2018-12-16|ManSask Championships Short Course Open Championships|1:17.24|526
7|O'Regan, Bailey|12|2006|ESWIM|Ontario|2018-11-09|2018 Age Group International SC|1:17.28|525
8|Ho, Antonia|12|2005|NKB|Ontario|2018-12-02|Neptune International (CSPO 25m)|1:17.45|521
9|Merrell, Natalie|12|2006|AAC|Ontario|2019-01-20|Audi Midtown Toronto Winter Classic-SC 12 & U (TPASC)|1:18.03|510
10|Angove, Sienna|12|2006|KCS|British Columbia|2019-06-22|SUMMER AGE GROUP CHAMPIONSHIPS|1:18.09|509
11|Lu, Grace|12|2006|OYO|Ontario|2019-02-17|2019 Ontario Winter Festival Championships|1:18.74|496
12|Harder, Sienna|12|2006|LOSC|British Columbia|2019-06-22|SUMMER AGE GROUP CHAMPIONSHIPS|1:18.84|494
13|Knox, Gabrielle|12|2006|WLBF|British Columbia|2019-02-23|Winter Age Group Championships|1:19.18|488
14|Day, Nathalie|12|2006|CDSC|British Columbia|2019-06-22|SUMMER AGE GROUP CHAMPIONSHIPS|1:19.33|485
15|Crane, Kailee|12|2006|EKSC|Alberta|2019-01-19|Blue Bears 2019|1:19.47|483
16|Di, Mello|12|2006|ISC|British Columbia|2019-06-22|SUMMER AGE GROUP CHAMPIONSHIPS|1:19.58|481
17|O'Leary, Niamh|12|2006|LAC|Ontario|2019-02-17|2019 Ontario Winter Festival Championships|1:19.62|480
18|Ling, Yolanda|12|2006|HYACK|British Columbia|2019-07-27|SKSC Summer Fest|1:19.66|479
19|Ko, Ashley|12|2006|HYACK|British Columbia|2019-02-23|Winter Age Group Championships|1:19.81|477
20|Mensah, Gianna|12|2006|HTAC|Nova Scotia|2018-12-15|Age Group Development Meet|1:19.82|476
21|Russell, Madison|12|2006|BTSC|Ontario|2018-12-01|2018 Barrie Trojan Cup|1:19.96|474
22|Longtin, Aurora|12|2006|UCRO|Ontario|2019-02-17|2019 Ontario Winter Festival Championships|1:20.22|469
23|Dobry, Montana|12|2005|NCSA|Alberta|2018-10-26|Cascade Speed Meet|1:20.40|466
24|Barbosa, Isavella|12|2006|WVOSC|British Columbia|2019-07-27|SKSC Summer Fest|1:20.51|464
25|Lee, Sophia|12|2006|BORC|Ontario|2018-11-09|2018 Age Group International SC|1:20.59|463
26|Thomson, Ava|12|2006|MANTA|Manitoba|2018-12-16|ManSask Championships Short Course Open Championships|1:20.81|459
27|Burnett, Sydney|12|2006|ESWIM|Ontario|2019-02-17|2019 Ontario Winter Festival Championships|1:20.86|458
28|Vertue, Chloe|12|2007|PGB|British Columbia|2019-06-22|SUMMER AGE GROUP CHAMPIONSHIPS|1:20.98|456
29|Cescon, Emily|12|2006|TSC|Ontario|2019-02-17|2019 Ontario Winter Festival Championships|1:21.04|455
29|Tran, Bao Ngoc Sophia|12|2005|OAK|Ontario|2018-11-25|LAC - Nothers Fall Invitational|1:21.04|455
31|Gouttin, Amelie|12|2006|LASC|Alberta|2018-12-14|JP Fiset Invitational|1:21.05|455
32|Audet, Vanessa|12|2007|CNQ|Québec|2019-06-16|Championnat provincial 11-12 ans et Paranatation d'été|1:21.10|454
33|Kilger, Lydia|12|2006|CSL|Ontario|2019-02-03|2019 Eastern Ontario Regional Championships (SC/LC)|1:21.22|452
34|Lising, Maya|12|2006|TSC|Ontario|2018-12-09|Youth Cup|1:21.27|451
35|Yazedjian, Elsa|12|2007|CDNDG|Québec|2019-06-16|Championnat provincial 11-12 ans et Paranatation d'été|1:21.28|451
36|Cos, Isabelle|12|2006|TORCH|Ontario|2019-01-20|Audi Midtown Toronto Winter Classic-SC 12 & U (TPASC)|1:21.37|450
37|Leu, Mackenzie|12|2005|ROW|Ontario|2018-11-04|NYAC Cup|1:21.57|446
38|Diorio, Fia|12|2006|CT33|Ontario|2019-04-27|2019 Ontario Team Challenge|1:21.59|446
39|Belgica, Madison|12|2006|LOSC|British Columbia|2019-03-16|DSSC March LMR Meet|1:21.63|445
40|Anderson, Grace|12|2006|BAD|Ontario|2019-02-17|2019 Ontario Winter Festival Championships|1:21.64|445
41|Kolytchev, Valentina|12|2006|SFNV|British Columbia|2019-06-22|SUMMER AGE GROUP CHAMPIONSHIPS|1:21.71|444
42|LASALLE, KAYLEE|12|2006|KAP|Ontario|2019-04-27|2019 Ontario Team Challenge|1:21.74|444
43|Cannings, Kamryn|12|2005|UCSC|Alberta|2018-10-26|Cascade Speed Meet|1:21.76|443
44|Ma, Emily|12|2006|MAC|Ontario|2018-12-08|Gatineau Grand Prix|1:21.82|442
45|Avey, Brooklyn|12|2006|CP|Alberta|2019-05-12|Fast & Furious Invitational|1:21.86|442
46|Er, Melissa|12|2006|BORC|Ontario|2019-04-27|2019 Ontario Team Challenge|1:21.90|441
46|Cloutier, Laura|12|2006|MY|Québec|2019-06-16|Championnat provincial 11-12 ans et Paranatation d'été|1:21.90|441
48|Rupert, Annika|12|2006|UVPCS|British Columbia|2019-06-22|SUMMER AGE GROUP CHAMPIONSHIPS|1:21.95|440
49|Zander, Olivia|12|2006|MSSAC|Ontario|2019-02-17|2019 Ontario Winter Festival Championships|1:22.02|439
50|Gray, Sara|12|2006|KAJ|British Columbia|2019-06-22|SUMMER AGE GROUP CHAMPIONSHIPS|1:22.05|439