RANK|AGES|CLUB|TEAM|PROVINCE|DATE|MEET|TIME|FINA
1|12 - 12|Fredericton Aquanauts Swim Team|FAST A|New Brunswick|2019-04-28|Ellen Waters Memorial Meet|10:38.34|357
2|12 - 12|Fredericton Aquanauts Swim Team|FAST C|New Brunswick|2019-01-19|Distance Qualifier 2019|11:01.07|321
3|12 - 12|Codiac Vikings Aquatic Club|CVAC B|New Brunswick|2019-04-28|Ellen Waters Memorial Meet|11:27.19|286
4|12 - 12|Fredericton Aquanauts Swim Team|FAST D|New Brunswick|2019-01-19|Distance Qualifier 2019|11:46.69|263
5|12 - 12|Fredericton Aquanauts Swim Team|FAST F|New Brunswick|2019-01-19|Distance Qualifier 2019|12:37.33|213