RANK|ATHLETES|AGE|YOB|CLUB|PROVINCE|DATE|MEET|TIME|FINA
1|Merrell, Natalie|12|2006|AAC|Ontario|2019-01-19|Audi Midtown Toronto Winter Classic-SC 12 & U (TPASC)|1:04.39|624
2|McIntosh, Summer|12|2006|ESWIM|Ontario|2018-12-21|2018 Trillium Cup|1:04.65|616
3|Borromeo, Natascha|12|2006|WVOSC|British Columbia|2019-01-18|Canadian Dolphin New Years Invitational 2019|1:05.84|583
4|Lee, Sophia|12|2006|BORC|Ontario|2019-02-16|2019 Ontario Winter Festival Championships|1:05.98|580
5|Vertue, Jordan|12|2006|PGB|British Columbia|2019-02-22|Winter Age Group Championships|1:06.20|574
6|Sava, Helen Anne|12|2005|RAMAC|Ontario|2018-10-14|2018 Hall of Fame Meet|1:06.28|572
7|Sheng, Jessica|12|2006|MAC|Ontario|2018-11-03|NYAC Cup|1:07.04|553
8|West, Mia|12|2006|SEALS|Manitoba|2018-12-14|ManSask Championships Short Course Open Championships|1:07.64|538
9|Grewal, Simrit|12|2006|COBRA|Ontario|2019-03-02|COBRA Power|1:08.28|523
10|Evans, Emma|12|2006|SPART|British Columbia|2019-06-21|SUMMER AGE GROUP CHAMPIONSHIPS|1:08.40|520
11|Rupert, Bridget|12|2006|UVPCS|British Columbia|2019-08-03|Mid-Summer Madness|1:08.82|511
12|Craig, Kiah|12|2006|ISC|British Columbia|2019-06-21|SUMMER AGE GROUP CHAMPIONSHIPS|1:08.83|511
13|Milot, Camille|12|2006|CAFA|Québec|2018-11-11|Festival provincial par équipe section 5 - Ouest|1:08.86|510
14|Greber, Jordan|12|2006|GPP|Alberta|2018-12-16|JP Fiset Invitational|1:08.91|509
15|Day, Nathalie|12|2006|CDSC|British Columbia|2019-06-21|SUMMER AGE GROUP CHAMPIONSHIPS|1:09.21|502
16|LASALLE, KAYLEE|12|2006|KAP|Ontario|2019-02-16|2019 Ontario Winter Festival Championships|1:09.42|498
17|Brousseau, Julie|12|2006|SWOTT|Ontario|2018-10-27|SWOTT Team October Invitational|1:09.43|497
18|Chen, Amber|12|2005|MAC|Ontario|2018-11-03|NYAC Cup|1:09.58|494
19|Scott, Keira|12|2006|ESWIM|Ontario|2019-02-16|2019 Ontario Winter Festival Championships|1:09.86|488
20|Soetaert, Leah|12|2005|EVDSC|British Columbia|2018-11-18|KSC SC Invitational 2018|1:09.95|486
21|Béasse, Gabrielle|12|2007|CAMO|Québec|2019-06-16|Championnat provincial 11-12 ans et Paranatation d'été|1:09.96|486
21|Belgica, Madison|12|2006|LOSC|British Columbia|2019-06-21|SUMMER AGE GROUP CHAMPIONSHIPS|1:09.96|486
23|Ruthven, Olivia|12|2005|CHENA|British Columbia|2018-11-11|2018 Brad Reid Memorial Invitational|1:09.99|486
24|O'Regan, Bailey|12|2006|ESWIM|Ontario|2018-12-21|2018 Trillium Cup|1:10.02|485
25|Michaud, Rose|12|2006|CASE|Québec|2019-06-16|Championnat provincial 11-12 ans et Paranatation d'été|1:10.10|483
26|McGrath, Rebecca|12|2006|PCSC|Québec|2019-02-17|Championnat provincial 11-12 ans et Paranatation - Hiver|1:10.20|481
27|Mitchell, Piper|12|2006|CCSC|Ontario|2019-02-01|2019 Huronia SC Regional Championships|1:10.21|481
28|Fack, Leilani|12|2006|PSW|British Columbia|2019-02-22|Winter Age Group Championships|1:10.30|479
29|Michaud, Maélie|12|2006|ELITE|Québec|2019-06-16|Championnat provincial 11-12 ans et Paranatation d'été|1:10.39|477
30|Yazedjian, Elsa|12|2007|CDNDG|Québec|2019-06-16|Championnat provincial 11-12 ans et Paranatation d'été|1:10.52|475
31|Perkins, Ava|12|2006|EKSC|Alberta|2019-01-20|Blue Bears 2019|1:10.60|473
32|Avey, Brooklyn|12|2006|CP|Alberta|2018-12-16|JP Fiset Invitational|1:10.81|469
33|Montrichard, Halayna|12|2006|HAC|Ontario|2018-11-10|Swim International 2018|1:10.86|468
34|Thebarge, Jessica|12|2006|NG|Québec|2019-02-17|Championnat provincial 11-12 ans et Paranatation - Hiver|1:10.91|467
35|Stewart, Sydney|12|2006|UCSC|Alberta|2019-07-14|UCSC Western Finale|1:10.99|465
36|Cosgriffe, Katie|12|2006|BAD|Ontario|2018-12-15|Team Showdown 2018|1:11.12|463
37|Slee, Maya|12|2006|FMSC|Alberta|2018-12-16|JP Fiset Invitational|1:11.15|462
38|Elinesky, Isabella|12|2006|LSC|Ontario|2018-12-07|Dash for Cash|1:11.17|462
39|Walters, Jenna|12|2006|GMAC|Ontario|2019-02-16|2019 Ontario Winter Festival Championships|1:11.29|459
40|Williams, Reka|12|2005|CHENA|British Columbia|2018-10-27|VPSC Fall Invitational|1:11.31|459
41|Ladd, Mia Catelyn|12|2006|GO|Ontario|2018-11-24|Alex Baumann Invitational|1:11.40|457
42|Ho, Antonia|12|2005|NKB|Ontario|2018-12-01|Neptune International (CSPO 25m)|1:11.42|457
43|Zhang, Ruitong|12|2006|VPSC|British Columbia|2018-12-16|JP Fiset Invitational|1:11.49|456
44|Vertue, Chloe|12|2007|PGB|British Columbia|2019-06-21|SUMMER AGE GROUP CHAMPIONSHIPS|1:11.55|454
45|Grecoff, Isabelle|12|2006|CAEM|Québec|2019-02-17|Championnat provincial 11-12 ans et Paranatation - Hiver|1:11.56|454
46|Limniatis, Teresa|12|2006|TSC|Ontario|2018-12-07|Border City Invitational|1:11.67|452
47|Mensah, Gianna|12|2006|HTAC|Nova Scotia|2018-12-16|Age Group Development Meet|1:11.82|449
48|Yu, Emily|12|2005|TSC|Ontario|2018-11-03|NYAC Cup|1:11.85|449
49|Angove, Sienna|12|2006|KCS|British Columbia|2019-06-21|SUMMER AGE GROUP CHAMPIONSHIPS|1:11.87|448
50|Johns, Chloe|12|2006|MJKFF|Saskatchewan|2018-12-14|ManSask Championships Short Course Open Championships|1:11.97|447