RANK|ATHLETES|AGE|YOB|CLUB|PROVINCE|DATE|MEET|TIME|FINA
1|McIntosh, Summer|12|2006|ESWIM|Ontario|2018-11-09|2018 Age Group International SC|2:18.03|650
2|Fack, Leilani|12|2006|PSW|British Columbia|2019-06-23|SUMMER AGE GROUP CHAMPIONSHIPS|2:22.92|586
3|Yao, Angel|12|2006|WSC|British Columbia|2018-12-14|Rapids Fast-Swim Classic|2:26.42|545
4|Wheeler, Bronwen|12|2007|SPART|British Columbia|2019-06-23|SUMMER AGE GROUP CHAMPIONSHIPS|2:27.90|528
5|Nguyen, Rachel|12|2006|ESWIM|Ontario|2018-12-21|2018 Trillium Cup|2:29.13|515
6|Vertue, Jordan|12|2006|PGB|British Columbia|2018-11-16|2018 PGBSC Medical Northern Invitational|2:29.17|515
7|Cannings, Kamryn|12|2005|UCSC|Alberta|2018-12-14|JP Fiset Invitational|2:29.21|515
8|Zhang, Ruitong|12|2006|VPSC|British Columbia|2019-02-24|Winter Age Group Championships|2:29.38|513
9|Bennett, Aryka|12|2006|SPART|British Columbia|2019-06-23|SUMMER AGE GROUP CHAMPIONSHIPS|2:29.98|507
10|Merrell, Natalie|12|2006|AAC|Ontario|2019-02-09|Central Region B Champs 2019|2:32.12|486
11|Matteis, Kaidance|12|2006|CYPS|Ontario|2019-02-17|2019 Ontario Winter Festival Championships|2:32.28|484
12|Strojnowska, Julia|12|2006|CDSC|British Columbia|2019-06-23|SUMMER AGE GROUP CHAMPIONSHIPS|2:32.31|484
13|Masic, Ema|12|2005|ESWIM|Ontario|2018-11-09|2018 Age Group International SC|2:33.10|476
14|Bleakney, Lila|12|2006|GGST|Ontario|2018-12-08|Gatineau Grand Prix|2:33.50|473
15|Saldana Riebeling, Maria|12|2006|CDSC|British Columbia|2019-02-24|Winter Age Group Championships|2:34.62|462
16|Yazedjian, Elsa|12|2007|CDNDG|Québec|2019-06-15|Championnat provincial 11-12 ans et Paranatation d'été|2:36.18|449
17|Mills, Syrah|12|2007|GCAC|Ontario|2019-04-27|2019 Ontario Team Challenge|2:36.25|448
18|Stewart, Sydney|12|2006|UCSC|Alberta|2019-02-01|UCSC Grand Prix|2:36.50|446
19|Stein-Blumberg, Mia|12|2006|TSC|Ontario|2019-05-25|TSC Time Trial|2:36.84|443
20|Massey, Ashlyn|12|2006|PCSC|Québec|2019-02-15|Championnat provincial 11-12 ans et Paranatation - Hiver|2:37.29|439
21|Er, Melissa|12|2006|BORC|Ontario|2019-04-27|2019 Ontario Team Challenge|2:37.81|435
22|Blythe, Jenna|12|2006|CHENA|British Columbia|2018-12-14|Rapids Fast-Swim Classic|2:37.91|434
23|Brousseau, Julie|12|2006|SWOTT|Ontario|2018-12-08|Gatineau Grand Prix|2:37.96|434
24|Vistal, Mandy Joan|12|2007|CDNDG|Québec|2019-06-15|Championnat provincial 11-12 ans et Paranatation d'été|2:38.20|432
25|Toderel, Sierra|12|2006|MSSAC|Ontario|2018-11-30|Neptune International (CSPO 25m)|2:38.66|428
26|Francis, Olivia|12|2005|TSC|Ontario|2018-11-03|NYAC Cup|2:38.92|426
27|O'Regan, Bailey|12|2006|ESWIM|Ontario|2018-12-21|2018 Trillium Cup|2:38.93|426
28|Cos, Isabelle|12|2006|TORCH|Ontario|2019-02-17|2019 Ontario Winter Festival Championships|2:39.23|423
29|Ko, Ashley|12|2006|HYACK|British Columbia|2019-06-08|Knights June Jamboree 2019|2:39.30|423
30|Michaud, Maélie|12|2006|ELITE|Québec|2019-06-15|Championnat provincial 11-12 ans et Paranatation d'été|2:39.85|418
31|Davis, Katrina|12|2006|LASC|Alberta|2019-01-25|Mint Smartwash Winter Classic|2:39.87|418
32|Milot, Camille|12|2006|CAFA|Québec|2018-12-15|Intraclub CAFA 2018|2:40.33|415
33|Mensah, Gianna|12|2006|HTAC|Nova Scotia|2018-12-14|Age Group Development Meet|2:40.73|412
34|Unger, Zoe|12|2006|SPART|British Columbia|2019-06-23|SUMMER AGE GROUP CHAMPIONSHIPS|2:41.46|406
35|Nicols, Jasmine|12|2006|MSSAC|Ontario|2019-02-17|2019 Ontario Winter Festival Championships|2:41.50|406
36|Schultz, Anwyn|12|2006|GCAC|Ontario|2019-02-17|2019 Ontario Winter Festival Championships|2:41.82|403
37|Dupont, Maria|12|2006|CNQ|Québec|2019-02-15|Championnat provincial 11-12 ans et Paranatation - Hiver|2:41.98|402
38|Mitchell, Piper|12|2006|CCSC|Ontario|2019-02-17|2019 Ontario Winter Festival Championships|2:42.08|401
39|Belgica, Madison|12|2006|LOSC|British Columbia|2019-06-23|SUMMER AGE GROUP CHAMPIONSHIPS|2:42.40|399
40|Moffitt, Emma|12|2006|NKB|Ontario|2019-02-17|2019 Ontario Winter Festival Championships|2:42.53|398
41|Hawes, Imogen|12|2007|UVPCS|British Columbia|2019-06-23|SUMMER AGE GROUP CHAMPIONSHIPS|2:42.75|396
42|O'Leary, Niamh|12|2006|LAC|Ontario|2019-01-20|LAC - 12 and Under Celebration|2:43.14|394
43|Slee, Maya|12|2006|FMSC|Alberta|2018-12-14|JP Fiset Invitational|2:43.43|392
44|Bailey, Peyton|12|2006|WLBF|British Columbia|2018-12-14|26th Annual MJB Law Classic SCM|2:43.64|390
45|Fudge, Rylee|12|2006|OTTER|Ontario|2019-02-17|2019 Ontario Winter Festival Championships|2:43.84|389
46|Forest, Sahara|12|2006|CDSC|British Columbia|2019-06-23|SUMMER AGE GROUP CHAMPIONSHIPS|2:43.89|388
47|Aristanto, Clara|12|2005|APEX|Ontario|2018-11-03|NYAC Cup|2:44.09|387
48|Harcarufka, Jayne|12|2006|WAC|Ontario|2019-01-19|WAC Cup 1|2:44.18|386
49|Rupert, Bridget|12|2006|UVPCS|British Columbia|2019-08-03|Mid-Summer Madness|2:44.26|386
50|Galbraith, Hayley|12|2006|GO|Ontario|2019-02-02|2019 Eastern Ontario Regional Championships (SC/LC)|2:44.32|385