RANK|ATHLETES|AGE|YOB|CLUB|PROVINCE|DATE|MEET|TIME|FINA
1|McIntosh, Summer|12|2006|ESWIM|Ontario|2019-01-13|2019 Etobicoke A-B Meet|2:15.93|674
2|Vertue, Jordan|12|2006|PGB|British Columbia|2019-02-24|Winter Age Group Championships|2:17.74|648
3|Merrell, Natalie|12|2006|AAC|Ontario|2019-01-20|Audi Midtown Toronto Winter Classic-SC 12 & U (TPASC)|2:21.64|596
4|Lee, Sophia|12|2006|BORC|Ontario|2019-02-17|2019 Ontario Winter Festival Championships|2:23.25|576
5|Craig, Kiah|12|2006|ISC|British Columbia|2019-06-23|SUMMER AGE GROUP CHAMPIONSHIPS|2:23.64|571
6|Greber, Jordan|12|2006|GPP|Alberta|2018-12-15|JP Fiset Invitational|2:24.20|565
7|Sheng, Jessica|12|2006|MAC|Ontario|2019-02-17|2019 Ontario Winter Festival Championships