RANK|ATHLETES|AGE|YOB|CLUB|PROVINCE|DATE|MEET|TIME|FINA
1|Lee, Sophia|12|2006|BORC|Ontario|2018-12-10|Invitation provinciale AA-AAA Noël + Développement 11-12 ans CAMO|26.66|662
2|Sheng, Jessica|12|2006|MAC|Ontario|2018-12-07|Gatineau Grand Prix|27.13|628
3|Merrell, Natalie|12|2006|AAC|Ontario|2019-02-16|2019 Ontario Winter Festival Championships|27.14|627
4|Fack, Leilani|12|2006|PSW|British Columbia|2019-06-23|SUMMER AGE GROUP CHAMPIONSHIPS|27.31|616
5|West, Mia|12|2006|SEALS|Manitoba|2018-12-14|ManSask Championships Short Course Open Championships|27.44|607
6|Yao, Angel|12|2006|WSC|British Columbia|2018-12-16|Rapids Fast-Swim Classic|27.45|606
7|Brousseau, Julie|12|2006|SWOTT|Ontario|2018-12-07|Gatineau Grand Prix|27.52|602
8|Massey, Ashlyn|12|2006|PCSC|Québec|2019-02-15|Championnat provincial 11-12 ans et Paranatation - Hiver|27.64|594
9|McIntosh, Summer|12|2006|ESWIM|Ontario|2018-12-21|2018 Trillium Cup|27.87|579
10|Kovaluk, Alexia|12|2005|NN|Québec|2018-11-04|Festival provincial par équipe section 1|27.88|579
11|Béasse, Gabrielle|12|2007|CAMO|Québec|2019-06-15|Championnat provincial 11-12 ans et Paranatation d'été|27.93|576
12|Rupert, Bridget|12|2006|UVPCS|British Columbia|2019-08-04|Mid-Summer Madness|28.11|565
13|Smith, Rachel|12|2006|MMST|Ontario|2019-02-16|2019 Ontario Winter Festival Championships|28.24|557
14|Audet, Vanessa|12|2007|CNQ|Québec|2019-06-15|Championnat provincial 11-12 ans et Paranatation d'été|28.25|556
15|Ko, Ashley|12|2006|HYACK|British Columbia|2019-06-23|SUMMER AGE GROUP CHAMPIONSHIPS|28.26|556
16|Sava, Helen Anne|12|2005|RAMAC|Ontario|2018-10-13|2018 Hall of Fame Meet|28.29|554
17|Frederick, Aryn|12|2005|MAC|Ontario|2018-10-14|MAC Fall Fest Invitational|28.31|553
18|Harrington, Ava|12|2006|CBACW|Alberta|2018-12-16|JP Fiset Invitational|28.32|552
19|Hu, Yueyi|12|2006|RHAC|Ontario|2019-02-16|2019 Ontario Winter Festival Championships|28.34|551
20|Knox, Gabrielle|12|2006|WLBF|British Columbia|2019-02-24|Winter Age Group Championships|28.37|549
21|Walters, Jenna|12|2006|GMAC|Ontario|2019-01-19|LAC - 12 and Under Celebration|28.43|546
22|Strojnowska, Julia|12|2006|CDSC|British Columbia|2019-06-23|SUMMER AGE GROUP CHAMPIONSHIPS|28.44|545
23|Nicols, Jasmine|12|2006|MSSAC|Ontario|2019-02-16|2019 Ontario Winter Festival Championships|28.52|541
24|Zhang, Yolanda|12|2005|SKSC|British Columbia|2018-11-10|2018 Brad Reid Memorial Invitational|28.57|538
25|Loon, Payton|12|2006|EKSC|Alberta|2018-12-16|JP Fiset Invitational|28.62|535
26|Jou, Emily|12|2006|GATOR|British Columbia|2019-02-24|Winter Age Group Championships|28.63|534
27|Marshall, Isabel|12|2006|BAD|Ontario|2019-02-16|2019 Ontario Winter Festival Championships|28.65|533
28|Blythe, Jenna|12|2006|CHENA|British Columbia|2018-11-10|2018 Brad Reid Memorial Invitational|28.66|533
29|Yu, Emily|12|2005|TSC|Ontario|2018-11-03|NYAC Cup|28.68|532
29|Vertue, Jordan|12|2006|PGB|British Columbia|2018-11-18|2018 PGBSC Medical Northern Invitational|28.68|532
31|Vistal, Mandy Joan|12|2007|CDNDG|Québec|2019-06-15|Championnat provincial 11-12 ans et Paranatation d'été|28.74|528
32|Avey, Brooklyn|12|2006|CP|Alberta|2019-05-12|Fast & Furious Invitational|28.76|527
32|Milot, Camille|12|2006|CAFA|Québec|2018-10-13|ARENA Challenge Automne 2018|28.76|527
34|Tian, Amy|12|2006|HAC|Ontario|2019-02-16|2019 Ontario Winter Festival Championships|28.77|527
35|Grewal, Simrit|12|2006|COBRA|Ontario|2019-02-16|2019 Ontario Winter Festival Championships|28.87|521
36|Cannings, Kamryn|12|2005|UCSC|Alberta|2018-12-14|JP Fiset Invitational|28.91|519
37|Milson, Sierra|12|2006|AAC|Ontario|2019-01-19|Audi Midtown Toronto Winter Classic-SC 12 & U (TPASC)|28.92|518
37|Ho, Antonia|12|2005|NKB|Ontario|2018-12-01|Neptune International (CSPO 25m)|28.92|518
39|Soetaert, Leah|12|2005|EVDSC|British Columbia|2018-11-18|KSC SC Invitational 2018|28.93|518
40|Stewart, Sydney|12|2006|UCSC|Alberta|2019-07-13|UCSC Western Finale|28.97|516
41|Loseth, Angel|12|2006|VKSC|British Columbia|2019-06-23|SUMMER AGE GROUP CHAMPIONSHIPS|28.99|515
42|Tatic, Charla|12|2006|WAC|Ontario|2019-02-16|2019 Ontario Winter Festival Championships|29.00|514
43|Evans, Emma|12|2006|SPART|British Columbia|2019-06-23|SUMMER AGE GROUP CHAMPIONSHIPS|29.02|513
43|Borromeo, Natascha|12|2006|WVOSC|British Columbia|2018-12-08|16th Annual XMAS Cracker Invitational|29.02|513
45|O'Regan, Bailey|12|2006|ESWIM|Ontario|2018-12-22|2018 Trillium Cup|29.06|511
46|Rosarion, Maia|12|2006|CDSC|British Columbia|2019-01-20|Canadian Dolphin New Years Invitational 2019|29.09|509
47|Mensah, Gianna|12|2006|HTAC|Nova Scotia|2018-12-15|Age Group Development Meet|29.10|509
48|Williams, Sadie|12|2006|COMOX|British Columbia|2019-06-23|SUMMER AGE GROUP CHAMPIONSHIPS|29.12|508
48|Stein-Blumberg, Mia|12|2006|TSC|Ontario|2019-02-16|2019 Ontario Winter Festival Championships|29.12|508
48|Frederiksen, Mia|12|2006|LSC|Ontario|2019-04-26|2019 Ontario Team Challenge|29.12|508