RANK|AGES|CLUB|TEAM|PROVINCE|DATE|MEET|TIME|FINA
1|12 - 12|Hyack Swim Club|HYACKA|British Columbia|2018-12-14|Winter Age Group Championships|2:00.90|623
2|12 - 12|Canadian Dolphin Swim Club|CDSC A|British Columbia|2018-11-04|Winter Age Group Championships|2:02.27|602
3|12 - 12|West Vancouver Otters|WVOSCC|British Columbia|2018-10-13|SFU-SFA LMR Swim Meet|2:06.37|545
4|12 - 12|West Vancouver Otters|WVOSCA|British Columbia|2018-11-09|Winter Age Group Championships|2:06.71|541
5|12 - 12|Island Swimming Club|ISC A|British Columbia|2019-02-24|Winter Age Group Championships|2:06.95|538
6|12 - 12|Chena Swim Club|CHENAA|British Columbia|2018-11-09|Rapids Fast-Swim Classic|2:09.68|505
7|12 - 12|University Of Calgary Swim Club|UCSC A|Alberta|2018-12-15|JP Fiset Invitational|2:11.13|488
7|12 - 12|Wayland Swim Club|WSC A|British Columbia|2019-01-18|Winter Age Group Championships|2:11.13|488
9|12 - 12|Chinook Swim Club|CHIN A|British Columbia|2019-03-16|DSSC March LMR Meet|2:11.92|479
10|12 - 12|Windsor Aquatic Club|WAC A|Ontario|2019-05-18|WAC Cup 2|2:12.19|476
11|12 - 12|Hyack Swim Club|HYACKC|British Columbia|2019-02-24|Winter Age Group Championships|2:12.68|471
12|12 - 12|Burlington Aquatic Devilrays|BAD A|Ontario|2018-11-04|Alex Baumann Invitational|2:13.14|466
13|12 - 12|Edmonton Keyano Swim Club|EKSC A|Alberta|2018-12-07|16th Annual XMAS Cracker Invitational|2:13.40|463
14|12 - 12|Killarney Gators|GATORA|British Columbia|2019-02-22|Winter Age Group Championships|2:13.75|460
15|12 - 12|Pointe-Claire Swim Club|PCSC A|Québec|2018-11-02|Festival provincial par équipe section 1|2:13.99|457
16|12 - 12|Edmonton Keyano Swim Club|EKSC B|Alberta|2018-12-15|JP Fiset Invitational|2:14.23|455
17|12 - 12|Vernon Kokanee Swim Club|KWIC A|British Columbia|2019-06-21|SUMMER AGE GROUP CHAMPIONSHIPS|2:14.33|454
18|12 - 12|Wolfville Tritons Swim Club|WTSC A|Nova Scotia|2019-02-17|AA Winter Champs|2:14.46|453
19|12 - 12|Toronto Swim Club|TSC B|Ontario|2019-02-17|2019 Ontario Winter Festival Championships|2:14.66|451
20|12 - 12|Langley Olympians Swim Club|LOSC A|British Columbia|2019-06-21|SUMMER AGE GROUP CHAMPIONSHIPS|2:14.68|450
21|12 - 12|Kelowna Aquajets|KWIC B|British Columbia|2019-06-23|SUMMER AGE GROUP CHAMPIONSHIPS|2:15.50|442
22|12 - 12|Fort McMurray Mantas Swim Club|FMSC A|Alberta|2018-11-11|ISC 2018 Bennett Cup|2:15.76|440
23|12 - 12|Spartan Swim Club|SPARTA|British Columbia|2019-02-22|Winter Age Group Championships|2:15.79|439
24|12 - 12|Calgary Patriots Swim Club|CP A|Alberta|2018-11-18|Silver Tide Invitational|2:16.36|434
25|12 - 12|Hyack Swim Club|HYACKE|British Columbia|2019-06-23|SUMMER AGE GROUP CHAMPIONSHIPS|2:16.86|429
26|12 - 12|Ottawa Y Olympians|OYO A|Ontario|2019-02-01|2019 Eastern Ontario Regional Championships (SC/LC)|2:16.93|428
27|12 - 12|Wayland Swim Club|WSC B|British Columbia|2019-01-18|Winter Age Group Championships|2:17.06|427
28|12 - 12|UVic Pacific Coast Swimming|UVPCSA|British Columbia|2018-12-07|Vancouver Island Regional SC Championships|2:17.26|425
29|12 - 12|Alberta Marlin Aquatic Club|AMAC A|Alberta|2018-11-18|Skin Technologies Marlin Marquee Invitational|2:17.36|424
29|12 - 12|Parkland Gators Swim Club|PGSC A|Manitoba|2019-06-09|Manitoba Open Junior Provincials|2:17.36|424
31|12 - 12|Vernon Kokanee Swim Club|KWIC C|British Columbia|2019-06-23|SUMMER AGE GROUP CHAMPIONSHIPS|2:17.38|424
32|12 - 12|Ottawa Y Olympians|OYO A|Ontario|2018-12-09|Gatineau Grand Prix|2:17.50|423
33|12 - 12|Kelowna Aquajets|KWIC A|British Columbia|2019-02-24|Winter Age Group Championships|2:17.58|422
34|12 - 12|Simon Fraser Aquatics|SFA A|British Columbia|2019-03-16|DSSC March LMR Meet|2:17.76|421
34|12 - 12|Swim Ottawa|SWOT A|Ontario|2018-12-09|Gatineau Grand Prix|2:17.76|421
36|12 - 12|Greater Ottawa Kingfish Swim Club|GO A|Ontario|2018-11-03|GO Fall Invitational|2:17.86|420
37|12 - 12|E.N. Longueuil|ELIT A|Québec|2018-11-02|Festival provincial par équipe section 1|2:17.98|419
38|12 - 12|Pacific Sea Wolves|PSW A|British Columbia|2018-12-07|Winskill Dolphins LMR|2:18.18|417
39|12 - 12|Greater Ottawa Kingfish Swim Club|GO A|Ontario|2018-12-09|Gatineau Grand Prix|2:18.27|416
40|12 - 12|Canadian Dolphin Swim Club|CDSC E|British Columbia|2018-12-01|Hollyburn Invitational|2:18.38|415
41|12 - 12|West Vancouver Otters|WVOSCB|British Columbia|2019-06-23|SUMMER AGE GROUP CHAMPIONSHIPS|2:18.54|414
42|12 - 12|Nepean Kanata Barracudas|NKB A|Ontario|2019-02-01|2019 Eastern Ontario Regional Championships (SC/LC)|2:18.96|410
43|12 - 12|Toronto Olympian Swim Team|TORCHA|Ontario|2018-11-03|MAC Rising Star #1|2:18.97|410
44|12 - 12|Grande Prairie Piranhas Swim Club|GPP C|Alberta|2019-02-16|Grande Cache Otters 45th Annual Mountain Meet 2019|2:19.04|409
45|12 - 12|Winskill Dolphins|WDSC A|British Columbia|2019-02-24|Winter Age Group Championships|2:19.35|407
46|12 - 12|Cascade Swim Club|CASC A|Alberta|2018-10-26|Mid-Summer Madness|2:19.55|405
47|12 - 12|Markham Aquatic Club|MAC A|Ontario|2019-02-10|Central Region B Champs 2019|2:19.67|404
48|12 - 12|Oakville Aquatic Club|OAK A|Ontario|2018-10-14|LAC - Nothers Fall Invitational|2:19.78|403
49|12 - 12|Mississauga Aquatic Club|MSSACA|Ontario|2018-10-20|HARVEST/AUTUMN INVITATIONAL|2:20.08|400
50|12 - 12|Okotoks Mavericks Swim Club|MAVS A|Alberta|2018-10-21|Provincials - Short Course|2:20.46|397