RANK|ATHLETES|AGE|YOB|CLUB|PROVINCE|DATE|MEET|TIME|FINA
1|McIntosh, Summer|12|2006|ESWIM|Ontario|2019-07-03|2019 ESWIM Class 1 Time Trial - July 3|1:01.70|693
2|Fack, Leilani|12|2006|PSW|British Columbia|2019-02-22|Winter Age Group Championships|1:05.28|585
3|Cannings, Kamryn|12|2005|UCSC|Alberta|2018-12-15|JP Fiset Invitational|1:05.46|580
4|Sava, Helen Anne|12|2005|RAMAC|Ontario|2018-10-13|2018 Hall of Fame Meet|1:05.61|576
5|Yao, Angel|12|2006|WSC|British Columbia|2018-12-16|Rapids Fast-Swim Classic|1:05.92|568
6|Zhang, Ruitong|12|2006|VPSC|British Columbia|2019-02-22|Winter Age Group Championships|1:06.09|564
7|West, Mia|12|2006|SEALS|Manitoba|2018-12-14|ManSask Championships Short Course Open Championships|1:06.36|557
7|Merrell, Natalie|12|2006|AAC|Ontario|2019-02-16|2019 Ontario Winter Festival Championships|1:06.36|557
9|Ko, Ashley|12|2006|HYACK|British Columbia|2019-06-21|SUMMER AGE GROUP CHAMPIONSHIPS|1:07.11|538
10|Hu, Yueyi|12|2006|RHAC|Ontario|2019-02-16|2019 Ontario Winter Festival Championships|1:07.55|528
11|Nguyen, Rachel|12|2006|ESWIM|Ontario|2018-12-22|2018 Trillium Cup|1:07.59|527
12|Wheeler, Bronwen|12|2007|SPART|British Columbia|2019-06-21|SUMMER AGE GROUP CHAMPIONSHIPS|1:07.63|526
13|Harcarufka, Jayne|12|2006|WAC|Ontario|2018-11-10|2018 Age Group International SC|1:07.99|518
14|Vertue, Jordan|12|2006|PGB|British Columbia|2018-12-16|26th Annual MJB Law Classic SCM|1:08.13|514
15|Stewart, Sydney|12|2006|UCSC|Alberta|2019-07-13|UCSC Western Finale|1:08.34|510
16|Rupert, Bridget|12|2006|UVPCS|British Columbia|2019-06-21|SUMMER AGE GROUP CHAMPIONSHIPS|1:08.52|506
17|Strojnowska, Julia|12|2006|CDSC|British Columbia|2019-06-21|SUMMER AGE GROUP CHAMPIONSHIPS|1:08.58|504
18|Masic, Ema|12|2005|ESWIM|Ontario|2018-11-10|2018 Age Group International SC|1:08.63|503
19|Vistal, Mandy Joan|12|2007|CDNDG|Québec|2019-06-15|Championnat provincial 11-12 ans et Paranatation d'été|1:08.92|497
20|Nicols, Jasmine|12|2006|MSSAC|Ontario|2019-02-16|2019 Ontario Winter Festival Championships|1:09.04|494
21|Blythe, Jenna|12|2006|CHENA|British Columbia|2018-12-16|Rapids Fast-Swim Classic|1:09.05|494
22|Brousseau, Julie|12|2006|SWOTT|Ontario|2018-11-30|Invitation provinciale 2018|1:09.23|490
23|Mitchell, Piper|12|2006|CCSC|Ontario|2018-12-22|2018 Trillium Cup|1:09.25|490
24|O'Regan, Bailey|12|2006|ESWIM|Ontario|2018-12-22|2018 Trillium Cup|1:09.32|488
25|Matteis, Kaidance|12|2006|CYPS|Ontario|2019-02-16|2019 Ontario Winter Festival Championships|1:09.75|479
26|Tatic, Charla|12|2006|WAC|Ontario|2018-12-08|Border City Invitational|1:09.80|478
27|Gordon, Lindsay|12|2006|PCSC|Québec|2019-06-15|Championnat provincial 11-12 ans et Paranatation d'été|1:09.89|477
28|Bleakney, Lila|12|2006|GGST|Ontario|2018-12-07|Gatineau Grand Prix|1:09.90|476
29|Massey, Ashlyn|12|2006|PCSC|Québec|2019-02-16|Championnat provincial 11-12 ans et Paranatation - Hiver|1:09.95|475
30|Unger, Zoe|12|2006|SPART|British Columbia|2019-06-21|SUMMER AGE GROUP CHAMPIONSHIPS|1:09.97|475
31|Lee, Sophia|12|2006|BORC|Ontario|2018-10-13|2018 Hall of Fame Meet|1:10.01|474
32|Yu, Emily|12|2005|TSC|Ontario|2018-11-04|NYAC Cup|1:10.23|470
33|Marshall, Isabel|12|2006|BAD|Ontario|2018-12-14|Team Showdown 2018|1:10.25|469
34|Saldana Riebeling, Maria|12|2006|CDSC|British Columbia|2019-02-22|Winter Age Group Championships|1:10.27|469
35|Mensah, Gianna|12|2006|HTAC|Nova Scotia|2018-12-15|Age Group Development Meet|1:10.29|468
36|Milson, Sierra|12|2006|AAC|Ontario|2019-01-19|Audi Midtown Toronto Winter Classic-SC 12 & U (TPASC)|1:10.33|468
37|Er, Melissa|12|2006|BORC|Ontario|2019-04-26|2019 Ontario Team Challenge|1:10.42|466
38|O'Leary, Niamh|12|2006|LAC|Ontario|2019-02-16|2019 Ontario Winter Festival Championships|1:10.43|466
39|Jia, Jade|12|2006|HYACK|British Columbia|2019-06-21|SUMMER AGE GROUP CHAMPIONSHIPS|1:10.80|458
40|Chen, Amber|12|2005|MAC|Ontario|2018-11-04|NYAC Cup|1:10.87|457
41|Galbraith, Hayley|12|2006|GO|Ontario|2018-12-07|Gatineau Grand Prix|1:10.93|456
42|Aristanto, Clara|12|2005|APEX|Ontario|2018-11-04|NYAC Cup|1:10.97|455
43|Francis, Olivia|12|2005|TSC|Ontario|2018-11-04|NYAC Cup|1:10.99|455
44|Milot, Camille|12|2006|CAFA|Québec|2018-11-11|Festival provincial par équipe section 5 - Ouest|1:11.08|453
45|Knox, Gabrielle|12|2006|WLBF|British Columbia|2019-02-22|Winter Age Group Championships|1:11.10|453
46|Stein-Blumberg, Mia|12|2006|TSC|Ontario|2019-02-16|2019 Ontario Winter Festival Championships|1:11.13|452
47|Yazedjian, Elsa|12|2007|CDNDG|Québec|2019-06-15|Championnat provincial 11-12 ans et Paranatation d'été|1:11.31|449
48|Anderson, Brooke|12|2006|OSC|Alberta|2019-01-20|Blue Bears 2019|1:11.32|448
49|Toderel, Sierra|12|2006|MSSAC|Ontario|2018-11-30|Neptune International (CSPO 25m)|1:11.46|446
50|Plourde, Myriam|12|2006|NES|New Brunswick|2018-12-15|Championat par équipe Marianne Limpert|1:11.52|445