RANK|ATHLETES|AGE|YOB|CLUB|PROVINCE|DATE|MEET|TIME|FINA
1|McIntosh, Summer|12|2006|ESWIM|Ontario|2019-05-22|2019 May 22nd Class 1 ESWIM Time Trial|2:17.03|703
2|Brousseau, Julie|12|2006|SWOTT|Ontario|2018-12-07|Gatineau Grand Prix|2:23.94|606
3|Vertue, Jordan|12|2006|PGB|British Columbia|2019-02-23|Winter Age Group Championships|2:23.96|606
4|Merrell, Natalie|12|2006|AAC|Ontario|2019-02-17|2019 Ontario Winter Festival Championships|2:24.15|604
5|Lee, Sophia|12|2006|BORC|Ontario|2018-12-21|2018 Trillium Cup|2:24.34|601
6|Mensah, Gianna|12|2006|HTAC|Nova Scotia|2018-12-16|Age Group Development Meet|2:25.01|593
7|Fack, Leilani|12|2006|PSW|British Columbia|2019-06-22|SUMMER AGE GROUP CHAMPIONSHIPS|2:25.78|584
8|O'Regan, Bailey|12|2006|ESWIM|Ontario|2018-11-09|2018 Age Group International SC|2:26.29|578
9|West, Mia|12|2006|SEALS|Manitoba|2018-12-13|ManSask Championships Short Course Open Championships|2:26.86|571
10|Ko, Ashley|12|2006|HYACK|British Columbia|2019-06-22|SUMMER AGE GROUP CHAMPIONSHIPS|2:27.15|567
11|Wheeler, Bronwen|12|2007|SPART|British Columbia|2019-06-22|SUMMER AGE GROUP CHAMPIONSHIPS|2:27.47|564
12|Sava, Helen Anne|12|2005|RAMAC|Ontario|2018-10-13|2018 Hall of Fame Meet|2:28.68|550
13|Angove, Sienna|12|2006|KCS|British Columbia|2019-06-22|SUMMER AGE GROUP CHAMPIONSHIPS|2:28.85|548
14|Zhang, Ruitong|12|2006|VPSC|British Columbia|2019-02-23|Winter Age Group Championships|2:29.24|544
15|Greber, Jordan|12|2006|GPP|Alberta|2018-12-15|JP Fiset Invitational|2:29.93|536
16|Sheng, Jessica|12|2006|MAC|Ontario|2019-02-17|2019 Ontario Winter Festival Championships|2:30.68|528
17|Yao, Angel|12|2006|WSC|British Columbia|2018-12-14|Rapids Fast-Swim Classic|2:31.10|524
18|Knox, Gabrielle|12|2006|WLBF|British Columbia|2019-02-23|Winter Age Group Championships|2:31.14|524
19|Harcarufka, Jayne|12|2006|WAC|Ontario|2018-12-08|Border City Invitational|2:31.25|522
20|Yazedjian, Elsa|12|2007|CDNDG|Québec|2019-06-15|Championnat provincial 11-12 ans et Paranatation d'été|2:31.97|515
21|Ho, Antonia|12|2005|NKB|Ontario|2018-12-02|Neptune International (CSPO 25m)|2:32.57|509
22|Cos, Isabelle|12|2006|TORCH|Ontario|2019-01-20|Audi Midtown Toronto Winter Classic-SC 12 & U (TPASC)|2:32.68|508
23|Saldana Riebeling, Maria|12|2006|CDSC|British Columbia|2019-02-23|Winter Age Group Championships|2:33.14|503
24|Rupert, Bridget|12|2006|UVPCS|British Columbia|2019-06-22|SUMMER AGE GROUP CHAMPIONSHIPS|2:33.30|502
25|Williams, Reka|12|2005|CHENA|British Columbia|2018-11-09|2018 Brad Reid Memorial Invitational|2:33.33|501
26|Johns, Chloe|12|2006|MJKFF|Saskatchewan|2018-12-13|ManSask Championships Short Course Open Championships|2:33.37|501
27|Kovaluk, Alexia|12|2005|NN|Québec|2018-11-02|Festival provincial par équipe section 1|2:33.58|499
28|Strojnowska, Julia|12|2006|CDSC|British Columbia|2019-06-22|SUMMER AGE GROUP CHAMPIONSHIPS|2:33.60|499
28|Belgica, Madison|12|2006|LOSC|British Columbia|2019-06-22|SUMMER AGE GROUP CHAMPIONSHIPS|2:33.60|499
30|Cannings, Kamryn|12|2005|UCSC|Alberta|2018-10-27|Cascade Speed Meet|2:34.08|494
31|Massey, Ashlyn|12|2006|PCSC|Québec|2019-02-15|Championnat provincial 11-12 ans et Paranatation - Hiver|2:34.18|493
32|Burnett, Sydney|12|2006|ESWIM|Ontario|2019-01-12|2019 Etobicoke A-B Meet|2:34.63|489
33|Cimiliuc, Anastasia|12|2005|PSW|British Columbia|2018-12-07|16th Annual XMAS Cracker Invitational|2:34.67|489
34|Boyd, Trinity|12|2005|ESWIM|Ontario|2018-10-27|Gus Ryder Memorial Cup|2:34.70|488
35|Bleakney, Lila|12|2006|GGST|Ontario|2018-11-09|42nd Cindy Nicholas Invitational|2:34.73|488
36|Bennett, Aryka|12|2006|SPART|British Columbia|2019-06-22|SUMMER AGE GROUP CHAMPIONSHIPS|2:34.75|488
37|Jacques, Emma-Lee|12|2006|BTSC|Ontario|2019-04-26|2019 Ontario Team Challenge|2:34.80|487
38|LASALLE, KAYLEE|12|2006|KAP|Ontario|2019-04-26|2019 Ontario Team Challenge|2:34.93|486
39|Day, Nathalie|12|2006|CDSC|British Columbia|2019-06-22|SUMMER AGE GROUP CHAMPIONSHIPS|2:35.14|484
40|Partridge, Sadie|12|2006|TSC|Ontario|2018-11-03|NYAC Cup|2:35.21|483
41|Michaud, Maélie|12|2006|ELITE|Québec|2019-03-30|Inter club U12|2:35.49|481
42|Tran, Bao Ngoc Sophia|12|2005|OAK|Ontario|2018-11-25|LAC - Nothers Fall Invitational|2:35.62|480
43|Matteis, Kaidance|12|2006|CYPS|Ontario|2019-02-17|2019 Ontario Winter Festival Championships|2:35.63|480
44|Slee, Maya|12|2006|FMSC|Alberta|2018-12-15|JP Fiset Invitational|2:36.00|476
45|Kilger, Lydia|12|2006|CSL|Ontario|2019-02-01|2019 Eastern Ontario Regional Championships (SC/LC)|2:36.11|475
46|Loon, Payton|12|2006|EKSC|Alberta|2019-01-19|Blue Bears 2019|2:36.28|474
47|Park, Juliana (Joohyen)|12|2006|WVOSC|British Columbia|2019-06-22|SUMMER AGE GROUP CHAMPIONSHIPS|2:36.29|474
48|Fourie, Sarah|12|2006|KAJ|British Columbia|2019-08-03|Mid-Summer Madness|2:36.31|473
49|Gordon, Lindsay|12|2006|PCSC|Québec|2019-06-15|Championnat provincial 11-12 ans et Paranatation d'été|2:36.42|472
50|Grewal, Simrit|12|2006|COBRA|Ontario|2019-02-17|2019 Ontario Winter Festival Championships|2:36.46|472