RANK|ATHLETES|AGE|YOB|CLUB|PROVINCE|DATE|MEET|TIME|FINA
1|McIntosh, Summer|12|2006|ESWIM|Ontario|2018-11-10|2018 Age Group International SC|4:50.14|726
2|Vertue, Jordan|12|2006|PGB|British Columbia|2019-02-22|Winter Age Group Championships|4:59.29|662
3|O'Regan, Bailey|12|2006|ESWIM|Ontario|2018-12-22|2018 Trillium Cup|5:08.24|606
4|Wheeler, Bronwen|12|2007|SPART|British Columbia|2019-06-21|SUMMER AGE GROUP CHAMPIONSHIPS|5:10.98|590
5|Lee, Sophia|12|2006|BORC|Ontario|2018-12-07|Invitation provinciale AA-AAA Noël + Développement 11-12 ans CAMO|5:11.26|588
6|Cos, Isabelle|12|2006|TORCH|Ontario|2019-02-16|2019 Ontario Winter Festival Championships|5:15.65|564
7|Greber, Jordan|12|2006|GPP|Alberta|2018-12-14|JP Fiset Invitational|5:15.76|563
8|Burnett, Sydney|12|2006|ESWIM|Ontario|2019-02-16|2019 Ontario Winter Festival Championships|5:16.75|558
9|Angove, Sienna|12|2006|KCS|British Columbia|2019-02-22|Winter Age Group Championships|5:17.90|552
10|Chen, Amber|12|2005|MAC|Ontario|2018-12-09|Gatineau Grand Prix|5:17.92|552
11|Yao, Angel|12|2006|WSC|British Columbia|2018-11-10|2018 Brad Reid Memorial Invitational|5:17.95|552
12|Saldana Riebeling, Maria|12|2006|CDSC|British Columbia|2019-02-22|Winter Age Group Championships|5:19.27|545
13|Yazedjian, Elsa|12|2007|CDNDG|Québec|2019-06-16|Championnat provincial 11-12 ans et Paranatation d'été|5:19.81|542
14|Belgica, Madison|12|2006|LOSC|British Columbia|2019-06-21|SUMMER AGE GROUP CHAMPIONSHIPS|5:21.11|536
15|Johns, Chloe|12|2006|MJKFF|Saskatchewan|2018-12-16|ManSask Championships Short Course Open Championships|5:22.01|531
16|Boyd, Trinity|12|2005|ESWIM|Ontario|2018-12-07|Youth Cup|5:23.54|524
17|Jacques, Emma-Lee|12|2006|BTSC|Ontario|2019-04-27|2019 Ontario Team Challenge|5:24.46|519
18|Bennett, Aryka|12|2006|SPART|British Columbia|2019-06-21|SUMMER AGE GROUP CHAMPIONSHIPS|5:25.28|515
19|Harcarufka, Jayne|12|2006|WAC|Ontario|2018-11-10|2018 Age Group International SC|5:25.77|513
20|Brousseau, Julie|12|2006|SWOTT|Ontario|2018-11-18|OYO Vorgee Iced Cap|5:26.23|511
21|Kovaluk, Alexia|12|2005|NN|Québec|2018-11-03|Festival provincial par équipe section 1|5:26.25|511
22|Masic, Ema|12|2005|ESWIM|Ontario|2018-11-10|2018 Age Group International SC|5:27.17|506
23|Rupert, Bridget|12|2006|UVPCS|British Columbia|2019-06-21|SUMMER AGE GROUP CHAMPIONSHIPS|5:27.25|506
24|Bleakney, Lila|12|2006|GGST|Ontario|2018-11-11|42nd Cindy Nicholas Invitational|5:27.56|505
25|Zhang, Ruitong|12|2006|VPSC|British Columbia|2019-01-19|Canadian Dolphin New Years Invitational 2019|5:27.74|504
26|Matteis, Kaidance|12|2006|CYPS|Ontario|2019-02-16|2019 Ontario Winter Festival Championships|5:28.05|502
27|Gordon, Lindsay|12|2006|PCSC|Québec|2019-06-16|Championnat provincial 11-12 ans et Paranatation d'été|5:28.53|500
28|Kilger, Lydia|12|2006|CSL|Ontario|2019-02-16|2019 Ontario Winter Festival Championships|5:28.81|499
29|Nicols, Jasmine|12|2006|MSSAC|Ontario|2019-02-16|2019 Ontario Winter Festival Championships|5:29.12|497
30|Er, Melissa|12|2006|BORC|Ontario|2019-04-27|2019 Ontario Team Challenge|5:29.32|496
31|Cannings, Kamryn|12|2005|UCSC|Alberta|2018-12-14|JP Fiset Invitational|5:29.45|496
32|Francis, Olivia|12|2005|TSC|Ontario|2018-12-09|Border City Invitational|5:29.76|494
33|Loon, Payton|12|2006|EKSC|Alberta|2019-01-20|Blue Bears 2019|5:30.15|493
34|Michaud, Maélie|12|2006|ELITE|Québec|2019-06-16|Championnat provincial 11-12 ans et Paranatation d'été|5:30.67|490
35|Mitchell, Piper|12|2006|CCSC|Ontario|2019-02-16|2019 Ontario Winter Festival Championships|5:30.98|489
36|Partridge, Sadie|12|2006|TSC|Ontario|2018-12-07|Youth Cup|5:31.55|486
37|Tran, Bao Ngoc Sophia|12|2005|OAK|Ontario|2018-11-23|LAC - Nothers Fall Invitational|5:32.37|483
37|Slee, Maya|12|2006|FMSC|Alberta|2018-12-14|JP Fiset Invitational|5:32.37|483
39|Dupont, Maria|12|2006|CNQ|Québec|2019-02-16|Championnat provincial 11-12 ans et Paranatation - Hiver|5:32.47|482
40|Day, Nathalie|12|2006|CDSC|British Columbia|2019-06-21|SUMMER AGE GROUP CHAMPIONSHIPS|5:32.48|482
41|St. Pierre, Kayla|12|2006|OSC|Alberta|2018-12-09|16th Annual XMAS Cracker Invitational|5:32.50|482
42|Ko, Ashley|12|2006|HYACK|British Columbia|2019-01-13|2019 Hyack Icebreaker Classic|5:32.90|481
43|Park, Juliana (Joohyen)|12|2006|WVOSC|British Columbia|2019-06-21|SUMMER AGE GROUP CHAMPIONSHIPS|5:33.99|476
44|Vertue, Chloe|12|2007|PGB|British Columbia|2019-06-21|SUMMER AGE GROUP CHAMPIONSHIPS|5:34.22|475
45|Bernier, Coralie|12|2006|VEW|Ontario|2018-12-09|Gatineau Grand Prix|5:34.74|473
46|Ling, Yolanda|12|2006|HYACK|British Columbia|2019-06-21|SUMMER AGE GROUP CHAMPIONSHIPS|5:34.98|472
47|McKinstry, Katie|12|2006|TSC|Ontario|2019-03-02|Steve Kingston Memorial Swim Meet|5:35.14|471
48|Williams, Reka|12|2005|CHENA|British Columbia|2018-11-10|2018 Brad Reid Memorial Invitational|5:35.19|471
49|Lising, Maya|12|2006|TSC|Ontario|2018-12-07|Youth Cup|5:35.83|468
50|Evans, Emma|12|2006|SPART|British Columbia|2019-03-17|DSSC March LMR Meet|5:36.41|466