RANK|ATHLETES|AGE|YOB|CLUB|PROVINCE|DATE|MEET|TIME|FINA
1|Lee, Sophia|12|2006|BORC|Ontario|2018-12-08|Invitation provinciale AA-AAA Noël + Développement 11-12 ans CAMO|57.32|700
2|McIntosh, Summer|12|2006|ESWIM|Ontario|2018-11-11|2018 Age Group International SC|58.97|643
3|Brousseau, Julie|12|2006|SWOTT|Ontario|2018-12-09|Gatineau Grand Prix|59.06|640
4|Merrell, Natalie|12|2006|AAC|Ontario|2019-01-20|Audi Midtown Toronto Winter Classic-SC 12 & U (TPASC)|59.21|635
5|Fack, Leilani|12|2006|PSW|British Columbia|2019-06-22|SUMMER AGE GROUP CHAMPIONSHIPS|59.32|632
6|Sheng, Jessica|12|2006|MAC|Ontario|2018-12-09|Gatineau Grand Prix|59.62|622
7|West, Mia|12|2006|SEALS|Manitoba|2018-12-15|ManSask Championships Short Course Open Championships|59.70|620
8|Sava, Helen Anne|12|2005|RAMAC|Ontario|2018-10-14|2018 Hall of Fame Meet|1:00.59|593
9|Yao, Angel|12|2006|WSC|British Columbia|2018-12-15|Rapids Fast-Swim Classic|1:00.86|585
10|Smith, Rachel|12|2006|MMST|Ontario|2019-02-17|2019 Ontario Winter Festival Championships|1:01.20|575
11|Harrington, Ava|12|2006|CBACW|Alberta|2018-12-15|JP Fiset Invitational|1:01.30|572
12|Massey, Ashlyn|12|2006|PCSC|Québec|2019-02-16|Championnat provincial 11-12 ans et Paranatation - Hiver|1:01.33|571
13|Saldana Riebeling, Maria|12|2006|CDSC|British Columbia|2019-02-23|Winter Age Group Championships|1:01.37|570
14|Ko, Ashley|12|2006|HYACK|British Columbia|2019-06-22|SUMMER AGE GROUP CHAMPIONSHIPS|1:01.46|568
15|Strojnowska, Julia|12|2006|CDSC|British Columbia|2019-06-22|SUMMER AGE GROUP CHAMPIONSHIPS|1:01.48|567
16|Hu, Yueyi|12|2006|RHAC|Ontario|2019-02-17|2019 Ontario Winter Festival Championships|1:01.60|564
17|Rupert, Bridget|12|2006|UVPCS|British Columbia|2019-06-22|SUMMER AGE GROUP CHAMPIONSHIPS|1:01.70|561
18|Walters, Jenna|12|2006|GMAC|Ontario|2019-02-17|2019 Ontario Winter Festival Championships|1:01.73|560
19|O'Regan, Bailey|12|2006|ESWIM|Ontario|2018-12-09|Youth Cup|1:01.75|560
20|Béasse, Gabrielle|12|2007|CAMO|Québec|2019-06-16|Championnat provincial 11-12 ans et Paranatation d'été|1:01.80|559
21|Blythe, Jenna|12|2006|CHENA|British Columbia|2018-11-09|2018 Brad Reid Memorial Invitational|1:02.27|546
22|Yu, Emily|12|2005|TSC|Ontario|2018-11-02|NYAC Cup|1:02.41|542
23|Tian, Amy|12|2006|HAC|Ontario|2019-02-17|2019 Ontario Winter Festival Championships|1:02.46|541
24|Marshall, Isabel|12|2006|BAD|Ontario|2019-03-03|2019 BAD Spring Invitational|1:02.52|539
25|Cannings, Kamryn|12|2005|UCSC|Alberta|2018-10-28|Cascade Speed Meet|1:02.60|537
26|Wheeler, Bronwen|12|2007|SPART|British Columbia|2019-06-22|SUMMER AGE GROUP CHAMPIONSHIPS|1:02.64|536
26|Hollingworth, Kristin|12|2006|AMAC|Alberta|2018-12-15|JP Fiset Invitational|1:02.64|536
28|Grewal, Simrit|12|2006|COBRA|Ontario|2019-03-02|COBRA Power|1:02.70|535
29|Zhang, Ruitong|12|2006|VPSC|British Columbia|2019-02-23|Winter Age Group Championships|1:02.77|533
30|Craig, Kiah|12|2006|ISC|British Columbia|2019-06-22|SUMMER AGE GROUP CHAMPIONSHIPS|1:02.81|532
31|Evans, Emma|12|2006|SPART|British Columbia|2019-06-22|SUMMER AGE GROUP CHAMPIONSHIPS|1:02.85|531
31|Loseth, Angel|12|2006|VKSC|British Columbia|2019-06-22|SUMMER AGE GROUP CHAMPIONSHIPS|1:02.85|531
33|Williams, Reka|12|2005|CHENA|British Columbia|2018-11-09|2018 Brad Reid Memorial Invitational|1:02.88|530
34|Zhang, Yolanda|12|2005|SKSC|British Columbia|2018-11-09|2018 Brad Reid Memorial Invitational|1:02.96|528
35|Kilger, Lydia|12|2006|CSL|Ontario|2019-02-17|2019 Ontario Winter Festival Championships|1:03.08|525
36|Gauvin, Rosalie|12|2006|RL|Québec|2019-04-14|ARENA Challenge du printemps Développement mixte 2019 CAMO|1:03.27|520
37|Jia, Jade|12|2006|HYACK|British Columbia|2019-06-22|SUMMER AGE GROUP CHAMPIONSHIPS|1:03.29|520
38|Jou, Emily|12|2006|GATOR|British Columbia|2019-06-22|SUMMER AGE GROUP CHAMPIONSHIPS|1:03.30|520
39|Montrichard, Halayna|12|2006|HAC|Ontario|2019-02-17|2019 Ontario Winter Festival Championships|1:03.32|519
40|Nguyen, Rachel|12|2006|ESWIM|Ontario|2019-02-17|2019 Ontario Winter Festival Championships|1:03.35|519
41|Matteis, Kaidance|12|2006|CYPS|Ontario|2019-02-17|2019 Ontario Winter Festival Championships|1:03.42|517
42|Bleakney, Lila|12|2006|GGST|Ontario|2018-12-09|Gatineau Grand Prix|1:03.50|515
43|Tatic, Charla|12|2006|WAC|Ontario|2019-02-17|2019 Ontario Winter Festival Championships|1:03.56|513
44|Korczewski, Isabella|12|2006|UCSC|Alberta|2019-07-14|UCSC Western Finale|1:03.57|513
45|Bowen, Clare|12|2006|OTTER|Ontario|2019-02-17|2019 Ontario Winter Festival Championships|1:03.58|513
46|Frederiksen, Mia|12|2006|LSC|Ontario|2019-04-28|2019 Ontario Team Challenge|1:03.60|512
47|Galbraith, Hayley|12|2006|GO|Ontario|2019-02-03|2019 Eastern Ontario Regional Championships (SC/LC)|1:03.61|512
48|Williams, Sadie|12|2006|COMOX|British Columbia|2019-06-22|SUMMER AGE GROUP CHAMPIONSHIPS|1:03.65|511
49|Milot, Camille|12|2006|CAFA|Québec|2019-01-26|Préliminaires Jeux de Montréal 2019|1:03.67|511
50|Milson, Sierra|12|2006|AAC|Ontario|2019-01-20|Audi Midtown Toronto Winter Classic-SC 12 & U (TPASC)|1:03.72|510