RANK|ATHLETES|AGE|YOB|CLUB|PROVINCE|DATE|MEET|TIME|FINA
1|Brousseau, Julie|12|2006|SWOTT|Ontario|2018-12-07|Gatineau Grand Prix|33.87|604
2|Chen, Amber|12|2005|MAC|Ontario|2018-12-07|Gatineau Grand Prix|34.50|572
3|Johns, Chloe|12|2006|MJKFF|Saskatchewan|2018-12-15|ManSask Championships Short Course Open Championships|35.14|541
4|Ho, Antonia|12|2005|NKB|Ontario|2018-12-01|Neptune International (CSPO 25m)|35.95|505
5|O'Leary, Niamh|12|2006|LAC|Ontario|2019-01-20|LAC - 12 and Under Celebration|36.03|502
6|Crane, Kailee|12|2006|EKSC|Alberta|2018-12-15|JP Fiset Invitational|36.56|480
7|West, Mia|12|2006|SEALS|Manitoba|2018-10-28|Celebrate Swimming Invitational|36.88|468
8|Ling, Yolanda|12|2006|HYACK|British Columbia|2019-07-28|SKSC Summer Fest|36.90|467
9|Knox, Gabrielle|12|2006|WLBF|British Columbia|2018-11-18|2018 PGBSC Medical Northern Invitational|36.99|464
10|O'Regan, Bailey|12|2006|ESWIM|Ontario|2018-10-14|2018 Hall of Fame Meet|37.00|463
11|Avey, Brooklyn|12|2006|CP|Alberta|2019-05-11|Fast & Furious Invitational|37.06|461
12|Longtin, Aurora|12|2006|UCRO|Ontario|2018-12-07|Gatineau Grand Prix|37.07|461
13|Warawa, Grace|12|2006|FS|Saskatchewan|2018-12-15|ManSask Championships Short Course Open Championships|37.16|457
14|Barbosa, Isavella|12|2006|WVOSC|British Columbia|2019-07-28|SKSC Summer Fest|37.17|457
15|Campbell, Bree|12|2006|CSL|Ontario|2018-11-24|2018 CSL Snowflake Invitational|37.30|452
16|Gouttin, Amelie|12|2006|LASC|Alberta|2018-12-15|JP Fiset Invitational|37.42|448
16|Kilger, Lydia|12|2006|CSL|Ontario|2019-02-23|Heats and Finals SC Finale|37.42|448
18|Ko, Ashley|12|2006|HYACK|British Columbia|2019-01-27|SKSC Winter Fest|37.56|443
19|Anderson, Grace|12|2006|BAD|Ontario|2018-11-24|Alex Baumann Invitational|37.66|439
20|Lu, Grace|12|2006|OYO|Ontario|2018-12-07|Gatineau Grand Prix|37.67|439
21|Cloutier, Laura|12|2006|MY|Québec|2018-12-09|Défi Nez-Rouge 2018|37.73|437
22|Zander, Olivia|12|2006|MSSAC|Ontario|2018-12-01|Neptune International (CSPO 25m)|37.77|435
22|McIntosh, Summer|12|2006|ESWIM|Ontario|2018-10-14|2018 Hall of Fame Meet|37.77|435
24|Batbayar, Maralgoo|12|2006|LASC|Alberta|2018-12-15|JP Fiset Invitational|37.80|434
25|Diorio, Fia|12|2006|CT33|Ontario|2019-04-28|2019 Ontario Team Challenge|37.89|431
25|Versailles, Juliette|12|2006|EKSC|Alberta|2018-12-07|16th Annual XMAS Cracker Invitational|37.89|431
27|Thomson, Ava|12|2006|MANTA|Manitoba|2018-12-15|ManSask Championships Short Course Open Championships|37.93|430
28|Ma, Emily|12|2006|MAC|Ontario|2018-12-07|Gatineau Grand Prix|37.96|429
29|Gray, Sara|12|2006|KAJ|British Columbia|2019-06-16|Nolan's Pharmasave Invitational|37.98|428
30|Vertue, Jordan|12|2006|PGB|British Columbia|2018-11-18|2018 PGBSC Medical Northern Invitational|38.06|426
31|Béasse, Gabrielle|12|2007|CAMO|Québec|2019-04-13|ARENA Challenge du printemps Développement mixte 2019 CAMO|38.11|424
32|Cloutier, Ella|12|2005|BBF|Québec|2018-11-09|Festival provincial par équipe section 5 - Nord|38.12|424
32|St. Pierre, Kayla|12|2006|OSC|Alberta|2018-12-15|JP Fiset Invitational|38.12|424
34|Harder, Sienna|12|2006|LOSC|British Columbia|2019-06-15|June 2019 Time Trial|38.13|423
35|Hornsby, Elliot|12|2006|NCSA|Alberta|2019-02-10|NCSA John Timmermans Memorial Invitational 2019|38.25|419
36|Lau, Chloe|12|2006|DUCKS|Ontario|2019-04-28|2019 Ontario Team Challenge|38.27|419
37|Apanowicz, Kayah|12|2006|DELTA|British Columbia|2019-01-27|SKSC Winter Fest|38.31|417
38|Plourde, Myriam|12|2006|NES|New Brunswick|2018-11-17|BLAST INVITATIONAL|38.33|417
39|Duranovich, Xzana|12|2006|WAC|Ontario|2018-11-10|2018 Age Group International SC|38.34|416
40|Gebhardt, Abigail|12|2006|GOLD|Saskatchewan|2018-12-15|ManSask Championships Short Course Open Championships|38.37|415
40|Trottier, Laurence|12|2006|KAP|Ontario|2019-04-28|2019 Ontario Team Challenge|38.37|415
42|Gratton, Romy|12|2007|CAMO|Québec|2019-04-13|ARENA Challenge du printemps Développement mixte 2019 CAMO|38.41|414
43|Lawson, Ava|12|2006|ISC|British Columbia|2019-01-27|Vancouver Island Regional SC Championships|38.42|414
44|Michaud, Maélie|12|2006|ELITE|Québec|2019-02-03|Invitation Peter-Suen 2019|38.43|413
45|Stewart, Sydney|12|2006|UCSC|Alberta|2019-03-08|UCSC Team Champs|38.45|413
45|Graham, Kaymin|12|2006|RDCSC|Alberta|2018-12-15|JP Fiset Invitational|38.45|413
47|Marton, Kaitlin|12|2006|CW|Ontario|2019-02-02|2019 Western Region SC Champs|38.47|412
48|Penn, Molly|12|2006|MAVS|Alberta|2019-03-03|Provincials - Short Course|38.52|411
49|Nguyen, Sarah|12|2006|CNMN|Québec|2019-04-13|Grand prix de Montréal Invitation 12 ans et moins|38.53|410
50|Leu, Mackenzie|12|2005|ROW|Ontario|2018-11-02|NYAC Cup|38.54|410