RANK|ATHLETES|AGE|YOB|CLUB|PROVINCE|DATE|MEET|TIME|FINA
1|McIntosh, Summer|12|2006|ESWIM|Ontario|2019-01-11|2019 Etobicoke A-B Meet|16:52.54|749
2|Vertue, Jordan|12|2006|PGB|British Columbia|2018-10-27|PGBSC - TT 400 Free/1500 Free|18:09.38|601
3|Grecoff, Isabelle|12|2006|CAEM|Québec|2018-12-16|Invitation Provinciale des fêtes avec épreuves Ho! Ho! Eau Libre|18:42.68|549
4|Gauvin, Rosalie|12|2006|RL|Québec|2018-11-30|Invitation provinciale 2018|18:57.08|529
5|Loon, Payton|12|2006|EKSC|Alberta|2018-12-07|16th Annual XMAS Cracker Invitational|19:00.10|524
6|O'Croinin, Kiera|12|2006|EKSC|Alberta|2018-12-07|16th Annual XMAS Cracker Invitational|19:00.62|524
7|Bennett, Aryka|12|2006|SPART|British Columbia|2019-04-13|2019 Spartan 11 and Under and LMR Distance|19:03.50|520
8|Wheeler, Bronwen|12|2007|SPART|British Columbia|2019-04-13|2019 Spartan 11 and Under and LMR Distance|19:05.64|517
9|Evans, Emma|12|2006|SPART|British Columbia|2019-04-13|2019 Spartan 11 and Under and LMR Distance|19:13.24|507
10|Yao, Angel|12|2006|WSC|British Columbia|2018-11-10|2018 Brad Reid Memorial Invitational|19:14.09|506
11|Kilger, Lydia|12|2006|CSL|Ontario|2019-02-24|Heats and Finals SC Finale|19:15.60|504
12|Trites, Kirra|12|2006|DELTA|British Columbia|2019-01-27|SKSC Winter Fest|19:17.13|502
13|Belgica, Madison|12|2006|LOSC|British Columbia|2019-01-18|Canadian Dolphin New Years Invitational 2019|19:21.24|496
14|St. Pierre, Kayla|12|2006|OSC|Alberta|2018-12-07|16th Annual XMAS Cracker Invitational|19:30.98|484
15|Tran, Vian|12|2006|ESWIM|Ontario|2019-01-11|2019 Etobicoke A-B Meet|19:31.51|483
16|Mensah, Gianna|12|2006|HTAC|Nova Scotia|2018-12-01|Age Group Development Meet Fall Series #3|19:32.37|482
17|Suciu, Emma|12|2006|CNSH|Québec|2019-01-27|Invitation Provinciale Pré-Championnat 2019 Finales directes 11-17ans|19:37.42|476
18|Cos, Isabelle|12|2006|TORCH|Ontario|2018-12-07|Border City Invitational|19:37.95|475
19|Chambers, Jacqueline|12|2006|LAC|Ontario|2018-11-23|LAC - Nothers Fall Invitational|19:48.57|463
20|Ibarra, Tania|12|2006|OYO|Ontario|2018-11-17|OYO Vorgee Iced Cap|19:50.10|461
21|Burwell, Samantha|12|2007|LOSC|British Columbia|2019-07-28|SKSC Summer Fest|19:54.50|456
22|Tuazon, Jenna|12|2006|WDSC|British Columbia|2019-04-14|Winskill Dolphins LMR|19:55.80|454
23|Jacques, Emma-Lee|12|2006|BTSC|Ontario|2018-11-02|2018 Barrie Aquafest|19:56.23|454
24|Macluskie, Nadia|12|2006|COMOX|British Columbia|2018-12-07|16th Annual XMAS Cracker Invitational|19:59.42|450
25|Plourde, Myriam|12|2006|NES|New Brunswick|2018-10-20|Invitational #1|20:00.85|449
26|Anderson, Brooke|12|2006|OSC|Alberta|2018-12-07|16th Annual XMAS Cracker Invitational|20:05.87|443
27|MacKay, Elizabeth|12|2006|SJL|Newfoundland|2018-11-22|2018 Mount Pearl Marlins 3rd Annual Sink or Swim Invitiational|20:06.82|442
28|Zigomanis, Demi|12|2006|TORCH|Ontario|2019-04-05|PICK Rainbow Classic 2019|20:09.48|439
29|Suen, Kodyn|12|2007|LOSC|British Columbia|2019-07-28|SKSC Summer Fest|20:10.57|438
30|Vujosevic, Eva|12|2006|ESWIM|Ontario|2019-01-11|2019 Etobicoke A-B Meet|20:12.16|436
31|Bartoch, Mireya|12|2006|HWAC|Nova Scotia|2018-11-10|Age Group Development Meet Fall Series #2|20:13.52|435
32|Revenberg, Ava|12|2006|COMOX|British Columbia|2019-01-25|Vancouver Island Regional SC Championships|20:18.08|430
33|Waldenberger, Kate|12|2006|MJKFF|Saskatchewan|2018-12-13|ManSask Championships Short Course Open Championships|20:18.90|429
34|Sommerfeld, Reece|12|2006|BKSC|Saskatchewan|2018-12-13|ManSask Championships Short Course Open Championships|20:22.83|425
35|Crane, Kailee|12|2006|EKSC|Alberta|2019-01-18|Blue Bears 2019|20:24.21|424
36|Sinclair, Emma|12|2005|FAST|New Brunswick|2018-11-18|2018 Fall Splash Invitational|20:27.91|420
37|Suen, Makayden|12|2007|LOSC|British Columbia|2019-01-18|Canadian Dolphin New Years Invitational 2019|20:30.91|417
38|Shink, Ariane|12|2006|CNQ|Québec|2019-05-03|Invitation du Printemps|20:32.24|415
39|Duffett, Ella|12|2006|SJL|Newfoundland|2018-11-22|2018 Mount Pearl Marlins 3rd Annual Sink or Swim Invitiational|20:34.58|413
40|Unger, Zoe|12|2006|SPART|British Columbia|2019-04-13|2019 Spartan 11 and Under and LMR Distance|20:34.61|413
41|Bartsch, Sera|12|2006|TRIT|Alberta|2019-01-18|Blue Bears 2019|20:36.83|411
42|Antley, Tasia|12|2006|NRST|British Columbia|2018-12-19|NRST December Distance Time Trial|20:39.58|408
43|Schooley, Taya|12|2005|CPWD|Ontario|2018-12-01|CPWD Dec 2018 Time Trial|20:43.10|404
44|Tadros, Rebekah|12|2006|TORCH|Ontario|2019-04-05|PICK Rainbow Classic 2019|20:43.92|404
45|Picken, Breanna|12|2006|OSC|Alberta|2018-12-07|16th Annual XMAS Cracker Invitational|20:48.53|399
46|Cole, Heidi|12|2006|WDSC|British Columbia|2019-04-14|Winskill Dolphins LMR|20:51.19|397
47|Martin, Ariane|12|2006|CNQ|Québec|2019-05-03|Invitation du Printemps|20:53.43|395
48|O'Leary, Niamh|12|2006|LAC|Ontario|2018-11-23|LAC - Nothers Fall Invitational|20:55.12|393
49|Lauzon, Avery|12|2006|CSL|Ontario|2019-02-24|Heats and Finals SC Finale|20:55.93|392
50|Haigh, Keala|12|2006|HST|British Columbia|2019-01-26|Chena Distance Meet 2019|20:59.79|389