RANK|ATHLETES|AGE|YOB|CLUB|PROVINCE|DATE|MEET|TIME|FINA
1|McIntosh, Summer|12|2006|ESWIM|Ontario|2019-06-05|2019 ESWIM Class 1 Time Trial - June 5|2:02.14|746
2|Lee, Sophia|12|2006|BORC|Ontario|2019-02-16|2019 Ontario Winter Festival Championships|2:05.11|694
3|Ko, Ashley|12|2006|HYACK|British Columbia|2019-06-21|SUMMER AGE GROUP CHAMPIONSHIPS|2:09.78|621
4|Strojnowska, Julia|12|2006|CDSC|British Columbia|2019-06-21|SUMMER AGE GROUP CHAMPIONSHIPS|2:10.26|615
5|Merrell, Natalie|12|2006|AAC|Ontario|2019-02-16|2019 Ontario Winter Festival Championships|2:10.68|609
6|Sheng, Jessica|12|2006|MAC|Ontario|2019-02-16|2019 Ontario Winter Festival Championships|2:10.70|608
7|Yao, Angel|12|2006|WSC|British Columbia|2018-12-16|Rapids Fast-Swi