RANK|ATHLETES|AGE|YOB|CLUB|PROVINCE|DATE|MEET|TIME|FINA
1|McIntosh, Summer|12|2006|ESWIM|Ontario|2019-07-10|2019 ESWIM Class 1 Time Trial - July 10|4:14.64|781
2|Lee, Sophia|12|2006|BORC|Ontario|2018-12-10|Invitation provinciale AA-AAA Noël + Développement 11-12 ans CAMO|4:31.40|645
3|Vertue, Jordan|12|2006|PGB|British Columbia|2019-02-23|Winter Age Group Championships|4:33.46|630
4|Ko, Ashley|12|2006|HYACK|British Columbia|2019-06-22|SUMMER AGE GROUP CHAMPIONSHIPS|4:35.56|616
5|Greber, Jordan|12|2006|GPP|Alberta|2018-12-16|JP Fiset Invitational|4:36.81|608
6|Strojnowska, Julia|12|2006|CDSC|British Columbia|2019-06-22|SUMMER AGE GROUP CHAMPIONSHIPS|4:37.74|602
7|Saldana Riebeling, Maria|12|2006|CDSC|British Columbia|2019-02-23|Winter Age Group Championships|4:39.03|593
8|Chen, Amber|12|2005|MAC|Ontario|2018-12-08|Gatineau Grand Prix|4:39.46|590
9|Wheeler, Bronwen|12|2007|SPART|British Columbia|2019-06-22|SUMMER AGE GROUP CHAMPIONSHIPS|4:39.62|589
10|Craig, Kiah|12|2006|ISC|British Columbia|2019-06-22|SUMMER AGE GROUP CHAMPIONSHIPS|4:39.86|588
11|O'Regan, Bailey|12|2006|ESWIM|Ontario|2019-01-12|2019 Etobicoke A-B Meet|4:40.16|586
12|Evans, Emma|12|2006|SPART|British Columbia|2019-06-22|SUMMER AGE GROUP CHAMPIONSHIPS|4:40.28|585
13|Merrell, Natalie|12|2006|AAC|Ontario|2018-12-08|Youth Cup|4:41.90|575
14|Belgica, Madison|12|2006|LOSC|British Columbia|2019-02-23|Winter Age Group Championships|4:43.68|565
15|Brousseau, Julie|12|2006|SWOTT|Ontario|2018-12-08|Gatineau Grand Prix|4:44.05|562
16|Yao, Angel|12|2006|WSC|British Columbia|2018-11-11|2018 Brad Reid Memorial Invitational|4:44.48|560
17|Partridge, Sadie|12|2006|TSC|Ontario|2019-02-17|2019 Ontario Winter Festival Championships|4:44.52|560
18|Jacques, Emma-Lee|12|2006|BTSC|Ontario|2019-02-17|2019 Ontario Winter Festival Championships|4:44.62|559
19|Williams, Reka|12|2005|CHENA|British Columbia|2018-11-11|2018 Brad Reid Memorial Invitational|4:44.63|559
20|Harrington, Ava|12|2006|CBACW|Alberta|2018-12-16|JP Fiset Invitational|4:45.88|552
21|Kilger, Lydia|12|2006|CSL|Ontario|2019-02-17|2019 Ontario Winter Festival Championships|4:46.61|547
22|Burnett, Sydney|12|2006|ESWIM|Ontario|2018-11-11|2018 Age Group International SC|4:46.66|547
23|Cos, Isabelle|12|2006|TORCH|Ontario|2018-12-08|Border City Invitational|4:46.98|545
24|Loon, Payton|12|2006|EKSC|Alberta|2018-12-16|JP Fiset Invitational|4:47.54|542
25|West, Mia|12|2006|SEALS|Manitoba|2018-12-01|Last Chance for Man/Sask|4:48.00|539
26|Bleakney, Lila|12|2006|GGST|Ontario|2018-12-08|Gatineau Grand Prix|4:48.28|538
27|Gordon, Lindsay|12|2006|PCSC|Québec|2019-02-15|Championnat provincial 11-12 ans et Paranatation - Hiver|4:48.39|537
28|O'Croinin, Kiera|12|2006|EKSC|Alberta|2018-12-08|16th Annual XMAS Cracker Invitational|4:48.59|536
29|Sheng, Jessica|12|2006|MAC|Ontario|2018-12-08|Gatineau Grand Prix|4:48.87|535
30|Boyd, Trinity|12|2005|ESWIM|Ontario|2018-11-11|2018 Age Group International SC|4:49.34|532
31|Nguyen, Rachel|12|2006|ESWIM|Ontario|2018-11-11|2018 Age Group International SC|4:49.97|529
32|Grecoff, Isabelle|12|2006|CAEM|Québec|2019-02-15|Championnat provincial 11-12 ans et Paranatation - Hiver|4:50.05|528
33|Forest, Sahara|12|2006|CDSC|British Columbia|2019-06-22|SUMMER AGE GROUP CHAMPIONSHIPS|4:50.09|528
34|Gratton, Romy|12|2007|CAMO|Québec|2019-06-15|Championnat provincial 11-12 ans et Paranatation d'été|4:50.44|526
35|Revenberg, Ava|12|2006|COMOX|British Columbia|2019-01-27|Vancouver Island Regional SC Championships|4:50.87|524
36|Stein-Blumberg, Mia|12|2006|TSC|Ontario|2018-12-08|Youth Cup|4:51.65|519
37|Bennett, Aryka|12|2006|SPART|British Columbia|2019-06-22|SUMMER AGE GROUP CHAMPIONSHIPS|4:51.78|519
38|Massey, Ashlyn|12|2006|PCSC|Québec|2018-12-08|Invitation Provinciale AA-AAA Pointe-Claire 2018|4:51.86|518
39|Smith, Rachel|12|2006|MMST|Ontario|2019-01-20|Audi Midtown Toronto Winter Classic-SC 12 & U (TPASC)|4:51.94|518
40|Marshall, Isabel|12|2006|BAD|Ontario|2019-02-17|2019 Ontario Winter Festival Championships|4:52.11|517
41|Ibarra, Tania|12|2006|OYO|Ontario|2019-02-01|2019 Eastern Ontario Regional Championships (SC/LC)|4:52.36|516
42|Aucoin, Chloe|12|2006|PCSC|Québec|2019-06-15|Championnat provincial 11-12 ans et Paranatation d'été|4:52.47|515
43|Walters, Jenna|12|2006|GMAC|Ontario|2019-02-17|2019 Ontario Winter Festival Championships|4:52.77|513
44|Er, Melissa|12|2006|BORC|Ontario|2019-04-28|2019 Ontario Team Challenge|4:52.78|513
45|Currie, Hadley|12|2006|AAC|Ontario|2019-02-17|2019 Ontario Winter Festival Championships|4:52.94|513
46|Gauvin, Rosalie|12|2006|RL|Québec|2019-02-15|Championnat provincial 11-12 ans et Paranatation - Hiver|4:52.97|512
47|Hollingworth, Kristin|12|2006|AMAC|Alberta|2018-10-27|Cascade Speed Meet|4:53.08|512
48|Béasse, Gabrielle|12|2007|CAMO|Québec|2019-06-15|Championnat provincial 11-12 ans et Paranatation d'été|4:53.17|511
49|Fourie, Sarah|12|2006|KAJ|British Columbia|2019-08-03|Mid-Summer Madness|4:53.23|511
50|Kovaluk, Alexia|12|2005|NN|Québec|2018-11-02|Festival provincial par équipe section 1|4:53.28|511