RANK|ATHLETES|AGE|YOB|CLUB|PROVINCE|DATE|MEET|TIME|FINA
1|Cannings, Kamryn|12|2005|UCSC|Alberta|2018-12-16|JP Fiset Invitational|29.43|568
2|Mensah, Gianna|12|2006|HTAC|Nova Scotia|2018-12-16|Age Group Development Meet|29.48|565
3|Sava, Helen Anne|12|2005|RAMAC|Ontario|2018-10-14|2018 Hall of Fame Meet|29.93|540
4|Nicols, Jasmine|12|2006|MSSAC|Ontario|2019-03-30|Dual_Meet_MSSAC_vs_OAK|30.01|536
5|Stewart, Sydney|12|2006|UCSC|Alberta|2019-07-14|UCSC Western Finale|30.12|530
6|West, Mia|12|2006|SEALS|Manitoba|2018-11-17|Bison Sprint IM Invitational|30.15|528
7|Ko, Ashley|12|2006|HYACK|British Columbia|2019-01-26|SKSC Winter Fest|30.19|526
8|Yao, Angel|12|2006|WSC|British Columbia|2018-12-15|Rapids Fast-Swim Classic|30.23|524
9|Milot, Camille|12|2006|CAFA|Québec|2018-10-14|ARENA Challenge Automne 2018|30.35|518
10|McIntosh, Summer|12|2006|ESWIM|Ontario|2018-10-14|2018 Hall of Fame Meet|30.38|516
11|Fack, Leilani|12|2006|PSW|British Columbia|2018-12-07|16th Annual XMAS Cracker Invitational|30.47|512
12|Hu, Yueyi|12|2006|RHAC|Ontario|2018-11-25|Alex Baumann Invitational|30.59|506
13|Zhang, Ruitong|12|2006|VPSC|British Columbia|2018-12-16|JP Fiset Invitational|30.65|503
13|Mills, Syrah|12|2007|GCAC|Ontario|2019-04-27|2019 Ontario Team Challenge|30.65|503
15|Firth, Brynn|12|2005|HANEY|British Columbia|2018-11-09|2018 Brad Reid Memorial Invitational|30.83|494
16|Zhang, Yolanda|12|2005|SKSC|British Columbia|2018-11-09|2018 Brad Reid Memorial Invitational|30.94|489
17|Vertue, Jordan|12|2006|PGB|British Columbia|2018-11-18|2018 PGBSC Medical Northern Invitational|31.00|486
18|Marshall, Isabel|12|2006|BAD|Ontario|2019-03-03|2019 BAD Spring Invitational|31.10|481
19|Harcarufka, Jayne|12|2006|WAC|Ontario|2018-11-11|2018 Age Group International SC|31.11|481
20|Borromeo, Natascha|12|2006|WVOSC|British Columbia|2018-12-15|Rapids Fast-Swim Classic|31.24|475
20|Massey, Ashlyn|12|2006|PCSC|Québec|2018-11-03|Festival provincial par équipe section 1|31.24|475
22|Barrette, Rosie|12|2005|TORP|Québec|2018-11-03|Festival provincial par équipe section 3|31.26|474
23|Yu, Emily|12|2005|TSC|Ontario|2018-11-02|NYAC Cup|31.31|472
24|Tatic, Charla|12|2006|WAC|Ontario|2018-12-09|Border City Invitational|31.32|471
25|Masic, Ema|12|2005|ESWIM|Ontario|2018-10-14|2018 Hall of Fame Meet|31.36|469
26|Bleakney, Lila|12|2006|GGST|Ontario|2018-11-09|42nd Cindy Nicholas Invitational|31.46|465
27|Forest, Sahara|12|2006|CDSC|British Columbia|2019-07-27|SKSC Summer Fest|31.47|464
28|Nguyen, Rachel|12|2006|ESWIM|Ontario|2018-10-14|2018 Hall of Fame Meet|31.52|462
29|Harrington, Ava|12|2006|CBACW|Alberta|2019-01-19|Pugsley's Plunge 2019|31.53|462
30|Rupert, Bridget|12|2006|UVPCS|British Columbia|2019-01-26|Vancouver Island Regional SC Championships|31.57|460
31|Chen, Amber|12|2005|MAC|Ontario|2018-11-02|NYAC Cup|31.75|452
31|O'Leary, Niamh|12|2006|LAC|Ontario|2019-02-03|2019 Western Region SC Champs|31.75|452
33|Blythe, Jenna|12|2006|CHENA|British Columbia|2018-10-27|VPSC Fall Invitational|31.78|451
34|Faustino, Julianna|12|2006|TYEE|British Columbia|2019-01-26|Vancouver Island Regional SC Championships|31.82|449
35|Michaud, Maélie|12|2006|ELITE|Québec|2018-12-14|Invitation Provinciale des fêtes avec épreuves Ho! Ho! Eau Libre|31.83|449
36|Diorio, Fia|12|2006|CT33|Ontario|2019-04-27|2019 Ontario Team Challenge|31.84|448
37|Davis, Katrina|12|2006|LASC|Alberta|2018-10-28|Cascade Speed Meet|31.86|448
38|Avey, Brooklyn|12|2006|CP|Alberta|2019-01-19|Pugsley's Plunge 2019|31.87|447
39|Fedor, Summer|12|2006|MAVS|Alberta|2018-12-16|Age Group Food Bank Challenge|31.88|447
39|O'Regan, Bailey|12|2006|ESWIM|Ontario|2018-10-14|2018 Hall of Fame Meet|31.88|447
41|Jou, Emily|12|2006|GATOR|British Columbia|2019-06-02|LMR Championships|31.89|446
42|Chen, Victoria|12|2007|UCSC|Alberta|2019-07-14|UCSC Western Finale|31.95|444
43|Anderson, Brooke|12|2006|OSC|Alberta|2018-12-07|16th Annual XMAS Cracker Invitational|31.97|443
44|Ho, Antonia|12|2005|NKB|Ontario|2018-11-11|2018 Age Group International SC|31.98|443
44|Lane, Lila|12|2007|GCAC|Ontario|2019-04-27|2019 Ontario Team Challenge|31.98|443
46|Slee, Maya|12|2006|FMSC|Alberta|2018-12-16|JP Fiset Invitational|31.99|442
47|Hollingworth, Kristin|12|2006|AMAC|Alberta|2018-11-18|Skin Technologies Marlin Marquee Invitational|32.02|441
48|Grewal, Simrit|12|2006|COBRA|Ontario|2019-03-02|COBRA Power|32.06|439
49|Korczewski, Isabella|12|2006|UCSC|Alberta|2019-03-08|UCSC Team Champs|32.07|439
50|Walters, Jenna|12|2006|GMAC|Ontario|2019-01-20|LAC - 12 and Under Celebration|32.09|438