RANK|AGES|CLUB|TEAM|PROVINCE|DATE|MEET|TIME|FINA
1|12 - 12|Pointe-Claire Swim Club|PCSC A|Québec|2018-11-03|Festival provincial par équipe section 1|4:56.56|437
2|12 - 12|E.N. Longueuil|ELIT A|Québec|2018-11-03|Festival provincial par équipe section 1|5:06.30|397
3|12 - 12|Upper Canada Swim Club|UCRO A|Ontario|2019-02-16|2019 Ontario Winter Festival Championships|5:10.79|380
4|12 - 12|Mtl Nord Natation|CNMN A|Québec|2018-11-03|Festival provincial par équipe section 3|5:15.66|363
5|12 - 12|Club Nautilus de Matane|CNM I|Québec|2018-11-03|Festival provincial par équipe section 5 - Est|5:17.85|355
6|12 - 12|Fredericton Aquanauts Swim Team|FAST A|New Brunswick|2019-04-28|Ellen Waters Memorial Meet|5:26.56|327
7|12 - 12|Riverains Lévis|RL A|Québec|2018-11-03|Festival provincial par équipe section 3|5:29.81|318
8|12 - 12|Club Juvaqua d'Alma|CNJA M|Québec|2018-11-03|Festival provincial par équipe section 5 - Est|5:59.41|245
9|12 - 12|Wolfville Tritons Swim Club|WTSC A|Nova Scotia|2019-06-19|WTSC Time Trial One|6:07.52|230
10|12 - 12|Les Loutres|LLOU M|Québec|2018-11-03|Festival provincial par équipe section 5 - Sud|6:12.60|220
11|12 - 12|C.A. Polydium Chateauguay|CAPC A|Québec|2018-11-10|Festival provincial par équipe section 5 - Nord|6:28.74|194
12|12 - 12|Les Espadons|LES C|New Brunswick|2019-04-28|Ellen Waters Memorial Meet|6:31.71|190
13|12 - 12|Sussex Swordfish|SWRD E|New Brunswick|2019-04-28|Ellen Waters Memorial Meet|6:38.52|180