RANK|ATHLETES|AGE|YOB|CLUB|PROVINCE|DATE|MEET|TIME|FINA
1|West, Mia|12|2006|SEALS|Manitoba|2018-11-17|Bison Sprint IM Invitational|1:08.12|608
2|O'Regan, Bailey|12|2006|ESWIM|Ontario|2018-12-07|Youth Cup|1:09.46|574
3|Brousseau, Julie|12|2006|SWOTT|Ontario|2018-10-27|SWOTT Team October Invitational|1:09.70|568
4|Ho, Antonia|12|2005|NKB|Ontario|2018-12-01|Neptune International (CSPO 25m)|1:10.00|561
5|Stewart, Sydney|12|2006|UCSC|Alberta|2019-06-21|UCSC Team Champs|1:11.91|517
6|Milot, Camille|12|2006|CAFA|Québec|2018-10-13|ARENA Challenge Automne 2018|1:12.17|512
7|Belgica, Madison|12|2006|LOSC|British Columbia|2019-06-15|June 2019 Time Trial|1:12.46|505
8|Harcarufka, Jayne|12|2006|WAC|Ontario|2018-10-14|WAC Pentathlon|1:12.57|503
9|Fack, Leilani|12|2006|PSW|British Columbia|2019-01-20|Canadian Dolphin New Years Invitational 2019|1:13.22|490
10|Masic, Ema|12|2005|ESWIM|Ontario|2018-10-27|Gus Ryder Memorial Cup|1:13.28|489
11|Boyd, Trinity|12|2005|ESWIM|Ontario|2018-10-27|Gus Ryder Memorial Cup|1:13.33|488
12|Besner, Kaitlyn|12|2005|PCSC|Québec|2018-10-13|ARENA Challenge Automne 2018|1:13.56|483
13|Nguyen, Rachel|12|2006|ESWIM|Ontario|2018-10-27|Gus Ryder Memorial Cup|1:13.76|479
14|Cannings, Kamryn|12|2005|UCSC|Alberta|2018-10-20|UCSC Fall Start Up|1:13.85|477
15|Massey, Ashlyn|12|2006|PCSC|Québec|2018-11-24|Bluefins- Invitation Provinciale 11 ans et plus|1:14.01|474
16|Lavoie, Éloise|12|2007|CNJO|Québec|2019-05-25|Championnat régional Sag-Lac 5|1:14.04|474
17|Hu, Yueyi|12|2006|RHAC|Ontario|2018-11-25|Alex Baumann Invitational|1:14.13|472
18|Greber, Jordan|12|2006|GPP|Alberta|2018-11-16|2018 PGBSC Medical Northern Invitational|1:14.14|472
19|Soetaert, Leah|12|2005|EVDSC|British Columbia|2018-11-18|KSC SC Invitational 2018|1:14.29|469
20|Montrichard, Halayna|12|2006|HAC|Ontario|2019-01-27|Joanne Malar|1:14.31|469
21|Saldana Riebeling, Maria|12|2006|CDSC|British Columbia|2019-01-20|Canadian Dolphin New Years Invitational 2019|1:14.32|468
22|Gordon, Lindsay|12|2006|PCSC|Québec|2018-11-24|Bluefins- Invitation Provinciale 11 ans et plus|1:14.50|465
23|Avey, Brooklyn|12|2006|CP|Alberta|2019-01-19|Pugsley's Plunge 2019|1:14.52|465
24|Oleszczuk, Monica|12|2007|UCSC|Alberta|2019-06-21|UCSC Team Champs|1:14.64|462
25|CASTONGUAY, Marie|12|2005|RIKI|Québec|2018-10-20|Régionale 1 RDL 20 octobre|1:14.72|461
26|Allen, Claire|12|2006|WS|Ontario|2018-12-02|2018 Union Cup|1:14.74|461
27|Genesse, Charlie|12|2006|CARAT|Québec|2019-04-13|Coupe Aquamos|1:14.82|459
28|Day, Nathalie|12|2006|CDSC|British Columbia|2019-01-20|Canadian Dolphin New Years Invitational 2019|1:15.09|454
29|Neff, Rachael|12|2006|MMST|Ontario|2019-03-02|2019 BAD Spring Invitational|1:15.14|453
30|Burnett, Sydney|12|2006|ESWIM|Ontario|2018-10-27|Gus Ryder Memorial Cup|1:15.21|452
31|Batbayar, Maralgoo|12|2006|LASC|Alberta|2018-10-20|Fall Challenge|1:15.29|451
32|Hornsby, Elliot|12|2006|NCSA|Alberta|2019-02-10|NCSA John Timmermans Memorial Invitational 2019|1:15.45|448
33|Nguyen, Sarah|12|2006|CNMN|Québec|2019-06-08|Invitation Super Splash|1:15.57|446
34|Frederick, Aryn|12|2005|MAC|Ontario|2018-10-12|MAC Fall Fest Invitational|1:15.58|445
35|Jacques, Emma-Lee|12|2006|BTSC|Ontario|2019-03-03|Trojan Pentathlon|1:15.69|443
36|Nicols, Jasmine|12|2006|MSSAC|Ontario|2018-12-01|Neptune International (CSPO 25m)|1:15.81|441
37|McGrath, Rebecca|12|2006|PCSC|Québec|2018-10-13|ARENA Challenge Automne 2018|1:15.83|441
38|LeClair, Elena|12|2006|CBAC|Prince-Edward-Island|2019-04-27|9th Annual Fast and Furious|1:15.88|440
39|Rivet, Julia|12|2006|NBYT|Ontario|2019-04-12|North Bay Titans Invitational - Sprint / Ironman|1:15.89|440
40|Lloyd, Jordan|12|2007|UCSC|Alberta|2019-06-21|UCSC Team Champs|1:15.90|440
41|Côté, Virginie|12|2005|BG|Québec|2018-12-15|Intra Club|1:16.03|438
42|Harder, Sienna|12|2006|LOSC|British Columbia|2019-06-15|June 2019 Time Trial|1:16.04|437
43|Anderson, Grace|12|2006|BAD|Ontario|2018-10-13|MMST Dash for Cash|1:16.07|437
44|Scott, Keira|12|2006|ESWIM|Ontario|2018-12-07|Youth Cup|1:16.16|435
45|Graboski, Katie|12|2006|UCSC|Alberta|2019-03-08|UCSC Team Champs|1:16.38|432
46|Walsh, Ireland|12|2006|GPP|Alberta|2019-06-23|Summer Sizzler|1:16.40|431
47|Chen, Victoria|12|2007|UCSC|Alberta|2019-06-21|UCSC Team Champs|1:16.46|430
48|Wilson, Kiara|12|2006|PGSC|Manitoba|2019-06-08|Manitoba Open Junior Provincials|1:16.47|430
49|Fedor, Summer|12|2006|MAVS|Alberta|2019-02-02|Maverick Madness 2019|1:16.60|428
50|Allaire, Delphine|12|2006|ETM|Québec|2019-05-11|Invitation ETM 12 ans et moins / 13 ans et plus|1:16.70|426