RANK|ATHLETES|AGE|YOB|CLUB|PROVINCE|DATE|MEET|TIME|FINA
1|Brousseau, Julie|12|2006|SWOTT|Ontario|2018-12-09|Gatineau Grand Prix|2:37.85|619
2|McIntosh, Summer|12|2006|ESWIM|Ontario|2018-12-21|2018 Trillium Cup|2:40.61|588
3|Chen, Amber|12|2005|MAC|Ontario|2018-12-09|Gatineau Grand Prix|2:42.23|570
4|O'Regan, Bailey|12|2006|ESWIM|Ontario|2018-12-08|Youth Cup|2:42.70|565
5|Mensah, Gianna|12|2006|HTAC|Nova Scotia|2018-12-14|Age Group Development Meet|2:43.96|552
6|Johns, Chloe|12|2006|MJKFF|Saskatchewan|2018-12-14|ManSask Championships Short Course Open Championships|2:44.62|546
7|Vertue, Jordan|12|2006|PGB|British Columbia|2019-02-24|Winter Age Group Championships|2:47.19|521
8|Merrell, Natalie|12|2006|AAC|Ontario|2019-01-19|Audi Midtown Toronto Winter Classic-SC 12 & U (TPASC)|2:47.44|519
9|West, Mia|12|2006|SEALS|Manitoba|2019-02-09|Selkirk Dolphins Carnival|2:47.50|518
10|Burnett, Sydney|12|2006|ESWIM|Ontario|2019-02-16|2019 Ontario Winter Festival Championships|2:48.27|511
11|Ho, Antonia|12|2005|NKB|Ontario|2018-11-30|Neptune International (CSPO 25m)|2:48.29|511
12|Ling, Yolanda|12|2006|HYACK|British Columbia|2019-07-28|SKSC Summer Fest|2:48.61|508
13|Angove, Sienna|12|2006|KCS|British Columbia|2019-06-23|SUMMER AGE GROUP CHAMPIONSHIPS|2:49.01|504
14|Yazedjian, Elsa|12|2007|CDNDG|Québec|2019-06-16|Championnat provincial 11-12 ans et Paranatation d'été|2:49.47|500
15|Thomson, Ava|12|2006|MANTA|Manitoba|2018-12-14|ManSask Championships Short Course Open Championships|2:49.58|499
16|Day, Nathalie|12|2006|CDSC|British Columbia|2019-06-23|SUMMER AGE GROUP CHAMPIONSHIPS|2:49.71|498
17|Lu, Grace|12|2006|OYO|Ontario|2019-01-19|2019 NKB Winter Invitational|2:50.66|490
18|Harder, Sienna|12|2006|LOSC|British Columbia|2019-06-23|SUMMER AGE GROUP CHAMPIONSHIPS|2:50.89|488
19|Cescon, Emily|12|2006|TSC|Ontario|2019-02-16|2019 Ontario Winter Festival Championships|2:50.92|488
20|Gray, Sara|12|2006|KAJ|British Columbia|2019-06-23|SUMMER AGE GROUP CHAMPIONSHIPS|2:52.11|477
21|Di, Mello|12|2006|ISC|British Columbia|2019-06-23|SUMMER AGE GROUP CHAMPIONSHIPS|2:52.16|477
22|Lising, Maya|12|2006|TSC|Ontario|2019-02-16|2019 Ontario Winter Festival Championships|2:52.54|474
23|Rupert, Annika|12|2006|UVPCS|British Columbia|2019-06-23|SUMMER AGE GROUP CHAMPIONSHIPS|2:53.12|469
24|Ko, Ashley|12|2006|HYACK|British Columbia|2019-02-24|Winter Age Group Championships|2:53.30|468
25|Michaud, Laurence|12|2007|CNJO|Québec|2019-06-16|Championnat provincial 11-12 ans et Paranatation d'été|2:53.45|467
26|Ma, Emily|12|2006|MAC|Ontario|2018-12-09|Gatineau Grand Prix|2:54.19|461
27|Cos, Isabelle|12|2006|TORCH|Ontario|2019-01-19|Audi Midtown Toronto Winter Classic-SC 12 & U (TPASC)|2:54.23|460
28|Gordon, Lindsay|12|2006|PCSC|Québec|2019-06-16|Championnat provincial 11-12 ans et Paranatation d'été|2:54.58|457
29|Aalhus, Kate|12|2006|SFNV|British Columbia|2019-02-24|Winter Age Group Championships|2:54.67|457
30|Anderson, Grace|12|2006|BAD|Ontario|2019-02-16|2019 Ontario Winter Festival Championships|2:55.05|454
31|Tran, Bao Ngoc Sophia|12|2005|OAK|Ontario|2018-11-24|LAC - Nothers Fall Invitational|2:55.24|452
32|Stewart, Sydney|12|2006|UCSC|Alberta|2018-12-16|JP Fiset Invitational|2:55.57|450
33|Michaud, Maélie|12|2006|ELITE|Québec|2019-06-16|Championnat provincial 11-12 ans et Paranatation d'été|2:55.60|450
34|Marton, Kaitlin|12|2006|CW|Ontario|2019-02-16|2019 Ontario Winter Festival Championships|2:55.70|449
35|Lawson, Ava|12|2006|ISC|British Columbia|2019-02-24|Winter Age Group Championships|2:55.79|448
36|Benn, Adelina|12|2006|UVPCS|British Columbia|2019-02-24|Winter Age Group Championships|2:55.91|447
37|Kilger, Lydia|12|2006|CSL|Ontario|2019-02-02|2019 Eastern Ontario Regional Championships (SC/LC)|2:55.99|447
38|St. Pierre, Kayla|12|2006|OSC|Alberta|2018-12-16|JP Fiset Invitational|2:56.07|446
38|Longtin, Aurora|12|2006|UCRO|Ontario|2019-02-16|2019 Ontario Winter Festival Championships|2:56.07|446
40|Crane, Kailee|12|2006|EKSC|Alberta|2019-01-20|Blue Bears 2019|2:56.48|443
41|Avey, Brooklyn|12|2006|CP|Alberta|2019-05-12|Fast & Furious Invitational|2:56.52|443
42|O'Leary, Niamh|12|2006|LAC|Ontario|2019-02-16|2019 Ontario Winter Festival Championships|2:56.58|442
43|Diorio, Fia|12|2006|CT33|Ontario|2019-04-28|2019 Ontario Team Challenge|2:56.89|440
44|Russell, Madison|12|2006|BTSC|Ontario|2018-11-04|2018 Barrie Aquafest|2:57.07|438
45|Warawa, Grace|12|2006|FS|Saskatchewan|2018-12-14|ManSask Championships Short Course Open Championships|2:57.25|437
46|Zander, Olivia|12|2006|MSSAC|Ontario|2019-02-16|2019 Ontario Winter Festival Championships|2:57.49|435
47|Randolph, Julia|12|2007|PCSC|Québec|2019-06-16|Championnat provincial 11-12 ans et Paranatation d'été|2:57.60|435
48|Belgica, Madison|12|2006|LOSC|British Columbia|2019-01-20|Canadian Dolphin New Years Invitational 2019|2:57.66|434
49|Saldana Riebeling, Maria|12|2006|CDSC|British Columbia|2019-01-20|Canadian Dolphin New Years Invitational 2019|2:57.79|433
50|Lee, Sophia|12|2006|BORC|Ontario|2018-12-21|2018 Trillium Cup|2:57.86|433