RANK|AGES|CLUB|TEAM|PROVINCE|DATE|MEET|TIME|FINA
1|12 - 12|Pointe-Claire Swim Club|PCSC B|Québec|2019-07-28|2019 Canadian Junior Swimming Championships|4:20.65|497
1|12 - 12|Pointe-Claire Swim Club|PCSC A|Québec|2018-11-02|Festival provincial par équipe section 1|4:20.65|497
3|12 - 12|Toronto Swim Club|TSC A|Ontario|2018-12-08|Youth Cup|4:24.05|478
4|12 - 12|Toronto Swim Club|TSC B|Ontario|2019-02-17|2019 Ontario Winter Festival Championships|4:29.41|450
5|12 - 12|E.N. Longueuil|ELIT A|Québec|2018-11-02|Festival provincial par équipe section 1|4:29.86|448
6|12 - 12|Nepean Kanata Barracudas|NKB B|Ontario|2019-02-17|2019 Ontario Winter Festival Championships|4:31.88|438
7|12 - 12|Barracudas de Gaspé|BG A|Québec|2018-10-20|Régionale 1 RDL 20 octobre|4:35.43|421
8|12 - 12|Riverains Lévis|RL A|Québec|2018-11-02|Festival provincial par équipe section 3|4:39.49|403
9|12 - 12|Wolfville Tritons Swim Club|WTSC B|Nova Scotia|2019-02-15|AA Winter Champs|4:41.39|395
10|12 - 12|Club Nautilus de Matane|CNM A|Québec|2018-11-02|Festival provincial par équipe section 5 - Est|4:42.33|391
11|12 - 12|Mtl Nord Natation|CNMN A|Québec|2018-11-02|Festival provincial par équipe section 3|4:44.95|380
12|12 - 12|Upper Canada Swim Club|UCRO A|Ontario|2019-02-17|2019 Ontario Winter Festival Championships|4:53.65|347
13|12 - 12|Etobicoke Swim Club|ESWIME|Ontario|2018-12-08|Youth Cup|4:59.75|327
14|12 - 12|Pictou County Mariners|PCM A|Nova Scotia|2019-02-15|AA Winter Champs|5:05.46|309
15|12 - 12|C.N. Montmagny|MY A|Québec|2018-11-02|Festival provincial par équipe section 5 - Sud|5:06.18|306
16|12 - 12|Club Juvaqua d'Alma|CNJA A|Québec|2018-11-02|Festival provincial par équipe section 5 - Est|5:19.68|269
17|12 - 12|Les Loutres|LLOU A|Québec|2018-11-02|Festival provincial par équipe section 5 - Sud|5:23.05|261
18|12 - 12|C.A. Fouiqs D'Anjou|CAFA A|Québec|2018-11-09|Festival provincial par équipe section 5 - Ouest|5:24.90|256
19|12 - 12|C.A. Polydium Chateauguay|CAPC A|Québec|2018-11-09|Festival provincial par équipe section 5 - Nord|5:50.02|205