RANK|ATHLETES|AGE|YOB|CLUB|PROVINCE|DATE|MEET|TIME|FINA
1|McIntosh, Summer|12|2006|ESWIM|Ontario|2018-11-08|2018 Age Group International SC|8:53.16|726
2|Vertue, Jordan|12|2006|PGB|British Columbia|2018-12-14|26th Annual MJB Law Classic SCM|9:22.30|619
3|O'Regan, Bailey|12|2006|ESWIM|Ontario|2018-12-20|2018 Trillium Cup|9:30.37|593
4|Lee, Sophia|12|2006|BORC|Ontario|2018-12-20|2018 Trillium Cup|9:31.35|590
5|Jacques, Emma-Lee|12|2006|BTSC|Ontario|2019-04-26|2019 Ontario Team Challenge|9:38.09|570
6|Greber, Jordan|12|2006|GPP|Alberta|2018-11-02|Cygnet Dental & Junction Point Physical Therapy Fast Track into Fall|9:40.94|561
7|Boyd, Trinity|12|2005|ESWIM|Ontario|2018-12-09|Youth Cup|9:42.79|556
8|Burnett, Sydney|12|2006|ESWIM|Ontario|2018-11-08|2018 Age Group International SC|9:46.32|546
9|Yazedjian, Elsa|12|2007|CDNDG|Québec|2019-06-15|Championnat provincial 11-12 ans et Paranatation d'été|9:48.69|539
10|Evans, Emma|12|2006|SPART|British Columbia|2019-01-13|2019 Hyack Icebreaker Classic|9:49.02|538
11|Saldana Riebeling, Maria|12|2006|CDSC|British Columbia|2019-01-18|Canadian Dolphin New Years Invitational 2019|9:50.69|534
12|Kovaluk, Alexia|12|2005|NN|Québec|2018-11-04|Festival provincial par équipe section 1|9:52.59|529
13|Gauvin, Rosalie|12|2006|RL|Québec|2019-04-13|ARENA Challenge du printemps Développement mixte 2019 CAMO|9:53.15|527
14|Gordon, Lindsay|12|2006|PCSC|Québec|2019-02-16|Championnat provincial 11-12 ans et Paranatation - Hiver|9:53.41|527
15|Cos, Isabelle|12|2006|TORCH|Ontario|2019-02-16|2019 Ontario Winter Festival Championships|9:53.43|527
16|Kilger, Lydia|12|2006|CSL|Ontario|2019-02-16|2019 Ontario Winter Festival Championships|9:53.80|526
17|Duvall, Abigail|12|2007|WAC|Ontario|2019-05-18|WAC Cup 2|9:54.31|524
18|Lloyd, Delia|12|2006|ESWIM|Ontario|2019-02-16|2019 Ontario Winter Festival Championships|9:55.26|522
19|Nguyen, Rachel|12|2006|ESWIM|Ontario|2018-11-08|2018 Age Group International SC|9:56.82|518
20|Gratton, Romy|12|2007|CAMO|Québec|2019-06-15|Championnat provincial 11-12 ans et Paranatation d'été|9:57.67|515
21|Loon, Payton|12|2006|EKSC|Alberta|2018-12-13|JP Fiset Invitational|9:59.20|511
22|Craig, Kiah|12|2006|ISC|British Columbia|2019-01-25|Vancouver Island Regional SC Championships|9:59.54|511
23|Montana, Martina|12|2005|CRKW|British Columbia|2018-11-09|ISC 2018 Bennett Cup|10:01.18|506
24|Brousseau, Julie|12|2006|SWOTT|Ontario|2018-12-02|Invitation provinciale 2018|10:01.63|505
25|Kennedy, Keira|12|2006|CASC|Alberta|2018-12-13|JP Fiset Invitational|10:02.20|504
26|Harrington, Ava|12|2006|CBACW|Alberta|2019-01-18|Pugsley's Plunge 2019|10:02.40|503
27|West, Mia|12|2006|SEALS|Manitoba|2018-12-02|Last Chance for Man/Sask|10:03.09|502
28|Béasse, Gabrielle|12|2007|CAMO|Québec|2019-06-15|Championnat provincial 11-12 ans et Paranatation d'été|10:03.40|501
29|Suciu, Emma|12|2006|CNSH|Québec|2019-02-16|Championnat provincial 11-12 ans et Paranatation - Hiver|10:03.93|500
30|O'Croinin, Kiera|12|2006|EKSC|Alberta|2019-01-18|Blue Bears 2019|10:03.99|499
31|Marshall, Isabel|12|2006|BAD|Ontario|2018-11-02|2018 BAD Fall Invitational|10:06.22|494
32|Chambers, Jacqueline|12|2006|LAC|Ontario|2019-01-31|2019 Western Region SC Champs|10:06.78|492
33|Cescon, Emily|12|2006|TSC|Ontario|2019-02-16|2019 Ontario Winter Festival Championships|10:06.81|492
34|Fourie, Sarah|12|2006|KAJ|British Columbia|2019-08-04|Mid-Summer Madness|10:06.86|492
35|Manzanares-Scozzese, Sienna|12|2006|MAC|Ontario|2019-04-26|2019 Ontario Team Challenge|10:07.02|492
36|Masic, Ema|12|2005|ESWIM|Ontario|2018-11-08|2018 Age Group International SC|10:07.03|492
37|Vujosevic, Eva|12|2006|ESWIM|Ontario|2018-12-20|2018 Trillium Cup|10:07.46|491
38|Ly, Stella|12|2006|PCSC|Québec|2019-02-16|Championnat provincial 11-12 ans et Paranatation - Hiver|10:08.20|489
39|Slee, Maya|12|2006|FMSC|Alberta|2018-11-09|ISC 2018 Bennett Cup|10:08.60|488
40|Hollingworth, Kristin|12|2006|AMAC|Alberta|2018-12-13|JP Fiset Invitational|10:09.41|486
41|Partridge, Sadie|12|2006|TSC|Ontario|2018-12-09|Youth Cup|10:10.95|482
42|Belgica, Madison|12|2006|LOSC|British Columbia|2018-12-09|16th Annual XMAS Cracker Invitational|10:11.35|482
43|Montrichard, Halayna|12|2006|HAC|Ontario|2019-01-31|2019 Western Region SC Champs|10:11.72|481
44|Suen, Makayden|12|2007|LOSC|British Columbia|2019-07-28|SKSC Summer Fest|10:11.86|480
45|Strojnowska, Julia|12|2006|CDSC|British Columbia|2018-12-16|Rapids Fast-Swim Classic|10:12.13|480
46|Tran, Vian|12|2006|ESWIM|Ontario|2018-12-20|2018 Trillium Cup|10:12.65|478
47|McKinstry, Katie|12|2006|TSC|Ontario|2019-03-01|Steve Kingston Memorial Swim Meet|10:12.88|478
48|Bennett, Aryka|12|2006|SPART|British Columbia|2019-01-27|SKSC Winter Fest|10:13.58|476
49|Currie, Hadley|12|2006|AAC|Ontario|2019-01-19|Audi Midtown Toronto Winter Classic-SC 12 & U (TPASC)|10:14.41|474
50|Zhang, Ruitong|12|2006|VPSC|British Columbia|2018-12-13|JP Fiset Invitational|10:14.97|473