RANK|ATHLETES|AGE|YOB|CLUB|PROVINCE|DATE|MEET|TIME|FINA
1|Merrell, Natalie|12|2006|AAC|Ontario|2019-02-10|Central Region B Champs 2019|29.34|669
2|Borromeo, Natascha|12|2006|WVOSC|British Columbia|2019-02-22|Winter Age Group Championships|30.69|585
3|McIntosh, Summer|12|2006|ESWIM|Ontario|2018-12-22|2018 Trillium Cup|30.87|574
4|West, Mia|12|2006|SEALS|Manitoba|2018-12-16|ManSask Championships Short Course Open Championships|31.03|566
5|Sava, Helen Anne|12|2005|RAMAC|Ontario|2018-10-13|2018 Hall of Fame Meet|31.27|553
6|Lee, Sophia|12|2006|BORC|Ontario|2018-12-08|Invitation provinciale AA-AAA Noël + Développement 11-12 ans CAMO|31.28|552
7|Soetaert, Leah|12|2005|EVDSC|British Columbia|2018-11-17|KSC SC Invitational 2018|31.36|548
8|Grewal, Simrit|12|2006|COBRA|Ontario|2019-03-02|COBRA Power|31.48|542
9|Vertue, Jordan|12|2006|PGB|British Columbia|2018-11-18|2018 PGBSC Medical Northern Invitational|31.50|541
10|Sheng, Jessica|12|2006|MAC|Ontario|2018-12-07|Gatineau Grand Prix|31.55|538
11|Ko, Ashley|12|2006|HYACK|British Columbia|2019-06-21|SUMMER AGE GROUP CHAMPIONSHIPS|31.89|521
12|Avey, Brooklyn|12|2006|CP|Alberta|2019-05-12|Fast & Furious Invitational|31.94|519
13|Milot, Camille|12|2006|CAFA|Québec|2018-12-15|Intraclub CAFA 2018|32.18|507
14|Smith, Rachel|12|2006|MMST|Ontario|2019-02-17|2019 Ontario Winter Festival Championships|32.28|502
15|Harcarufka, Jayne|12|2006|WAC|Ontario|2019-01-19|WAC Cup 1|32.31|501
16|Montrichard, Halayna|12|2006|HAC|Ontario|2019-02-03|2019 Western Region SC Champs|32.34|500
16|McGrath, Rebecca|12|2006|PCSC|Québec|2019-06-16|Championnat provincial 11-12 ans et Paranatation d'été|32.34|500
16|LASALLE, KAYLEE|12|2006|KAP|Ontario|2019-04-28|2019 Ontario Team Challenge|32.34|500
19|Day, Nathalie|12|2006|CDSC|British Columbia|2019-06-23|SUMMER AGE GROUP CHAMPIONSHIPS|32.43|495
20|Korczewski, Isabella|12|2006|UCSC|Alberta|2019-07-13|UCSC Western Finale|32.46|494
21|Ladd, Mia Catelyn|12|2006|GO|Ontario|2018-11-25|Alex Baumann Invitational|32.51|492
22|Kovaluk, Alexia|12|2005|NN|Québec|2018-11-02|Festival provincial par équipe section 1|32.60|488
23|Mitchell, Piper|12|2006|CCSC|Ontario|2019-02-01|2019 Huronia SC Regional Championships|32.70|483
24|Stewart, Sydney|12|2006|UCSC|Alberta|2019-07-13|UCSC Western Finale|32.77|480
25|Evans, Emma|12|2006|SPART|British Columbia|2019-06-08|Knights June Jamboree 2019|32.78|480
26|Craig, Kiah|12|2006|ISC|British Columbia|2019-02-24|Winter Age Group Championships|32.80|479
27|Thebarge, Jessica|12|2006|NG|Québec|2019-02-16|Championnat provincial 11-12 ans et Paranatation - Hiver|32.81|478
28|Rupert, Bridget|12|2006|UVPCS|British Columbia|2019-02-22|Winter Age Group Championships|32.82|478
29|Perkins, Ava|12|2006|EKSC|Alberta|2019-01-19|Blue Bears 2019|32.83|478
30|Chen, Amber|12|2005|MAC|Ontario|2018-11-04|NYAC Cup|32.85|477
31|Scott, Keira|12|2006|ESWIM|Ontario|2018-11-09|2018 Age Group International SC|32.94|473
32|Goetz, Aden|12|2006|CASC|Alberta|2019-01-19|Pugsley's Plunge 2019|32.95|472
33|Li, Effie|12|2007|GATOR|British Columbia|2019-06-21|SUMMER AGE GROUP CHAMPIONSHIPS|32.96|472
34|Yazedjian, Elsa|12|2007|CDNDG|Québec|2019-06-16|Championnat provincial 11-12 ans et Paranatation d'été|33.14|464
35|Williams, Reka|12|2005|CHENA|British Columbia|2018-12-14|Rapids Fast-Swim Classic|33.16|463
36|Preszcator, Ainsley|12|2006|AOA|Ontario|2019-02-01|2019 Western Region SC Champs|33.19|462
37|Harrington, Ava|12|2006|CBACW|Alberta|2018-12-14|JP Fiset Invitational|33.24|460
38|Fedor, Summer|12|2006|MAVS|Alberta|2018-10-27|Cascade Speed Meet|33.29|458
39|Michaud, Rose|12|2006|CASE|Québec|2019-04-14|Grand prix de Montréal Invitation 12 ans et moins|33.36|455
40|Frederiksen, Mia|12|2006|LSC|Ontario|2019-04-28|2019 Ontario Team Challenge|33.37|455
41|Ho, Antonia|12|2005|NKB|Ontario|2018-11-09|2018 Age Group International SC|33.46|451
42|Nguyen, Rachel|12|2006|ESWIM|Ontario|2018-11-09|2018 Age Group International SC|33.47|451
43|Greber, Jordan|12|2006|GPP|Alberta|2018-11-03|Cygnet Dental & Junction Point Physical Therapy Fast Track into Fall|33.48|450
44|Michaud, Maélie|12|2006|ELITE|Québec|2019-06-16|Championnat provincial 11-12 ans et Paranatation d'été|33.49|450
45|Cosgriffe, Katie|12|2006|BAD|Ontario|2018-11-25|Alex Baumann Invitational|33.54|448
46|Walters, Jenna|12|2006|GMAC|Ontario|2018-11-04|NYAC Cup|33.55|447
47|Anderson, Brooke|12|2006|OSC|Alberta|2018-12-14|JP Fiset Invitational|33.56|447
47|Shepherd, Allisyn|12|2006|WAC|Ontario|2019-02-17|2019 Ontario Winter Festival Championships|33.56|447
47|Ruthven, Olivia|12|2005|CHENA|British Columbia|2018-11-09|2018 Brad Reid Memorial Invitational|33.56|447
50|Grecoff, Isabelle|12|2006|CAEM|Québec|2019-02-16|Championnat provincial 11-12 ans et Paranatation - Hiver|33.61|445