RANK|ATHLETES|AGE|YOB|CLUB|PROVINCE|DATE|MEET|TIME|FINA
1|Stokes, Richie|11|2000|ESWIM|Ontario|2012-01-21|2012 A-B Meet|4:41.18|433
2|Yang, Ray|11|2001|ESWIM|Ontario|2012-01-21|2012 A-B Meet|4:41.45|432
3|Singh, Tai Long|11|2000|WDSC|British Columbia|2011-12-10|2011 PCS Xmas Cracker Invitational|4:46.83|408
4|Rothery, Jacob|11|2000|TSC|Ontario|2011-12-03|Youth Cup|4:47.76|404
5|Byers, Dylan|11|2000|GO|Ontario|2012-03-04|2012 SC Junior & PARA Provincials|4:48.93|399
6|Walker, Connor|11|2000|MAC|Ontario|2012-03-04|2012 SC Junior & PARA Provincials|4:48.97|399
7|Phillips, Austin|11|2000|KCS|British Columbia|2012-03-04|2012 TAS SwimBC SC AAA Championships|4:49.20|398
8|Dommann, Raben|11|2001|CHENA|British Columbia|2012-03-04|2012 TAS SwimBC SC AAA Championships|4:49.86|395
9|Lee, Caleb|11|1999|AMAC|Alberta|2011-11-05|Cascade Speed Meet "BLUE"|4:54.57|376
10|Freund, Joshua|11|2000|LASC|Alberta|2011-12-10|2011 PCS Xmas Cracker Invitational|4:54.77|376
11|Cruz Zuniga, Guillermo|11|2000|ELITE|Québec|2012-04-20|Section 1 - Championnat par équipe|4:56.66|368
12|Stewart, William|11|2000|LAC|Ontario|2012-03-04|2012 SC Junior & PARA Provincials|5:00.07|356
13|Antifaoff, Micheal|11|2000|EKSC|Alberta|2012-03-10|2012 Speedo Alberta Age Group Championships|5:00.75|354
14|Armstrong, Matthew|11|2000|MANTA|Manitoba|2012-03-16|Man/Sask Short Course Provincial Championships|5:00.84|353
15|Pelletier, Eric|11|2000|PCSC|Québec|2012-01-14|Invitation P1-P2 DDO Invitational|5:00.87|353
16|Knox, Finlay|11|2001|MAVS|Alberta|2012-03-10|2012 Speedo Alberta Age Group Championships|5:01.34|352
17|Lisoway, Justin|11|2000|MAVS|Alberta|2012-06-10|Zone 2-3 Summer Games Trials/Killarney Invitational|5:01.51|351
18|Freire Kloecking, Rafael|11|2000|SKSC|British Columbia|2012-03-04|2012 TAS SwimBC SC AAA Championships|5:01.73|350
19|Czoma, Zsombor|11|2001|NKB|Ontario|2012-03-04|2012 SC Junior & PARA Provincials|5:02.84|346
20|St-Germain, Jacob|11|2000|UL|Québec|2012-02-25|Championnat provincial AQUAM groupes d'âge|5:03.50|344
21|Després, Julien-Manuel|11|2000|PPO|Québec|2012-01-29|Nouvelle année P1-P2 (25m) sans finales AM|5:03.57|344
22|Zhang, Anthony|11|2000|MST~|Ontario|2012-04-20|Division 1 Team Champs|5:03.90|343
23|Ostrem, Matthew|11|2000|CHENA|British Columbia|2012-03-04|2012 TAS SwimBC SC AAA Championships|5:06.98|332
24|Gibson, Liam|11|1999|BRANT|Ontario|2011-10-22|Brad Townsend Fall Classic 2011|5:07.75|330
25|Berry, Austin|11|2000|RAPID|British Columbia|2012-01-22|CDSC New Years Invitational|5:08.62|327
26|Glatz, Reid|11|2000|NCSA|Alberta|2012-03-10|2012 Speedo Alberta Age Group Championships|5:08.78|327
27|Macdermaid, Dylan|11|2001|||2012-07-28|Alberta Summer Games|5:09.19|325
28|Renaud, Dion|11|2000|HAC|Ontario|2012-03-04|2012 SC Junior & PARA Provincials|5:09.47|324
29|Dungate, Andrew|11|2000|NCSA|Alberta|2012-03-10|2012 Speedo Alberta Age Group Championships|5:09.74|324
30|Gagne, Collyn|11|2000|OAK|Ontario|2012-03-04|2012 SC Junior & PARA Provincials|5:10.32|322
31|Katelnikoff, Alexander|11|2000|CASC|Alberta|2012-06-10|Zone 2-3 Summer Games Trials/Killarney Invitational|5:10.64|321
32|Rakchtis, Richard|11|2000|RAPID|British Columbia|2012-03-04|2012 TAS SwimBC SC AAA Championships|5:10.96|320
33|Lessard, Guillaume|11|2000|CSQ|Québec|2012-06-22|Festival 1 Été|5:12.36|316
34|Truong, Hugo|11|2000|OAK|Ontario|2012-01-22|25th Annual Oakville Invitational|5:12.43|315
35|Ing, Ryan|11|2000|MAC|Ontario|2012-03-04|2012 SC Junior & PARA Provincials|5:12.51|315
36|McKervill, Padric|11|2000|CVAC|New Brunswick|2012-02-05|Championnat du NB en Bassin Court - NB Short Course Open Championship|5:13.27|313
37|Lee, Matthew|11|2000|PICK|Ontario|2012-03-04|2012 SC Junior & PARA Provincials|5:13.40|312
38|Jubenvill, Jacob|11|2000|CASC|Alberta|2012-01-14|UCSC Grand Prix|5:13.48|312
39|Calvert, Derek|11|2000|BAD|Ontario|2011-12-09|Team Aquatic Supplies Dash for Cash|5:13.93|311
40|Durham, Conner|11|2000|BRANT|Ontario|2012-04-20|Division 2 Team Championships|5:14.06|310
41|Murray, Ryan|11|2000|RAPID|British Columbia|2011-11-19|LOSC 5th Annual Short Course Invitational|5:14.61|309
42|Currie, Garnet|11|2000|WRSC|British Columbia|2012-03-04|2012 TAS SwimBC SC AAA Championships|5:14.66|309
43|Allen, Alexander|11|2000|BAD|Ontario|2012-04-20|Division 1 Team Champs|5:15.89|305
44|Racine, Benjamin|11|2001|NG|Québec|2012-06-16|Finales Jeux du Quebec Outaouais|5:16.23|304
45|Brown, Taila|11|2000|NYAC|Ontario|2012-01-22|25th Annual Oakville Invitational|5:16.38|304
46|Chambers, Ian|11|2000|OAK|Ontario|2012-03-04|2012 SC Junior & PARA Provincials|5:17.12|302
47|Rafales-Nordoff, Benjamin|11|2000|HWAC|Nova Scotia|2012-03-02|East Coast Short Course Championship|5:17.14|301
48|Somerset, Sebastian|11|2001|CASC|Alberta|2012-03-10|2012 Speedo Alberta Age Group Championships|5:17.31|301
49|Wood, Douglas|11|2000|UCRO|Ontario|2012-02-03|2012 EOSA SC Regional Championships|5:17.45|301
50|Hsing, Adrian|11|2000|RAPID|British Columbia|2012-03-04|2012 TAS SwimBC SC AAA Championships|5:18.03|299