RANK|ATHLETES|AGE|YOB|CLUB|PROVINCE|DATE|MEET|TIME|FINA
1|Yang, Ray|11|2001|ESWIM|Ontario|2012-01-21|2012 A-B Meet|2:23.73|437
2|Després, Julien-Manuel|11|2000|PPO|Québec|2011-12-02|Invitation Noël P1 et P2 avec finales (25m)|2:29.31|390
3|Knox, Finlay|11|2001|MAVS|Alberta|2012-03-09|2012 Speedo Alberta Age Group Championships|2:33.85|356
4|Dommann, Raben|11|2001|CHENA|British Columbia|2012-03-04|2012 TAS SwimBC SC AAA Championships|2:34.25|353
5|Rothery, Jacob|11|2000|TSC|Ontario|2011-12-18|Invitation provinciale P1-P2 de Noël 2011|2:34.37|353
6|Walker, Connor|11|2000|MAC|Ontario|2012-01-28|GO THE DISTANCE|2:35.54|345
7|Cruz Zuniga, Guillermo|11|2000|ELITE|Québec|2012-04-20|Section 1 - Championnat par équipe|2:38.91|323
8|Zhang, Joe|11|2000|VPSC|British Columbia|2012-03-04|2012 TAS SwimBC SC AAA Championships|2:42.52|302
9|Phillips, Austin|11|2000|KCS|British Columbia|2012-03-04|2012 TAS SwimBC SC AAA Championships|2:42.77|301
10|Lisoway, Justin|11|2000|MAVS|Alberta|2011-12-02|JP Fiset International|2:46.06|283
11|Pelletier, Eric|11|2000|PCSC|Québec|2012-01-15|Invitation P1-P2 DDO Invitational|2:46.88|279
12|Antifaoff, Micheal|11|2000|EKSC|Alberta|2012-03-09|2012 Speedo Alberta Age Group Championships|2:49.92|264
13|Ing, Ryan|11|2000|MAC|Ontario|2012-03-17|Man/Sask Short Course Provincial Championships|2:50.30|262
14|Armstrong, Matthew|11|2000|MANTA|Manitoba|2012-03-17|Man/Sask Short Course Provincial Championships|2:51.83|256
15|Glatz, Reid|11|2000|NCSA|Alberta|2012-04-27|EVDSC 2012 INVITATIONAL|2:53.43|249
16|Somerset, Sebastian|11|2001|||2012-07-28|Alberta Summer Games|2:53.55|248
17|Ostrem, Matthew|11|2000|CHENA|British Columbia|2012-03-04|2012 TAS SwimBC SC AAA Championships|2:53.58|248
18|Uemura, Victor|11|1999|CHENA|British Columbia|2011-11-20|LOSC 5th Annual Short Course Invitational|2:55.72|239
19|Chan, Kyle|11|2000|RAPID|British Columbia|2012-01-22|CDSC New Years Invitational|2:56.07|237
20|Gibson, Liam|11|1999|BRANT|Ontario|2011-11-13|Swim International|2:56.87|234
21|St-Germain, Jacob|11|2000|UL|Québec|2012-02-25|Championnat provincial AQUAM groupes d'âge|2:59.27|225
22|Freire Kloecking, Rafael|11|2000|SKSC|British Columbia|2012-01-14|Hyack Icebreaker Classic 2012|3:00.08|222
23|Spiers, Hayden|11|2000|DUCKS|Ontario|2011-12-03|Clarington Ironman Pentathlon|3:00.43|221
24|Zhang, Anthony|11|2000|MST~|Ontario|2012-05-26|Mallards Annual Pentathlon|3:05.25|204
25|Gagne, Collyn|11|2000|OAK|Ontario|2011-12-11|Team Aquatic Supplies Dash for Cash|3:05.45|203
26|Kim, Woo Jae|11|2000|APEX|Ontario|2012-05-26|Mallards Annual Pentathlon|3:05.65|203
27|Somov, Alex|11|2000|BTSC|Ontario|2012-04-21|Division 2 Team Championships|3:05.84|202
28|Truong, Hugo|11|2000|OAK|Ontario|2011-12-11|Team Aquatic Supplies Dash for Cash|3:05.91|202
29|Lee, Caleb|11|1999|AMAC|Alberta|2011-11-05|Cascade Speed Meet "BLUE"|3:07.04|198
30|McKervill, Padric|11|2000|CVAC|New Brunswick|2011-12-03|Défi UL P1-P2 2011|3:07.21|197
31|Papadedes, Dimitri|11|1999|GMAC|Ontario|2011-11-13|Swim International|3:07.37|197
32|Choheili, Soorna|11|2000|DUCKS|Ontario|2012-04-21|Division 1 Team Champs|3:07.95|195
33|Smorchkov, Gleb|11|2000|RAMAC|Ontario|2012-01-21|2012 A-B Meet|3:08.70|193
34|Freund, Joshua|11|2000|LASC|Alberta|2012-01-14|UCSC Grand Prix|3:09.72|190
35|Lim, Seungwan|11|2001|JDSS|Ontario|2012-05-26|Mallards Annual Pentathlon|3:10.05|189
36|Dela Cruz, Gabe|11|2000|SEALS|Manitoba|2011-12-11|"Swim for A Cure" Christmas Invitational 2011|3:10.97|186
37|Murray, Ryan|11|2000|RAPID|British Columbia|2012-01-22|CDSC New Years Invitational|3:12.97|180
38|Singh, Tai Long|11|2000|WDSC|British Columbia|2011-11-20|LOSC 5th Annual Short Course Invitational|3:13.75|178
39|Armstrong, Jon|11|2000|NEW|Ontario|2012-01-21|2012 A-B Meet|3:14.01|177
40|Anderchek, William|11|2001|BAD|Ontario|2012-04-21|Division 1 Team Champs|3:14.44|176
41|Landry, Noah|11|2000|DELTA|British Columbia|2012-02-10|2012 SwimBC SC AA Championships|3:14.71|175
42|Bhandal, Sam|11|2000|RAPID|British Columbia|2012-02-10|2012 SwimBC SC AA Championships|3:15.06|175
43|Jin, Talon|11|2000|VAC|Ontario|2012-04-21|Division 2 Team Championships|3:15.21|174
44|Gleason, Neo|11|2000|RIP|Alberta|2011-12-10|Cascade Age Group Challenge 2011|3:15.53|173
45|Bradley, Connor|11|1999|CWC|Alberta|2011-11-26|Calgary Winter Club Winter Cup|3:15.63|173
46|McLeod, Zachariah|11|2001|NCSA|Alberta|2012-04-27|EVDSC 2012 INVITATIONAL|3:16.15|172
47|Huspeka, Darren|11|2000|RHAC|Ontario|2011-12-18|Alex Baumann Invitational 2011|3:16.84|170
48|Bradt, Josh|11|2000|BAD|Ontario|2011-12-11|Team Aquatic Supplies Dash for Cash|3:17.41|168
49|Rakchtis, Richard|11|2000|RAPID|British Columbia|2011-12-04|FastSwim Classic|3:21.06|159
49|Kershaw, Grier|11|2000|NEW|Ontario|2012-01-21|2012 A-B Meet|3:21.06|159