RANK|ATHLETES|AGE|YOB|CLUB|PROVINCE|DATE|MEET|TIME|FINA
1|Jans, Ty|11|2000|WAVES|Alberta|2012-03-10|2012 Speedo Alberta Age Group Championships|1:18.83|351
2|Laing, Ethan|11|2000|HYACK|British Columbia|2012-03-04|2012 TAS SwimBC SC AAA Championships|1:19.43|343
3|Young, Joshua|11|2000|RDCSC|Alberta|2012-03-10|2012 Speedo Alberta Age Group Championships|1:19.87|337
4|Zhang, Joe|11|2000|VPSC|British Columbia|2012-03-04|2012 TAS SwimBC SC AAA Championships|1:21.55|317
5|Yang, Ray|11|2001|ESWIM|Ontario|2012-03-04|2012 SC Junior & PARA Provincials|1:21.57|316
6|Chambers, Ian|11|2000|OAK|Ontario|2012-03-04|2012 SC Junior & PARA Provincials|1:23.64|293
7|Zhang, Anthony|11|2000|MST~|Ontario|2012-03-04|2012 SC Junior & PARA Provincials|1:23.77|292
8|Ing, Ryan|11|2000|MAC|Ontario|2012-03-18|Man/Sask Short Course Provincial Championships|1:24.12|288
9|Lisoway, Justin|11|2000|MAVS|Alberta|2012-03-10|2012 Speedo Alberta Age Group Championships|1:25.11|278
10|Truong, Hugo|11|2000|OAK|Ontario|2012-03-04|2012 SC Junior & PARA Provincials|1:25.70|273
11|Forest, Jack|11|2000|OSC|Alberta|2012-03-10|2012 Speedo Alberta Age Group Championships|1:25.78|272
12|Calvert, Derek|11|2000|BAD|Ontario|2012-03-04|2012 SC Junior & PARA Provincials|1:26.06|269
13|Robinson, Adrian|11|2000|WGB|Yukon|2012-03-04|2012 TAS SwimBC SC AAA Championships|1:26.26|267
14|Dela Cruz, Gabe|11|2000|SEALS|Manitoba|2011-12-04|Prairie Winter International|1:26.38|266
15|Alejado, Brenan|11|2000|HAC|Ontario|2012-03-04|2012 SC Junior & PARA Provincials|1:26.58|264
16|Qin, Leon|11|1999|MSSAC|Ontario|2011-11-05|2011 Harvest Invitational|1:26.68|264
17|Lungu, Tudor|11|2000|RAMAC|Ontario|2012-03-04|2012 SC Junior & PARA Provincials|1:26.89|262
18|Walker, Connor|11|2000|MAC|Ontario|2012-03-04|2012 SC Junior & PARA Provincials|1:26.92|261
19|Bagnasco, Marco|11|2000|PPAC|Alberta|2012-03-10|2012 Speedo Alberta Age Group Championships|1:27.35|258
20|Lee, Matthew|11|2000|PICK|Ontario|2012-06-17|Muskoka Campfire Invitational|1:27.39|257
21|Dong, Ray|11|2000|WSC|British Columbia|2012-03-04|2012 TAS SwimBC SC AAA Championships|1:27.76|254
22|Rothery, Jacob|11|2000|TSC|Ontario|2011-10-22|October Sprint Meet|1:28.12|251
23|Singh, Tai Long|11|2000|WDSC|British Columbia|2011-12-04|FastSwim Classic|1:28.32|249
24|Gagne, Collyn|11|2000|OAK|Ontario|2011-12-03|Youth Cup|1:28.38|249
25|Cheung, Aramis|11|1999|RHSD|Ontario|2011-11-12|Metro Stores Fall Invitational|1:28.45|248
26|Phillips, Austin|11|2000|KCS|British Columbia|2012-04-15|VKSC Spring Invitational|1:28.58|247
27|Stewart, William|11|2000|LAC|Ontario|2012-02-04|WOSA 2011-2012 SC Regional Champs|1:28.63|247
28|Shen, Sam|11|1999|WSC|British Columbia|2011-11-20|LOSC 5th Annual Short Course Invitational|1:28.67|246
29|Neilson, Kristopher|11|2000|UVPCS|British Columbia|2012-03-04|2012 TAS SwimBC SC AAA Championships|1:29.63|238
30|Lin, William H.|11|2000|VPSC|British Columbia|2011-12-10|KCS MJB Law Ice Classic|1:29.69|238
31|Zhang, Andrew|11|2001|WSC|British Columbia|2012-03-04|2012 TAS SwimBC SC AAA Championships|1:29.90|236
32|Rochon, Cole|11|2000|WEST|Ontario|2012-03-04|2012 SC Junior & PARA Provincials|1:29.94|236
33|Uemura, Victor|11|1999|CHENA|British Columbia|2011-12-10|KCS MJB Law Ice Classic|1:30.49|232
34|Chan, Justin|11|2000|RHSD|Ontario|2012-05-27|Newmarket Stingrays Invitational|1:30.69|230
35|Katz, Benjamin|11|2000|ROD|Saskatchewan|2012-03-18|Man/Sask Short Course Provincial Championships|1:30.82|229
36|Chambers, Jack|11|2000|TRENT|Ontario|2012-02-12|Huronia Development Meet #2 East|1:30.89|229
36|Byers, Dylan|11|2000|GO|Ontario|2012-01-14|GO Kingfish Polar Plunge 2012|1:30.89|229
38|Kolev, Teodor|11|2000|CW|Ontario|2011-11-13|Swim International|1:30.96|228
39|McLeod, Zachariah|11|2001|||2012-07-28|Alberta Summer Games|1:31.06|227
40|Freire Kloecking, Rafael|11|2000|SKSC|British Columbia|2012-04-15|SFU-SFA LMR swim meet|1:31.08|227
41|Chiang, Ivan|11|2000|SFA|British Columbia|2012-06-14|SFA June 14, 2012 Time Trial|1:31.13|227
42|Young, Brodie|11|2000|HYACK|British Columbia|2012-02-12|2012 SwimBC SC AA Championships|1:31.17|226
43|Drasovean, Christian|11|2000|MS|Ontario|2011-12-04|Aqua 7 ATTAC vs WRMS|1:31.19|226
44|Freund, Joshua|11|2000|LASC|Alberta|2011-10-15|UCSC Fall Start Up|1:31.23|226
45|Menanno, Alfonso|11|2000|COBRA|Ontario|2012-03-04|2012 SC Junior & PARA Provincials|1:31.27|226
46|Wog, Kyle|11|2000|UMAN|Manitoba|2012-03-18|Man/Sask Short Course Provincial Championships|1:31.28|226
47|CHOCHEV, ALEXANDER|11|2000|ESWIM|Ontario|2012-05-27|Newmarket Stingrays Invitational|1:31.30|225
48|Comeau, Aidan|11|2000|AMAC|Alberta|2011-12-02|JP Fiset International|1:31.40|225
49|Zoysa, Trevone|11|2000|KWST|Ontario|2012-03-04|2012 SC Junior & PARA Provincials|1:31.42|225
50|Somerset, Sebastian|11|2001|CASC|Alberta|2012-06-10|Zone 2-3 Summer Games Trials/Killarney Invitational|1:31.69|223