RANK|ATHLETES|AGE|YOB|CLUB|PROVINCE|DATE|MEET|TIME|FINA
1|O'Croinin, Emma|15|2003|EKSC|Alberta|2019-01-18|Blue Bears 2019|16:22.05|821
2|Douthwright, Brooklyn|15|2003|CVAC|New Brunswick|2019-02-01|NB Open Cup - Coupe NB|17:03.29|726
3|Chaput, Oksana|15|2003|MANTA|Manitoba|2018-12-13|ManSask Championships Short Course Open Championships|17:08.75|714
4|fu, hannah|15|2003|RHSD|Ontario|2018-12-14|Ontario Junior International|17:09.62|712
5|Krueger, Anja|15|2003|MANTA|Manitoba|2018-12-13|ManSask Championships Short Course Open Championships|17:52.52|630
6|Louis-Seize, Geneviève|15|2003|ELITE|Québec|2018-12-14|Ontario Junior International|17:54.16|627
7|Smart, Keana|15|2003|KCS|British Columbia|2018-10-27|Kamloops Fall Swimming Festival|17:57.31|622
8|Roos, Ocean|15|2003|RDCSC|Alberta|2019-01-18|Blue Bears 2019|17:58.72|619
9|Macleod, Claire|15|2003|ESWIM|Ontario|2019-01-11|2019 Etobicoke A-B Meet|18:02.57|613
10|Bender, Quincy|15|2003|HST|British Columbia|2019-01-26|Chena Distance Meet 2019|18:10.60|599
11|MacQueen, Faith|15|2003|ESWIM|Ontario|2019-01-11|2019 Etobicoke A-B Meet|18:10.95|599
12|Adrain, Sophia|15|2003|LOSC|British Columbia|2018-12-07|16th Annual XMAS Cracker Invitational|18:11.44|598
13|Hunt, Teagan|15|2003|UVPCS|British Columbia|2018-11-10|ISC 2018 Bennett Cup|18:16.43|590
14|Stoehr, Allison|15|2003|STARS|Ontario|2018-11-02|2018 Barrie Aquafest|18:16.91|589
15|Bereza, Samantha|15|2004|SCAR|Ontario|2019-04-26|2019 Ontario Team Challenge|18:17.19|588
16|allaire, ashley|15|2003|BBST|Ontario|2019-02-03|2019 Eastern Ontario Regional Championships (SC/LC)|18:17.64|588
17|Thiessen, Samantha|15|2003|MANTA|Manitoba|2018-12-13|ManSask Championships Short Course Open Championships|18:18.33|587
18|Elliott, Taylor|15|2003|GO|Ontario|2018-11-23|Alex Baumann Invitational|18:18.39|587
19|Ellis, Hanna|15|2003|HAC|Ontario|2019-01-11|2019 Etobicoke A-B Meet|18:18.47|586
20|Daschuk, Marie-Eve|15|2003|ROD|Saskatchewan|2018-12-13|ManSask Championships Short Course Open Championships|18:18.57|586
21|Garcia, Maria Pilar|15|2003|WS|Ontario|2018-11-30|2018 Union Cup|18:19.01|586
22|Ing, Erika|15|2003|APEX|Ontario|2019-02-07|Central Region B Champs 2019|18:19.36|585
23|Arsenault, Laurence|15|2003|RL|Québec|2018-11-30|Invitation provinciale 2018|18:19.69|584
24|Meharg, Amy|15|2003|WAAC|Ontario|2018-11-18|Expressway Lincoln Fall Invitational|18:25.08|576
25|Wong, Keira|15|2003|CHENA|British Columbia|2019-01-27|Chena Distance Meet 2019|18:32.17|565
26|Forbes, Hannah|15|2003|HWAC|Nova Scotia|2018-12-16|Age Group Development Meet|18:38.40|556
27|Wood-Adams, Caroline|15|2003|PCSC|Québec|2019-06-30|Championnat provincial groupe d'âge AA d'été - Ouest|18:41.58|551
28|Johnson, Mikhaela|15|2003|SSAT|Ontario|2019-02-01|Dave Kensit Memorial SC Championship|18:41.59|551
29|Harvey, Olivia|15|2003|UL|Québec|2018-12-04|800-1500 UL|18:41.93|550
30|Ingo, Annie|15|2003|EBSC|Ontario|2018-11-23|BYST Fall Invitational|18:44.40|547
31|Earle, Grace|15|2003|HTAC|Nova Scotia|2018-12-16|Age Group Development Meet|18:44.93|546
32|Mulatz, Stella|15|2003|FS|Saskatchewan|2018-12-13|ManSask Championships Short Course Open Championships|18:48.90|540
33|Thomas-Perry, McKinley|15|2003|DST|British Columbia|2019-08-03|Mid-Summer Madness|18:48.94|540
34|McLennan, Emma|15|2003|GO|Ontario|2019-02-03|2019 Eastern Ontario Regional Championships (SC/LC)|18:49.95|539
35|Dearnaley, Isabelle|15|2003|HTAC|Nova Scotia|2018-12-01|Age Group Development Meet Fall Series #3|18:50.13|538
36|Mastroianni, Isabella|15|2002|SLSC|Ontario|2018-11-30|2018 Barrie Trojan Cup|18:50.58|538
37|Cheung, Jasmine|15|2003|MANTA|Manitoba|2018-12-13|ManSask Championships Short Course Open Championships|18:51.08|537
38|Soo, Grace|15|2003|WSC|British Columbia|2019-04-13|2019 Spartan 11 and Under and LMR Distance|18:54.99|532
39|Rochon, Julie-Ann|15|2003|UL|Québec|2018-12-04|800-1500 UL|18:55.27|531
40|Cherewaty, Willow|15|2003|OTTER|Ontario|2019-02-03|2019 Huronia SC Regional Championships|18:55.45|531
41|McKinley, Emma|15|2003|TIDE|New Brunswick|2019-02-01|NB Open Cup - Coupe NB|18:55.69|531
42|Taker, Madison|15|2003|GO|Ontario|2019-02-03|2019 Eastern Ontario Regional Championships (SC/LC)|18:55.84|530
43|Granger, Caeli|15|2003|GOLD|Saskatchewan|2018-12-13|ManSask Championships Short Course Open Championships|18:56.19|530
44|Barbeau, Simonne|15|2004|NN|Québec|2019-01-26|Invitation provinciale Neptune (St-Jérôme)|18:56.90|529
45|Harvey, Pénéloppe|15|2003|UL|Québec|2018-12-04|800-1500 UL|18:57.24|528
46|Hirch, Julia Maria|15|2003|SPART|British Columbia|2018-11-10|2018 Brad Reid Memorial Invitational|18:57.35|528
47|Smith, Leona|15|2003|SWOTT|Ontario|2019-02-03|2019 Eastern Ontario Regional Championships (SC/LC)|18:57.72|528
48|Black, Robyn|15|2003|HTAC|Nova Scotia|2018-12-16|Age Group Development Meet|18:59.30|526
49|Vigneau, Laurianne|15|2003|CPC|Québec|2018-11-18|Régionale|19:00.07|524
50|Tinmouth, Tessa|15|2003|COMOX|British Columbia|2018-12-07|16th Annual XMAS Cracker Invitational|19:00.46|524