RANK|ATHLETES|AGE|YOB|CLUB|PROVINCE|DATE|MEET|TIME|FINA
1|Minnes, Asia|15|2003|NN|Québec|2018-11-02|Festival provincial par équipe section 1|32.46|686
2|Rowden, Haley|15|2003|KCS|British Columbia|2018-12-14|26th Annual MJB Law Classic SCM|33.07|649
3|Stewardson, Hunter|15|2003|CSSSC|British Columbia|2018-12-14|26th Annual MJB Law Classic SCM|33.13|646
4|Ivanov, Kathryn|15|2003|MS|Ontario|2018-12-09|Border City Invitational|33.18|643
5|Belanger, Logan|15|2003|SSAT|Ontario|2019-02-02|Dave Kensit Memorial SC Championship|33.25|639
6|Hazlitt, Eilishrose|15|2003|UMAN|Manitoba|2018-12-15|ManSask Championships Short Course Open Championships|33.28|637
7|Spencer, Madeline|15|2003|TSC|Ontario|2018-11-02|NYAC Cup|33.44|628
8|Song, Kimberly|15|2003|UCSC|Alberta|2019-03-08|UCSC Team Champs|33.56|621
9|Guan, Tina|15|2003|CHENA|British Columbia|2018-12-14|Rapids Fast-Swim Classic|33.61|618
10|Ricketts, Emily|15|2002|SJL|Newfoundland|2018-12-16|Ontario Junior International|33.65|616
11|Lam, Olivia|15|2003|CSLA|Québec|2018-12-08|Invitation provinciale des fêtes CSLA|33.81|607
12|Mullowney, Peyton|15|2003|BBST|Ontario|2018-11-02|NYAC Cup|33.82|607
13|Lachman, Taryn|15|2003|LASC|Alberta|2018-12-15|JP Fiset Invitational|33.87|604
14|Roy, Justine|15|2002|CNSH|Québec|2018-11-02|Festival provincial par équipe section 3|33.97|599
15|Lemonnier, Lydia|15|2002|ELITE|Québec|2018-11-02|Festival provincial par équipe section 1|34.17|588
16|Edwards, Hana|15|2003|UVPCS|British Columbia|2018-12-07|16th Annual XMAS Cracker Invitational|34.21|586
17|Sastron-Navarrete, Amaya|15|2003|PCSC|Québec|2018-12-07|Invitation Provinciale AA-AAA Pointe-Claire 2018|34.32|581
18|Bellehumeur-Béchamp, Mathilde|15|2003|CNQ|Québec|2018-11-02|Festival provincial par équipe section 1|34.38|578
19|Duncan, Isabella|15|2003|UCSC|Alberta|2019-06-21|UCSC Team Champs|34.39|577
20|Brezovski, Taeghen|15|2003|OSC|Alberta|2018-12-15|JP Fiset Invitational|34.46|574
20|Synishin, Marion|15|2003|HTAC|Nova Scotia|2018-12-16|Age Group Development Meet|34.46|574
22|Van Der Griend, Tianna|15|2003|PCSC|Québec|2018-12-07|Invitation Provinciale AA-AAA Pointe-Claire 2018|34.55|569
23|Farr, Anne|15|2003|GGST|Ontario|2018-10-20|Downtown Sprint Meet|34.75|559
24|Robertson, Aliah|15|2003|SSAT|Ontario|2018-12-09|Border City Invitational|34.78|558
25|allaire, ashley|15|2003|BBST|Ontario|2019-02-01|2019 Eastern Ontario Regional Championships (SC/LC)|34.79|557
26|Fortin-Viens, Amély|15|2003|HIPPO|Québec|2018-12-14|Invitation Provinciale des fêtes avec épreuves Ho! Ho! Eau Libre|34.80|557
27|Stoica, Maria|15|2003|TSC|Ontario|2018-11-02|NYAC Cup|34.81|556
28|Charness, Grace|15|2003|SWOTT|Ontario|2018-12-07|Gatineau Grand Prix|34.84|555
29|Temple, Hannah|15|2003|CP|Alberta|2018-12-15|JP Fiset Invitational|34.88|553
30|TREMBLAY, Sandy|15|2002|CNM|Québec|2018-11-02|Festival provincial par équipe section 5 - Est|34.92|551
31|Easton, Taylor|15|2003|NHAC|Ontario|2019-02-02|2019 Western Region SC Champs|34.95|550
32|Wall, Jenna|15|2004|CT33|Ontario|2019-04-28|2019 Ontario Team Challenge|35.07|544
33|Rioux, Lynae|15|2003|FAST|New Brunswick|2019-02-03|NB Open Cup - Coupe NB|35.17|540
34|Zou, Tina|15|2003|MST~|Ontario|2018-11-24|Alex Baumann Invitational|35.21|538
35|Casey, Kennedy|15|2003|PGB|British Columbia|2018-12-14|26th Annual MJB Law Classic SCM|35.22|537
36|Healey, Clara|15|2003|OAK|Ontario|2018-11-02|NYAC Cup|35.23|537
37|Lancaster, Kali|15|2003|UVPCS|British Columbia|2018-12-07|16th Annual XMAS Cracker Invitational|35.31|533
38|Muizelaar, Serena|15|2003|ESWIM|Ontario|2019-01-12|2019 Etobicoke A-B Meet|35.33|532
39|Pollock, Gabriella|15|2003|GMAC|Ontario|2018-12-08|Dash for Cash|35.34|532
39|Eltayeby, Dina|15|2003|OAK|Ontario|2018-12-16|Ontario Junior International|35.34|532
41|Hawryluk, Maddisson|15|2003|SR|Ontario|2018-12-09|LAC - Nothers Fall Invitational|35.36|531
41|Gray, Sydney|15|2003|GGST|Ontario|2018-12-07|Gatineau Grand Prix|35.36|531
43|Wu, Jessica|15|2003|CP|Alberta|2018-11-18|KSC SC Invitational 2018|35.40|529
44|Lalonde, Kyra|15|2003|SAMAK|Québec|2018-11-09|Festival provincial par équipe section 2|35.49|525
45|Evenson, Nika|15|2003|GLEN|Alberta|2018-12-16|Age Group Food Bank Challenge|35.69|516
46|Thomas-Perry, McKinley|15|2003|DST|British Columbia|2019-01-27|Vancouver Island Regional SC Championships|35.70|516
47|Stojanovic, Mina|15|2003|TSC|Ontario|2018-12-09|Border City Invitational|35.72|515
48|Christensen, Chloe|15|2003|UCSC|Alberta|2018-12-15|ManSask Championships Short Course Open Championships|35.73|515
48|Meldrum, Sydney|15|2003|UVPCS|British Columbia|2019-08-04|Mid-Summer Madness|35.73|515
50|Farrow, Talia-Rae|15|2003|BLEN|Ontario|2019-02-02|2019 Western Region SC Champs|35.76|513