RANK|AGES|CLUB|TEAM|PROVINCE|DATE|MEET|TIME|FINA
1|15 - 15|C.A. St-Eustache|CASE A|Québec|2019-02-22|Championnat provincial groupe d'âge AA d'hiver - section Ouest|4:37.91|532
2|15 - 15|Club aquatique CDN-NDG|CDND A|Québec|2019-02-22|Championnat provincial groupe d'âge AA d'hiver - section Ouest|4:39.94|520
3|15 - 15|Saint John Fundy Aquatic Club|TIDE A|New Brunswick|2018-11-30|Neptune International (CSPO 25m)|4:42.90|504
4|15 - 15|C.N. Port-Cartier|CPC B|Québec|2018-11-10|Festival provincial par équipe section 4|4:54.38|447
5|15 - 15|C.N. Torpille Inc.|TORP B|Québec|2019-06-28|Championnat provincial groupe d'âge AA d'été - Ouest|4:54.61|446