RANK|ATHLETES|AGE|YOB|CLUB|PROVINCE|DATE|MEET|TIME|FINA
1|O'Croinin, Emma|15|2003|EKSC|Alberta|2018-12-14|JP Fiset Invitational|4:47.22|749
2|Herbert, Bailey|15|2002|LOSC|British Columbia|2018-11-03|LOSC 12th Annual Short Course Invitational|4:48.41|739
3|Douthwright, Brooklyn|15|2003|CVAC|New Brunswick|2019-01-20|Winter Invitational|4:50.32|725
4|Guan, Tina|15|2003|CHENA|British Columbia|2018-12-15|Rapids Fast-Swim Classic|4:51.48|716
5|Johnsen, Hannah|15|2003|TBT|Ontario|2018-12-07|Youth Cup|4:55.46|688
6|Willis, Avery|15|2003|CW|Ontario|2018-12-07|Invitation Provinciale AA-AAA Pointe-Claire 2018|4:58.12|669
7|Mullowney, Peyton|15|2003|BBST|Ontario|2018-12-14|Ontario Junior International|4:58.18|669
8|Chaput, Oksana|15|2003|MANTA|Manitoba|2018-12-16|ManSask Championships Short Course Open Championships|4:58.28|668
9|Mastroianni, Isabella|15|2002|SLSC|Ontario|2018-11-10|2018 Age Group International SC|4:58.67|666
10|Brendzan, Olivia|15|2003|EKSC|Alberta|2018-12-14|JP Fiset Invitational|4:59.18|662
11|Smallegange, Kenna|15|2003|BAD|Ontario|2018-11-24|Alex Baumann Invitational|4:59.45|660
12|Pauletto, Kristin|15|2003|PCSC|Québec|2018-12-14|Ontario Junior International|4:59.52|660
13|Vézina, Florence|15|2002|ELITE|Québec|2018-11-03|Festival provincial par équipe section 1|5:01.26|649
14|McKinley, Abigail|15|2003|TIDE|New Brunswick|2018-11-30|Neptune International (CSPO 25m)|5:02.35|642
15|Wheeler, Megan|15|2003|PERTH|Ontario|2019-02-02|2019 Eastern Ontario Regional Championships (SC/LC)|5:02.53|641
16|Rissanen, Hanna|15|2003|BTSC|Ontario|2018-11-30|2018 Barrie Trojan Cup|5:02.68|640
17|Scott, Kennedy|15|2003|UCSC|Alberta|2018-12-07|Youth Cup|5:03.01|637
18|Edwards, Hana|15|2003|UVPCS|British Columbia|2018-12-09|16th Annual XMAS Cracker Invitational|5:03.06|637
19|Lo, Naomie|15|2003|NYAC|Ontario|2018-12-07|Youth Cup|5:03.45|635
20|Shuster, Morgane|15|2002|OAK|Ontario|2018-11-10|2018 Age Group International SC|5:03.57|634
21|Clarino, Olivia|15|2003|NYAC|Ontario|2018-12-07|Youth Cup|5:03.86|632
22|Iannuccilli, Sarah-Mae|15|2003|MSSAC|Ontario|2018-11-30|Neptune International (CSPO 25m)|5:04.11|631
23|Sastron-Navarrete, Amaya|15|2003|PCSC|Québec|2018-12-14|Ontario Junior International|5:04.26|630
24|Macleod, Claire|15|2003|ESWIM|Ontario|2018-12-07|Invitation Provinciale AA-AAA Pointe-Claire 2018|5:04.72|627
25|Brunoro, Isabella|15|2003|CHENA|British Columbia|2018-11-10|2018 Brad Reid Memorial Invitational|5:04.96|625
26|Rowden, Haley|15|2003|KCS|British Columbia|2018-12-16|26th Annual MJB Law Classic SCM|5:05.21|624
27|Moulson, Sara|15|2003|OAK|Ontario|2018-12-07|Youth Cup|5:06.06|619
28|Louis-Seize, Geneviève|15|2003|ELITE|Québec|2018-11-03|Festival provincial par équipe section 1|5:06.19|618
29|Bereza, Samantha|15|2004|SCAR|Ontario|2019-04-27|2019 Ontario Team Challenge|5:06.25|617
30|Etherington, Skylar|15|2003|CPWD|Ontario|2018-12-07|Gatineau Grand Prix|5:06.69|615
31|Muizelaar, Serena|15|2003|ESWIM|Ontario|2018-11-10|2018 Age Group International SC|5:08.62|603
32|Lorenson, Grace|15|2002|CHENA|British Columbia|2018-11-10|2018 Brad Reid Memorial Invitational|5:09.05|601
33|Meldrum, Sydney|15|2003|UVPCS|British Columbia|2019-01-26|Vancouver Island Regional SC Championships|5:09.34|599
34|Ricketts, Emily|15|2002|SJL|Newfoundland|2018-11-25|2018 Mount Pearl Marlins 3rd Annual Sink or Swim Invitiational|5:10.06|595
35|Davidson, Juliette|15|2003|NN|Québec|2018-11-03|Festival provincial par équipe section 1|5:10.17|594
36|Cabral, Emma|15|2003|BRANT|Ontario|2019-02-01|2019 Western Region SC Champs|5:10.23|594
37|Chayer, Rachel|15|2003|TRENT|Ontario|2018-12-09|Dash for Cash|5:10.78|591
38|Smith, Tobyn|15|2003|SPART|British Columbia|2018-12-15|Rapids Fast-Swim Classic|5:11.14|589
39|Frost, Natasha|15|2003|PCSC|Québec|2018-12-07|Invitation Provinciale AA-AAA Pointe-Claire 2018|5:11.81|585
40|LeBlonc, Melissa|15|2003|COBRA|Ontario|2018-11-30|Neptune International (CSPO 25m)|5:12.14|583
41|Carreau, Maïra|15|2003|SAMAK|Québec|2018-11-10|Festival provincial par équipe section 2|5:12.46|581
42|Lorette, Sophie|15|2002|UVPCS|British Columbia|2018-12-09|16th Annual XMAS Cracker Invitational|5:12.54|581
43|Bender, Quincy|15|2003|HST|British Columbia|2018-11-03|LOSC 12th Annual Short Course Invitational|5:13.22|577
44|Song, Kimberly|15|2003|UCSC|Alberta|2018-10-28|Cascade Speed Meet|5:14.12|572
45|Champigny, Juliette|15|2003|RED|Québec|2018-11-03|Festival provincial par équipe section 3|5:14.54|570
46|Harvey, Olivia|15|2003|MJKFF|Saskatchewan|2019-01-20|Winter Invitational|5:14.58|570
47|Brezovski, Taeghen|15|2003|OSC|Alberta|2018-12-14|JP Fiset Invitational|5:15.23|566
48|Ashley, Drew|15|2002|MAC|Ontario|2018-11-02|NYAC Cup|5:15.51|565
49|Weldon, Katherine|15|2003|NYAC|Ontario|2018-11-02|NYAC Cup|5:15.82|563
50|Wong, Keira|15|2003|CHENA|British Columbia|2018-11-10|2018 Brad Reid Memorial Invitational|5:15.96|562