RANK|ATHLETES|AGE|YOB|CLUB|PROVINCE|DATE|MEET|TIME|FINA
1|Guan, Tina|15|2003|CHENA|British Columbia|2018-12-16|Rapids Fast-Swim Classic|2:30.65|712
2|Spencer, Madeline|15|2003|TSC|Ontario|2018-11-02|NYAC Cup|2:32.89|681
3|Muizelaar, Serena|15|2003|ESWIM|Ontario|2018-11-11|2018 Age Group International SC|2:33.00|680
4|Minnes, Asia|15|2003|NN|Québec|2018-11-04|Festival provincial par équipe section 1|2:34.67|658
5|Mullowney, Peyton|15|2003|BBST|Ontario|2018-12-15|Ontario Junior International|2:35.06|653
6|Herbert, Bailey|15|2002|LOSC|British Columbia|2018-11-04|LOSC 12th Annual Short Course Invitational|2:35.63|646
7|Rowden, Haley|15|2003|KCS|British Columbia|2018-12-15|26th Annual MJB Law Classic SCM|2:37.25|626
8|Brezovski, Taeghen|15|2003|OSC|Alberta|2018-12-16|JP Fiset Invitational|2:38.39|613
9|Song, Kimberly|15|2003|UCSC|Alberta|2018-12-08|Youth Cup|2:38.55|611
10|Sastron-Navarrete, Amaya|15|2003|PCSC|Québec|2018-12-08|Invitation Provinciale AA-AAA Pointe-Claire 2018|2:38.91|607
11|Ricketts, Emily|15|2002|SJL|Newfoundland|2018-12-15|Ontario Junior International|2:39.42|601
12|Healey, Clara|15|2003|OAK|Ontario|2018-12-08|Youth Cup|2:39.55|600
13|Hunt, Zoe|15|2002|TBT|Ontario|2018-11-02|NYAC Cup|2:39.62|599
14|Pauletto, Kristin|15|2003|PCSC|Québec|2018-12-15|Ontario Junior International|2:39.90|596
15|Belanger, Logan|15|2003|SSAT|Ontario|2018-12-15|Ontario Junior International|2:39.93|595
16|Mastroianni, Isabella|15|2002|SLSC|Ontario|2018-11-11|2018 Age Group International SC|2:40.74|586
17|Hazlitt, Eilishrose|15|2003|UMAN|Manitoba|2018-12-14|ManSask Championships Short Course Open Championships|2:40.85|585
18|Edwards, Hana|15|2003|UVPCS|British Columbia|2018-11-09|ISC 2018 Bennett Cup|2:40.86|585
19|Rissanen, Hanna|15|2003|BTSC|Ontario|2018-12-02|2018 Barrie Trojan Cup|2:41.20|581
20|Gray, Sydney|15|2003|GGST|Ontario|2018-11-11|2018 Age Group International SC|2:41.35|580
21|Buche, Jacqueline|15|2003|PCSC|Québec|2018-12-15|Ontario Junior International|2:41.61|577
22|O'Croinin, Emma|15|2003|EKSC|Alberta|2019-01-20|Blue Bears 2019|2:42.02|572
23|Ivanov, Kathryn|15|2003|MS|Ontario|2018-12-09|Border City Invitational|2:42.07|572
24|Duncan, Isabella|15|2003|UCSC|Alberta|2018-12-08|Youth Cup|2:42.09|572
25|Meldrum, Sydney|15|2003|UVPCS|British Columbia|2019-01-26|Vancouver Island Regional SC Championships|2:42.12|571
26|Wall, Jenna|15|2004|CT33|Ontario|2019-02-02|Dave Kensit Memorial SC Championship|2:42.24|570
27|Stewardson, Hunter|15|2003|CSSSC|British Columbia|2018-12-15|26th Annual MJB Law Classic SCM|2:42.38|569
28|Liu, Sarah|15|2003|PCSC|Québec|2018-12-08|Invitation Provinciale AA-AAA Pointe-Claire 2018|2:42.43|568
29|Ouellet, Mathilde|15|2003|MEGO|Québec|2019-02-23|Championnat provincial groupe d'âge AA d'hiver - section Est|2:42.44|568
30|Cole, Naomi|15|2003|WDSC|British Columbia|2018-12-16|Rapids Fast-Swim Classic|2:42.48|568
31|Davidson, Juliette|15|2003|NN|Québec|2018-11-04|Festival provincial par équipe section 1|2:43.56|556
32|Quinn, Margaret|15|2003|TIDE|New Brunswick|2019-02-01|NB Open Cup - Coupe NB|2:43.94|553
33|Lancaster, Kali|15|2003|UVPCS|British Columbia|2018-12-09|16th Annual XMAS Cracker Invitational|2:44.35|548
34|Lachman, Taryn|15|2003|LASC|Alberta|2018-12-16|JP Fiset Invitational|2:44.41|548
35|Macleod, Claire|15|2003|ESWIM|Ontario|2018-12-08|Invitation Provinciale AA-AAA Pointe-Claire 2018|2:44.89|543
36|Van Der Griend, Tianna|15|2003|PCSC|Québec|2018-12-08|Invitation Provinciale AA-AAA Pointe-Claire 2018|2:45.12|541
37|Christensen, Chloe|15|2003|UCSC|Alberta|2018-12-14|ManSask Championships Short Course Open Championships|2:45.19|540
38|LeGallais, Charlee|15|2003|DDO|Québec|2018-11-30|Neptune International (CSPO 25m)|2:45.46|537
39|allaire, ashley|15|2003|BBST|Ontario|2018-11-02|NYAC Cup|2:45.47|537
40|Pouliot, Iris|15|2003|CSLA|Québec|2018-12-07|Invitation provinciale des fêtes CSLA|2:45.51|537
41|Gruson, Karina|15|2003|SWOTT|Ontario|2019-02-03|2019 Eastern Ontario Regional Championships (SC/LC)|2:45.76|535
42|Smith, Tobyn|15|2003|SPART|British Columbia|2018-12-09|2018 Spartan Santa LMR|2:46.12|531
43|Koopmans, Hannah|15|2004|BTSC|Ontario|2019-04-28|2019 Ontario Team Challenge|2:46.14|531
44|Bacher, Sara|15|2003|ISS|Ontario|2018-12-08|Dash for Cash|2:46.34|529
45|Smallegange, Kenna|15|2003|BAD|Ontario|2018-11-04|2018 BAD Fall Invitational|2:46.56|527
46|Clarino, Olivia|15|2003|NYAC|Ontario|2018-11-02|NYAC Cup|2:46.62|526
47|Castonguay, Laurie|15|2003|UL|Québec|2019-02-23|Championnat provincial groupe d'âge AA d'hiver - section Est|2:46.69|526
48|Roy, Justine|15|2002|CNSH|Québec|2018-11-04|Festival provincial par équipe section 3|2:47.47|518
49|Michaud, Anne-Sophie|15|2003|CNSL|Québec|2018-12-07|Invitation provinciale des fêtes CSLA|2:47.53|518
50|Lemonnier, Lydia|15|2002|ELITE|Québec|2018-11-04|Festival provincial par équipe section 1|2:47.54|518