RANK|ATHLETES|AGE|YOB|CLUB|PROVINCE|DATE|MEET|TIME|FINA
1|O'Croinin, Emma|15|2003|EKSC|Alberta|2018-12-14|JP Fiset Invitational|1:58.63|814
2|Douthwright, Brooklyn|15|2003|CVAC|New Brunswick|2019-02-01|NB Open Cup - Coupe NB|1:59.88|789
3|Sasseville, Genevieve|15|2003|CYPS|Ontario|2018-11-09|2018 Age Group International SC|2:02.25|744
4|Cornish, Hannah|15|2003|USC|Ontario|2018-12-07|Youth Cup|2:02.28|743
5|Norman, Gemma|15|2003|UCSC|Alberta|2018-12-14|Ontario Junior International|2:03.75|717
6|Scott, Kennedy|15|2003|UCSC|Alberta|2018-12-07|Youth Cup|2:03.76|717
7|Sullivan, Kate|15|2003|MPM|Newfoundland|2018-12-14|Ontario Junior International|2:03.82|716
8|Minnes, Asia|15|2003|NN|Québec|2018-11-03|Festival provincial par équipe section 1|2:03.86|715
9|Chaput, Oksana|15|2003|MANTA|Manitoba|2018-12-16|ManSask Championships Short Course Open Championships|2:04.69|701
10|Lo, Naomie|15|2003|NYAC|Ontario|2018-12-07|Youth Cup|2:04.95|696
11|Bosley, Sawyer|15|2003|ROCS|Ontario|2018-12-07|Invitation Provinciale AA-AAA Pointe-Claire 2018|2:04.97|696
12|Smallegange, Kenna|15|2003|BAD|Ontario|2018-12-07|Invitation Provinciale AA-AAA Pointe-Claire 2018|2:05.07|694
13|Lewitt, Caroline|15|2003|UNCAN|Swimming Canada|2018-11-17|2018 Guildford City L2 Winter Open|2:05.18|693
14|Williams, Kate|15|2003|SJL|Newfoundland|2018-12-14|Ontario Junior International|2:05.45|688
15|Vézina, Florence|15|2002|ELITE|Québec|2018-11-03|Festival provincial par équipe section 1|2:05.56|686
16|Ellis, Hanna|15|2003|HAC|Ontario|2018-11-09|2018 Age Group International SC|2:05.62|685
17|Sastron-Navarrete, Amaya|15|2003|PCSC|Québec|2018-11-03|Festival provincial par équipe section 1|2:05.69|684
18|Thiessen, Samantha|15|2003|MANTA|Manitoba|2018-12-16|ManSask Championships Short Course Open Championships|2:06.31|674
19|Bender, Quincy|15|2003|HST|British Columbia|2018-12-07|Invitation Provinciale AA-AAA Pointe-Claire 2018|2:06.41|673
20|Krueger, Anja|15|2003|MANTA|Manitoba|2018-12-16|ManSask Championships Short Course Open Championships|2:06.43|672
21|Muizelaar, Serena|15|2003|ESWIM|Ontario|2018-11-09|2018 Age Group International SC|2:06.45|672
22|Olthafer, Kyli|15|2003|UCSC|Alberta|2018-12-07|Youth Cup|2:06.61|669
23|Moulson, Sara|15|2003|OAK|Ontario|2018-12-14|Ontario Junior International|2:06.78|667
24|Metuzals, Kali|15|2003|GO|Ontario|2018-12-14|Ontario Junior International|2:06.79|667
25|Macleod, Claire|15|2003|ESWIM|Ontario|2018-12-22|2018 Trillium Cup|2:07.13|661
26|Shemilt, Jorja|15|2003|OAK|Ontario|2018-12-07|Youth Cup|2:07.43|657
27|Korczewski, Natalie|15|2003|UCSC|Alberta|2018-12-07|Youth Cup|2:07.46|656
28|Cranmer, Isabelle|15|2003|KSC|Alberta|2018-12-14|JP Fiset Invitational|2:07.76|651
29|Minic, Catherine|15|2003|GPP|Alberta|2019-06-23|Summer Sizzler|2:07.79|651
30|Cabral, Emma|15|2003|BRANT|Ontario|2018-12-15|Team Showdown 2018|2:07.84|650
31|Robertson, Sophia|15|2003|EKSC|Alberta|2018-12-14|JP Fiset Invitational|2:07.90|649
32|LeGallais, Charlee|15|2003|DDO|Québec|2018-12-01|Neptune International (CSPO 25m)|2:07.98|648
32|Bullock, Trista|15|2003|NYAC|Ontario|2018-12-07|Youth Cup|2:07.98|648
34|Ye, Katherine|15|2003|APEX|Ontario|2018-12-07|Youth Cup|2:08.00|648
35|Panos, Nicolleta|15|2003|VPSC|British Columbia|2018-12-14|JP Fiset Invitational|2:08.03|647
36|Liu, Sarah|15|2003|PCSC|Québec|2018-12-07|Invitation Provinciale AA-AAA Pointe-Claire 2018|2:08.07|647
37|Clarino, Olivia|15|2003|NYAC|Ontario|2018-12-14|Ontario Junior International|2:08.38|642
38|Shemilt, Sydney|15|2003|OAK|Ontario|2018-12-07|Youth Cup|2:08.45|641
39|Moffitt, Abigail|15|2002|NKB|Ontario|2018-11-09|2018 Age Group International SC|2:08.54|640
40|Mullowney, Peyton|15|2003|BBST|Ontario|2018-11-04|NYAC Cup|2:08.62|638
41|allaire, ashley|15|2003|BBST|Ontario|2018-11-04|NYAC Cup|2:08.65|638
42|Beauchemin, Maulie|15|2003|ELITE|Québec|2018-12-14|Ontario Junior International|2:08.71|637
43|Thomas-Perry, McKinley|15|2003|DST|British Columbia|2019-01-26|Vancouver Island Regional SC Championships|2:08.73|637
44|Chayer, Rachel|15|2003|TRENT|Ontario|2018-12-07|Dash for Cash|2:08.86|635
45|Mastroianni, Isabella|15|2002|SLSC|Ontario|2018-11-09|2018 Age Group International SC|2:08.90|634
46|Wong, Keira|15|2003|CHENA|British Columbia|2018-11-10|2018 Brad Reid Memorial Invitational|2:09.10|631
47|Landau, Gabriella|15|2003|GGST|Ontario|2018-12-07|Gatineau Grand Prix|2:09.21|630
48|Conrad, Sydney|15|2002|GMAC|Ontario|2018-11-04|NYAC Cup|2:09.25|629
49|Herbert, Bailey|15|2002|LOSC|British Columbia|2018-11-03|LOSC 12th Annual Short Course Invitational|2:09.31|628
50|Brendzan, Olivia|15|2003|EKSC|Alberta|2018-12-14|JP Fiset Invitational|2:09.33|628