RANK|ATHLETES|AGE|YOB|CLUB|PROVINCE|DATE|MEET|TIME|FINA
1|Lewitt, Caroline|15|2003|UNCAN|Swimming Canada|2018-11-18|2018 Guildford City L2 Winter Open|1:04.53|716
2|Song, Kimberly|15|2003|UCSC|Alberta|2018-12-07|Youth Cup|1:05.00|700
3|Scott, Kennedy|15|2003|UCSC|Alberta|2019-06-21|UCSC Team Champs|1:05.78|676
4|Olarescu, Maria|15|2003|KSC|Alberta|2018-11-18|KSC SC Invitational 2018|1:06.90|642
5|Duncan, Isabella|15|2003|UCSC|Alberta|2018-12-07|Youth Cup|1:07.05|638
6|Moulson, Sara|15|2003|OAK|Ontario|2018-12-07|Youth Cup|1:07.14|636
7|Minic, Catherine|15|2003|GPP|Alberta|2019-06-23|Summer Sizzler|1:07.17|635
8|Bender, Quincy|15|2003|HST|British Columbia|2019-01-20|Canadian Dolphin New Years Invitational 2019|1:08.00|612
9|Willis, Avery|15|2003|CW|Ontario|2018-11-18|Expressway Lincoln Fall Invitational|1:08.04|611
10|Norman, Gemma|15|2003|UCSC|Alberta|2019-03-08|UCSC Team Champs|1:08.10|609
10|Guan, Tina|15|2003|CHENA|British Columbia|2018-10-20|2018 OCTOBER SENIOR CIRCUIT|1:08.10|609
12|LeBlonc, Melissa|15|2003|COBRA|Ontario|2018-12-01|Neptune International (CSPO 25m)|1:08.66|594
13|McKinley, Abigail|15|2003|TIDE|New Brunswick|2018-12-01|Neptune International (CSPO 25m)|1:08.71|593
14|Bourdin, Daria|15|2002|DDO|Québec|2018-12-01|Neptune International (CSPO 25m)|1:08.75|592
15|Bellehumeur-Béchamp, Mathilde|15|2003|CNQ|Québec|2019-05-04|Invitation du Printemps|1:08.85|589
16|Ricketts, Emily|15|2002|SJL|Newfoundland|2018-10-20|October 20 Time Trial|1:09.04|584
17|Smart, Keana|15|2003|KCS|British Columbia|2018-11-03|Odlum Brown Colleges Cup Pacific Hosted by UBC|1:09.55|572
18|allaire, ashley|15|2003|BBST|Ontario|2019-01-12|2019 Bayside Maxillofacial Oral Surgery Centre Winter Invitational|1:09.96|562
19|Weldon, Katherine|15|2003|NYAC|Ontario|2018-12-07|Youth Cup|1:10.00|561
20|Carreau, Maïra|15|2003|SAMAK|Québec|2018-11-17|Open Sprint SAMAK 2018|1:10.06|559
21|Ye, Katherine|15|2003|APEX|Ontario|2018-12-07|Youth Cup|1:10.26|555
22|Cotnam, Jada|15|2002|MAVS|Alberta|2018-11-18|KSC SC Invitational 2018|1:10.34|553
23|Gagnon, Isabelle|15|2003|NSH|Québec|2019-04-27|Défi QNI AllTides|1:10.49|549
24|Schofield, Emilie|15|2003|BLAST|New Brunswick|2018-12-14|Championat par équipe Marianne Limpert|1:10.53|548
25|Hazlitt, Eilishrose|15|2003|UMAN|Manitoba|2018-11-17|Bison Sprint IM Invitational|1:10.56|547
26|St-Amour, Jade|15|2003|SHER|Québec|2018-12-01|Neptune International (CSPO 25m)|1:10.71|544
27|LeGallais, Charlee|15|2003|DDO|Québec|2018-11-17|Open Sprint SAMAK 2018|1:10.78|542
28|Brunoro, Isabella|15|2003|CHENA|British Columbia|2018-10-20|2018 OCTOBER SENIOR CIRCUIT|1:10.86|541
29|Thebarge, Vanessa|15|2003|NG|Québec|2019-06-08|Finale régionale des Jeux du Québec|1:11.13|534
30|Brochu, Clara|15|2003|CPC|Québec|2018-10-26|CPC Intra-club Octobre 2018|1:11.14|534
31|Hollohan, Alexis|15|2003|ROW|Ontario|2018-12-01|Neptune International (CSPO 25m)|1:11.17|533
32|Wall, Jenna|15|2004|CT33|Ontario|2019-04-12|North Bay Titans Invitational - Sprint / Ironman|1:11.21|533
33|Ellis, Hanna|15|2003|HAC|Ontario|2018-12-01|2018 Union Cup|1:11.32|530
34|Goretic, Mia|15|2003|LOSC|British Columbia|2019-06-15|June 2019 Time Trial|1:11.49|526
35|Metuzals, Kali|15|2003|GO|Ontario|2018-10-13|GO Kingfish Blue and Orange Pentathlon|1:11.54|525
36|Wiebe, Logan|15|2003|UMAN|Manitoba|2018-10-28|Celebrate Swimming Invitational|1:11.79|520
37|Singh, Angelique|15|2003|STARS|Ontario|2018-12-01|2018 Union Cup|1:11.84|519
38|Conrad, Sydney|15|2002|GMAC|Ontario|2018-10-21|No Pain No Gain|1:11.94|517
39|Smith, Tobyn|15|2003|SPART|British Columbia|2018-10-14|KISU Triple Pentathlon 2018|1:12.01|515
40|Williams, Kate|15|2003|SJL|Newfoundland|2018-10-20|October 20 Time Trial|1:12.04|514
41|Chiang, Naomi|15|2003|MAC|Ontario|2018-10-12|MAC Fall Fest Invitational|1:12.06|514
42|Dziadek, Kara|15|2002|UMAN|Manitoba|2018-10-28|Celebrate Swimming Invitational|1:12.13|512
43|McBride, Courtney|15|2004|CBAC|Prince-Edward-Island|2019-04-27|9th Annual Fast and Furious|1:12.14|512
44|Davies, Morgan|15|2002|KBM|Ontario|2018-10-21|Kingston Blue Marlins Pentathlon|1:12.32|508
45|Harvey, Olivia|15|2003|UL|Québec|2018-12-01|Invitation provinciale 2018|1:12.37|507
46|Lambert-Crooks, Rosalie|15|2003|DDO|Québec|2018-11-17|Open Sprint SAMAK 2018|1:12.41|507
47|L'Heureux, Dawn-Marie|15|2003|LASC|Alberta|2019-03-03|Provincials - Short Course|1:12.48|505
48|Mullowney, Peyton|15|2003|BBST|Ontario|2018-10-21|Kingston Blue Marlins Pentathlon|1:12.49|505
49|Lu, Jessica|15|2003|CALAC|Québec|2018-12-08|Invitation provinciale des fêtes CSLA|1:12.56|503
50|Wood, Katerina|15|2003|PGB|British Columbia|2018-11-16|2018 PGBSC Medical Northern Invitational|1:12.61|502