RANK|ATHLETES|AGE|YOB|CLUB|PROVINCE|DATE|MEET|TIME|FINA
1|Cornish, Hannah|15|2003|USC|Ontario|2018-12-15|Ontario Junior International|25.39|766
2|Sasseville, Genevieve|15|2003|CYPS|Ontario|2018-12-15|Ontario Junior International|25.68|741
3|O'Croinin, Emma|15|2003|EKSC|Alberta|2018-12-14|JP Fiset Invitational|25.84|727
4|Chaput, Oksana|15|2003|MANTA|Manitoba|2018-12-14|ManSask Championships Short Course Open Championships|26.43|679
5|Norman, Gemma|15|2003|UCSC|Alberta|2018-12-15|Ontario Junior International|26.49|675
6|Wiebe, Logan|15|2003|UMAN|Manitoba|2018-12-14|ManSask Championships Short Course Open Championships|26.55|670
7|Bender, Quincy|15|2003|HST|British Columbia|2018-12-16|Rapids Fast-Swim Classic|26.64|663
8|Olarescu, Maria|15|2003|KSC|Alberta|2018-12-14|JP Fiset Invitational|26.70|659
8|Douthwright, Brooklyn|15|2003|CVAC|New Brunswick|2018-12-15|Ontario Junior International|26.70|659
10|Valles Chavez, Mariana|15|2003|TSC|Ontario|2018-12-15|Ontario Junior International|26.79|652
11|Seto, Anne-Valérie|15|2003|CDNDG|Québec|2018-12-10|Invitation provinciale AA-AAA Noël + Développement 11-12 ans CAMO|26.83|649
12|Moulson, Sara|15|2003|OAK|Ontario|2018-12-15|Ontario Junior International|26.91|644
13|Song, Kimberly|15|2003|UCSC|Alberta|2018-12-08|Youth Cup|26.93|642
14|Williams, Kate|15|2003|SJL|Newfoundland|2018-12-15|Ontario Junior International|26.94|641
15|Lee, Stephanie|15|2003|SKSC|British Columbia|2018-12-09|16th Annual XMAS Cracker Invitational|26.97|639
15|Scott, Kennedy|15|2003|UCSC|Alberta|2018-12-08|Youth Cup|26.97|639
17|Korczewski, Natalie|15|2003|UCSC|Alberta|2019-07-13|UCSC Western Finale|27.01|636
18|Pouliot, Iris|15|2003|CSLA|Québec|2018-11-11|Festival provincial par équipe section 2|27.05|634
19|Bosley, Sawyer|15|2003|ROCS|Ontario|2019-02-03|2019 Eastern Ontario Regional Championships (SC/LC)|27.06|633
20|Almasi, Grayson|15|2003|CP|Alberta|2018-11-18|KSC SC Invitational 2018|27.13|628
20|Duncan, Isabella|15|2003|UCSC|Alberta|2019-02-01|UCSC Grand Prix|27.13|628
22|Auch, Kaitlyn|15|2003|CASC|Alberta|2018-12-16|JP Fiset Invitational|27.14|627
23|Teno, Abigail|15|2003|NORAC|Ontario|2018-11-10|NORAC Inhouse - Sunday|27.18|625
23|Metuzals, Kali|15|2003|GO|Ontario|2018-12-08|Gatineau Grand Prix|27.18|625
25|Jeon, Ji Hyun|15|2003|CDNDG|Québec|2018-12-10|Invitation provinciale AA-AAA Noël + Développement 11-12 ans CAMO|27.24|620
25|Herbert, Bailey|15|2002|LOSC|British Columbia|2018-11-03|LOSC 12th Annual Short Course Invitational|27.24|620
27|Pollock, Gabriella|15|2003|GMAC|Ontario|2019-02-02|2019 Western Region SC Champs|27.25|620
27|Wiens, Brooklyn|15|2003|RDCSC|Alberta|2018-11-18|KSC SC Invitational 2018|27.25|620
29|Nicholson, Talia|15|2003|UCSC|Alberta|2019-03-08|UCSC Team Champs|27.33|614
30|Thiessen, Samantha|15|2003|MANTA|Manitoba|2018-12-07|Invitation Provinciale AA-AAA Pointe-Claire 2018|27.36|612
31|Buche, Jacqueline|15|2003|PCSC|Québec|2018-12-07|Invitation Provinciale AA-AAA Pointe-Claire 2018|27.37|612
32|Muizelaar, Serena|15|2003|ESWIM|Ontario|2018-12-22|2018 Trillium Cup|27.38|611
33|Smallegange, Kenna|15|2003|BAD|Ontario|2018-10-13|MMST Dash for Cash|27.41|609
33|Lynch, Hailey|15|2003|WS|Ontario|2019-04-26|2019 Ontario Team Challenge|27.41|609
35|Champigny, Juliette|15|2003|RED|Québec|2018-12-07|Défi Nez-Rouge 2018|27.43|608
35|Ellis, Hanna|15|2003|HAC|Ontario|2018-11-10|2018 Age Group International SC|27.43|608
37|Landau, Gabriella|15|2003|GGST|Ontario|2018-12-08|Gatineau Grand Prix|27.45|606
38|Ye, Katherine|15|2003|APEX|Ontario|2018-12-08|Youth Cup|27.48|604
38|Sullivan, Kate|15|2003|MPM|Newfoundland|2018-11-23|2018 Mount Pearl Marlins 3rd Annual Sink or Swim Invitiational|27.48|604
40|Novarro, Clarisse|15|2003|CAMO|Québec|2018-12-10|Invitation provinciale AA-AAA Noël + Développement 11-12 ans CAMO|27.49|604
41|Gentleman, Elaine|15|2003|CP|Alberta|2018-12-14|JP Fiset Invitational|27.50|603
41|Harvey, Olivia|15|2003|MJKFF|Saskatchewan|2018-12-14|ManSask Championships Short Course Open Championships|27.50|603
41|Sexsmith, Victoria|15|2003|WEST|Ontario|2018-11-09|Swim International 2018|27.50|603
44|Lamy, Anna-Rose|15|2003|CNQ|Québec|2018-11-04|Festival provincial par équipe section 1|27.57|598
44|Betancourt, Alyssia|15|2003|AAC|Ontario|2018-12-08|Youth Cup|27.57|598
46|allaire, ashley|15|2003|BBST|Ontario|2018-11-03|NYAC Cup|27.59|597
46|Chen, Lily|15|2003|UVPCS|British Columbia|2018-12-08|16th Annual XMAS Cracker Invitational|27.59|597
46|Bettenson, Lauren|15|2002|RDCSC|Alberta|2018-11-18|KSC SC Invitational 2018|27.59|597
49|Panos, Nicolleta|15|2003|VPSC|British Columbia|2018-12-16|JP Fiset Invitational|27.61|596
50|Dalton, Maiya|15|2003|PPSC|Ontario|2019-02-03|2019 Eastern Ontario Regional Championships (SC/LC)|27.62|595