RANK|AGES|CLUB|TEAM|PROVINCE|DATE|MEET|TIME|FINA
1|15 - 15|Edmonton Keyano Swim Club|EKSC A|Alberta|2018-10-26|Rocky Mountain Cup|1:53.62|750
2|15 - 15|University Of Calgary Swim Club|UCSC B|Alberta|2018-10-26|Cascade Speed Meet|1:54.82|727
3|15 - 15|Manta Swim Club|TOBA A|Manitoba|2018-12-16|ManSask Championships Short Course Open Championships|1:57.69|675
4|15 - 15|Island Swimming Club|ISC C|British Columbia|2019-01-25|Vancouver Island Regional SC Championships|1:58.20|666
5|15 - 15|UVic Pacific Coast Swimming|UVPCSA|British Columbia|2018-10-20|ISC 2018 Bennett Cup|1:59.01|653
6|15 - 15|Olympian Swim Club|OSC A|Alberta|2018-10-26|Cascade Speed Meet|2:01.93|607
7|15 - 15|St. Johns Legends Swim Club|SJL A|Newfoundland|2018-11-03|November 3rd Time Trial|2:02.15|604
8|15 - 15|Duncan Stingrays Swim Team|DST A|British Columbia|2019-01-25|Vancouver Island Regional SC Championships|2:05.42|558
9|15 - 15|Vancouver Pacific Swim Club|VPSC A|British Columbia|2018-11-11|ISC 2018 Bennett Cup|2:05.69|554
10|15 - 15|University Of Calgary Swim Club|UCSC A|Alberta|2018-11-18|KSC SC Invitational 2018|2:05.86|552
11|15 - 15|Island Swimming Club|ISC B|British Columbia|2018-11-11|ISC 2018 Bennett Cup|2:06.71|541
12|15 - 15|Kelowna Aquajets|KAJ G|British Columbia|2018-11-18|2018 KAJ Fall Classic|2:06.82|539
13|15 - 15|Ajax Aquatic Club|AAC A|Ontario|2019-02-10|Central Region B Champs 2019|2:06.85|539
14|15 - 15|Cascade Swim Club|CASC A|Alberta|2019-05-11|Fast & Furious Invitational|2:07.46|531
15|15 - 15|Orillia Channel Cats|CATS B|Ontario|2018-11-30|2018 Union Cup|2:07.64|529
16|15 - 15|KISU Swim Club|KISU A|British Columbia|2018-11-18|2018 KAJ Fall Classic|2:08.19|522
17|15 - 15|Chena Swim Club|CHENAC|British Columbia|2018-12-16|Rapids Fast-Swim Classic|2:09.67|505
18|15 - 15|Manta Swim Club|MANTAA|Manitoba|2019-06-08|Manitoba Open Junior Provincials|2:09.71|504
19|15 - 15|Nanaimo Riptide Swim Team|NRST B|British Columbia|2018-11-11|ISC 2018 Bennett Cup|2:09.87|502
20|15 - 15|York Swim Club|YORK A|Ontario|2019-02-10|Central Region B Champs 2019|2:09.88|502
21|15 - 15|West Vancouver Otters|WVOSCB|British Columbia|2018-10-13|SFU-SFA LMR Swim Meet|2:09.98|501
22|15 - 15|Nose Creek Swim Association|NCSA B|Alberta|2018-12-15|Silver Tide Invitational|2:10.76|492
23|15 - 15|Orillia Channel Cats|CATS C|Ontario|2019-02-03|2019 Huronia SC Regional Championships|2:11.22|487
24|15 - 15|Cascade Swim Club|CASC B|Alberta|2018-12-16|Age Group Food Bank Challenge|2:11.80|481
25|15 - 15|Windsor Aquatic Club|WAC B|Ontario|2018-11-11|Border City Invitational|2:11.94|479
26|15 - 15|Chena Swim Club|CHENAB|British Columbia|2018-11-09|2018 Brad Reid Memorial Invitational|2:12.97|468
27|15 - 15|Langley Olympians Swim Club|LOSC A|British Columbia|2019-03-16|DSSC March LMR Meet|2:13.13|466
28|15 - 15|Conception Bay South Bluefins|CBSB B|Newfoundland|2019-04-06|Bluefins Spring Invitational|2:13.21|465
29|15 - 15|Red Deer Catalina Swim Club|RDCSCB|Alberta|2018-11-18|KSC SC Invitational 2018|2:14.37|453
30|15 - 15|Scarborough Swim Club|SCAR A|Ontario|2018-12-09|Border City Invitational|2:14.79|449
31|15 - 15|Sussex Swordfish|SWRD A|New Brunswick|2018-12-14|Garden of the Gulf|2:14.82|449
32|15 - 15|C.N. Port-Cartier|CPC B|Québec|2018-11-09|Festival provincial par équipe section 4|2:14.87|448
33|15 - 15|Mount Pearl Marlins Swim Club|MPM A|Newfoundland|2018-10-20|PSC Rock the Block 2018|2:18.27|416
34|15 - 15|Hyack Swim Club|HYACKB|British Columbia|2018-11-09|2018 Brad Reid Memorial Invitational|2:18.70|412
35|15 - 15|Vernon Kokanee Swim Club|VKSC A|British Columbia|2019-03-03|2019 3rd Annual Winter Regional A Championships|2:19.70|403
36|15 - 15|Conception Bay South Bluefins|CBSB A|Newfoundland|2019-04-06|Bluefins Spring Invitational|2:19.93|401
37|15 - 15|St. James Seals|SEALSA|Manitoba|2018-12-01|Last Chance for Man/Sask|2:20.34|398
38|15 - 15|Mighty Tritons Aquatic Club|MTAC A|Ontario|2019-02-24|Central Region SC C Champs (Winter)|2:21.37|389
39|15 - 15|Cfb North Bay Thunderbirds|CT33 A|Ontario|2018-10-21|NEOR Developmental Meet #1|2:22.62|379
40|15 - 15|Chinook Swim Club|CHIN B|British Columbia|2018-12-01|Hollyburn Invitational|2:22.75|378
41|15 - 15|Sussex Swordfish|SWRD B|New Brunswick|2018-10-20|Invitational #1|2:23.24|374
42|15 - 15|Manitoba Marlins|MM A|Manitoba|2019-06-09|Manitoba Open Junior Provincials|2:24.10|368
43|15 - 15|Neptune Natation|NN A|Québec|2018-12-08|29e Challenge GAMIN - Invitation provincial|2:24.96|361
44|15 - 15|Hearst Phoenix Swim Team|HPST A|Ontario|2018-11-10|2018 Sault Surge Pentathlon|2:28.40|336
45|15 - 15|Chatham Y Pool Sharks|CYPS A|Ontario|2018-12-09|Border City Invitational|2:28.52|336
46|15 - 15|St. Johns Legends Swim Club|SJL B|Newfoundland|2019-04-06|Bluefins Spring Invitational|2:30.01|326
47|15 - 15|Ingersoll Speed Sharks|ISS A|Ontario|2019-05-05|Aqua 7 Finals|2:30.52|322
48|15 - 15|Ernestown Barracuda Swim Club|EBSC D|Ontario|2018-11-04|EBSC Fall Invitational Swim Meet|2:33.91|302
49|15 - 15|KISU Swim Club|KISU B|British Columbia|2019-03-03|2019 3rd Annual Winter Regional A Championships|2:36.72|286
50|15 - 15|Terrace Blueback Swim Club|TBSC A|British Columbia|2019-05-12|Northwest Regional Championship|2:37.20|283