RANK|AGES|CLUB|TEAM|PROVINCE|DATE|MEET|TIME|FINA
1|15 - 15|Neptune Natation|NN A|Québec|2018-11-03|Festival provincial par équipe section 1|1:50.34|623
2|15 - 15|Chena Swim Club|CHENAB|British Columbia|2018-11-10|2018 Brad Reid Memorial Invitational|1:53.73|568
3|15 - 15|Swim Apex Aquatic Club|APEX A|Ontario|2018-12-09|Youth Cup|1:54.45|558
4|15 - 15|Langley Olympians Swim Club|LOSC A|British Columbia|2018-11-03|LOSC 12th Annual Short Course Invitational|1:54.59|556
5|15 - 15|Ajax Aquatic Club|AAC A|Ontario|2019-02-09|Central Region B Champs 2019|1:54.62|555
6|15 - 15|UVic Pacific Coast Swimming|UVPCSC|British Columbia|2018-12-08|16th Annual XMAS Cracker Invitational|1:54.67|555
7|15 - 15|Timmins Marlins Swim Club|TMSC B|Ontario|2019-02-02|Dave Kensit Memorial SC Championship|1:55.04|549
8|15 - 15|Sault Surge Aquatic Team|SSAT B|Ontario|2019-02-02|Dave Kensit Memorial SC Championship|1:55.51|543
9|15 - 15|Valley East Waves|VEW A|Ontario|2019-02-02|Dave Kensit Memorial SC Championship|1:55.61|541
10|15 - 15|C.A. St-Eustache|CASE A|Québec|2019-06-29|Championnat provincial groupe d'âge AA d'été - Ouest|1:56.52|529
11|15 - 15|Rouge et Or/Université Laval|UL A|Québec|2018-11-03|Festival provincial par équipe section 1|1:56.81|525
12|15 - 15|Strathmore Silver Sharks|STRATA|Alberta|2019-02-02|Maverick Madness 2019|1:56.92|523
13|15 - 15|Côte St-Luc Aquatics|CSLA B|Québec|2018-12-07|Invitation provinciale des fêtes CSLA|1:57.61|514
14|15 - 15|Kamloops Classic Swimming|KCS H|British Columbia|2018-10-27|Kamloops Fall Swimming Festival|1:57.69|513
15|15 - 15|Orillia Channel Cats|CATS C|Ontario|2019-02-03|2019 Huronia SC Regional Championships|1:58.25|506
16|15 - 15|Conception Bay South Bluefins|CBSB B|Newfoundland|2019-04-07|Bluefins Spring Invitational|1:58.44|503
17|15 - 15|Cochrane Comets Swim Club|COMETA|Alberta|2019-05-12|Fast & Furious Invitational|1:59.02|496
18|15 - 15|Manta Swim Club|MANTAB|Manitoba|2019-06-07|Manitoba Open Junior Provincials|2:00.10|483
19|15 - 15|Club de Natation SAMAK|SAMA B|Québec|2019-02-02|Invitation Peter-Suen 2019|2:00.50|478
20|15 - 15|GARDEN CITY AQUATIC CLUB|GCAC A|Ontario|2018-11-03|2018 BAD Fall Invitational|2:00.55|477
21|15 - 15|Bathurst BLAST|BLASTA|New Brunswick|2018-10-21|Invitational #1|2:00.76|475
22|15 - 15|Selkirk Dolphins|SD A|Manitoba|2019-02-23|Manitoba Open Junior Provincial|2:01.07|471
23|15 - 15|Hyack Swim Club|HYACKB|British Columbia|2018-11-10|2018 Brad Reid Memorial Invitational|2:02.13|459
24|15 - 15|Ernestown Barracuda Swim Club|EBSC E|Ontario|2018-11-03|EBSC Fall Invitational Swim Meet|2:02.15|459
25|15 - 15|University Of Calgary Swim Club|UCSC B|Alberta|2018-11-17|KSC SC Invitational 2018|2:03.13|448
26|15 - 15|Burlington Aquatic Devilrays|BAD D|Ontario|2018-11-24|Alex Baumann Invitational|2:03.34|446
27|15 - 15|Scarborough Swim Club|SCAR A|Ontario|2018-12-08|Border City Invitational|2:03.44|444
28|15 - 15|Oakville Aquatic Club|OAK B|Ontario|2018-11-25|LAC - Nothers Fall Invitational|2:03.66|442
29|15 - 15|Ernestown Barracuda Swim Club|EBSC D|Ontario|2018-11-03|EBSC Fall Invitational Swim Meet|2:03.81|441
30|15 - 15|Kelowna Aquajets|KAJ C|British Columbia|2018-12-14|26th Annual MJB Law Classic SCM|2:04.10|437
31|15 - 15|Club Juvaqua d'Alma|CNJA Q|Québec|2019-03-17|Sag-Lac 3|2:04.69|431
32|15 - 15|Battlefords Kinsmen Swim Club|BKSC B|Saskatchewan|2018-11-04|BKSC Winter Classic Invitational|2:04.72|431
33|15 - 15|C.N. Torpille Inc.|TORP I|Québec|2018-11-25|Invitation provinciale de Montréal-Nord|2:05.08|427
34|15 - 15|Halton Hills Blue Fins|HHBF A|Ontario|2018-10-20|No Pain No Gain|2:05.72|421
35|15 - 15|Oakville Aquatic Club|OAK C|Ontario|2018-10-13|Brad Townsend Fall Classic|2:05.80|420
36|15 - 15|Clarington Swim Club|ROC B|Ontario|2019-05-05|ROC vs DUCKS Dual in the Pool|2:06.01|418
37|15 - 15|Norfolk Hammerheads Aquatic Club|NHAC A|Ontario|2018-12-08|Aqua 7 STJJ vs NHAC|2:07.45|404
38|15 - 15|C.N. Port-Cartier|CPC B|Québec|2018-11-10|Festival provincial par équipe section 4|2:07.55|403
39|15 - 15|Windsor Aquatic Club|WAC C|Ontario|2018-11-10|2018 Age Group International SC|2:07.62|402
40|15 - 15|Mount Pearl Marlins Swim Club|MPM A|Newfoundland|2018-10-21|PSC Rock the Block 2018|2:07.78|401
41|15 - 15|London Aquatic Club|LAC D|Ontario|2018-11-25|LAC - Nothers Fall Invitational|2:08.23|396
42|15 - 15|St. James Seals|SEALSA|Manitoba|2018-10-28|Celebrate Swimming Invitational|2:08.49|394
43|15 - 15|Chatham Y Pool Sharks|CYPS A|Ontario|2018-12-08|Border City Invitational|2:10.13|379
44|15 - 15|Ernestown Barracuda Swim Club|EBSC B|Ontario|2018-11-03|EBSC Fall Invitational Swim Meet|2:10.21|379
45|15 - 15|Mighty Tritons Aquatic Club|MTAC A|Ontario|2019-02-23|Central Region SC C Champs (Winter)|2:10.46|376
46|15 - 15|Club Aquatique Sud-Ouest|CASO I|Québec|2018-10-19|Rencontre Intra Club #1 Caso - 19 octobre 2018|2:11.49|368
47|15 - 15|Cfb North Bay Thunderbirds|CT33 A|Ontario|2019-04-13|North Bay Titans Invitational - Sprint / Ironman|2:12.69|358
48|15 - 15|Ingersoll Speed Sharks|ISS A|Ontario|2019-05-05|Aqua 7 Finals|2:13.43|352
49|15 - 15|Terrace Blueback Swim Club|TBSC A|British Columbia|2019-05-11|Northwest Regional Championship|2:15.83|333
50|15 - 15|Natation Ste-Foy Haute St-Charles|NSH H|Québec|2018-11-03|Festival provincial par équipe section 5 - Sud|2:15.91|333