RANK|ATHLETES|AGE|YOB|CLUB|PROVINCE|DATE|MEET|TIME|FINA
1|Sasseville, Genevieve|15|2003|CYPS|Ontario|2018-12-14|Ontario Junior International|59.84|760
2|Cornish, Hannah|15|2003|USC|Ontario|2018-12-14|Ontario Junior International|1:01.57|697
3|O'Croinin, Emma|15|2003|EKSC|Alberta|2019-01-20|Blue Bears 2019|1:02.01|683
4|McKinley, Abigail|15|2003|TIDE|New Brunswick|2019-02-03|NB Open Cup - Coupe NB|1:02.22|676
5|Vézina, Florence|15|2002|ELITE|Québec|2018-11-04|Festival provincial par équipe section 1|1:02.96|652
6|Lorette, Sophie|15|2002|UVPCS|British Columbia|2018-12-09|16th Annual XMAS Cracker Invitational|1:03.00|651
7|Douthwright, Brooklyn|15|2003|CVAC|New Brunswick|2019-01-19|Winter Invitational|1:03.10|648
8|Willis, Avery|15|2003|CW|Ontario|2018-12-07|Invitation Provinciale AA-AAA Pointe-Claire 2018|1:03.18|645
9|Clarino, Olivia|15|2003|NYAC|Ontario|2018-12-08|Youth Cup|1:03.23|644
10|Scott, Kennedy|15|2003|UCSC|Alberta|2018-12-08|Youth Cup|1:03.34|640
11|Chaput, Oksana|15|2003|MANTA|Manitoba|2018-12-14|ManSask Championships Short Course Open Championships|1:03.53|635
12|Conrad, Sydney|15|2002|GMAC|Ontario|2018-11-04|NYAC Cup|1:03.72|629
13|Olarescu, Maria|15|2003|KSC|Alberta|2018-12-15|JP Fiset Invitational|1:03.74|628
13|Champigny, Juliette|15|2003|RED|Québec|2018-12-09|Défi Nez-Rouge 2018|1:03.74|628
15|Pouliot, Iris|15|2003|CSLA|Québec|2018-11-11|Festival provincial par équipe section 2|1:04.00|621
16|Lo, Naomie|15|2003|NYAC|Ontario|2018-12-14|Ontario Junior International|1:04.21|615
17|Metuzals, Kali|15|2003|GO|Ontario|2018-12-14|Ontario Junior International|1:04.24|614
18|Liu, Sarah|15|2003|PCSC|Québec|2018-12-07|Invitation Provinciale AA-AAA Pointe-Claire 2018|1:04.64|602
19|Betancourt, Alyssia|15|2003|AAC|Ontario|2018-11-04|NYAC Cup|1:04.66|602
20|Macleod, Claire|15|2003|ESWIM|Ontario|2018-11-10|2018 Age Group International SC|1:04.74|600
21|Weldon, Katherine|15|2003|NYAC|Ontario|2018-12-08|Youth Cup|1:04.77|599
22|Wiebe, Logan|15|2003|UMAN|Manitoba|2018-12-14|ManSask Championships Short Course Open Championships|1:04.91|595
23|Teno, Abigail|15|2003|NORAC|Ontario|2018-12-14|Ontario Junior International|1:04.97|593
24|Ricketts, Emily|15|2002|SJL|Newfoundland|2018-12-14|Ontario Junior International|1:05.09|590
25|Douglas, Lily|15|2003|RAPID|British Columbia|2018-12-16|Rapids Fast-Swim Classic|1:05.12|589
26|Meldrum, Sydney|15|2003|UVPCS|British Columbia|2019-01-27|Vancouver Island Regional SC Championships|1:05.22|587
27|Pauletto, Kristin|15|2003|PCSC|Québec|2018-12-07|Invitation Provinciale AA-AAA Pointe-Claire 2018|1:05.25|586
28|Rissanen, Hanna|15|2003|BTSC|Ontario|2018-12-01|2018 Barrie Trojan Cup|1:05.35|583
29|Eggers, Ajete|15|2003|BTSC|Ontario|2019-02-15|time Trial 2 - 15-Feb-2019|1:05.44|581
30|Hunter, Jordyn|15|2003|BTSC|Ontario|2018-12-01|2018 Barrie Trojan Cup|1:05.45|580
31|Streppel, Josephine|15|2003|CAJ|Ontario|2018-12-14|Team Showdown 2018|1:05.49|579
31|Taker, Madison|15|2003|GO|Ontario|2018-12-08|Gatineau Grand Prix|1:05.49|579
33|Chayer, Rachel|15|2003|TRENT|Ontario|2018-12-08|Dash for Cash|1:05.81|571
34|Carreau, Maïra|15|2003|SAMAK|Québec|2018-12-07|Invitation Provinciale AA-AAA Pointe-Claire 2018|1:05.89|569
35|Brunoro, Isabella|15|2003|CHENA|British Columbia|2018-12-16|Rapids Fast-Swim Classic|1:06.00|566
36|Wiens, Brooklyn|15|2003|RDCSC|Alberta|2018-12-15|JP Fiset Invitational|1:06.01|566
37|LeGallais, Charlee|15|2003|DDO|Québec|2018-12-01|Neptune International (CSPO 25m)|1:06.04|565
38|Nicholson-Jodoin, Samantha|15|2003|PCSC|Québec|2018-11-04|Festival provincial par équipe section 1|1:06.07|564
39|Bender, Quincy|15|2003|HST|British Columbia|2019-01-20|Canadian Dolphin New Years Invitational 2019|1:06.13|563
39|Willar, Lora|15|2002|PCSC|Québec|2018-10-14|Circuit Senior - Étape 1|1:06.13|563
41|Kremer, Jasmine|15|2003|TYEE|British Columbia|2019-01-27|Vancouver Island Regional SC Championships|1:06.14|562
42|Harvey, Olivia|15|2003|MJKFF|Saskatchewan|2018-12-14|ManSask Championships Short Course Open Championships|1:06.15|562
43|Dearnaley, Isabelle|15|2003|HTAC|Nova Scotia|2018-12-15|Age Group Development Meet|1:06.17|562
44|Nolet, Gabrielle|15|2003|CASE|Québec|2019-02-24|Championnat provincial groupe d'âge AA d'hiver - section Ouest|1:06.31|558
45|Lamy, Anna-Rose|15|2003|CNQ|Québec|2018-12-09|Défi Nez-Rouge 2018|1:06.36|557
46|Etherington, Skylar|15|2003|CPWD|Ontario|2018-11-24|BYST Fall Invitational|1:06.40|556
47|Moulson, Sara|15|2003|OAK|Ontario|2018-12-08|Youth Cup|1:06.43|555
48|Hartvikson, Sophia|15|2003|WVOSC|British Columbia|2018-11-11|2018 Brad Reid Memorial Invitational|1:06.50|553
49|Ellis, Hanna|15|2003|HAC|Ontario|2019-01-27|Joanne Malar|1:06.63|550
50|Kramer, Lili|15|2003|UVPCS|British Columbia|2018-12-09|16th Annual XMAS Cracker Invitational|1:06.64|550