RANK|ATHLETES|AGE|YOB|CLUB|PROVINCE|DATE|MEET|TIME|FINA
1|Sasseville, Genevieve|15|2003|CYPS|Ontario|2018-12-15|Ontario Junior International|27.18|721
2|Cornish, Hannah|15|2003|USC|Ontario|2018-11-02|NYAC Cup|28.11|652
3|Olarescu, Maria|15|2003|KSC|Alberta|2018-12-16|JP Fiset Invitational|28.20|646
4|Pouliot, Iris|15|2003|CSLA|Québec|2018-12-09|Invitation provinciale des fêtes CSLA|28.22|644
5|Wiebe, Logan|15|2003|UMAN|Manitoba|2018-12-16|ManSask Championships Short Course Open Championships|28.27|641
6|Douthwright, Brooklyn|15|2003|CVAC|New Brunswick|2019-01-20|Winter Invitational|28.39|633
7|Conrad, Sydney|15|2002|GMAC|Ontario|2018-11-02|NYAC Cup|28.50|625
8|Lorette, Sophie|15|2002|UVPCS|British Columbia|2018-12-07|16th Annual XMAS Cracker Invitational|28.72|611
9|McKinley, Abigail|15|2003|TIDE|New Brunswick|2019-02-01|NB Open Cup - Coupe NB|28.75|609
10|Scott, Kennedy|15|2003|UCSC|Alberta|2019-06-21|UCSC Team Champs|28.83|604
11|Bender, Quincy|15|2003|HST|British Columbia|2018-12-15|Rapids Fast-Swim Classic|28.85|603
12|Teno, Abigail|15|2003|NORAC|Ontario|2018-12-15|Ontario Junior International|28.96|596
13|Betancourt, Alyssia|15|2003|AAC|Ontario|2018-11-02|NYAC Cup|28.99|594
14|Minic, Catherine|15|2003|GPP|Alberta|2019-06-23|Summer Sizzler|29.16|584
15|Hartvikson, Sophia|15|2003|WVOSC|British Columbia|2018-12-16|ManSask Championships Short Course Open Championships|29.26|578
15|DeJonge, Zoe|15|2003|SLN|Alberta|2018-11-30|Candy Cane Classic|29.26|578
17|Miller, Arianna|15|2003|BTSC|Ontario|2019-01-12|2019 Etobicoke A-B Meet|29.30|576
18|Duncan, Isabella|15|2003|UCSC|Alberta|2019-02-01|UCSC Grand Prix|29.32|574
19|El Danasoury, Laila|15|2003|GO|Ontario|2018-12-15|Ontario Junior International|29.35|573
20|Beason, Tina|15|2002|TSC|Ontario|2018-11-02|NYAC Cup|29.44|567
21|Carreau, Maïra|15|2003|SAMAK|Québec|2018-12-08|Invitation Provinciale AA-AAA Pointe-Claire 2018|29.56|561
22|Landau, Gabriella|15|2003|GGST|Ontario|2018-12-07|Gatineau Grand Prix|29.58|559
23|Lamy, Anna-Rose|15|2003|CNQ|Québec|2018-12-08|Défi Nez-Rouge 2018|29.60|558
23|Weldon, Katherine|15|2003|NYAC|Ontario|2018-11-02|NYAC Cup|29.60|558
25|Majer, Grace|15|2004|UCSC|Alberta|2019-03-02|Provincials - Short Course|29.61|558
25|Harvey, Olivia|15|2003|MJKFF|Saskatchewan|2018-12-16|ManSask Championships Short Course Open Championships|29.61|558
27|Chen, Lily|15|2003|UVPCS|British Columbia|2019-01-26|Vancouver Island Regional SC Championships|29.66|555
27|Jeon, Ji Hyun|15|2003|CDNDG|Québec|2018-11-10|Festival provincial par équipe section 4|29.66|555
29|Nicholson, Talia|15|2003|UCSC|Alberta|2019-03-08|UCSC Team Champs|29.74|550
30|Macleod, Claire|15|2003|ESWIM|Ontario|2018-11-11|2018 Age Group International SC|29.75|550
31|Robertson, Aliah|15|2003|SSAT|Ontario|2018-12-08|Border City Invitational|29.77|549
32|O'Croinin, Emma|15|2003|EKSC|Alberta|2018-10-13|Oktoberfest|29.83|545
33|Champigny, Juliette|15|2003|RED|Québec|2018-11-03|Festival provincial par équipe section 3|29.86|544
34|Douglas, Lily|15|2003|RAPID|British Columbia|2018-12-15|Rapids Fast-Swim Classic|29.88|543
35|Hardman, Taylor|15|2002|UMAN|Manitoba|2018-10-27|Celebrate Swimming Invitational|29.90|542
35|Wiens, Brooklyn|15|2003|RDCSC|Alberta|2018-12-16|JP Fiset Invitational|29.90|542
37|Nicholson-Jodoin, Samantha|15|2003|PCSC|Québec|2018-11-03|Festival provincial par équipe section 1|29.92|541
37|Thiessen, Samantha|15|2003|MANTA|Manitoba|2018-10-27|Celebrate Swimming Invitational|29.92|541
39|LeBlonc, Melissa|15|2003|COBRA|Ontario|2018-10-19|HARVEST/AUTUMN INVITATIONAL|30.01|536
39|Richard, Isabelle|15|2003|MMST|Ontario|2018-12-08|Border City Invitational|30.01|536
41|Gruson, Karina|15|2003|SWOTT|Ontario|2019-02-01|2019 Eastern Ontario Regional Championships (SC/LC)|30.02|535
42|Lam, Olivia|15|2003|CSLA|Québec|2018-12-09|Invitation provinciale des fêtes CSLA|30.05|534
43|Eggers, Ajete|15|2003|BTSC|Ontario|2019-01-12|2019 Etobicoke A-B Meet|30.08|532
44|Arsenault, Laurence|15|2003|RL|Québec|2018-12-08|Défi Nez-Rouge 2018|30.12|530
44|Dearnaley, Isabelle|15|2003|HTAC|Nova Scotia|2018-10-14|Age Group Development Meet Fall Series #1|30.12|530
46|Penney, Madison|15|2003|YKPB|Northwest Territories|2018-12-16|JP Fiset Invitational|30.15|528
47|Holden, Megan|15|2004|MPM|Newfoundland|2019-06-09|2019 Summer Classic Invitational|30.16|528
47|Bosley, Sawyer|15|2003|ROCS|Ontario|2018-11-25|2018 CSL Snowflake Invitational|30.16|528
49|Taker, Madison|15|2003|GO|Ontario|2018-12-15|Ontario Junior International|30.17|527
50|Mertz, Megan|15|2003|STRATH|Alberta|2019-03-02|Provincials - Short Course|30.18|527