RANK|ATHLETES|AGE|YOB|CLUB|PROVINCE|DATE|MEET|TIME|FINA
1|Sasseville, Genevieve|15|2003|CYPS|Ontario|2018-12-15|Ontario Junior International|2:12.04|743
2|Vézina, Florence|15|2002|ELITE|Québec|2018-11-02|Festival provincial par équipe section 1|2:16.73|669
3|Willis, Avery|15|2003|CW|Ontario|2018-12-09|Invitation Provinciale AA-AAA Pointe-Claire 2018|2:17.25|661
4|Lorette, Sophie|15|2002|UVPCS|British Columbia|2018-12-08|16th Annual XMAS Cracker Invitational|2:17.41|659
5|Clarino, Olivia|15|2003|NYAC|Ontario|2018-12-15|Ontario Junior International|2:18.07|650
6|O'Croinin, Emma|15|2003|EKSC|Alberta|2019-01-19|Blue Bears 2019|2:18.64|642
7|Lo, Naomie|15|2003|NYAC|Ontario|2018-12-09|Youth Cup|2:18.80|639
8|Brunoro, Isabella|15|2003|CHENA|British Columbia|2018-11-09|2018 Brad Reid Memorial Invitational|2:20.62|615
9|Louis-Seize, Geneviève|15|2003|ELITE|Québec|2018-11-02|Festival provincial par équipe section 1|2:21.53|603
10|McKinley, Abigail|15|2003|TIDE|New Brunswick|2019-02-02|NB Open Cup - Coupe NB|2:22.27|594
11|Pauletto, Kristin|15|2003|PCSC|Québec|2018-12-15|Ontario Junior International|2:22.63|589
12|Herbert, Bailey|15|2002|LOSC|British Columbia|2018-11-03|LOSC 12th Annual Short Course Invitational|2:22.68|589
13|Carreau, Maïra|15|2003|SAMAK|Québec|2018-12-02|Neptune International (CSPO 25m)|2:23.11|583
14|Harvey, Olivia|15|2003|MJKFF|Saskatchewan|2018-12-15|ManSask Championships Short Course Open Championships|2:23.81|575
15|Taker, Madison|15|2003|GO|Ontario|2018-11-23|Alex Baumann Invitational|2:24.30|569
16|Etherington, Skylar|15|2003|CPWD|Ontario|2018-12-09|Gatineau Grand Prix|2:24.43|567
17|Cranmer, Isabelle|15|2003|KSC|Alberta|2018-12-14|JP Fiset Invitational|2:25.01|561
18|Spencer, Madeline|15|2003|TSC|Ontario|2018-11-03|NYAC Cup|2:25.03|560
19|Champigny, Juliette|15|2003|RED|Québec|2018-12-08|Défi Nez-Rouge 2018|2:25.14|559
20|Conrad, Sydney|15|2002|GMAC|Ontario|2018-11-03|NYAC Cup|2:25.38|556
21|Lee, Kathryn|15|2003|ISC|British Columbia|2019-01-25|Vancouver Island Regional SC Championships|2:26.76|541
22|Meldrum, Sydney|15|2003|UVPCS|British Columbia|2018-12-08|16th Annual XMAS Cracker Invitational|2:26.85|540
23|Macleod, Claire|15|2003|ESWIM|Ontario|2018-12-09|Invitation Provinciale AA-AAA Pointe-Claire 2018|2:26.94|539
23|Kramer, Lili|15|2003|UVPCS|British Columbia|2018-12-08|16th Annual XMAS Cracker Invitational|2:26.94|539
25|Scott, Kennedy|15|2003|UCSC|Alberta|2019-02-01|UCSC Grand Prix|2:26.97|539
26|Chayer, Rachel|15|2003|TRENT|Ontario|2019-02-01|2019 Huronia SC Regional Championships|2:27.18|536
27|Laroche, Elia|15|2003|ESWIM|Ontario|2018-12-09|Invitation Provinciale AA-AAA Pointe-Claire 2018|2:27.44|533
28|Roos, Ocean|15|2003|RDCSC|Alberta|2019-01-19|Blue Bears 2019|2:27.63|531
29|Mastroianni, Isabella|15|2002|SLSC|Ontario|2018-11-09|2018 Age Group International SC|2:27.84|529
30|Daschuk, Marie-Eve|15|2003|ROD|Saskatchewan|2018-12-15|ManSask Championships Short Course Open Championships|2:27.88|529
31|Shemilt, Jorja|15|2003|OAK|Ontario|2018-12-09|Youth Cup|2:27.90|528
32|Ashley, Drew|15|2002|MAC|Ontario|2018-11-03|NYAC Cup|2:27.92|528
33|Rowden, Haley|15|2003|KCS|British Columbia|2018-12-14|26th Annual MJB Law Classic SCM|2:27.99|527
34|Wiens, Brooklyn|15|2003|RDCSC|Alberta|2018-12-14|JP Fiset Invitational|2:28.07|527
35|Betancourt, Alyssia|15|2003|AAC|Ontario|2018-11-03|NYAC Cup|2:28.14|526
36|Harvey, Pénéloppe|15|2003|UL|Québec|2019-06-30|Championnat provincial groupe d'âge AA d'été - section Est|2:28.17|526
37|Beauchemin, Maulie|15|2003|ELITE|Québec|2018-11-25|Circuit senior étape 2|2:28.25|525
38|Bender, Quincy|15|2003|HST|British Columbia|2018-11-03|LOSC 12th Annual Short Course Invitational|2:28.39|523
39|O'Connell, Megan|15|2003|OYO|Ontario|2018-12-09|Gatineau Grand Prix|2:28.43|523
40|Dearnaley, Isabelle|15|2003|HTAC|Nova Scotia|2018-11-10|Age Group Development Meet Fall Series #2|2:28.52|522
41|Ellis, Hanna|15|2003|HAC|Ontario|2019-01-26|Joanne Malar|2:28.68|520
42|Harvey, Olivia|15|2003|UL|Québec|2019-06-30|Championnat provincial groupe d'âge AA d'été - section Est|2:28.72|520
43|Nicholson-Jodoin, Samantha|15|2003|PCSC|Québec|2018-11-02|Festival provincial par équipe section 1|2:28.89|518
44|Metuzals, Kali|15|2003|GO|Ontario|2018-11-23|Alex Baumann Invitational|2:29.27|514
45|Thiessen, Samantha|15|2003|MANTA|Manitoba|2018-12-15|ManSask Championships Short Course Open Championships|2:29.29|514
46|Smart, Keana|15|2003|KCS|British Columbia|2018-11-03|Odlum Brown Colleges Cup Pacific Hosted by UBC|2:29.78|509
47|Liu, Sarah|15|2003|PCSC|Québec|2018-12-09|Invitation Provinciale AA-AAA Pointe-Claire 2018|2:30.02|506
48|Vithoulkas, Katherine|15|2003|NN|Québec|2018-12-02|Neptune International (CSPO 25m)|2:30.08|506
49|Douglas, Lily|15|2003|RAPID|British Columbia|2018-12-14|Rapids Fast-Swim Classic|2:30.53|501
50|Stoehr, Allison|15|2003|STARS|Ontario|2018-11-04|2018 Barrie Aquafest|2:30.71|499