RANK|AGES|CLUB|TEAM|PROVINCE|DATE|MEET|TIME|FINA
1|15 - 15|Oakville Aquatic Club|OAK A|Ontario|2018-12-08|Youth Cup|3:58.40|650
2|15 - 15|Neptune Natation|NN A|Québec|2018-11-02|Festival provincial par équipe section 1|4:02.03|621
3|15 - 15|Pointe-Claire Swim Club|PCSC A|Québec|2019-02-24|Championnat provincial groupe d'âge AA d'hiver - section Ouest|4:13.03|543
4|15 - 15|C.A. St-Eustache|CASE A|Québec|2019-02-24|Championnat provincial groupe d'âge AA d'hiver - section Ouest|4:15.74|526
5|15 - 15|C.N. Port-Cartier|CPC B|Québec|2018-11-09|Festival provincial par équipe section 4|4:27.54|460
6|15 - 15|C.A. Rosemont Petite-Patrie|R2P A|Québec|2018-11-09|Festival provincial par équipe section 5 - Ouest|4:34.26|427
7|15 - 15|Halifax Trojan Aquatic Club|HTAC A|Nova Scotia|2019-01-12|AA AGD 1|4:38.44|408
8|15 - 15|Halifax Trojan Aquatic Club|HTAC C|Nova Scotia|2019-02-15|AA Winter Champs|4:44.44|382
9|15 - 15|Natation Ste-Foy Haute St-Charles|NSH E|Québec|2018-11-02|Festival provincial par équipe section 5 - Sud|4:57.49|334