RANK|ATHLETES|AGE|YOB|CLUB|PROVINCE|DATE|MEET|TIME|FINA
1|Minnes, Asia|15|2003|NN|Québec|2018-11-04|Festival provincial par équipe section 1|1:00.34|758
2|Douthwright, Brooklyn|15|2003|CVAC|New Brunswick|2019-02-01|NB Open Cup - Coupe NB|1:01.10|730
3|Smart, Keana|15|2003|KCS|British Columbia|2018-11-03|Odlum Brown Colleges Cup Pacific Hosted by UBC|1:01.51|716
4|Olarescu, Maria|15|2003|KSC|Alberta|2018-12-16|JP Fiset Invitational|1:02.08|696
5|Johnsen, Hannah|15|2003|TBT|Ontario|2018-12-07|Youth Cup|1:02.34|687
6|Edwards, Hana|15|2003|UVPCS|British Columbia|2019-01-26|Vancouver Island Regional SC Championships|1:02.59|679
7|Norman, Gemma|15|2003|UCSC|Alberta|2018-12-16|Ontario Junior International|1:02.76|674
8|Smallegange, Kenna|15|2003|BAD|Ontario|2018-11-24|Alex Baumann Invitational|1:02.80|672
9|Buche, Jacqueline|15|2003|PCSC|Québec|2018-12-07|Invitation Provinciale AA-AAA Pointe-Claire 2018|1:02.87|670
10|O'Croinin, Emma|15|2003|EKSC|Alberta|2018-12-16|JP Fiset Invitational|1:02.90|669
11|Hartvikson, Sophia|15|2003|WVOSC|British Columbia|2018-11-11|2018 Brad Reid Memorial Invitational|1:03.26|658
12|Cornish, Hannah|15|2003|USC|Ontario|2018-12-07|Youth Cup|1:03.49|651
13|Moulson, Sara|15|2003|OAK|Ontario|2018-12-07|Youth Cup|1:03.90|638
14|Panos, Nicolleta|15|2003|VPSC|British Columbia|2018-12-16|JP Fiset Invitational|1:04.20|629
15|Williams, Kate|15|2003|SJL|Newfoundland|2018-12-15|Ontario Junior International|1:04.42|623
16|Beauchemin, Maulie|15|2003|ELITE|Québec|2018-12-15|Ontario Junior International|1:04.60|618
17|Sasseville, Genevieve|15|2003|CYPS|Ontario|2018-11-11|2018 Age Group International SC|1:04.70|615
18|Weldon, Katherine|15|2003|NYAC|Ontario|2018-12-15|Ontario Junior International|1:04.91|609
19|Brendzan, Olivia|15|2003|EKSC|Alberta|2018-12-16|JP Fiset Invitational|1:05.18|601
20|Varga, Ella|15|2004|CASC|Alberta|2019-02-09|NCSA John Timmermans Memorial Invitational 2019|1:05.27|599
21|Provost, Reily|15|2004|CARAT|Québec|2019-06-28|Championnat provincial groupe d'âge AA d'été - Ouest|1:05.39|596
22|Warren, Aliceyn|15|2003|MPM|Newfoundland|2018-11-23|2018 Mount Pearl Marlins 3rd Annual Sink or Swim Invitiational|1:05.63|589
23|Cabral, Emma|15|2003|BRANT|Ontario|2018-12-15|Team Showdown 2018|1:05.67|588
24|Smith, Tobyn|15|2003|SPART|British Columbia|2018-12-14|Rapids Fast-Swim Classic|1:05.86|583
25|Valles Chavez, Mariana|15|2003|TSC|Ontario|2018-11-03|NYAC Cup|1:05.90|582
26|Lee, Stephanie|15|2003|SKSC|British Columbia|2018-12-09|16th Annual XMAS Cracker Invitational|1:05.91|582
27|Herbert, Bailey|15|2002|LOSC|British Columbia|2018-10-20|2018 OCTOBER SENIOR CIRCUIT|1:05.93|581
28|Wheeler, Megan|15|2003|PERTH|Ontario|2019-02-01|2019 Eastern Ontario Regional Championships (SC/LC)|1:05.96|580
29|Pollock, Gabriella|15|2003|GMAC|Ontario|2018-12-07|Dash for Cash|1:06.05|578
29|Chen, Lily|15|2003|UVPCS|British Columbia|2018-12-09|16th Annual XMAS Cracker Invitational|1:06.05|578
31|Bullock, Trista|15|2003|NYAC|Ontario|2018-12-07|Youth Cup|1:06.10|577
32|Spurrell, McKenna|15|2003|COBRA|Ontario|2018-11-30|Neptune International (CSPO 25m)|1:06.17|575
33|Pietrantonio, Alexia|15|2004|LMRL|Québec|2019-07-08|essai de temps juillet 2019|1:06.24|573
34|Eglitis, Kaiva|15|2003|GHAC|Ontario|2018-12-08|Border City Invitational|1:06.31|571
35|Caruso, Marlee|15|2003|KISU|British Columbia|2018-12-14|26th Annual MJB Law Classic SCM|1:06.34|570
36|Landau, Gabriella|15|2003|GGST|Ontario|2018-12-07|Gatineau Grand Prix|1:06.39|569
37|Bosley, Sawyer|15|2003|ROCS|Ontario|2019-02-01|2019 Eastern Ontario Regional Championships (SC/LC)|1:06.40|569
38|Hunter, Jordyn|15|2003|BTSC|Ontario|2018-12-02|2018 Barrie Trojan Cup|1:06.41|568
39|Teno, Abigail|15|2003|NORAC|Ontario|2018-12-07|Gatineau Grand Prix|1:06.46|567
39|Almasi, Grayson|15|2003|CP|Alberta|2019-01-20|Pugsley's Plunge 2019|1:06.46|567
41|Davidson, Juliette|15|2003|NN|Québec|2018-11-30|Neptune International (CSPO 25m)|1:06.48|567
42|LeBlonc, Melissa|15|2003|COBRA|Ontario|2018-12-07|Youth Cup|1:06.58|564
42|DeJonge, Zoe|15|2003|SLN|Alberta|2018-12-02|Candy Cane Classic|1:06.58|564
44|Iannuccilli, Sarah-Mae|15|2003|MSSAC|Ontario|2018-11-30|Neptune International (CSPO 25m)|1:06.63|563
45|Ahluwalia-Pullam, Raj|15|2003|OSC|Alberta|2018-12-16|JP Fiset Invitational|1:06.65|562
46|Johnson, Mikhaela|15|2003|SSAT|Ontario|2019-02-02|Dave Kensit Memorial SC Championship|1:06.70|561
47|Milanovich, Julianna|15|2003|ESWIM|Ontario|2019-01-12|2019 Etobicoke A-B Meet|1:06.72|561
48|Nicholson, Talia|15|2003|UCSC|Alberta|2018-11-18|KSC SC Invitational 2018|1:06.74|560
49|McBride, Courtney|15|2004|CBAC|Prince-Edward-Island|2019-04-28|9th Annual Fast and Furious|1:06.78|559
50|Metuzals, Kali|15|2003|GO|Ontario|2018-12-15|Ontario Junior International|1:06.80|559