RANK|ATHLETES|AGE|YOB|CLUB|PROVINCE|DATE|MEET|TIME|FINA
1|O'Croinin, Emma|15|2003|EKSC|Alberta|2018-12-16|JP Fiset Invitational|4:08.04|845
2|Smallegange, Kenna|15|2003|BAD|Ontario|2018-12-15|Ontario Junior International|4:13.54|791
3|Douthwright, Brooklyn|15|2003|CVAC|New Brunswick|2018-12-15|Ontario Junior International|4:13.86|788
4|Sullivan, Kate|15|2003|MPM|Newfoundland|2018-12-15|Ontario Junior International|4:16.52|764
5|Lorette, Sophie|15|2002|UVPCS|British Columbia|2018-12-08|16th Annual XMAS Cracker Invitational|4:22.14|716
6|Herbert, Bailey|15|2002|LOSC|British Columbia|2018-11-04|LOSC 12th Annual Short Course Invitational|4:23.01|708
7|Chaput, Oksana|15|2003|MANTA|Manitoba|2018-12-14|ManSask Championships Short Course Open Championships|4:24.15|699
8|Lo, Naomie|15|2003|NYAC|Ontario|2018-12-08|Youth Cup|4:25.84|686
9|Ellis, Hanna|15|2003|HAC|Ontario|2019-01-26|Joanne Malar|4:27.26|675
10|Roos, Ocean|15|2003|RDCSC|Alberta|2018-12-16|JP Fiset Invitational|4:28.11|669
11|Hunter, Jordyn|15|2003|BTSC|Ontario|2019-02-01|2019 Huronia SC Regional Championships|4:28.95|663
12|Shemilt, Jorja|15|2003|OAK|Ontario|2018-12-08|Youth Cup|4:29.06|662
13|Cabral, Emma|15|2003|BRANT|Ontario|2018-12-14|Team Showdown 2018|4:29.32|660
14|Macleod, Claire|15|2003|ESWIM|Ontario|2019-01-12|2019 Etobicoke A-B Meet|4:29.59|658
15|Moffitt, Abigail|15|2002|NKB|Ontario|2018-11-11|2018 Age Group International SC|4:29.64|657
16|Bosley, Sawyer|15|2003|ROCS|Ontario|2018-12-08|Invitation Provinciale AA-AAA Pointe-Claire 2018|4:29.72|657
17|Olthafer, Kyli|15|2003|UCSC|Alberta|2018-12-08|Youth Cup|4:29.76|657
18|Ashley, Drew|15|2002|MAC|Ontario|2018-11-03|NYAC Cup|4:30.26|653
19|Bender, Quincy|15|2003|HST|British Columbia|2019-01-20|Canadian Dolphin New Years Invitational 2019|4:30.52|651
20|Beauchemin, Maulie|15|2003|ELITE|Québec|2018-12-08|Invitation Provinciale AA-AAA Pointe-Claire 2018|4:30.90|648
21|Thiessen, Samantha|15|2003|MANTA|Manitoba|2018-12-14|ManSask Championships Short Course Open Championships|4:30.92|648
22|Louis-Seize, Geneviève|15|2003|ELITE|Québec|2018-11-02|Festival provincial par équipe section 1|4:30.97|648
23|Shemilt, Sydney|15|2003|OAK|Ontario|2018-12-08|Youth Cup|4:31.23|646
24|Robertson, Sophia|15|2003|EKSC|Alberta|2018-12-16|JP Fiset Invitational|4:31.24|646
25|Johnsen, Hannah|15|2003|TBT|Ontario|2018-12-08|Youth Cup|4:31.43|645
26|Krueger, Anja|15|2003|MANTA|Manitoba|2018-12-14|ManSask Championships Short Course Open Championships|4:31.60|643
27|Norman, Gemma|15|2003|UCSC|Alberta|2019-02-01|UCSC Grand Prix|4:32.20|639
27|Mullowney, Peyton|15|2003|BBST|Ontario|2018-11-23|BYST Fall Invitational|4:32.20|639
29|Willis, Avery|15|2003|CW|Ontario|2018-12-08|Invitation Provinciale AA-AAA Pointe-Claire 2018|4:32.28|638
30|Bereza, Samantha|15|2004|SCAR|Ontario|2019-04-28|2019 Ontario Team Challenge|4:32.47|637
31|Buche, Jacqueline|15|2003|PCSC|Québec|2018-12-08|Invitation Provinciale AA-AAA Pointe-Claire 2018|4:32.55|637
32|Meharg, Amy|15|2003|WAAC|Ontario|2018-12-09|Border City Invitational|4:32.60|636
33|Hunt, Teagan|15|2003|UVPCS|British Columbia|2019-08-03|Mid-Summer Madness|4:32.89|634
34|Davidson, Juliette|15|2003|NN|Québec|2018-11-02|Festival provincial par équipe section 1|4:32.99|634
35|Clarino, Olivia|15|2003|NYAC|Ontario|2018-11-03|NYAC Cup|4:33.46|630
36|Brendzan, Olivia|15|2003|EKSC|Alberta|2018-12-16|JP Fiset Invitational|4:33.70|629
37|Parr, Severen|15|2003|LOSC|British Columbia|2018-12-08|16th Annual XMAS Cracker Invitational|4:34.09|626
38|Cranmer, Isabelle|15|2003|KSC|Alberta|2018-12-16|JP Fiset Invitational|4:34.28|625
39|Panos, Nicolleta|15|2003|VPSC|British Columbia|2018-11-03|Odlum Brown Colleges Cup Pacific Hosted by UBC|4:35.12|619
40|Caruso, Marlee|15|2003|KISU|British Columbia|2018-12-15|26th Annual MJB Law Classic SCM|4:35.23|618
41|Keeler, Chelsea|15|2003|KISU|British Columbia|2018-12-15|26th Annual MJB Law Classic SCM|4:35.46|617
42|Shuster, Morgane|15|2002|OAK|Ontario|2018-11-11|2018 Age Group International SC|4:35.71|615
43|Frost, Natasha|15|2003|PCSC|Québec|2018-12-08|Invitation Provinciale AA-AAA Pointe-Claire 2018|4:36.35|611
44|Bilodeau, Laura|15|2003|NSH|Québec|2019-01-26|Inter-provinciale LMRL 2019|4:36.48|610
45|Mastroianni, Isabella|15|2002|SLSC|Ontario|2018-11-11|2018 Age Group International SC|4:36.52|610
46|Arsenault, Laurence|15|2003|RL|Québec|2018-12-07|Défi Nez-Rouge 2018|4:36.72|608
47|Tierney, Shanna|15|2003|GOLD|Saskatchewan|2018-12-14|ManSask Championships Short Course Open Championships|4:36.78|608
48|Ye, Katherine|15|2003|APEX|Ontario|2018-12-08|Youth Cup|4:36.79|608
49|Metuzals, Kali|15|2003|GO|Ontario|2018-12-08|Gatineau Grand Prix|4:36.86|607
50|Vithoulkas, Katherine|15|2003|NN|Québec|2018-12-08|Invitation Provinciale AA-AAA Pointe-Claire 2018|4:36.97|607