RANK|ATHLETES|AGE|YOB|CLUB|PROVINCE|DATE|MEET|TIME|FINA
1|O'Croinin, Emma|15|2003|EKSC|Alberta|2019-01-19|Blue Bears 2019|55.79|759
2|Sasseville, Genevieve|15|2003|CYPS|Ontario|2018-12-16|Ontario Junior International|55.94|753
3|Minnes, Asia|15|2003|NN|Québec|2018-11-02|Festival provincial par équipe section 1|56.38|736
4|Cornish, Hannah|15|2003|USC|Ontario|2018-12-09|Youth Cup|56.68|724
5|Douthwright, Brooklyn|15|2003|CVAC|New Brunswick|2019-02-03|NB Open Cup - Coupe NB|56.70|723
6|Metuzals, Kali|15|2003|GO|Ontario|2018-12-16|Ontario Junior International|56.78|720
7|Norman, Gemma|15|2003|UCSC|Alberta|2018-12-15|Ontario Junior International|56.93|715
8|Herbert, Bailey|15|2002|LOSC|British Columbia|2018-10-20|2018 OCTOBER SENIOR CIRCUIT|57.01|712
9|Lewitt, Caroline|15|2003|UNCAN|Swimming Canada|2018-11-18|2018 Guildford City L2 Winter Open|57.14|707
10|Moulson, Sara|15|2003|OAK|Ontario|2018-12-08|Youth Cup|57.15|706
11|Chaput, Oksana|15|2003|MANTA|Manitoba|2018-12-15|ManSask Championships Short Course Open Championships|57.35|699
12|Scott, Kennedy|15|2003|UCSC|Alberta|2018-12-09|Youth Cup|57.56|691
13|Smallegange, Kenna|15|2003|BAD|Ontario|2018-11-23|Alex Baumann Invitational|57.81|682
14|Bosley, Sawyer|15|2003|ROCS|Ontario|2019-02-02|2019 Eastern Ontario Regional Championships (SC/LC)|57.82|682
15|Bender, Quincy|15|2003|HST|British Columbia|2018-12-15|Rapids Fast-Swim Classic|57.83|682
16|Williams, Kate|15|2003|SJL|Newfoundland|2018-12-16|Ontario Junior International|57.85|681
17|Wiebe, Logan|15|2003|UMAN|Manitoba|2018-12-15|ManSask Championships Short Course Open Championships|57.94|678
18|Song, Kimberly|15|2003|UCSC|Alberta|2018-12-09|Youth Cup|58.03|675
19|Sastron-Navarrete, Amaya|15|2003|PCSC|Québec|2018-12-15|Ontario Junior International|58.08|673
20|Nicholson, Talia|15|2003|UCSC|Alberta|2018-12-15|ManSask Championships Short Course Open Championships|58.53|658
21|Ellis, Hanna|15|2003|HAC|Ontario|2018-11-11|2018 Age Group International SC|58.56|657
22|Holden, Megan|15|2004|MPM|Newfoundland|2019-06-07|2019 Summer Classic Invitational|58.57|656
23|Muizelaar, Serena|15|2003|ESWIM|Ontario|2018-11-11|2018 Age Group International SC|58.62|655
24|Ye, Katherine|15|2003|APEX|Ontario|2018-12-08|Youth Cup|58.75|650
25|El Danasoury, Laila|15|2003|GO|Ontario|2018-12-16|Ontario Junior International|58.88|646
26|Korczewski, Natalie|15|2003|UCSC|Alberta|2018-12-09|Youth Cup|58.91|645
27|Conrad, Sydney|15|2002|GMAC|Ontario|2018-11-02|NYAC Cup|58.97|643
28|Krueger, Anja|15|2003|MANTA|Manitoba|2018-12-15|ManSask Championships Short Course Open Championships|59.02|641
29|Liu, Sarah|15|2003|PCSC|Québec|2018-12-08|Invitation Provinciale AA-AAA Pointe-Claire 2018|59.07|640
30|Pouliot, Iris|15|2003|CSLA|Québec|2018-11-09|Festival provincial par équipe section 2|59.08|639
31|Ricketts, Emily|15|2002|SJL|Newfoundland|2018-12-16|Ontario Junior International|59.23|635
32|LeGallais, Charlee|15|2003|DDO|Québec|2018-11-30|Neptune International (CSPO 25m)|59.26|634
33|Olarescu, Maria|15|2003|KSC|Alberta|2018-12-15|JP Fiset Invitational|59.33|631
34|Beauchemin, Maulie|15|2003|ELITE|Québec|2018-12-15|Ontario Junior International|59.36|630
35|Cranmer, Isabelle|15|2003|KSC|Alberta|2018-12-15|JP Fiset Invitational|59.37|630
36|Ball, Alyssa|15|2004|BBF|Québec|2019-06-29|Championnat provincial groupe d'âge AA d'été - Ouest|59.41|629
36|Wiens, Brooklyn|15|2003|RDCSC|Alberta|2018-12-15|JP Fiset Invitational|59.41|629
38|Granger, Caeli|15|2003|GOLD|Saskatchewan|2018-12-15|ManSask Championships Short Course Open Championships|59.47|627
39|Panos, Nicolleta|15|2003|VPSC|British Columbia|2018-12-15|JP Fiset Invitational|59.51|626
40|Harvey, Olivia|15|2003|MJKFF|Saskatchewan|2018-12-15|ManSask Championships Short Course Open Championships|59.54|625
40|allaire, ashley|15|2003|BBST|Ontario|2018-11-02|NYAC Cup|59.54|625
40|Almasi, Grayson|15|2003|CP|Alberta|2018-11-17|KSC SC Invitational 2018|59.54|625
43|Seto, Anne-Valérie|15|2003|CDNDG|Québec|2018-11-09|Festival provincial par équipe section 4|59.56|624
43|Duncan, Isabella|15|2003|UCSC|Alberta|2018-10-28|Cascade Speed Meet|59.56|624
45|Valles Chavez, Mariana|15|2003|TSC|Ontario|2018-12-16|Ontario Junior International|59.58|623
46|Pauletto, Kristin|15|2003|PCSC|Québec|2018-12-15|Ontario Junior International|59.63|622
47|Sullivan, Kate|15|2003|MPM|Newfoundland|2018-12-16|Ontario Junior International|59.64|622
48|Olthafer, Kyli|15|2003|UCSC|Alberta|2018-11-24|UCSC TT|59.65|621
49|Gray, Sydney|15|2003|GGST|Ontario|2018-12-09|Gatineau Grand Prix|59.68|620
50|Landau, Gabriella|15|2003|GGST|Ontario|2018-12-09|Gatineau Grand Prix|59.69|620