RANK|ATHLETES|AGE|YOB|CLUB|PROVINCE|DATE|MEET|TIME|FINA
1|O'Croinin, Emma|15|2003|EKSC|Alberta|2018-12-15|JP Fiset Invitational|2:13.95|752
2|Minnes, Asia|15|2003|NN|Québec|2018-11-02|Festival provincial par équipe section 1|2:17.38|697
3|Douthwright, Brooklyn|15|2003|CVAC|New Brunswick|2019-01-20|Winter Invitational|2:17.77|692
4|Johnsen, Hannah|15|2003|TBT|Ontario|2018-12-08|Youth Cup|2:18.17|686
4|Guan, Tina|15|2003|CHENA|British Columbia|2018-12-14|Rapids Fast-Swim Classic|2:18.17|686
6|Cornish, Hannah|15|2003|USC|Ontario|2018-12-08|Youth Cup|2:19.43|667
7|Song, Kimberly|15|2003|UCSC|Alberta|2018-12-08|Youth Cup|2:19.94|660
8|Scott, Kennedy|15|2003|UCSC|Alberta|2018-12-08|Youth Cup|2:19.97|659
9|Herbert, Bailey|15|2002|LOSC|British Columbia|2018-11-04|LOSC 12th Annual Short Course Invitational|2:21.24|642
10|Sastron-Navarrete, Amaya|15|2003|PCSC|Québec|2018-12-16|Ontario Junior International|2:21.29|641
11|Pauletto, Kristin|15|2003|PCSC|Québec|2018-12-16|Ontario Junior International|2:21.96|632
12|Mullowney, Peyton|15|2003|BBST|Ontario|2018-11-03|NYAC Cup|2:22.16|629
13|Clarino, Olivia|15|2003|NYAC|Ontario|2018-12-08|Youth Cup|2:22.17|629
14|Edwards, Hana|15|2003|UVPCS|British Columbia|2018-12-07|16th Annual XMAS Cracker Invitational|2:22.18|629
15|Sasseville, Genevieve|15|2003|CYPS|Ontario|2018-12-16|Ontario Junior International|2:22.60|624
16|Smallegange, Kenna|15|2003|BAD|Ontario|2018-11-25|Alex Baumann Invitational|2:22.62|623
17|Kramer, Lili|15|2003|UVPCS|British Columbia|2018-12-07|16th Annual XMAS Cracker Invitational|2:22.82|621
18|Vézina, Florence|15|2002|ELITE|Québec|2018-11-02|Festival provincial par équipe section 1|2:22.85|620
19|Moulson, Sara|15|2003|OAK|Ontario|2018-12-08|Youth Cup|2:22.95|619
20|Mastroianni, Isabella|15|2002|SLSC|Ontario|2018-11-09|2018 Age Group International SC|2:23.21|616
21|Spencer, Madeline|15|2003|TSC|Ontario|2018-12-16|Ontario Junior International|2:23.60|611
22|Panos, Nicolleta|15|2003|VPSC|British Columbia|2018-12-15|JP Fiset Invitational|2:23.67|610
23|Sullivan, Kate|15|2003|MPM|Newfoundland|2018-11-24|2018 Mount Pearl Marlins 3rd Annual Sink or Swim Invitiational|2:23.72|609
23|Bosley, Sawyer|15|2003|ROCS|Ontario|2019-02-01|2019 Eastern Ontario Regional Championships (SC/LC)|2:23.72|609
25|Ricketts, Emily|15|2002|SJL|Newfoundland|2018-11-24|2018 Mount Pearl Marlins 3rd Annual Sink or Swim Invitiational|2:23.81|608
26|McKinley, Abigail|15|2003|TIDE|New Brunswick|2019-02-01|NB Open Cup - Coupe NB|2:24.01|605
27|Brendzan, Olivia|15|2003|EKSC|Alberta|2018-12-15|JP Fiset Invitational|2:24.13|604
28|Macleod, Claire|15|2003|ESWIM|Ontario|2018-11-09|2018 Age Group International SC|2:24.14|604
28|Rowden, Haley|15|2003|KCS|British Columbia|2018-12-14|26th Annual MJB Law Classic SCM|2:24.14|604
30|Etherington, Skylar|15|2003|CPWD|Ontario|2018-12-08|Gatineau Grand Prix|2:24.38|601
31|Muizelaar, Serena|15|2003|ESWIM|Ontario|2018-12-16|Ontario Junior International|2:24.53|599
32|Davidson, Juliette|15|2003|NN|Québec|2018-11-02|Festival provincial par équipe section 1|2:24.97|593
33|Chayer, Rachel|15|2003|TRENT|Ontario|2019-02-01|2019 Huronia SC Regional Championships|2:25.38|588
34|LeGallais, Charlee|15|2003|DDO|Québec|2018-12-02|Neptune International (CSPO 25m)|2:25.81|583
35|Brunoro, Isabella|15|2003|CHENA|British Columbia|2018-11-09|2018 Brad Reid Memorial Invitational|2:25.93|582
36|Buche, Jacqueline|15|2003|PCSC|Québec|2018-12-09|Invitation Provinciale AA-AAA Pointe-Claire 2018|2:25.98|581
37|Teno, Abigail|15|2003|NORAC|Ontario|2018-12-08|Gatineau Grand Prix|2:26.04|580
38|Olarescu, Maria|15|2003|KSC|Alberta|2018-10-27|Cascade Speed Meet|2:26.10|580
39|Bereza, Samantha|15|2004|SCAR|Ontario|2019-04-26|2019 Ontario Team Challenge|2:26.14|579
40|Willis, Avery|15|2003|CW|Ontario|2018-12-09|Invitation Provinciale AA-AAA Pointe-Claire 2018|2:26.15|579
41|Shuster, Morgane|15|2002|OAK|Ontario|2018-11-09|2018 Age Group International SC|2:26.45|576
42|Smith, Tobyn|15|2003|SPART|British Columbia|2018-12-14|Rapids Fast-Swim Classic|2:26.57|574
43|Iannuccilli, Sarah-Mae|15|2003|MSSAC|Ontario|2018-12-02|Neptune International (CSPO 25m)|2:26.65|573
44|LeBlonc, Melissa|15|2003|COBRA|Ontario|2018-12-02|Neptune International (CSPO 25m)|2:26.68|573
45|Cabral, Emma|15|2003|BRANT|Ontario|2019-02-03|2019 Western Region SC Champs|2:26.73|572
46|Milanovich, Julianna|15|2003|ESWIM|Ontario|2019-01-12|2019 Etobicoke A-B Meet|2:27.07|568
47|Brezovski, Taeghen|15|2003|OSC|Alberta|2018-12-15|JP Fiset Invitational|2:27.20|567
48|Douglas, Lily|15|2003|RAPID|British Columbia|2018-12-14|Rapids Fast-Swim Classic|2:27.24|566
49|Cranmer, Isabelle|15|2003|KSC|Alberta|2018-12-15|JP Fiset Invitational|2:27.27|566
50|Holden, Megan|15|2004|MPM|Newfoundland|2019-06-07|2019 Summer Classic Invitational|2:27.30|566