RANK|ATHLETES|AGE|YOB|CLUB|PROVINCE|DATE|MEET|TIME|FINA
1|O'Croinin, Emma|15|2003|EKSC|Alberta|2018-12-13|JP Fiset Invitational|8:37.05|796
2|Smallegange, Kenna|15|2003|BAD|Ontario|2018-11-24|Alex Baumann Invitational|8:46.22|755
3|Sullivan, Kate|15|2003|MPM|Newfoundland|2018-12-16|Ontario Junior International|8:54.19|722
4|Douthwright, Brooklyn|15|2003|CVAC|New Brunswick|2019-01-20|Winter Invitational|8:54.25|722
5|Lorette, Sophie|15|2002|UVPCS|British Columbia|2018-12-09|16th Annual XMAS Cracker Invitational|8:55.47|717
6|fu, hannah|15|2003|RHSD|Ontario|2018-11-24|Alex Baumann Invitational|9:01.93|691
7|Chaput, Oksana|15|2003|MANTA|Manitoba|2018-12-15|ManSask Championships Short Course Open Championships|9:04.98|680
8|Vézina, Florence|15|2002|ELITE|Québec|2018-11-04|Festival provincial par équipe section 1|9:12.87|651
9|Ashley, Drew|15|2002|MAC|Ontario|2018-11-04|NYAC Cup|9:13.36|649
10|Willis, Avery|15|2003|CW|Ontario|2018-11-16|Expressway Lincoln Fall Invitational|9:14.15|647
11|Louis-Seize, Geneviève|15|2003|ELITE|Québec|2018-11-04|Festival provincial par équipe section 1|9:14.39|646
12|Johnsen, Hannah|15|2003|TBT|Ontario|2018-12-09|Youth Cup|9:15.64|642
13|Mastroianni, Isabella|15|2002|SLSC|Ontario|2018-11-08|2018 Age Group International SC|9:16.47|639
14|Roos, Ocean|15|2003|RDCSC|Alberta|2018-12-13|JP Fiset Invitational|9:16.52|638
15|Hunter, Jordyn|15|2003|BTSC|Ontario|2019-02-03|2019 Huronia SC Regional Championships|9:16.57|638
16|Robertson, Sophia|15|2003|EKSC|Alberta|2018-12-13|JP Fiset Invitational|9:16.70|638
17|Moffitt, Abigail|15|2002|NKB|Ontario|2018-11-08|2018 Age Group International SC|9:17.13|636
18|Meharg, Amy|15|2003|WAAC|Ontario|2018-12-07|Border City Invitational|9:17.79|634
19|Nicholson-Jodoin, Samantha|15|2003|PCSC|Québec|2018-12-06|Invitation Provinciale AA-AAA Pointe-Claire 2018|9:18.13|633
20|Kramer, Lili|15|2003|UVPCS|British Columbia|2018-12-09|16th Annual XMAS Cracker Invitational|9:18.29|632
21|Shemilt, Sydney|15|2003|OAK|Ontario|2018-12-09|Youth Cup|9:18.52|632
22|Brendzan, Olivia|15|2003|EKSC|Alberta|2018-12-13|JP Fiset Invitational|9:19.03|630
23|Cabral, Emma|15|2003|BRANT|Ontario|2018-12-16|Team Showdown 2018|9:19.38|629
24|Shuster, Morgane|15|2002|OAK|Ontario|2018-11-08|2018 Age Group International SC|9:20.78|624
25|Lo, Naomie|15|2003|NYAC|Ontario|2018-11-04|NYAC Cup|9:21.98|620
26|Frost, Megan|15|2003|PCSC|Québec|2018-12-06|Invitation Provinciale AA-AAA Pointe-Claire 2018|9:22.80|617
27|Smart, Keana|15|2003|KCS|British Columbia|2018-11-04|Odlum Brown Colleges Cup Pacific Hosted by UBC|9:23.45|615
28|Macleod, Claire|15|2003|ESWIM|Ontario|2018-11-08|2018 Age Group International SC|9:24.05|613
29|Clarino, Olivia|15|2003|NYAC|Ontario|2018-11-04|NYAC Cup|9:24.45|612
30|Hunt, Teagan|15|2003|UVPCS|British Columbia|2019-08-04|Mid-Summer Madness|9:24.61|611
31|Moulson, Sara|15|2003|OAK|Ontario|2018-12-09|Youth Cup|9:24.95|610
32|Ellis, Hanna|15|2003|HAC|Ontario|2018-11-08|2018 Age Group International SC|9:25.24|609
33|Shemilt, Jorja|15|2003|OAK|Ontario|2018-12-09|Youth Cup|9:25.73|608
34|Krueger, Anja|15|2003|MANTA|Manitoba|2018-12-15|ManSask Championships Short Course Open Championships|9:25.95|607
34|Smith, Tobyn|15|2003|SPART|British Columbia|2018-12-16|Rapids Fast-Swim Classic|9:25.95|607
36|Bender, Quincy|15|2003|HST|British Columbia|2019-01-18|Canadian Dolphin New Years Invitational 2019|9:26.54|605
37|Thiessen, Samantha|15|2003|MANTA|Manitoba|2018-12-06|Invitation Provinciale AA-AAA Pointe-Claire 2018|9:26.98|604
37|Cranmer, Isabelle|15|2003|KSC|Alberta|2018-12-13|JP Fiset Invitational|9:26.98|604
39|Brunoro, Isabella|15|2003|CHENA|British Columbia|2018-12-14|Rapids Fast-Swim Classic|9:27.34|603
39|Lorenson, Grace|15|2002|CHENA|British Columbia|2018-11-09|2018 Brad Reid Memorial Invitational|9:27.34|603
41|Muizelaar, Serena|15|2003|ESWIM|Ontario|2018-10-26|Gus Ryder Memorial Cup|9:27.56|602
42|Bailey, Maeve|15|2003|OAK|Ontario|2018-12-09|Youth Cup|9:27.60|602
43|Frost, Natasha|15|2003|PCSC|Québec|2018-12-06|Invitation Provinciale AA-AAA Pointe-Claire 2018|9:27.89|601
44|Stoehr, Allison|15|2003|STARS|Ontario|2018-12-09|Youth Cup|9:29.14|597
45|Keeler, Chelsea|15|2003|KISU|British Columbia|2018-12-14|26th Annual MJB Law Classic SCM|9:29.43|596
46|MacQueen, Faith|15|2003|ESWIM|Ontario|2018-12-20|2018 Trillium Cup|9:29.82|595
47|Williams, Kate|15|2003|SJL|Newfoundland|2018-11-22|2018 Mount Pearl Marlins 3rd Annual Sink or Swim Invitiational|9:30.32|593
48|Pham-Spickler, Alexia|15|2003|CAMO|Québec|2018-12-08|Invitation provinciale AA-AAA Noël + Développement 11-12 ans CAMO|9:30.81|592
49|Parr, Severen|15|2003|LOSC|British Columbia|2018-12-09|16th Annual XMAS Cracker Invitational|9:31.06|591
50|Daschuk, Marie-Eve|15|2003|ROD|Saskatchewan|2018-12-15|ManSask Championships Short Course Open Championships|9:31.58|589