RANK|ATHLETES|AGE|YOB|CLUB|PROVINCE|DATE|MEET|TIME|FINA
1|Smart, Keana|15|2003|KCS|British Columbia|2018-12-16|26th Annual MJB Law Classic SCM|28.45|734
2|Douthwright, Brooklyn|15|2003|CVAC|New Brunswick|2019-02-02|NB Open Cup - Coupe NB|28.96|696
3|Olarescu, Maria|15|2003|KSC|Alberta|2018-12-14|JP Fiset Invitational|28.97|695
4|Edwards, Hana|15|2003|UVPCS|British Columbia|2018-12-07|16th Annual XMAS Cracker Invitational|29.17|681
5|Hartvikson, Sophia|15|2003|WVOSC|British Columbia|2018-11-10|2018 Brad Reid Memorial Invitational|29.61|651
6|Sasseville, Genevieve|15|2003|CYPS|Ontario|2018-11-09|2018 Age Group International SC|29.86|635
7|Norman, Gemma|15|2003|UCSC|Alberta|2019-02-01|UCSC Grand Prix|29.88|634
8|Warren, Aliceyn|15|2003|MPM|Newfoundland|2018-11-24|2018 Mount Pearl Marlins 3rd Annual Sink or Swim Invitiational|29.91|632
9|Nicholson, Talia|15|2003|UCSC|Alberta|2018-12-16|ManSask Championships Short Course Open Championships|29.96|629
10|Smallegange, Kenna|15|2003|BAD|Ontario|2018-11-23|Alex Baumann Invitational|30.11|619
11|Valles Chavez, Mariana|15|2003|TSC|Ontario|2018-11-04|NYAC Cup|30.26|610
12|Beauchemin, Maulie|15|2003|ELITE|Québec|2018-12-14|Ontario Junior International|30.31|607
13|O'Croinin, Emma|15|2003|EKSC|Alberta|2018-10-26|Cascade Speed Meet|30.38|603
14|Almasi, Grayson|15|2003|CP|Alberta|2019-02-01|UCSC Grand Prix|30.43|600
15|Lorette, Sophie|15|2002|UVPCS|British Columbia|2018-12-07|16th Annual XMAS Cracker Invitational|30.44|599
16|Hollohan, Alexis|15|2003|ROW|Ontario|2018-11-30|Neptune International (CSPO 25m)|30.46|598
17|Buche, Jacqueline|15|2003|PCSC|Québec|2018-12-14|Ontario Junior International|30.55|593
18|Auch, Kaitlyn|15|2003|CASC|Alberta|2018-12-14|JP Fiset Invitational|30.63|588
19|Chiang, Naomi|15|2003|MAC|Ontario|2018-12-09|Gatineau Grand Prix|30.67|586
20|Bullock, Trista|15|2003|NYAC|Ontario|2018-12-07|Youth Cup|30.69|585
20|Kohut, Madison|15|2003|RDCSC|Alberta|2019-01-19|Blue Bears 2019|30.69|585
22|Moulson, Sara|15|2003|OAK|Ontario|2018-12-14|Ontario Junior International|30.71|584
23|Weldon, Katherine|15|2003|NYAC|Ontario|2018-12-14|Ontario Junior International|30.74|582
24|Cabral, Emma|15|2003|BRANT|Ontario|2019-02-01|2019 Western Region SC Champs|30.84|576
25|Harvey, Olivia|15|2003|MJKFF|Saskatchewan|2018-12-16|ManSask Championships Short Course Open Championships|30.86|575
26|Wiebe, Logan|15|2003|UMAN|Manitoba|2018-12-16|ManSask Championships Short Course Open Championships|30.89|573
27|Eglitis, Kaiva|15|2003|GHAC|Ontario|2019-02-01|2019 Western Region SC Champs|30.92|572
28|Bikadi, Kaysha|15|2003|ISC|British Columbia|2019-01-27|Vancouver Island Regional SC Championships|30.93|571
29|Johnsen, Hannah|15|2003|TBT|Ontario|2018-11-23|Blue vs White #1 2018-19|30.95|570
30|Landau, Gabriella|15|2003|GGST|Ontario|2018-12-09|Gatineau Grand Prix|30.98|568
31|Ahluwalia-Pullam, Raj|15|2003|OSC|Alberta|2018-12-14|JP Fiset Invitational|31.02|566
32|Williams, Kate|15|2003|SJL|Newfoundland|2018-11-23|2018 Mount Pearl Marlins 3rd Annual Sink or Swim Invitiational|31.03|566
32|Lo, Jasmine|15|2002|APEX|Ontario|2018-12-01|2018 Union Cup|31.03|566
32|Teno, Abigail|15|2003|NORAC|Ontario|2018-12-14|Ontario Junior International|31.03|566
32|Thomas-Perry, McKinley|15|2003|DST|British Columbia|2019-01-25|Vancouver Island Regional SC Championships|31.03|566
36|Pollock, Gabriella|15|2003|GMAC|Ontario|2018-12-16|Team Showdown 2018|31.04|565
36|LeBlonc, Melissa|15|2003|COBRA|Ontario|2018-12-02|Neptune International (CSPO 25m)|31.04|565
38|Akot, Heidi|15|2002|SCAR|Ontario|2018-12-09|Border City Invitational|31.06|564
39|Dumais, Gabrielle|15|2003|CNDA|Québec|2019-01-27|Inter-provinciale LMRL 2019|31.08|563
39|Panos, Nicolleta|15|2003|VPSC|British Columbia|2018-12-15|JP Fiset Invitational|31.08|563
41|Rosher, Jordynn|15|2004|NCSA|Alberta|2019-07-13|UCSC Western Finale|31.16|559
42|Penney, Madison|15|2003|YKPB|Northwest Territories|2018-12-14|JP Fiset Invitational|31.17|558
43|Sitolay, Karnika|15|2002|CASC|Alberta|2018-11-17|Rocky Mountain Cup|31.19|557
43|Bienvenue, Rosalie|15|2003|LLOU|Québec|2019-02-09|Compétition Régionale ANCQÉRY #3|31.19|557
45|Pool, Emilee|15|2002|LAC|Ontario|2018-11-24|LAC - Nothers Fall Invitational|31.21|556
46|Provost, Reily|15|2004|CARAT|Québec|2019-06-30|Championnat provincial groupe d'âge AA d'été - Ouest|31.23|555
47|Spurrell, McKenna|15|2003|COBRA|Ontario|2018-12-01|Neptune International (CSPO 25m)|31.27|553
48|St-Amour, Jade|15|2003|SHER|Québec|2018-12-02|Neptune International (CSPO 25m)|31.31|551
49|Caruso, Marlee|15|2003|KISU|British Columbia|2018-12-16|26th Annual MJB Law Classic SCM|31.32|550
50|McBride, Courtney|15|2004|CBAC|Prince-Edward-Island|2019-04-28|9th Annual Fast and Furious|31.35|548