RANK|ATHLETES|AGE|YOB|CLUB|PROVINCE|DATE|MEET|TIME|FINA
1|O'Croinin, Emma|15|2003|EKSC|Alberta|2018-12-15|JP Fiset Invitational|2:11.48|745
2|Smallegange, Kenna|15|2003|BAD|Ontario|2018-12-16|Ontario Junior International|2:13.84|706
3|Edwards, Hana|15|2003|UVPCS|British Columbia|2018-12-08|16th Annual XMAS Cracker Invitational|2:15.06|687
4|Douthwright, Brooklyn|15|2003|CVAC|New Brunswick|2019-02-03|NB Open Cup - Coupe NB|2:15.22|685
5|Moulson, Sara|15|2003|OAK|Ontario|2018-12-09|Youth Cup|2:15.60|679
6|Olarescu, Maria|15|2003|KSC|Alberta|2018-12-15|JP Fiset Invitational|2:15.76|677
7|Lewitt, Caroline|15|2003|UNCAN|Swimming Canada|2018-11-17|2018 Guildford City L2 Winter Open|2:16.37|668
8|Buche, Jacqueline|15|2003|PCSC|Québec|2018-12-08|Invitation Provinciale AA-AAA Pointe-Claire 2018|2:16.55|665
9|Williams, Kate|15|2003|SJL|Newfoundland|2018-12-16|Ontario Junior International|2:16.88|660
10|Johnsen, Hannah|15|2003|TBT|Ontario|2018-12-09|Youth Cup|2:17.07|658
11|Norman, Gemma|15|2003|UCSC|Alberta|2018-12-16|Ontario Junior International|2:17.11|657
12|Smart, Keana|15|2003|KCS|British Columbia|2018-11-04|Odlum Brown Colleges Cup Pacific Hosted by UBC|2:17.68|649
13|Wheeler, Megan|15|2003|PERTH|Ontario|2019-02-02|2019 Eastern Ontario Regional Championships (SC/LC)|2:18.04|644
14|Davidson, Juliette|15|2003|NN|Québec|2018-12-01|Neptune International (CSPO 25m)|2:18.29|640
15|Beauchemin, Maulie|15|2003|ELITE|Québec|2018-12-16|Ontario Junior International|2:18.76|634
16|Weldon, Katherine|15|2003|NYAC|Ontario|2018-12-09|Youth Cup|2:18.93|632
17|Brendzan, Olivia|15|2003|EKSC|Alberta|2018-12-15|JP Fiset Invitational|2:19.01|630
18|Mastroianni, Isabella|15|2002|SLSC|Ontario|2018-11-10|2018 Age Group International SC|2:19.14|629
19|Hartvikson, Sophia|15|2003|WVOSC|British Columbia|2018-12-15|ManSask Championships Short Course Open Championships|2:20.57|610
20|Carpendale, Kaitlyn|15|2003|CP|Alberta|2018-12-15|JP Fiset Invitational|2:21.00|604
21|Spurrell, McKenna|15|2003|COBRA|Ontario|2018-12-01|Neptune International (CSPO 25m)|2:21.04|604
22|Provost, Reily|15|2004|CARAT|Québec|2019-06-29|Championnat provincial groupe d'âge AA d'été - Ouest|2:21.05|604
23|Little, Megan|15|2003|NYAC|Ontario|2018-11-02|NYAC Cup|2:21.12|603
24|Conrad, Sydney|15|2002|GMAC|Ontario|2018-11-02|NYAC Cup|2:21.37|599
25|Bosley, Sawyer|15|2003|ROCS|Ontario|2019-02-02|2019 Eastern Ontario Regional Championships (SC/LC)|2:21.54|597
26|Smith, Tobyn|15|2003|SPART|British Columbia|2018-12-15|Rapids Fast-Swim Classic|2:21.61|596
27|DeJonge, Zoe|15|2003|SLN|Alberta|2018-11-17|KSC SC Invitational 2018|2:21.92|592
28|Ing, Erika|15|2003|APEX|Ontario|2019-02-10|Central Region B Champs 2019|2:22.61|584
29|Bikadi, Kaysha|15|2003|ISC|British Columbia|2018-12-08|Invitation Provinciale AA-AAA Pointe-Claire 2018|2:23.30|575
30|Carreau, Maïra|15|2003|SAMAK|Québec|2018-12-01|Neptune International (CSPO 25m)|2:23.53|573
31|Chen, Lily|15|2003|UVPCS|British Columbia|2018-12-08|16th Annual XMAS Cracker Invitational|2:23.55|572
32|Hunter, Jordyn|15|2003|BTSC|Ontario|2018-11-03|2018 Barrie Aquafest|2:23.56|572
33|Heaney-corns, Pyper|15|2003|ISC|British Columbia|2019-01-27|Vancouver Island Regional SC Championships|2:23.67|571
34|Brunoro, Isabella|15|2003|CHENA|British Columbia|2018-12-15|Rapids Fast-Swim Classic|2:23.87|569
35|Macleod, Claire|15|2003|ESWIM|Ontario|2018-11-10|2018 Age Group International SC|2:23.88|569
36|McKinley, Abigail|15|2003|TIDE|New Brunswick|2018-12-01|Neptune International (CSPO 25m)|2:24.12|566
37|LeBlonc, Melissa|15|2003|COBRA|Ontario|2018-12-01|Neptune International (CSPO 25m)|2:24.22|565
38|Netherton, Kate|15|2003|WAC|Ontario|2018-12-09|Border City Invitational|2:24.26|564
39|Pauletto, Kristin|15|2003|PCSC|Québec|2018-12-08|Invitation Provinciale AA-AAA Pointe-Claire 2018|2:24.36|563
40|Bullock, Trista|15|2003|NYAC|Ontario|2018-12-09|Youth Cup|2:24.49|561
41|Iannuccilli, Sarah-Mae|15|2003|MSSAC|Ontario|2018-12-01|Neptune International (CSPO 25m)|2:24.70|559
42|Lambert-Crooks, Rosalie|15|2003|DDO|Québec|2018-12-01|Neptune International (CSPO 25m)|2:24.77|558
43|Pool, Emilee|15|2002|LAC|Ontario|2018-11-25|LAC - Nothers Fall Invitational|2:24.79|558
44|Earle, Grace|15|2003|HTAC|Nova Scotia|2018-12-15|Age Group Development Meet|2:24.81|558
45|Willis, Avery|15|2003|CW|Ontario|2018-12-08|Invitation Provinciale AA-AAA Pointe-Claire 2018|2:24.82|558
46|Shemilt, Jorja|15|2003|OAK|Ontario|2018-12-09|Youth Cup|2:24.86|557
47|Chayer, Rachel|15|2003|TRENT|Ontario|2018-12-08|Dash for Cash|2:24.92|556
48|Meharg, Amy|15|2003|WAAC|Ontario|2019-02-03|2019 Western Region SC Champs|2:24.95|556
49|Harvey, Olivia|15|2003|MJKFF|Saskatchewan|2018-11-24|Goldfins Invitational|2:24.97|556
50|Nicholson, Talia|15|2003|UCSC|Alberta|2018-12-15|ManSask Championships Short Course Open Championships|2:25.02|555