RANK|ATHLETES|AGE|YOB|CLUB|PROVINCE|DATE|MEET|TIME|FINA
1|Herbert, Bailey|15|2002|LOSC|British Columbia|2018-10-20|2018 OCTOBER SENIOR CIRCUIT|1:09.92|709
2|Guan, Tina|15|2003|CHENA|British Columbia|2018-12-15|Rapids Fast-Swim Classic|1:10.45|693
3|Minnes, Asia|15|2003|NN|Québec|2018-11-03|Festival provincial par équipe section 1|1:11.42|665
4|Spencer, Madeline|15|2003|TSC|Ontario|2018-12-14|Ontario Junior International|1:12.06|648
5|Ivanov, Kathryn|15|2003|MS|Ontario|2018-11-10|Swim International 2018|1:12.23|643
6|Song, Kimberly|15|2003|UCSC|Alberta|2018-12-09|Youth Cup|1:12.26|642
7|Pauletto, Kristin|15|2003|PCSC|Québec|2018-12-14|Ontario Junior International|1:12.33|640
8|Brezovski, Taeghen|15|2003|OSC|Alberta|2018-12-14|JP Fiset Invitational|1:12.40|639
9|Muizelaar, Serena|15|2003|ESWIM|Ontario|2018-12-14|Ontario Junior International|1:12.44|637
10|Duncan, Isabella|15|2003|UCSC|Alberta|2019-07-13|UCSC Western Finale|1:12.50|636
11|Ricketts, Emily|15|2002|SJL|Newfoundland|2018-11-23|2018 Mount Pearl Marlins 3rd Annual Sink or Swim Invitiational|1:12.53|635
12|Mullowney, Peyton|15|2003|BBST|Ontario|2018-12-14|Ontario Junior International|1:12.77|629
13|Cornish, Hannah|15|2003|USC|Ontario|2018-12-09|Youth Cup|1:13.29|616
14|Rowden, Haley|15|2003|KCS|British Columbia|2018-12-16|26th Annual MJB Law Classic SCM|1:13.36|614
15|Belanger, Logan|15|2003|SSAT|Ontario|2018-12-14|Ontario Junior International|1:13.83|602
16|Lachman, Taryn|15|2003|LASC|Alberta|2018-12-14|JP Fiset Invitational|1:13.84|602
17|Hunt, Zoe|15|2002|TBT|Ontario|2018-11-04|NYAC Cup|1:14.07|596
18|Healey, Clara|15|2003|OAK|Ontario|2018-12-09|Youth Cup|1:14.09|596
19|Mastroianni, Isabella|15|2002|SLSC|Ontario|2018-12-01|2018 Barrie Trojan Cup|1:14.26|592
20|Roy, Justine|15|2002|CNSH|Québec|2018-11-03|Festival provincial par équipe section 3|1:14.32|590
21|Sastron-Navarrete, Amaya|15|2003|PCSC|Québec|2018-11-03|Festival provincial par équipe section 1|1:14.36|589
22|Ouellet, Mathilde|15|2003|MEGO|Québec|2019-06-30|Championnat provincial groupe d'âge AA d'été - section Est|1:14.50|586
23|Teno, Abigail|15|2003|NORAC|Ontario|2019-02-23|NORAC Performance Meet|1:14.51|586
24|Liu, Sarah|15|2003|PCSC|Québec|2018-12-09|Invitation Provinciale AA-AAA Pointe-Claire 2018|1:14.53|585
25|Wall, Jenna|15|2004|CT33|Ontario|2019-02-03|Dave Kensit Memorial SC Championship|1:14.55|585
26|Hazlitt, Eilishrose|15|2003|UMAN|Manitoba|2018-12-09|Invitation Provinciale AA-AAA Pointe-Claire 2018|1:14.63|583
27|Scott, Kennedy|15|2003|UCSC|Alberta|2018-12-09|Youth Cup|1:14.65|582
28|Synishin, Marion|15|2003|HTAC|Nova Scotia|2018-12-15|Age Group Development Meet|1:14.92|576
28|Stewardson, Hunter|15|2003|CSSSC|British Columbia|2018-12-16|26th Annual MJB Law Classic SCM|1:14.92|576
30|Stoica, Maria|15|2003|TSC|Ontario|2018-11-04|NYAC Cup|1:15.07|573
31|allaire, ashley|15|2003|BBST|Ontario|2019-02-02|2019 Eastern Ontario Regional Championships (SC/LC)|1:15.11|572
32|Thomas-Perry, McKinley|15|2003|DST|British Columbia|2019-01-25|Vancouver Island Regional SC Championships|1:15.23|569
33|Van Der Griend, Tianna|15|2003|PCSC|Québec|2018-12-09|Invitation Provinciale AA-AAA Pointe-Claire 2018|1:15.32|567
34|Lancaster, Kali|15|2003|UVPCS|British Columbia|2018-12-08|16th Annual XMAS Cracker Invitational|1:15.35|566
35|O'Croinin, Emma|15|2003|EKSC|Alberta|2019-01-19|Blue Bears 2019|1:15.36|566
36|Meldrum, Sydney|15|2003|UVPCS|British Columbia|2018-12-08|16th Annual XMAS Cracker Invitational|1:15.42|565
37|Lemonnier, Lydia|15|2002|ELITE|Québec|2018-11-03|Festival provincial par équipe section 1|1:15.54|562
38|Macleod, Claire|15|2003|ESWIM|Ontario|2018-12-22|2018 Trillium Cup|1:15.73|558
39|Quinn, Margaret|15|2003|TIDE|New Brunswick|2019-02-02|NB Open Cup - Coupe NB|1:15.79|557
40|Eltayeby, Dina|15|2003|OAK|Ontario|2018-12-14|Ontario Junior International|1:15.88|555
41|Schlotzhauer, Hanna|15|2003|GMAC|Ontario|2018-12-07|Dash for Cash|1:15.94|553
42|Rioux, Lynae|15|2003|FAST|New Brunswick|2018-12-02|Neptune International (CSPO 25m)|1:16.04|551
43|Clarino, Olivia|15|2003|NYAC|Ontario|2018-11-04|NYAC Cup|1:16.18|548
44|TREMBLAY, Sandy|15|2002|CNM|Québec|2018-11-03|Festival provincial par équipe section 5 - Est|1:16.22|547
45|Easton, Taylor|15|2003|NHAC|Ontario|2019-02-01|2019 Western Region SC Champs|1:16.29|546
46|Ball, Alyssa|15|2004|BBF|Québec|2019-06-30|Championnat provincial groupe d'âge AA d'été - Ouest|1:16.33|545
47|Bellehumeur-Béchamp, Mathilde|15|2003|CNQ|Québec|2018-12-08|Défi Nez-Rouge 2018|1:16.38|544
48|Bourdin, Daria|15|2002|DDO|Québec|2018-12-02|Neptune International (CSPO 25m)|1:16.42|543
49|Rissanen, Hanna|15|2003|BTSC|Ontario|2018-12-01|2018 Barrie Trojan Cup|1:16.52|541
50|Farr, Anne|15|2003|GGST|Ontario|2018-10-19|Downtown Sprint Meet|1:16.67|538