RANK|ATHLETES|AGE|YOB|CLUB|PROVINCE|DATE|MEET|TIME|FINA
1|Visscher, Hayden|13|2005|OSC|Alberta|2018-12-14|JP Fiset Invitational|1:05.80|603
2|Hume, James|13|2005|CHENA|British Columbia|2019-02-23|Winter Age Group Championships|1:09.12|520
3|Zhang, Hao Sheng (Sunny)|13|2005|HYACK|British Columbia|2019-02-23|Winter Age Group Championships|1:09.16|519
4|Huang, Rick|13|2005|RHAC|Ontario|2018-11-23|Alex Baumann Invitational|1:09.31|516
5|Skalenda, Charlie|13|2004|TSC|Ontario|2018-10-19|Downtown Sprint Meet|1:09.44|513
6|Hulten, Kristofer|13|2005|ISC|British Columbia|2019-02-23|Winter Age Group Championships|1:09.55|511
7|Butler, Addison|13|2005|CASC|Alberta|2018-12-14|JP Fiset Invitational|1:09.97|502
8|Rogers, Lochlan|13|2005|RAC|British Columbia|2018-12-08|16th Annual XMAS Cracker Invitational|1:10.29|495
9|wang, marshal|13|2005|RHSD|Ontario|2019-02-17|2019 Ontario Winter Festival Championships|1:10.51|490
10|Xia, Winters|13|2004|ESWIM|Ontario|2018-10-13|2018 Hall of Fame Meet|1:10.93|481
11|St-Louis, Vincent|13|2004|SHER|Québec|2018-12-02|Neptune International (CSPO 25m)|1:11.07|479
12|Ginzburg, Eric|13|2004|RAMAC|Ontario|2018-11-09|2018 Age Group International SC|1:11.10|478
13|Hinov, Alexander|13|2005|ESWIM|Ontario|2019-02-17|2019 Ontario Winter Festival Championships|1:11.18|476
14|Park, Lucas|13|2004|CREST|Ontario|2018-12-08|Border City Invitational|1:11.66|467
15|To, Isaac|13|2005|KSC|Alberta|2018-12-14|JP Fiset Invitational|1:11.97|461
16|Verjee, Jett|13|2005|UCSC|Alberta|2018-12-14|JP Fiset Invitational|1:12.06|459
17|Liu, Andrew|13|2005|BORC|Ontario|2018-12-08|Invitation provinciale AA-AAA Noël + Développement 11-12 ans CAMO|1:12.13|458
18|Halicki, Eryk|13|2005|ESWIM|Ontario|2018-12-09|Invitation Provinciale AA-AAA Pointe-Claire 2018|1:12.23|456
19|Rup, Michael|13|2004|ESWIM|Ontario|2018-10-13|2018 Hall of Fame Meet|1:12.32|454
20|Chernomorchenko, Sergey|13|2005|PSW|British Columbia|2018-10-13|PSW Fall Invitational|1:12.43|452
21|Breton, Jésaël|13|2005|CARAT|Québec|2018-12-09|Gatineau Grand Prix|1:12.57|449
22|Liew, Danael|13|2004|CASC|Alberta|2018-10-26|Cascade Speed Meet|1:12.58|449
23|Haines, Luca|13|2005|ROCS|Ontario|2018-12-09|Invitation Provinciale AA-AAA Pointe-Claire 2018|1:12.66|448
24|Soo, Darren|13|2004|MST~|Ontario|2018-11-03|2018 BAD Fall Invitational|1:12.68|447
25|Tang, Nathan|13|2004|GCAC|Ontario|2018-10-20|HARVEST/AUTUMN INVITATIONAL|1:12.76|446
26|Zhang, Ruo Chen|13|2004|MST~|Ontario|2018-12-09|Youth Cup|1:12.82|445
27|Trinh, Theodore|13|2005|VPSC|British Columbia|2019-02-23|Winter Age Group Championships|1:12.92|443
27|Ellefsen, Tom|13|2006|NG|Québec|2019-06-30|Championnat provincial groupe d'âge AA d'été - Ouest|1:12.92|443
29|Okugawa, Kosei|13|2005|SCAR|Ontario|2018-12-08|Border City Invitational|1:12.94|443
30|Xie, Andrew|13|2005|CSLA|Québec|2018-12-09|Invitation provinciale des fêtes CSLA|1:13.03|441
31|Guenette, Etienne|13|2005|CASE|Québec|2019-06-30|Championnat provincial groupe d'âge AA d'été - Ouest|1:13.19|438
32|Behr, Mathis|13|2005|HIPPO|Québec|2019-02-24|Championnat provincial groupe d'âge AA d'hiver - section Est|1:13.31|436
33|Omielan, Glen|13|2004|PCSC|Québec|2018-12-09|Invitation Provinciale AA-AAA Pointe-Claire 2018|1:13.33|436
34|Chenel, Matisse|13|2005|SAMAK|Québec|2019-03-01|IntraClub SamaK Mars 2019|1:13.36|435
35|Bellis, Keilen|13|2005|HTAC|Nova Scotia|2018-12-15|Age Group Development Meet|1:13.49|433
36|Li, Derek|13|2005|CDSC|British Columbia|2019-02-23|Winter Age Group Championships|1:13.61|431
36|Wong, Zachary|13|2005|WSC|British Columbia|2019-02-23|Winter Age Group Championships|1:13.61|431
36|Todorov, Vincent|13|2005|OAK|Ontario|2019-02-17|2019 Ontario Winter Festival Championships|1:13.61|431
39|Wang, David|13|2004|VPSC|British Columbia|2018-10-27|VPSC Fall Invitational|1:13.62|430
40|Zhang, Kevin|13|2005|ESWIM|Ontario|2018-12-22|2018 Trillium Cup|1:13.63|430
41|Malakhovets, Max|13|2005|ESWIM|Ontario|2018-12-22|2018 Trillium Cup|1:13.65|430
42|Pan, Kane|13|2006|HYACK|British Columbia|2019-07-27|SKSC Summer Fest|1:13.70|429
43|Frantskevich, Steve|13|2004|MST~|Ontario|2018-11-03|2018 BAD Fall Invitational|1:13.91|425
44|Wigginton, Lorne|13|2005|UCSC|Alberta|2019-07-13|UCSC Western Finale|1:13.92|425
45|Tufford, Tomi|13|2005|CREST|Ontario|2019-02-17|2019 Ontario Winter Festival Championships|1:14.03|423
46|Thomas, Nathan|13|2005|PCSC|Québec|2019-02-24|Championnat provincial groupe d'âge AA d'hiver - section Ouest|1:14.23|420
47|Narine Singh, Tulsie (Akash)|13|2005|SCAR|Ontario|2019-02-17|2019 Ontario Winter Festival Championships|1:14.33|418
48|Gonzalez Barboza, Sebastian|13|2005|CAMO|Québec|2018-11-03|Festival provincial par équipe section 1|1:14.37|418
49|Scott, Cooper|13|2005|UCSC|Alberta|2018-12-14|JP Fiset Invitational|1:14.50|415
50|Raume, Jordan|13|2005|COMOX|British Columbia|2019-01-25|Vancouver Island Regional SC Championships|1:14.52|415