RANK|ATHLETES|AGE|YOB|CLUB|PROVINCE|DATE|MEET|TIME|FINA
1|Rogers, Lochlan|13|2005|RAC|British Columbia|2018-11-10|ISC 2018 Bennett Cup|24.64|555
2|Ginzburg, Eric|13|2004|RAMAC|Ontario|2018-11-10|2018 Age Group International SC|25.03|530
3|Huang, Peter|13|2005|HYACK|British Columbia|2019-02-24|Winter Age Group Championships|25.12|524
4|wang, marshal|13|2005|RHSD|Ontario|2019-02-16|2019 Ontario Winter Festival Championships|25.38|508
4|Park, Lucas|13|2004|CREST|Ontario|2018-11-10|2018 Age Group International SC|25.38|508
6|Stojanovic, Jacob|13|2005|COBRA|Ontario|2019-02-16|Neptune International (CSPO 25m)|25.44|505
7|Farzadeh, Iden|13|2005|VPSC|British Columbia|2019-06-23|SUMMER AGE GROUP CHAMPIONSHIPS|25.47|503
8|Butler, Addison|13|2005|CASC|Alberta|2018-12-16|JP Fiset Invitational|25.58|496
9|Malakhovets, Max|13|2005|ESWIM|Ontario|2019-02-16|2019 Ontario Winter Festival Championships|25.64|493
10|Matteis, Quinn|13|2004|CYPS|Ontario|2018-11-24|LAC - Nothers Fall Invitational|25.74|487
11|Dongfang, Bill|13|2005|UVPCS|British Columbia|2019-01-25|Vancouver Island Regional SC Championships|25.79|484
12|Chan, Cameron|13|2004|OSC|Alberta|2018-10-27|Cascade Speed Meet|25.82|483
13|McMann, Preston|13|2005|NKB|Ontario|2018-12-02|Neptune International (CSPO 25m)|25.86|480
14|Liew, Danael|13|2004|CASC|Alberta|2018-11-18|KSC SC Invitational 2018|25.90|478
15|Zhang, Edward|13|2004|BAD|Ontario|2018-10-13|MMST Dash for Cash|25.93|476
16|Luis, Jordan|13|2005|CDSC|British Columbia|2019-02-24|Winter Age Group Championships|26.08|468
16|Scholly, Ashton|13|2004|AMAC|Alberta|2018-10-27|Cascade Speed Meet|26.08|468
18|Visscher, Hayden|13|2005|OSC|Alberta|2018-12-16|JP Fiset Invitational|26.28|458
18|Bouchard, Charles-Olivier|13|2005|GO|Ontario|2019-02-02|2019 Eastern Ontario Regional Championships (SC/LC)|26.28|458
20|Vandersteen, Torren|13|2005|TRIT|Alberta|2018-12-16|JP Fiset Invitational|26.37|453
20|Terrault, Alexis|13|2006|CARAT|Québec|2019-06-30|Championnat provincial groupe d'âge AA d'été - Ouest|26.37|453
22|Miao, Richard|13|2004|VAC|Ontario|2018-10-13|2018 Hall of Fame Meet|26.38|452
23|Chernomorchenko, Sergey|13|2005|PSW|British Columbia|2018-11-10|2018 Brad Reid Memorial Invitational|26.46|448
24|Boddy, Ethan|13|2005|BTSC|Ontario|2019-01-13|2019 Etobicoke A-B Meet|26.48|447
25|Arnatt, Griffin|13|2005|UVPCS|British Columbia|2019-06-23|SUMMER AGE GROUP CHAMPIONSHIPS|26.49|447
25|Zhang, Hao Sheng (Sunny)|13|2005|HYACK|British Columbia|2019-02-24|Winter Age Group Championships|26.49|447
27|Nguyen, Minh|13|2004|OSC|Alberta|2018-10-27|Cascade Speed Meet|26.53|445
28|Stewart-Beinder, Luke|13|2004|LOSC|British Columbia|2018-11-03|LOSC 12th Annual Short Course Invitational|26.56|443
29|Mineque, Quezon|13|2005|CREST|Ontario|2019-04-26|2019 Ontario Team Challenge|26.58|442
30|Zhang, Kevin|13|2005|ESWIM|Ontario|2019-01-13|2019 Etobicoke A-B Meet|26.60|441
31|Werner Enns, Kadin|13|2005|CASC|Alberta|2018-12-16|JP Fiset Invitational|26.62|440
31|Hu, Haoxi|13|2005|VPSC|British Columbia|2019-06-23|SUMMER AGE GROUP CHAMPIONSHIPS|26.62|440
33|Chen, Albert|13|2005|VPSC|British Columbia|2019-06-22|SUMMER AGE GROUP CHAMPIONSHIPS|26.63|440
33|Halicki, Eryk|13|2005|ESWIM|Ontario|2018-11-10|2018 Age Group International SC|26.63|440
35|Skalenda, Charlie|13|2004|TSC|Ontario|2018-10-20|Downtown Sprint Meet|26.65|439
36|He, Mingjun|13|2004|RAPID|British Columbia|2018-11-09|ISC 2018 Bennett Cup|26.66|438
36|Kartoglu, Baris|13|2005|LAC|Ontario|2019-02-02|2019 Western Region SC Champs|26.66|438
38|Hulten, Kristofer|13|2005|ISC|British Columbia|2019-02-24|Winter Age Group Championships|26.71|436
38|Zhao, Jiahui (David)|13|2004|WVOSC|British Columbia|2018-11-10|2018 Brad Reid Memorial Invitational|26.71|436
40|Roukema, Astin|13|2005|SAMAK|Québec|2018-12-02|Neptune International (CSPO 25m)|26.73|435
41|Lang, Owen|13|2005|CONNU|British Columbia|2019-02-24|Winter Age Group Championships|26.78|432
41|Nascimento, Edivaldo|13|2006|GCAC|Ontario|2019-02-16|2019 Ontario Winter Festival Championships|26.78|432
43|Chickee, Owen|13|2005|WAC|Ontario|2018-12-08|Border City Invitational|26.82|431
44|Ouellet, Cedric Alexandre|13|2005|SAMAK|Québec|2019-02-02|Invitation Peter-Suen 2019|26.84|430
45|Cisse, Karim|13|2005|SCAR|Ontario|2019-02-16|2019 Ontario Winter Festival Championships|26.86|429
46|Sykes, Benji|13|2005|PICK|Ontario|2019-02-16|2019 Ontario Winter Festival Championships|26.87|428
47|Zephyr, Yann A.|13|2005|NG|Québec|2018-12-08|Gatineau Grand Prix|26.90|427
47|Jurkiewicz, Sebastian|13|2004|COBRA|Ontario|2018-10-20|HARVEST/AUTUMN INVITATIONAL|26.90|427
49|Kyriaco, Zachary|13|2005|DSC|Québec|2019-02-24|Championnat provincial groupe d'âge AA d'hiver - section Ouest|26.92|426
50|Reimer, Gavin|13|2004|SKIMM|Manitoba|2018-11-17|Bison Sprint IM Invitational|26.93|425