RANK|ATHLETES|AGE|YOB|CLUB|PROVINCE|DATE|MEET|TIME|FINA
1|Huang, Peter|13|2005|HYACK|British Columbia|2019-02-23|Winter Age Group Championships|2:12.54|565
2|Chernomorchenko, Sergey|13|2005|PSW|British Columbia|2018-12-14|Rapids Fast-Swim Classic|2:13.68|551
3|Malakhovets, Max|13|2005|ESWIM|Ontario|2019-02-17|2019 Ontario Winter Festival Championships|2:13.87|549
4|Butler, Addison|13|2005|CASC|Alberta|2018-12-15|JP Fiset Invitational|2:14.00|547
5|Rogers, Lochlan|13|2005|RAC|British Columbia|2018-12-07|16th Annual XMAS Cracker Invitational|2:14.76|538
6|Park, Lucas|13|2004|CREST|Ontario|2018-12-08|Border City Invitational|2:14.97|535
7|Scholtz, Ernst|13|2005|OAK|Ontario|2018-12-08|Youth Cup|2:16.28|520
8|Zhang, Hao Sheng (Sunny)|13|2005|HYACK|British Columbia|2019-06-22|SUMMER AGE GROUP CHAMPIONSHIPS|2:16.41|519
9|Zhang, Kevin|13|2005|ESWIM|Ontario|2019-01-12|2019 Etobicoke A-B Meet|2:17.14|510
10|Harris, Aiden|13|2005|ESWIM|Ontario|2019-01-12|2019 Etobicoke A-B Meet|2:18.01|501
11|Chan, Cameron|13|2004|OSC|Alberta|2018-10-27|Cascade Speed Meet|2:19.52|485
12|Stojanovic, Jacob|13|2005|COBRA|Ontario|2018-11-02|Newmarket Stingrays Fall Invitational|2:19.69|483
13|Matteis, Quinn|13|2004|CYPS|Ontario|2018-10-27|Joe Kerkhoven Memorial Walker Invitational|2:19.87|481
14|Hume, James|13|2005|CHENA|British Columbia|2018-11-09|2018 Brad Reid Memorial Invitational|2:19.89|481
15|Halicki, Eryk|13|2005|ESWIM|Ontario|2019-02-17|2019 Ontario Winter Festival Championships|2:20.42|475
16|Allen, Isaac|13|2005|WS|Ontario|2019-01-20|Winter Invitational|2:20.57|474
17|Gonzalez Barboza, Sebastian|13|2005|CAMO|Québec|2018-12-08|Invitation provinciale AA-AAA Noël + Développement 11-12 ans CAMO|2:20.69|473
18|Liew, Danael|13|2004|CASC|Alberta|2018-10-27|Cascade Speed Meet|2:20.71|472
18|Zhang, Charles|13|2004|MAC|Ontario|2018-11-03|NYAC Cup|2:20.71|472
20|Semenyuk, Yegor|13|2005|NG|Québec|2019-06-09|Finale régionale des Jeux du Québec|2:21.04|469
21|Stewart-Beinder, Luke|13|2004|LOSC|British Columbia|2018-11-04|LOSC 12th Annual Short Course Invitational|2:21.35|466
22|Wang, Joseph|13|2005|SKSC|British Columbia|2019-06-22|SUMMER AGE GROUP CHAMPIONSHIPS|2:22.07|459
23|Hulten, Kristofer|13|2005|ISC|British Columbia|2019-02-23|Winter Age Group Championships|2:22.34|456
24|Hiruki, Tadahiro|13|2005|VPSC|British Columbia|2019-06-22|SUMMER AGE GROUP CHAMPIONSHIPS|2:22.57|454
25|Bouchard, Charles-Olivier|13|2005|GO|Ontario|2018-12-08|Gatineau Grand Prix|2:22.73|453
26|Luis, Jordan|13|2005|CDSC|British Columbia|2019-02-23|Winter Age Group Championships|2:22.89|451
27|Xie, Andrew|13|2005|CSLA|Québec|2018-11-09|Festival provincial par équipe section 2|2:22.97|450
28|Dongfang, Bill|13|2005|UVPCS|British Columbia|2019-01-25|Vancouver Island Regional SC Championships|2:23.05|450
29|Hinov, Alexander|13|2005|ESWIM|Ontario|2019-01-12|2019 Etobicoke A-B Meet|2:23.38|447
30|Haines, Luca|13|2005|ROCS|Ontario|2019-02-01|2019 Eastern Ontario Regional Championships (SC/LC)|2:23.46|446
31|Van Niekerk, Ruben|13|2005|OAK|Ontario|2019-02-17|2019 Ontario Winter Festival Championships|2:23.50|445
32|Lambert, Liam|13|2005|CNCI|Québec|2018-12-07|Défi Nez-Rouge 2018|2:23.69|444
33|Sykes, Benji|13|2005|PICK|Ontario|2019-02-17|2019 Ontario Winter Festival Championships|2:24.28|438
34|Miao, Richard|13|2004|VAC|Ontario|2018-12-08|Vaughan Aquatic Club 30th Annual Roy Jacobson Inv 2018|2:24.48|436
35|Arnatt, Griffin|13|2005|UVPCS|British Columbia|2019-06-22|SUMMER AGE GROUP CHAMPIONSHIPS|2:24.57|436
36|Viloria, Marcus Hugo|13|2006|DELTA|British Columbia|2019-06-22|SUMMER AGE GROUP CHAMPIONSHIPS|2:24.64|435
37|Zheng, Tianjun|13|2006|PSW|British Columbia|2019-06-22|SUMMER AGE GROUP CHAMPIONSHIPS|2:24.69|434
38|Kaul, Piyush|13|2005|LOSC|British Columbia|2019-02-23|Winter Age Group Championships|2:24.71|434
39|Wang, David|13|2004|VPSC|British Columbia|2018-10-28|VPSC Fall Invitational|2:24.72|434
40|Narine Singh, Tulsie (Akash)|13|2005|SCAR|Ontario|2019-04-26|2019 Ontario Team Challenge|2:24.95|432
41|Vilchez, Jordi|13|2005|BTSC|Ontario|2019-02-01|2019 Huronia SC Regional Championships|2:25.16|430
41|Senc-Samardzic, Filip|13|2005|TSC|Ontario|2018-11-03|NYAC Cup|2:25.16|430
43|BOURBONNAIS, Mathis|13|2005|RIKI|Québec|2018-12-07|Défi Nez-Rouge 2018|2:25.35|429
43|Visscher, Hayden|13|2005|OSC|Alberta|2018-12-15|JP Fiset Invitational|2:25.35|429
45|Hu, Haoxi|13|2005|VPSC|British Columbia|2019-06-22|SUMMER AGE GROUP CHAMPIONSHIPS|2:25.54|427
46|He, Mingjun|13|2004|RAPID|British Columbia|2018-12-14|Rapids Fast-Swim Classic|2:25.58|427
47|Farzadeh, Iden|13|2005|VPSC|British Columbia|2019-06-22|SUMMER AGE GROUP CHAMPIONSHIPS|2:25.60|426
48|Werner Enns, Kadin|13|2005|CASC|Alberta|2018-12-15|JP Fiset Invitational|2:25.61|426
49|Uy, Rowen|13|2005|NYAC|Ontario|2018-12-08|Youth Cup|2:25.95|423
50|Erickson, Aidan|13|2005|LOSC|British Columbia|2019-02-23|Winter Age Group Championships|2:25.96|423