RANK|ATHLETES|AGE|YOB|CLUB|PROVINCE|DATE|MEET|TIME|FINA
1|Huang, Peter|13|2005|HYACK|British Columbia|2019-02-24|Winter Age Group Championships|2:06.57|630
2|Malakhovets, Max|13|2005|ESWIM|Ontario|2019-02-17|2019 Ontario Winter Festival Championships|2:09.32|591
3|Zhang, Kevin|13|2005|ESWIM|Ontario|2019-02-17|2019 Ontario Winter Festival Championships|2:10.04|581
4|Chernomorchenko, Sergey|13|2005|PSW|British Columbia|2018-11-09|2018 Brad Reid Memorial Invitational|2:11.81|558
5|Dongfang, Bill|13|2005|UVPCS|British Columbia|2019-01-25|Vancouver Island Regional SC Championships|2:17.49|492
6|Matteis, Quinn|13|2004|CYPS|Ontario|2018-11-25|LAC - Nothers Fall Invitational|2:17.84|488
7|Gonzalez Barboza, Sebastian|13|2005|CAMO|Québec|2018-12-10|Invitation provinciale AA-AAA Noël + Développement 11-12 ans CAMO|2:19.36|472
8|Zhang, Hao Sheng (Sunny)|13|2005|HYACK|British Columbia|2019-06-23|SUMMER AGE GROUP CHAMPIONSHIPS|2:21.02|456
9|Tomic, Luka|13|2004|WAAC|Ontario|2018-11-17|Expressway Lincoln Fall Invitational|2:21.22|454
10|Hiruki, Tadahiro|13|2005|VPSC|British Columbia|2019-06-23|SUMMER AGE GROUP CHAMPIONSHIPS|2:21.99|446
11|Low, Jean-Paul|13|2005|RAPID|British Columbia|2018-12-07|Rapids TT #1|2:22.28|444
12|Park, Lucas|13|2004|CREST|Ontario|2018-11-09|2018 Age Group International SC|2:23.25|435
13|Vandersteen, Torren|13|2005|TRIT|Alberta|2018-12-14|JP Fiset Invitational|2:23.46|433
14|Davis, Josh|13|2005|UCRO|Ontario|2018-12-09|Gatineau Grand Prix|2:23.69|431
15|Wigginton, Lorne|13|2005|UCSC|Alberta|2019-02-01|UCSC Grand Prix|2:24.37|425
16|Harris, Aiden|13|2005|ESWIM|Ontario|2019-02-17|2019 Ontario Winter Festival Championships|2:24.39|425
17|Senc-Samardzic, Filip|13|2005|TSC|Ontario|2018-11-03|NYAC Cup|2:24.63|422
18|Lambert, Liam|13|2005|CNCI|Québec|2019-01-26|Sag-Lac 2|2:24.72|422
19|Brown, Thomas|13|2005|PGB|British Columbia|2019-02-24|Winter Age Group Championships|2:24.96|420
20|Vakilha, Sam|13|2005|TSC|Ontario|2018-12-08|Border City Invitational|2:25.03|419
21|Erickson, Aidan|13|2005|LOSC|British Columbia|2019-02-24|Winter Age Group Championships|2:25.04|419
22|Xie, Andrew|13|2005|CSLA|Québec|2018-11-09|Festival provincial par équipe section 2|2:25.65|414
23|Wong, Nathan|13|2005|NCSA|Alberta|2018-12-15|ManSask Championships Short Course Open Championships|2:25.66|413
24|Maibaum, David|13|2006|RAPID|British Columbia|2019-06-23|SUMMER AGE GROUP CHAMPIONSHIPS|2:25.91|411
25|Luo, Hanwen|13|2004|MSSAC|Ontario|2018-11-09|2018 Age Group International SC|2:26.08|410
26|Lamonde, Ludovic|13|2005|MY|Québec|2018-11-02|Festival provincial par équipe section 5 - Sud|2:26.37|407
27|Barbeau, Timothé|13|2005|NN|Québec|2019-02-22|Championnat provincial groupe d'âge AA d'hiver - section Ouest|2:26.40|407
28|Marion, Dominic|13|2005|CAMO|Québec|2019-06-30|Championnat provincial groupe d'âge AA d'été - Ouest|2:26.47|407
29|Greenwood, Tyler|13|2005|NEW|Ontario|2019-01-12|2019 Etobicoke A-B Meet|2:26.65|405
30|Stojanovic, Jacob|13|2005|COBRA|Ontario|2018-11-03|Newmarket Stingrays Fall Invitational|2:26.66|405
31|Allen, Isaac|13|2005|WS|Ontario|2018-11-10|42nd Cindy Nicholas Invitational|2:26.84|404
32|Mansour, Adam|13|2005|OAK|Ontario|2018-12-09|Youth Cup|2:26.97|403
33|Hsu, Hector|13|2004|WSC|British Columbia|2018-11-09|2018 Brad Reid Memorial Invitational|2:27.87|395
34|Opara, Amadi|13|2005|TORCH|Ontario|2019-02-17|2019 Ontario Winter Festival Championships|2:27.94|395
35|Maciek, James|13|2004|ESWIM|Ontario|2018-12-09|Invitation Provinciale AA-AAA Pointe-Claire 2018|2:28.18|393
36|Bertrand, Charles|13|2004|GO|Ontario|2018-11-04|GO Fall Invitational|2:28.21|392
37|Lang, Owen|13|2005|CONNU|British Columbia|2019-02-24|Winter Age Group Championships|2:28.53|390
38|He, Mingjun|13|2004|RAPID|British Columbia|2018-11-10|ISC 2018 Bennett Cup|2:28.58|390
39|Chisholm, Sam|13|2005|TBT|Ontario|2018-12-01|Northwest Narwhal's Massaro Construction LTD Invitational|2:28.84|388
40|Terrault, Alexis|13|2006|CARAT|Québec|2019-06-30|Championnat provincial groupe d'âge AA d'été - Ouest|2:29.06|386
41|Spiers, Aidan|13|2005|MUSAC|Ontario|2018-12-15|Team Showdown 2018|2:29.47|383
42|Liu, Hai Yue|13|2005|PSW|British Columbia|2018-12-08|16th Annual XMAS Cracker Invitational|2:29.49|382
43|Scheffel, Carter|13|2005|BRANT|Ontario|2018-12-15|Team Showdown 2018|2:29.77|380
44|Van Maren, Jasper Joost|13|2005|UVPCS|British Columbia|2019-08-03|Mid-Summer Madness|2:30.07|378
45|Zephyr, Yann A.|13|2005|NG|Québec|2018-12-09|Gatineau Grand Prix|2:30.16|377
46|Plamondon, Léo|13|2005|LAVAL|Québec|2018-12-10|Invitation provinciale AA-AAA Noël + Développement 11-12 ans CAMO|2:30.50|375
47|Pham, Alan|13|2005|SKSC|British Columbia|2019-06-23|SUMMER AGE GROUP CHAMPIONSHIPS|2:30.74|373
48|Black, Nikolas|13|2005|TBT|Ontario|2018-12-09|Youth Cup|2:30.75|373
49|Hulten, Kristofer|13|2005|ISC|British Columbia|2019-01-25|Vancouver Island Regional SC Championships|2:30.77|373
50|Desjardins, Olivier|13|2005|HIPPO|Québec|2018-12-15|Invitation Provinciale des fêtes avec épreuves Ho! Ho! Eau Libre|2:30.79|373