RANK|AGES|CLUB|TEAM|PROVINCE|DATE|MEET|TIME|FINA
1|13 - 13|Etobicoke Swim Club|ESWIMA|Ontario|2019-02-17|2019 Ontario Winter Festival Championships|3:51.42|496
2|13 - 13|Scarborough Swim Club|SCAR A|Ontario|2019-02-17|2019 Ontario Winter Festival Championships|4:03.52|426
3|13 - 13|Windsor-Essex Swim Team|WEST A|Ontario|2019-02-17|2019 Ontario Winter Festival Championships|4:07.61|405
4|13 - 13|Club Aquatique Montreal|CAMO A|Québec|2019-02-24|Championnat provincial groupe d'âge AA d'hiver - section Ouest|4:11.87|385
5|13 - 13|Golden Horseshoe Aquatic Club|GHAC A|Ontario|2019-02-17|2019 Ontario Winter Festival Championships|4:11.99|384
6|13 - 13|Burlington Aquatic Devilrays|BAD A|Ontario|2019-02-17|2019 Ontario Winter Festival Championships|4:19.55|352
7|13 - 13|Aurora Ducks Swimming Club|DUCKSA|Ontario|2019-02-17|2019 Ontario Winter Festival Championships|4:21.25|345