RANK|ATHLETES|AGE|YOB|CLUB|PROVINCE|DATE|MEET|TIME|FINA
1|Visscher, Hayden|13|2005|OSC|Alberta|2018-12-15|JP Fiset Invitational|30.33|576
2|Nguyen, Minh|13|2004|OSC|Alberta|2018-10-28|Cascade Speed Meet|31.07|536
3|Huang, Rick|13|2005|RHAC|Ontario|2018-11-24|Alex Baumann Invitational|32.17|483
4|Park, Lucas|13|2004|CREST|Ontario|2018-12-09|Border City Invitational|32.25|479
5|Ginzburg, Eric|13|2004|RAMAC|Ontario|2018-11-10|2018 Age Group International SC|32.35|475
6|Okugawa, Kosei|13|2005|SCAR|Ontario|2018-12-09|Border City Invitational|32.55|466
7|Bouchard, Charles-Olivier|13|2005|NG|Québec|2018-11-02|Festival provincial par équipe section 1|32.68|461
8|St-Louis, Vincent|13|2004|SHER|Québec|2018-12-01|Neptune International (CSPO 25m)|32.84|454
9|Xia, Winters|13|2004|ESWIM|Ontario|2018-10-14|2018 Hall of Fame Meet|32.87|453
10|Liew, Danael|13|2004|CASC|Alberta|2018-10-28|Cascade Speed Meet|32.99|448
10|Zhang, Hao Sheng (Sunny)|13|2005|HYACK|British Columbia|2018-12-14|Rapids Fast-Swim Classic|32.99|448
12|Rup, Michael|13|2004|ESWIM|Ontario|2018-10-14|2018 Hall of Fame Meet|33.03|446
13|Narine Singh, Tulsie (Akash)|13|2005|SCAR|Ontario|2018-12-09|Border City Invitational|33.04|446
14|To, Isaac|13|2005|KSC|Alberta|2018-12-15|JP Fiset Invitational|33.22|439
15|Scott, Cooper|13|2005|UCSC|Alberta|2018-12-15|JP Fiset Invitational|33.25|437
16|Hume, James|13|2005|CHENA|British Columbia|2018-10-27|VPSC Fall Invitational|33.35|434
17|Wang, Joseph|13|2005|SKSC|British Columbia|2019-07-28|SKSC Summer Fest|33.43|430
18|Bellis, Keilen|13|2005|HTAC|Nova Scotia|2018-12-16|Age Group Development Meet|33.45|430
18|Rogers, Lochlan|13|2005|RAC|British Columbia|2018-10-27|2018 NRST Fall Invitational|33.45|430
20|Verjee, Jett|13|2005|UCSC|Alberta|2018-12-15|JP Fiset Invitational|33.52|427
21|Hinov, Alexander|13|2005|ESWIM|Ontario|2018-10-14|2018 Hall of Fame Meet|33.67|421
21|Nascimento, Edivaldo|13|2006|GCAC|Ontario|2019-02-02|2019 Western Region SC Champs|33.67|421
23|Tang, Nathan|13|2004|GCAC|Ontario|2018-11-04|2018 BAD Fall Invitational|33.78|417
24|MacLeod, Duncan|13|2004|SEALS|Manitoba|2018-12-15|ManSask Championships Short Course Open Championships|33.90|413
24|wang, marshal|13|2005|RHSD|Ontario|2018-11-24|Alex Baumann Invitational|33.90|413
26|Halicki, Eryk|13|2005|ESWIM|Ontario|2018-11-10|2018 Age Group International SC|34.03|408
27|Reimer, Gavin|13|2004|SKIMM|Manitoba|2018-11-17|Bison Sprint IM Invitational|34.14|404
28|Malakhovets, Max|13|2005|ESWIM|Ontario|2018-10-14|2018 Hall of Fame Meet|34.17|403
29|Henriques, Frederico|13|2005|LAVAL|Québec|2019-06-08|Invitation Super Splash|34.24|401
30|Wong, Zachary|13|2005|WSC|British Columbia|2019-01-20|Canadian Dolphin New Years Invitational 2019|34.30|398
31|Farzadeh, Iden|13|2005|VPSC|British Columbia|2019-07-28|SKSC Summer Fest|34.32|398
32|Lian, Andy|13|2005|LAC|Ontario|2019-02-02|2019 Western Region SC Champs|34.33|397
33|Pan, Kane|13|2006|HYACK|British Columbia|2019-07-28|SKSC Summer Fest|34.43|394
34|Trinh, Theodore|13|2005|VPSC|British Columbia|2018-12-15|JP Fiset Invitational|34.45|393
35|Feng, Zi Chen|13|2006|CDSC|British Columbia|2019-07-28|SKSC Summer Fest|34.47|393
36|Hulten, Kristofer|13|2005|ISC|British Columbia|2018-11-11|ISC 2018 Bennett Cup|34.50|392
37|Haines, Luca|13|2005|ROCS|Ontario|2019-02-01|2019 Eastern Ontario Regional Championships (SC/LC)|34.52|391
38|Wang, David|13|2004|VPSC|British Columbia|2018-10-27|VPSC Fall Invitational|34.54|390
38|Allen, Isaac|13|2005|WS|Ontario|2018-10-20|Downtown Sprint Meet|34.54|390
40|Wong, Nathan|13|2005|NCSA|Alberta|2018-11-10|NCSA Fall Invitational 2018|34.56|389
41|Khajuria, Brodie|13|2005|AAC|Ontario|2018-11-04|Newmarket Stingrays Fall Invitational|34.60|388
42|Ma, Caden|13|2005|STARS|Ontario|2018-10-19|HARVEST/AUTUMN INVITATIONAL|34.69|385
43|Frantskevich, Steve|13|2004|MST~|Ontario|2018-11-04|2018 BAD Fall Invitational|34.73|384
43|Ashouri, Avesta|13|2005|RHAC|Ontario|2018-11-24|Alex Baumann Invitational|34.73|384
45|Liu, Andrew|13|2005|BORC|Ontario|2018-11-10|2018 Age Group International SC|34.74|383
46|Ilchenko, Constantine|13|2005|MANTA|Manitoba|2018-12-15|ManSask Championships Short Course Open Championships|34.83|380
47|Choi, Ryan|13|2005|HYACK|British Columbia|2019-06-08|Knights June Jamboree 2019|34.85|380
48|Chernomorchenko, Sergey|13|2005|PSW|British Columbia|2019-01-13|2019 Hyack Icebreaker Classic|34.89|379
49|Cisse, Karim|13|2005|SCAR|Ontario|2019-04-28|2019 Ontario Team Challenge|34.93|377
50|Raume, Jordan|13|2005|COMOX|British Columbia|2018-10-27|2018 NRST Fall Invitational|35.10|372