RANK|ATHLETES|AGE|YOB|CLUB|PROVINCE|DATE|MEET|TIME|FINA
1|Rogers, Lochlan|13|2005|RAC|British Columbia|2018-12-09|16th Annual XMAS Cracker Invitational|1:01.44|504
2|Scholtz, Ernst|13|2005|OAK|Ontario|2018-12-07|Youth Cup|1:01.49|503
3|Huang, Peter|13|2005|HYACK|British Columbia|2019-02-22|Winter Age Group Championships|1:01.73|497
4|Nguyen, Minh|13|2004|OSC|Alberta|2018-10-28|Cascade Speed Meet|1:01.86|494
5|Chernomorchenko, Sergey|13|2005|PSW|British Columbia|2018-11-11|2018 Brad Reid Memorial Invitational|1:02.89|470
6|Stojanovic, Jacob|13|2005|COBRA|Ontario|2019-02-16|2019 Ontario Winter Festival Championships|1:03.00|468
7|Matteis, Quinn|13|2004|CYPS|Ontario|2018-10-28|Joe Kerkhoven Memorial Walker Invitational|1:03.23|463
8|Malakhovets, Max|13|2005|ESWIM|Ontario|2018-12-21|2018 Trillium Cup|1:03.34|460
9|Liew, Danael|13|2004|CASC|Alberta|2018-10-28|Cascade Speed Meet|1:03.44|458
10|Kaul, Piyush|13|2005|LOSC|British Columbia|2019-02-22|Winter Age Group Championships|1:03.47|457
11|Skalenda, Charlie|13|2004|TSC|Ontario|2018-10-19|Downtown Sprint Meet|1:03.48|457
12|Farzadeh, Iden|13|2005|VPSC|British Columbia|2019-06-21|SUMMER AGE GROUP CHAMPIONSHIPS|1:03.69|453
13|Chan, Cameron|13|2004|OSC|Alberta|2018-10-28|Cascade Speed Meet|1:03.75|451
14|Zhang, Charles|13|2004|MAC|Ontario|2018-11-03|NYAC Cup|1:03.81|450
15|Luis, Jordan|13|2005|CDSC|British Columbia|2019-02-22|Winter Age Group Championships|1:03.82|450
16|Park, Lucas|13|2004|CREST|Ontario|2018-11-11|2018 Age Group International SC|1:03.90|448
17|Arnatt, Griffin|13|2005|UVPCS|British Columbia|2019-01-26|Vancouver Island Regional SC Championships|1:04.09|444
18|Wong, Nathan|13|2005|NCSA|Alberta|2019-02-09|NCSA John Timmermans Memorial Invitational 2019|1:04.26|441
19|Miao, Richard|13|2004|VAC|Ontario|2018-12-08|Vaughan Aquatic Club 30th Annual Roy Jacobson Inv 2018|1:04.44|437
20|Hiruki, Tadahiro|13|2005|VPSC|British Columbia|2018-12-16|JP Fiset Invitational|1:04.47|436
21|Butler, Addison|13|2005|CASC|Alberta|2018-11-18|KSC SC Invitational 2018|1:04.69|432
22|Wang, Joseph|13|2005|SKSC|British Columbia|2019-06-21|SUMMER AGE GROUP CHAMPIONSHIPS|1:04.80|430
23|Lackovic, Alexandar|13|2005|WEST|Ontario|2019-02-16|2019 Ontario Winter Festival Championships|1:05.00|426
24|Isla Vera, Tomas Felipe|13|2005|HAC|Ontario|2018-10-14|2018 Hall of Fame Meet|1:05.04|425
25|Tomic, Luka|13|2004|WAAC|Ontario|2018-11-18|Expressway Lincoln Fall Invitational|1:05.10|424
26|Mesic, Mateja|13|2005|WAC|Ontario|2019-05-18|WAC Cup 2|1:05.16|423
27|Van Niekerk, Ruben|13|2005|OAK|Ontario|2019-02-16|2019 Ontario Winter Festival Championships|1:05.25|421
28|LAVOIE-MILL, Rémi|13|2005|RIKI|Québec|2019-06-28|Championnat provincial groupe d'âge AA d'été - section Est|1:05.34|419
29|Chen, Albert|13|2005|VPSC|British Columbia|2018-12-16|JP Fiset Invitational|1:05.43|417
30|Ginzburg, Eric|13|2004|RAMAC|Ontario|2018-11-11|2018 Age Group International SC|1:05.65|413
31|Hulten, Kristofer|13|2005|ISC|British Columbia|2019-02-22|Winter Age Group Championships|1:05.68|413
32|Scholly, Ashton|13|2004|AMAC|Alberta|2018-12-16|JP Fiset Invitational|1:05.73|412
33|Senc-Samardzic, Filip|13|2005|TSC|Ontario|2018-11-03|NYAC Cup|1:05.97|407
34|Xie, Andrew|13|2005|CSLA|Québec|2018-11-11|Festival provincial par équipe section 2|1:06.25|402
34|Choquette-Brunet, Francois|13|2005|NN|Québec|2019-02-22|Championnat provincial groupe d'âge AA d'hiver - section Ouest|1:06.25|402
36|Lafontaine-Giguère, Laurier|13|2005|NN|Québec|2018-11-04|Festival provincial par équipe section 1|1:06.36|400
37|Boddy, Ethan|13|2005|BTSC|Ontario|2019-02-01|2019 Huronia SC Regional Championships|1:06.37|400
38|He, Mingjun|13|2004|RAPID|British Columbia|2018-12-14|Rapids Fast-Swim Classic|1:06.50|398
39|Rocheleau, Noah|13|2005|CARAT|Québec|2019-02-22|Championnat provincial groupe d'âge AA d'hiver - section Ouest|1:06.60|396
40|Lamonde, Ludovic|13|2005|MY|Québec|2018-12-08|Défi Nez-Rouge 2018|1:06.66|395
41|Zhang, Kevin|13|2005|ESWIM|Ontario|2018-12-21|2018 Trillium Cup|1:06.77|393
42|Wang, David|13|2004|VPSC|British Columbia|2018-10-27|VPSC Fall Invitational|1:06.84|392
43|Pham, Alan|13|2005|SKSC|British Columbia|2019-06-21|SUMMER AGE GROUP CHAMPIONSHIPS|1:06.86|391
44|Harris, Aiden|13|2005|ESWIM|Ontario|2019-02-16|2019 Ontario Winter Festival Championships|1:06.89|391
45|Norman, Aiden|13|2006|UCSC|Alberta|2019-07-14|UCSC Western Finale|1:06.94|390
46|Breton, Jonathan|13|2005|RL|Québec|2018-12-08|Défi Nez-Rouge 2018|1:06.97|389
47|Zhang, Edward|13|2004|BAD|Ontario|2018-10-13|MMST Dash for Cash|1:07.00|389
48|BOURBONNAIS, Mathis|13|2005|RIKI|Québec|2019-01-26|Inter-provinciale LMRL 2019|1:07.03|388
49|Zhao, Jiahui (David)|13|2004|WVOSC|British Columbia|2018-11-11|2018 Brad Reid Memorial Invitational|1:07.06|388
50|Low, Jean-Paul|13|2005|WDSC|British Columbia|2018-10-13|SFU-SFA LMR Swim Meet|1:07.18|386