RANK|AGES|CLUB|TEAM|PROVINCE|DATE|MEET|TIME|FINA
1|13 - 13|Etobicoke Swim Club|ESWIMA|Ontario|2018-12-09|Youth Cup|1:44.77|490
2|13 - 13|Vancouver Pacific Swim Club|VPSC A|British Columbia|2018-12-14|Winter Provincial Championships|1:45.61|478
3|13 - 13|Surrey Knights Swim Club|SKSC A|British Columbia|2019-06-22|SUMMER AGE GROUP CHAMPIONSHIPS|1:46.81|462
4|13 - 13|Olympian Swim Club|OSC A|Alberta|2018-10-27|Cascade Speed Meet|1:48.86|436
5|13 - 13|Cascade Swim Club|CASC A|Alberta|2018-10-27|Cascade Speed Meet|1:49.47|429
6|13 - 13|UVic Pacific Coast Swimming|UVPCSA|British Columbia|2019-02-24|Winter Age Group Championships|1:50.09|422
7|13 - 13|Vancouver Pacific Swim Club|VPSC B|British Columbia|2019-02-23|Winter Age Group Championships|1:50.36|419
8|13 - 13|Canadian Dolphin Swim Club|CDSC A|British Columbia|2019-02-24|Winter Age Group Championships|1:50.38|419
9|13 - 13|Scarborough Swim Club|SCAR A|Ontario|2019-02-16|2019 Ontario Winter Festival Championships|1:51.17|410
10|13 - 13|Richmond Hill Aquatic Club|RHAC A|Ontario|2018-11-03|Newmarket Stingrays Fall Invitational|1:51.57|405
11|13 - 13|Cascade Swim Club|CASC B|Alberta|2018-10-27|Cascade Speed Meet|1:52.05|400
12|13 - 13|Barrie Trojan Swim Club|BTSC A|Ontario|2019-02-03|2019 Huronia SC Regional Championships|1:52.53|395
13|13 - 13|Hyack Swim Club|HYACKB|British Columbia|2019-02-24|Winter Age Group Championships|1:53.00|390
14|13 - 13|Windsor-Essex Swim Team|WEST A|Ontario|2019-02-16|2019 Ontario Winter Festival Championships|1:53.20|388
15|13 - 13|Golden Horseshoe Aquatic Club|GHAC A|Ontario|2019-02-16|2019 Ontario Winter Festival Championships|1:53.37|386
16|13 - 13|Island Swimming Club|ISC A|British Columbia|2019-02-24|Winter Age Group Championships|1:53.63|384
17|13 - 13|Richmond Rapids Swim Club|RAPIDA|British Columbia|2018-11-09|Winter Age Group Championships|1:53.76|382
18|13 - 13|Club Aquatique Montreal|CAMO A|Québec|2018-11-03|Festival provincial par équipe section 1|1:54.96|370
19|13 - 13|Burlington Aquatic Devilrays|BAD A|Ontario|2019-02-16|2019 Ontario Winter Festival Championships|1:55.00|370
20|13 - 13|Langley Olympians Swim Club|LOSC A|British Columbia|2019-02-24|Winter Age Group Championships|1:55.06|369
21|13 - 13|Oakville Aquatic Club|OAK A|Ontario|2018-12-08|HOBC Finale|1:55.57|365
22|13 - 13|Olympian Swim Club|OSC B|Alberta|2018-10-27|Cascade Speed Meet|1:55.92|361
23|13 - 13|Surrey Knights Swim Club|SKSC B|British Columbia|2019-02-23|Winter Age Group Championships|1:56.23|358
24|13 - 13|Aurora Ducks Swimming Club|DUCKSA|Ontario|2019-02-16|2019 Ontario Winter Festival Championships|1:56.61|355
25|13 - 13|UVic Pacific Coast Swimming|UVPCSB|British Columbia|2019-02-23|Winter Age Group Championships|1:56.66|354
26|13 - 13|West Vancouver Otters|WVOSCA|British Columbia|2019-02-24|Winter Age Group Championships|1:56.91|352
27|13 - 13|Hippocampe de St-Hubert|HIPP A|Québec|2019-02-23|Championnat provincial groupe d'âge AA d'hiver - section Est|1:57.73|345
28|13 - 13|Hyack Swim Club|HYACKC|British Columbia|2019-02-24|Winter Age Group Championships|1:58.44|339
29|13 - 13|Oakville Aquatic Club|OAK B|Ontario|2018-12-08|HOBC Finale|1:58.60|337
30|13 - 13|Kingston Blue Marlins|KBM A|Ontario|2019-02-23|Heats and Finals SC Finale|1:58.68|337
31|13 - 13|Wayland Swim Club|WSC A|British Columbia|2019-02-24|Winter Age Group Championships|1:58.71|336
32|13 - 13|Red Deer Catalina Swim Club|RDCSCB|Alberta|2018-10-27|Cascade Speed Meet|1:59.06|333
33|13 - 13|Calgary Patriots Swim Club|CP A|Alberta|2019-03-01|Provincials - Short Course|1:59.11|333
34|13 - 13|Delta Sungod Swim Club|DELTAA|British Columbia|2019-02-24|Winter Age Group Championships|1:59.41|330
35|13 - 13|Kamloops Classic Swimming|KCS A|British Columbia|2019-06-23|SUMMER AGE GROUP CHAMPIONSHIPS|1:59.57|329
36|13 - 13|Nepean Kanata Barracudas|NKB B|Ontario|2018-11-30|Neptune International (CSPO 25m)|1:59.58|329
37|13 - 13|Kelowna Aquajets|KWIC B|British Columbia|2019-06-23|SUMMER AGE GROUP CHAMPIONSHIPS|1:59.89|327
38|13 - 13|Duncan Stingrays Swim Team|DST A|British Columbia|2019-01-25|Vancouver Island Regional SC Championships|1:59.99|326
39|13 - 13|Chena Swim Club|CHENAA|British Columbia|2019-02-24|Winter Age Group Championships|2:00.25|324
40|13 - 13|Brandon Bluefins Swim Club|BBSC A|Manitoba|2019-02-23|Manitoba Open Junior Provincial|2:00.46|322
41|13 - 13|Kelowna Aquajets|KAJ B|British Columbia|2018-11-17|2018 KAJ Fall Classic|2:00.77|319
42|13 - 13|Vancouver Pacific Swim Club|VPSC C|British Columbia|2019-02-24|Winter Age Group Championships|2:00.87|319
43|13 - 13|UVic Pacific Coast Swimming|UVPCSC|British Columbia|2019-01-25|Winter Age Group Championships|2:01.09|317
44|13 - 13|Muskoka Aquatic Club|MUSACB|Ontario|2019-02-03|2019 Huronia SC Regional Championships|2:01.18|316
45|13 - 13|Wayland Swim Club|WSC B|British Columbia|2018-11-10|2018 Brad Reid Memorial Invitational|2:01.34|315
46|13 - 13|Vernon Kokanee Swim Club|KWIC C|British Columbia|2019-06-23|SUMMER AGE GROUP CHAMPIONSHIPS|2:01.88|311
47|13 - 13|KISU Swim Club|KISU A|British Columbia|2018-12-14|Winter Age Group Championships|2:02.04|310
48|13 - 13|Natation Edmundston Swimming|NES A|New Brunswick|2018-11-17|BLAST INVITATIONAL|2:02.46|306
49|13 - 13|Canadian Dolphin Swim Club|CDSC B|British Columbia|2019-06-23|SUMMER AGE GROUP CHAMPIONSHIPS|2:02.75|304
50|13 - 13|Richmond Rapids Swim Club|RAPIDB|British Columbia|2019-02-24|Winter Age Group Championships|2:03.51|299