RANK|ATHLETES|AGE|YOB|CLUB|PROVINCE|DATE|MEET|TIME|FINA
1|Stojanovic, Jacob|13|2005|COBRA|Ontario|2018-11-30|Neptune International (CSPO 25m)|27.03|524
2|Butler, Addison|13|2005|CASC|Alberta|2019-01-19|Pugsley's Plunge 2019|27.31|508
3|Matteis, Quinn|13|2004|CYPS|Ontario|2018-11-23|LAC - Nothers Fall Invitational|27.43|501
4|Huang, Peter|13|2005|HYACK|British Columbia|2018-12-15|Rapids Fast-Swim Classic|27.46|500
5|Ginzburg, Eric|13|2004|RAMAC|Ontario|2018-11-11|2018 Age Group International SC|27.66|489
5|Park, Lucas|13|2004|CREST|Ontario|2018-12-08|Border City Invitational|27.66|489
7|Chan, Cameron|13|2004|OSC|Alberta|2018-10-28|Cascade Speed Meet|27.69|487
8|Dongfang, Bill|13|2005|UVPCS|British Columbia|2019-01-26|Vancouver Island Regional SC Championships|27.77|483
9|Lang, Owen|13|2005|CONNU|British Columbia|2018-12-16|JP Fiset Invitational|27.79|482
10|Vandersteen, Torren|13|2005|TRIT|Alberta|2018-12-16|JP Fiset Invitational|27.83|480
11|Rogers, Lochlan|13|2005|RAC|British Columbia|2019-01-26|Vancouver Island Regional SC Championships|27.98|472
12|Kartoglu, Baris|13|2005|LAC|Ontario|2019-02-03|2019 Western Region SC Champs|28.00|471
13|Luis, Jordan|13|2005|CDSC|British Columbia|2018-12-15|Rapids Fast-Swim Classic|28.11|466
14|Senc-Samardzic, Filip|13|2005|TSC|Ontario|2018-12-08|Border City Invitational|28.21|461
15|Isla Vera, Tomas Felipe|13|2005|HAC|Ontario|2018-10-14|2018 Hall of Fame Meet|28.22|460
16|Sortland, Connor|13|2006|UCSC|Alberta|2019-07-14|UCSC Western Finale|28.31|456
17|Allen, Isaac|13|2005|WS|Ontario|2018-12-07|Whitby Tri-Meet Part I|28.33|455
18|Scholtz, Ernst|13|2005|OAK|Ontario|2018-11-02|NYAC Cup|28.45|449
19|Visscher, Hayden|13|2005|OSC|Alberta|2018-12-16|JP Fiset Invitational|28.53|446
20|Malakhovets, Max|13|2005|ESWIM|Ontario|2018-10-14|2018 Hall of Fame Meet|28.59|443
21|He, Mingjun|13|2004|RAPID|British Columbia|2018-12-15|Rapids Fast-Swim Classic|28.81|433
22|Wong, Nathan|13|2005|NCSA|Alberta|2018-10-28|Cascade Speed Meet|28.96|426
23|Li, Derek|13|2005|CDSC|British Columbia|2018-12-15|Rapids Fast-Swim Classic|28.99|425
24|Domingo, Robin|13|2004|WTSC|Nova Scotia|2018-12-16|Age Group Development Meet|29.05|422
25|Bouchard, Charles-Olivier|13|2005|NG|Québec|2018-10-20|Pentathlon octobre 2018|29.12|419
25|Jurkiewicz, Sebastian|13|2004|COBRA|Ontario|2018-10-19|HARVEST/AUTUMN INVITATIONAL|29.12|419
27|Liew, Danael|13|2004|CASC|Alberta|2018-10-28|Cascade Speed Meet|29.21|415
28|Prud'Homme, Olivier|13|2005|CNMN|Québec|2019-02-01|Intra club|29.40|407
29|Hu, Haoxi|13|2005|VPSC|British Columbia|2019-01-19|Canadian Dolphin New Years Invitational 2019|29.44|406
30|Lamonde, Ludovic|13|2005|MY|Québec|2018-11-03|Festival provincial par équipe section 5 - Sud|29.48|404
31|Wang, Joseph|13|2005|SKSC|British Columbia|2019-06-08|Knights June Jamboree 2019|29.49|403
32|Caruso, Thomas|13|2005|KISU|British Columbia|2018-12-15|26th Annual MJB Law Classic SCM|29.50|403
33|Davis, Josh|13|2005|UCRO|Ontario|2018-12-07|Gatineau Grand Prix|29.53|402
34|Lafontaine-Giguère, Laurier|13|2005|NN|Québec|2018-11-03|Festival provincial par équipe section 1|29.54|401
34|Nascimento, Edivaldo|13|2006|GCAC|Ontario|2019-02-03|2019 Western Region SC Champs|29.54|401
36|Zephyr, Yann A.|13|2005|NG|Québec|2018-11-03|Festival provincial par équipe section 1|29.55|401
37|Hulten, Kristofer|13|2005|ISC|British Columbia|2019-01-26|Vancouver Island Regional SC Championships|29.59|399
38|Reimer, Gavin|13|2004|SKIMM|Manitoba|2018-11-17|Bison Sprint IM Invitational|29.68|396
38|Bellis, Keilen|13|2005|HTAC|Nova Scotia|2018-10-14|Age Group Development Meet Fall Series #1|29.68|396
40|Silva Revilla, Adriano|13|2004|MMST|Ontario|2018-10-13|MMST Dash for Cash|29.69|395
41|Zhang, Hao Sheng (Sunny)|13|2005|HYACK|British Columbia|2019-06-08|Knights June Jamboree 2019|29.71|395
42|Tomic, Luka|13|2004|WAAC|Ontario|2018-11-17|Expressway Lincoln Fall Invitational|29.72|394
43|Zhang, Benjamin|13|2005|SAMAK|Québec|2018-11-10|Festival provincial par équipe section 2|29.75|393
44|Vakilha, Sam|13|2005|TSC|Ontario|2018-11-02|NYAC Cup|29.79|391
45|Miao, Richard|13|2004|VAC|Ontario|2018-10-14|2018 Hall of Fame Meet|29.80|391
46|Hiruki, Tadahiro|13|2005|VPSC|British Columbia|2018-10-28|VPSC Fall Invitational|29.86|389
47|Chickee, Owen|13|2005|WAC|Ontario|2018-11-11|2018 Age Group International SC|29.89|387
48|Vilchez, Jordi|13|2005|BTSC|Ontario|2019-01-12|2019 Etobicoke A-B Meet|29.92|386
49|Wigginton, Lorne|13|2005|UCSC|Alberta|2019-06-21|UCSC Team Champs|29.99|384
49|Seo, Joohyeok|13|2005|SJL|Newfoundland|2018-12-08|Invitation Provinciale AA-AAA Pointe-Claire 2018|29.99|384