RANK|ATHLETES|AGE|YOB|CLUB|PROVINCE|DATE|MEET|TIME|FINA
1|Huang, Peter|13|2005|HYACK|British Columbia|2018-11-10|2018 Brad Reid Memorial Invitational|16:35.48|618
2|Malakhovets, Max|13|2005|ESWIM|Ontario|2018-11-08|2018 Age Group International SC|16:47.80|595
3|Zhang, Kevin|13|2005|ESWIM|Ontario|2018-12-20|2018 Trillium Cup|17:17.90|545
4|Dupre, Eric|13|2005|MANTA|Manitoba|2018-12-13|ManSask Championships Short Course Open Championships|17:18.38|544
5|Chernomorchenko, Sergey|13|2005|PSW|British Columbia|2019-01-13|2019 Hyack Icebreaker Classic|17:26.88|531
6|Stojanovic, Jacob|13|2005|COBRA|Ontario|2019-01-11|2019 Etobicoke A-B Meet|17:29.18|528
7|Allen, Isaac|13|2005|WS|Ontario|2018-11-30|2018 Union Cup|17:30.85|525
8|Gonzalez Barboza, Sebastian|13|2005|CAMO|Québec|2018-11-04|Festival provincial par équipe section 1|17:33.55|521
9|Vandersteen, Torren|13|2005|TRIT|Alberta|2018-12-13|JP Fiset Invitational|17:34.83|519
10|Arnatt, Griffin|13|2005|UVPCS|British Columbia|2019-01-25|Vancouver Island Regional SC Championships|17:40.00|512
11|Hume, James|13|2005|CHENA|British Columbia|2019-01-26|Chena Distance Meet 2019|17:44.68|505
12|Desjardins, Olivier|13|2005|HIPPO|Québec|2018-11-11|Festival provincial par équipe section 4|17:49.59|498
13|Haines, Luca|13|2005|ROCS|Ontario|2019-02-03|2019 Eastern Ontario Regional Championships (SC/LC)|17:52.10|494
14|Lamonde, Ludovic|13|2005|MY|Québec|2018-11-04|Festival provincial par équipe section 5 - Sud|17:52.29|494
14|Banta, Jared|13|2005|GCAC|Ontario|2019-04-26|2019 Ontario Team Challenge|17:52.29|494
16|Roos, River|13|2005|RDCSC|Alberta|2018-12-13|JP Fiset Invitational|17:53.97|492
17|BOURBONNAIS, Mathis|13|2005|RIKI|Québec|2019-01-25|Inter-provinciale LMRL 2019|17:54.67|491
18|Gishler, Thomas|13|2005|WGB|Yukon|2019-04-27|2019 Yukon Invitational Championships|18:00.85|483
19|Prud'Homme, Olivier|13|2005|CNMN|Québec|2018-11-04|Festival provincial par équipe section 3|18:01.09|482
20|Halicki, Eryk|13|2005|ESWIM|Ontario|2018-11-08|2018 Age Group International SC|18:03.00|480
21|Opara, Amadi|13|2005|TORCH|Ontario|2018-11-08|2018 Age Group International SC|18:04.01|478
22|Van Maren, Jasper Joost|13|2005|UVPCS|British Columbia|2019-08-03|Mid-Summer Madness|18:04.84|477
23|Legault, Justin|13|2005|CASE|Québec|2019-02-22|Championnat provincial groupe d'âge AA d'hiver - section Ouest|18:05.57|476
24|Lambert, Liam|13|2005|CNCI|Québec|2019-01-26|Sag-Lac 2|18:07.25|474
25|Erickson, Aidan|13|2005|LOSC|British Columbia|2018-12-07|16th Annual XMAS Cracker Invitational|18:07.69|473
26|Olthafer, Kiefer|13|2005|CWC|Alberta|2018-12-07|16th Annual XMAS Cracker Invitational|18:07.83|473
27|Nicholson, Owen|13|2005|HTAC|Nova Scotia|2018-12-16|Age Group Development Meet|18:09.78|471
28|Uy, Rowen|13|2005|NYAC|Ontario|2018-12-09|Youth Cup|18:12.04|468
29|Zhang, Hao Sheng (Sunny)|13|2005|HYACK|British Columbia|2019-01-13|2019 Hyack Icebreaker Classic|18:13.80|466
30|Scheffel, Carter|13|2005|BRANT|Ontario|2018-12-16|Team Showdown 2018|18:15.16|464
31|Greenwood, Tyler|13|2005|NEW|Ontario|2019-01-11|2019 Etobicoke A-B Meet|18:15.65|463
32|Brisson, Xavier|13|2005|CNQ|Québec|2018-11-04|Festival provincial par équipe section 1|18:15.87|463
33|Garb, Bruno|13|2005|HAC|Ontario|2019-01-11|2019 Etobicoke A-B Meet|18:18.01|460
34|Lapostolle, Théo|13|2005|PCSC|Québec|2019-02-22|Championnat provincial groupe d'âge AA d'hiver - section Ouest|18:19.87|458
35|Zhou, William Liang|13|2005|OAK|Ontario|2018-12-07|Border City Invitational|18:21.65|456
36|Raume, Jordan|13|2005|COMOX|British Columbia|2018-11-10|ISC 2018 Bennett Cup|18:22.30|455
37|Van Niekerk, Ruben|13|2005|OAK|Ontario|2018-12-07|Border City Invitational|18:22.49|455
38|Belkalem, Aymen|13|2004|CNMN|Québec|2018-11-04|Festival provincial par équipe section 3|18:22.67|454
39|Duffy, Edouard|13|2005|CAMO|Québec|2018-11-04|Festival provincial par équipe section 1|18:23.38|454
40|Friesen, Tyler|13|2005|LOSC|British Columbia|2018-12-07|16th Annual XMAS Cracker Invitational|18:25.15|451
41|Plamondon, Léo|13|2005|LAVAL|Québec|2018-12-08|Invitation provinciale AA-AAA Noël + Développement 11-12 ans CAMO|18:26.88|449
42|Richard, Thomas|13|2004|MY|Québec|2018-11-04|Festival provincial par équipe section 5 - Sud|18:28.51|447
43|McMann, Preston|13|2005|NKB|Ontario|2018-11-08|2018 Age Group International SC|18:28.62|447
44|Lee, Eugene|13|2005|TORCH|Ontario|2019-04-05|PICK Rainbow Classic 2019|18:31.07|444
45|Sauvé, Antoine|13|2005|CDNDG|Québec|2018-11-11|Festival provincial par équipe section 4|18:32.06|443
46|Legallais, Tyler|13|2005|DUCKS|Ontario|2019-04-26|2019 Ontario Team Challenge|18:33.36|441
47|Hinov, Alexander|13|2005|ESWIM|Ontario|2018-11-08|2018 Age Group International SC|18:33.73|441
48|Hiruki, Tadahiro|13|2005|VPSC|British Columbia|2019-01-18|Canadian Dolphin New Years Invitational 2019|18:34.02|441
49|Hou, Jeffrey|13|2005|ESWIM|Ontario|2019-01-11|2019 Etobicoke A-B Meet|18:34.55|440
50|Morneau, Alexis|13|2005|MY|Québec|2019-06-30|Championnat provincial groupe d'âge AA d'été - section Est|18:36.49|438