RANK|ATHLETES|AGE|YOB|CLUB|PROVINCE|DATE|MEET|TIME|FINA
1|Huang, Peter|13|2005|HYACK|British Columbia|2019-02-22|Winter Age Group Championships|58.17|564
2|Zhang, Kevin|13|2005|ESWIM|Ontario|2019-02-16|2019 Ontario Winter Festival Championships|59.75|521
3|Malakhovets, Max|13|2005|ESWIM|Ontario|2018-12-22|2018 Trillium Cup|1:00.75|495
4|Vandersteen, Torren|13|2005|TRIT|Alberta|2018-12-15|JP Fiset Invitational|1:01.50|477
5|Yeom, Ju Hyun|13|2005|PSW|British Columbia|2018-11-11|2018 Brad Reid Memorial Invitational|1:01.60|475
6|Isla Vera, Tomas Felipe|13|2005|HAC|Ontario|2018-10-13|2018 Hall of Fame Meet|1:01.83|470
6|Chernomorchenko, Sergey|13|2005|PSW|British Columbia|2018-10-13|PSW Fall Invitational|1:01.83|470
8|Stojanovic, Jacob|13|2005|COBRA|Ontario|2018-12-01|Neptune International (CSPO 25m)|1:01.85|469
9|Dongfang, Bill|13|2005|UVPCS|British Columbia|2019-01-27|Vancouver Island Regional SC Championships|1:02.10|464
10|Skalenda, Charlie|13|2004|TSC|Ontario|2018-10-20|Downtown Sprint Meet|1:02.18|462
11|Hiruki, Tadahiro|13|2005|VPSC|British Columbia|2019-06-21|SUMMER AGE GROUP CHAMPIONSHIPS|1:02.28|460
12|Wong, Nathan|13|2005|NCSA|Alberta|2019-02-10|NCSA John Timmermans Memorial Invitational 2019|1:02.45|456
13|He, Mingjun|13|2004|RAPID|British Columbia|2018-12-16|Rapids Fast-Swim Classic|1:02.46|456
14|Park, Lucas|13|2004|CREST|Ontario|2018-11-10|2018 Age Group International SC|1:02.66|451
15|Butler, Addison|13|2005|CASC|Alberta|2018-11-18|KSC SC Invitational 2018|1:02.71|450
16|Ginzburg, Eric|13|2004|RAMAC|Ontario|2018-11-10|2018 Age Group International SC|1:02.85|447
17|Allen, Isaac|13|2005|WS|Ontario|2018-11-30|2018 Union Cup|1:02.86|447
18|Senc-Samardzic, Filip|13|2005|TSC|Ontario|2018-12-09|Border City Invitational|1:03.01|444
19|Hu, Haoxi|13|2005|VPSC|British Columbia|2019-06-21|SUMMER AGE GROUP CHAMPIONSHIPS|1:03.28|438
20|Harris, Aiden|13|2005|ESWIM|Ontario|2019-01-13|2019 Etobicoke A-B Meet|1:03.32|437
21|Nguyen, Minh|13|2004|OSC|Alberta|2018-10-26|Cascade Speed Meet|1:03.35|437
22|Visscher, Hayden|13|2005|OSC|Alberta|2019-01-20|Blue Bears 2019|1:03.77|428
23|Xie, Andrew|13|2005|CSLA|Québec|2018-11-11|Festival provincial par équipe section 2|1:03.86|426
24|Scholtz, Ernst|13|2005|OAK|Ontario|2018-11-04|NYAC Cup|1:03.90|425
25|Luis, Jordan|13|2005|CDSC|British Columbia|2019-02-22|Winter Age Group Championships|1:04.07|422
26|Lang, Owen|13|2005|CONNU|British Columbia|2018-12-15|JP Fiset Invitational|1:04.21|419
26|Bouchard, Charles-Olivier|13|2005|GO|Ontario|2018-12-08|Gatineau Grand Prix|1:04.21|419
28|Li, Derek|13|2005|CDSC|British Columbia|2019-02-22|Winter Age Group Championships|1:04.31|417
29|Halicki, Eryk|13|2005|ESWIM|Ontario|2019-02-16|2019 Ontario Winter Festival Championships|1:04.40|416
30|Domingo, Robin|13|2004|WTSC|Nova Scotia|2018-12-15|Age Group Development Meet|1:04.43|415
31|Zhang, Hao Sheng (Sunny)|13|2005|HYACK|British Columbia|2019-06-21|SUMMER AGE GROUP CHAMPIONSHIPS|1:04.48|414
32|Davis, Josh|13|2005|UCRO|Ontario|2018-12-08|Gatineau Grand Prix|1:04.53|413
33|Sortland, Connor|13|2006|UCSC|Alberta|2019-07-13|UCSC Western Finale|1:04.60|412
34|Gonzalez Barboza, Sebastian|13|2005|CAMO|Québec|2018-12-07|Invitation provinciale AA-AAA Noël + Développement 11-12 ans CAMO|1:04.63|411
35|Wigginton, Lorne|13|2005|UCSC|Alberta|2019-07-13|UCSC Western Finale|1:04.66|411
36|Kartoglu, Baris|13|2005|LAC|Ontario|2019-02-01|2019 Western Region SC Champs|1:04.73|409
37|Khan, Yaseen|13|2004|TORCH|Ontario|2018-10-14|MAC Fall Fest Invitational|1:04.80|408
38|Liew, Danael|13|2004|CASC|Alberta|2018-11-18|KSC SC Invitational 2018|1:04.84|407
39|Omielan, Glen|13|2004|PCSC|Québec|2018-12-07|Invitation Provinciale AA-AAA Pointe-Claire 2018|1:04.92|406
40|Tomic, Luka|13|2004|WAAC|Ontario|2018-11-18|Expressway Lincoln Fall Invitational|1:04.99|404
41|Lambert, Liam|13|2005|CNCI|Québec|2018-12-09|Défi Nez-Rouge 2018|1:05.27|399
41|Vakilha, Sam|13|2005|TSC|Ontario|2018-11-04|NYAC Cup|1:05.27|399
43|Govier, Tristan|13|2006|VPSC|British Columbia|2019-06-21|SUMMER AGE GROUP CHAMPIONSHIPS|1:05.32|398
44|Viloria, Marcus Hugo|13|2006|DELTA|British Columbia|2019-06-21|SUMMER AGE GROUP CHAMPIONSHIPS|1:05.43|396
45|Plamondon, Léo|13|2005|LAVAL|Québec|2018-12-07|Invitation provinciale AA-AAA Noël + Développement 11-12 ans CAMO|1:05.45|396
46|Wang, Joseph|13|2005|SKSC|British Columbia|2019-07-28|SKSC Summer Fest|1:05.46|396
47|Robertson, Lucas|13|2005|NG|Québec|2018-11-04|Festival provincial par équipe section 1|1:05.48|395
48|Zwirz, Tyler|13|2005|BBF|Québec|2019-02-24|Championnat provincial groupe d'âge AA d'hiver - section Ouest|1:05.93|387
49|Lamonde, Ludovic|13|2005|MY|Québec|2018-11-04|Festival provincial par équipe section 5 - Sud|1:06.15|383
50|Kaul, Piyush|13|2005|LOSC|British Columbia|2019-02-22|Winter Age Group Championships|1:06.16|383