RANK|ATHLETES|AGE|YOB|CLUB|PROVINCE|DATE|MEET|TIME|FINA
1|Stojanovic, Jacob|13|2005|COBRA|Ontario|2019-01-13|2019 Etobicoke A-B Meet|28.91|454
2|Rogers, Lochlan|13|2005|RAC|British Columbia|2019-01-25|Vancouver Island Regional SC Championships|29.06|447
3|Butler, Addison|13|2005|CASC|Alberta|2018-12-15|JP Fiset Invitational|29.15|442
4|Farzadeh, Iden|13|2005|VPSC|British Columbia|2019-06-23|SUMMER AGE GROUP CHAMPIONSHIPS|29.52|426
5|Nguyen, Minh|13|2004|OSC|Alberta|2018-10-27|Cascade Speed Meet|29.53|426
6|Wang, Joseph|13|2005|SKSC|British Columbia|2019-06-21|SUMMER AGE GROUP CHAMPIONSHIPS|29.57|424
7|Luis, Jordan|13|2005|CDSC|British Columbia|2018-12-09|Invitation Provinciale AA-AAA Pointe-Claire 2018|29.64|421
7|Scholly, Ashton|13|2004|AMAC|Alberta|2018-12-14|JP Fiset Invitational|29.64|421
9|Kaul, Piyush|13|2005|LOSC|British Columbia|2019-02-22|Winter Age Group Championships|29.66|420
10|Low, Jean-Paul|13|2005|RAPID|British Columbia|2018-12-07|Rapids TT #1|29.67|420
10|Zhang, Charles|13|2004|MAC|Ontario|2018-11-04|NYAC Cup|29.67|420
12|Huang, Peter|13|2005|HYACK|British Columbia|2018-10-27|VPSC Fall Invitational|29.68|419
13|Lackovic, Alexandar|13|2005|WEST|Ontario|2019-02-17|2019 Ontario Winter Festival Championships|29.78|415
14|Park, Lucas|13|2004|CREST|Ontario|2018-12-09|Border City Invitational|29.86|412
15|Liew, Danael|13|2004|CASC|Alberta|2018-11-17|KSC SC Invitational 2018|29.96|407
16|Wong, Nathan|13|2005|NCSA|Alberta|2019-02-10|NCSA John Timmermans Memorial Invitational 2019|30.05|404
17|Ginzburg, Eric|13|2004|RAMAC|Ontario|2018-11-09|2018 Age Group International SC|30.14|400
18|He, Mingjun|13|2004|RAPID|British Columbia|2018-11-10|ISC 2018 Bennett Cup|30.19|398
19|Boddy, Ethan|13|2005|BTSC|Ontario|2019-01-13|2019 Etobicoke A-B Meet|30.21|397
20|Chen, Albert|13|2005|VPSC|British Columbia|2019-02-24|Winter Age Group Championships|30.22|397
20|Arnatt, Griffin|13|2005|UVPCS|British Columbia|2019-01-27|Vancouver Island Regional SC Championships|30.22|397
22|Zephyr, Yann A.|13|2005|NG|Québec|2018-12-07|Gatineau Grand Prix|30.27|395
23|Girardi, Jack|13|2005|SR|Ontario|2018-12-09|Border City Invitational|30.39|390
24|Chernomorchenko, Sergey|13|2005|PSW|British Columbia|2019-01-12|2019 Hyack Icebreaker Classic|30.43|389
25|Mesic, Mateja|13|2005|WAC|Ontario|2019-02-01|2019 Western Region SC Champs|30.45|388
25|Harris, Aiden|13|2005|ESWIM|Ontario|2019-02-17|2019 Ontario Winter Festival Championships|30.45|388
27|Tomic, Luka|13|2004|WAAC|Ontario|2018-10-27|Joe Kerkhoven Memorial Walker Invitational|30.47|387
28|Chan, Cameron|13|2004|OSC|Alberta|2018-10-27|Cascade Speed Meet|30.58|383
29|Malakhovets, Max|13|2005|ESWIM|Ontario|2018-10-13|2018 Hall of Fame Meet|30.65|381
30|Isla Vera, Tomas Felipe|13|2005|HAC|Ontario|2018-10-13|2018 Hall of Fame Meet|30.66|380
31|Hiruki, Tadahiro|13|2005|VPSC|British Columbia|2019-06-21|SUMMER AGE GROUP CHAMPIONSHIPS|30.71|378
32|Visscher, Hayden|13|2005|OSC|Alberta|2018-12-14|JP Fiset Invitational|30.72|378
33|Miao, Richard|13|2004|VAC|Ontario|2018-11-03|OSHAC Fall Invitational|30.83|374
33|Breton, Jonathan|13|2005|RL|Québec|2018-12-09|Défi Nez-Rouge 2018|30.83|374
35|Mamer, Jacob|13|2005|GOLD|Saskatchewan|2018-12-16|ManSask Championships Short Course Open Championships|30.88|372
36|Lafontaine-Giguère, Laurier|13|2005|NN|Québec|2018-11-02|Festival provincial par équipe section 1|30.89|372
37|Van Niekerk, Ruben|13|2005|OAK|Ontario|2018-12-09|Border City Invitational|30.92|371
38|LAVOIE-MILL, Rémi|13|2005|RIKI|Québec|2019-06-09|Finale régionale|30.98|368
39|Duncan, Nicholas|13|2006|UCSC|Alberta|2019-07-13|UCSC Western Finale|31.01|367
40|Sutcliffe, Liam|13|2005|NG|Québec|2019-02-24|Championnat provincial groupe d'âge AA d'hiver - section Ouest|31.15|362
41|Roukema, Astin|13|2005|SAMAK|Québec|2018-11-09|Festival provincial par équipe section 2|31.23|360
42|Xie, Andrew|13|2005|CSLA|Québec|2018-12-09|Invitation provinciale des fêtes CSLA|31.24|359
43|Hinov, Alexander|13|2005|ESWIM|Ontario|2018-11-11|2018 Age Group International SC|31.25|359
44|Allen, Isaac|13|2005|WS|Ontario|2018-10-14|ROC vs WD Dual in the Pool|31.27|358
45|ST-LAURENT, Renaud|13|2005|RIKI|Québec|2018-12-09|Défi Nez-Rouge 2018|31.35|356
45|Pham, Alan|13|2005|SKSC|British Columbia|2019-06-21|SUMMER AGE GROUP CHAMPIONSHIPS|31.35|356
47|Viloria, Marcus Hugo|13|2006|DELTA|British Columbia|2019-06-23|SUMMER AGE GROUP CHAMPIONSHIPS|31.38|355
48|Dahlstrom, Ty|13|2005|DST|British Columbia|2019-03-02|Spring Invitational|31.42|353
49|Guan, Matthew|13|2005|RAPID|British Columbia|2019-02-24|Winter Age Group Championships|31.45|352
50|Russell, Keaton|13|2004|KAJ|British Columbia|2018-10-14|KISU Triple Pentathlon 2018|31.58|348