RANK|ATHLETES|AGE|YOB|CLUB|PROVINCE|DATE|MEET|TIME|FINA
1|Butler, Addison|13|2005|CASC|Alberta|2018-12-16|JP Fiset Invitational|2:27.27|546
2|Hume, James|13|2005|CHENA|British Columbia|2018-11-11|2018 Brad Reid Memorial Invitational|2:28.59|532
3|Zhang, Hao Sheng (Sunny)|13|2005|HYACK|British Columbia|2019-02-24|Winter Age Group Championships|2:29.54|522
4|Hulten, Kristofer|13|2005|ISC|British Columbia|2019-02-24|Winter Age Group Championships|2:29.60|521
5|St-Louis, Vincent|13|2004|SHER|Québec|2018-11-30|Neptune International (CSPO 25m)|2:31.38|503
6|wang, marshal|13|2005|RHSD|Ontario|2019-02-16|2019 Ontario Winter Festival Championships|2:31.80|499
7|Chernomorchenko, Sergey|13|2005|PSW|British Columbia|2018-12-16|Rapids Fast-Swim Classic|2:32.80|489
8|Visscher, Hayden|13|2005|OSC|Alberta|2018-12-16|JP Fiset Invitational|2:33.86|479
9|Hinov, Alexander|13|2005|ESWIM|Ontario|2019-02-16|2019 Ontario Winter Festival Championships|2:33.99|478
10|Liu, Andrew|13|2005|BORC|Ontario|2018-12-10|Invitation provinciale AA-AAA Noël + Développement 11-12 ans CAMO|2:34.69|471
11|Halicki, Eryk|13|2005|ESWIM|Ontario|2019-02-16|2019 Ontario Winter Festival Championships|2:34.73|471
12|Malakhovets, Max|13|2005|ESWIM|Ontario|2018-12-21|2018 Trillium Cup|2:35.22|467
13|Harris, Aiden|13|2005|ESWIM|Ontario|2019-01-13|2019 Etobicoke A-B Meet|2:36.61|454
14|Haines, Luca|13|2005|ROCS|Ontario|2018-12-08|Invitation Provinciale AA-AAA Pointe-Claire 2018|2:36.62|454
15|Tang, Nathan|13|2004|GCAC|Ontario|2018-10-21|HARVEST/AUTUMN INVITATIONAL|2:36.81|453
16|Huang, Rick|13|2005|RHAC|Ontario|2018-11-04|Newmarket Stingrays Fall Invitational|2:36.97|451
17|Park, Lucas|13|2004|CREST|Ontario|2018-11-11|2018 Age Group International SC|2:36.99|451
18|Thomas, Nathan|13|2005|PCSC|Québec|2019-02-23|Championnat provincial groupe d'âge AA d'hiver - section Ouest|2:37.12|450
19|Behr, Mathis|13|2005|HIPPO|Québec|2019-02-23|Championnat provincial groupe d'âge AA d'hiver - section Est|2:37.22|449
20|HISLOP, PHOENIX|13|2005|SFNV|British Columbia|2019-06-23|SUMMER AGE GROUP CHAMPIONSHIPS|2:37.25|449
21|Liew, Danael|13|2004|CASC|Alberta|2018-11-16|KSC SC Invitational 2018|2:37.27|449
22|Pan, Kane|13|2006|HYACK|British Columbia|2019-07-28|SKSC Summer Fest|2:37.67|445
23|Uy, Rowen|13|2005|NYAC|Ontario|2018-12-08|Youth Cup|2:37.90|443
24|Rogers, Lochlan|13|2005|RAC|British Columbia|2018-11-09|ISC 2018 Bennett Cup|2:38.14|441
25|Zhang, Ruo Chen|13|2004|MST~|Ontario|2018-12-08|Youth Cup|2:38.27|440
26|Zhang, Charles|13|2004|MAC|Ontario|2018-11-02|NYAC Cup|2:38.63|437
27|To, Isaac|13|2005|KSC|Alberta|2018-12-16|JP Fiset Invitational|2:38.80|436
28|Liu, Leo (Yangjingwei)|13|2005|WVOSC|British Columbia|2019-02-24|Winter Age Group Championships|2:38.90|435
29|Allen, Isaac|13|2005|WS|Ontario|2018-12-01|2018 Union Cup|2:39.06|434
30|Omielan, Glen|13|2004|PCSC|Québec|2018-12-08|Invitation Provinciale AA-AAA Pointe-Claire 2018|2:39.24|432
31|Wong, Zachary|13|2005|WSC|British Columbia|2019-02-24|Winter Age Group Championships|2:40.02|426
32|Banta, Jared|13|2005|GCAC|Ontario|2019-02-16|2019 Ontario Winter Festival Championships|2:40.58|421
33|Choi, Ryan|13|2005|HYACK|British Columbia|2019-06-23|SUMMER AGE GROUP CHAMPIONSHIPS|2:40.82|420
34|Trinh, Theodore|13|2005|VPSC|British Columbia|2018-12-16|JP Fiset Invitational|2:40.93|419
35|Verjee, Jett|13|2005|UCSC|Alberta|2018-12-16|JP Fiset Invitational|2:41.35|415
36|Li, Derek|13|2005|CDSC|British Columbia|2019-02-24|Winter Age Group Championships|2:41.36|415
37|Mansour, Adam|13|2005|OAK|Ontario|2018-12-08|Youth Cup|2:41.82|412
38|Matteis, Quinn|13|2004|CYPS|Ontario|2018-10-28|Joe Kerkhoven Memorial Walker Invitational|2:41.95|411
39|Zhang, Kevin|13|2005|ESWIM|Ontario|2018-12-21|2018 Trillium Cup|2:42.17|409
40|Senc-Samardzic, Filip|13|2005|TSC|Ontario|2018-11-02|NYAC Cup|2:42.29|408
41|Wigginton, Lorne|13|2005|UCSC|Alberta|2019-07-14|UCSC Western Finale|2:42.31|408
42|Okugawa, Kosei|13|2005|SCAR|Ontario|2018-12-09|Border City Invitational|2:42.35|408
43|Huang, Kevin|13|2005|CALAC|Québec|2019-02-23|Championnat provincial groupe d'âge AA d'hiver - section Ouest|2:42.49|407
44|Raume, Jordan|13|2005|COMOX|British Columbia|2018-12-09|16th Annual XMAS Cracker Invitational|2:42.52|406
45|Lepage, Keegan|13|2005|NCA|Ontario|2019-02-02|Dave Kensit Memorial SC Championship|2:42.63|406
45|Black, Nikolas|13|2005|TBT|Ontario|2018-12-08|Youth Cup|2:42.63|406
47|Lee, Tyler|13|2005|VPSC|British Columbia|2018-12-16|JP Fiset Invitational|2:42.75|405
48|Onur, Sinan|13|2005|PCSC|Québec|2019-02-23|Championnat provincial groupe d'âge AA d'hiver - section Ouest|2:42.79|404
49|Lebel, Yehonatan|13|2005|TSC|Ontario|2018-12-09|Border City Invitational|2:43.01|403
50|Ilchenko, Constantine|13|2005|MANTA|Manitoba|2018-12-14|ManSask Championships Short Course Open Championships|2:43.15|402