RANK|ATHLETES|AGE|YOB|CLUB|PROVINCE|DATE|MEET|TIME|FINA
1|Matteis, Quinn|13|2004|CYPS|Ontario|2018-11-23|LAC - Nothers Fall Invitational|8:43.23|608
2|Malakhovets, Max|13|2005|ESWIM|Ontario|2019-01-11|2019 Etobicoke A-B Meet|8:43.43|607
3|Huang, Peter|13|2005|HYACK|British Columbia|2018-11-09|2018 Brad Reid Memorial Invitational|8:47.74|593
4|Zhang, Kevin|13|2005|ESWIM|Ontario|2019-01-11|2019 Etobicoke A-B Meet|9:00.71|551
5|Chernomorchenko, Sergey|13|2005|PSW|British Columbia|2018-11-09|2018 Brad Reid Memorial Invitational|9:01.25|549
6|Stewart-Beinder, Luke|13|2004|LOSC|British Columbia|2018-11-10|November 2018 800/1500 Time Trial|9:03.04|544
7|Harris, Aiden|13|2005|ESWIM|Ontario|2018-12-20|2018 Trillium Cup|9:05.02|538
8|Dupre, Eric|13|2005|MANTA|Manitoba|2018-12-15|ManSask Championships Short Course Open Championships|9:12.71|516
9|Boddy, Ethan|13|2005|BTSC|Ontario|2019-01-11|2019 Etobicoke A-B Meet|9:13.98|512
10|Allen, Isaac|13|2005|WS|Ontario|2018-11-11|42nd Cindy Nicholas Invitational|9:14.45|511
11|Powalowski, Mateusz|13|2006|MSSAC|Ontario|2019-02-16|2019 Ontario Winter Festival Championships|9:15.41|508
12|Prud'Homme, Olivier|13|2005|CNMN|Québec|2018-11-23|Invitation provinciale de Montréal-Nord|9:16.02|507
13|Opara, Amadi|13|2005|TORCH|Ontario|2019-02-16|2019 Ontario Winter Festival Championships|9:18.49|500
14|Park, Lucas|13|2004|CREST|Ontario|2018-12-07|Border City Invitational|9:18.98|499
15|Dongfang, Bill|13|2005|UVPCS|British Columbia|2019-01-25|Vancouver Island Regional SC Championships|9:20.00|496
16|Garb, Bruno|13|2005|HAC|Ontario|2019-02-16|2019 Ontario Winter Festival Championships|9:21.03|493
17|Kryger, Matthew|13|2004|GCAC|Ontario|2018-11-02|2018 BAD Fall Invitational|9:21.05|493
18|Butler, Addison|13|2005|CASC|Alberta|2019-01-18|Pugsley's Plunge 2019|9:22.41|490
19|Erickson, Aidan|13|2005|LOSC|British Columbia|2019-01-18|Canadian Dolphin New Years Invitational 2019|9:23.04|488
20|Sykes, Benji|13|2005|PICK|Ontario|2019-02-16|2019 Ontario Winter Festival Championships|9:23.82|486
21|Roos, River|13|2005|RDCSC|Alberta|2019-01-18|Blue Bears 2019|9:23.85|486
22|Omielan, Glen|13|2004|PCSC|Québec|2018-12-06|Invitation Provinciale AA-AAA Pointe-Claire 2018|9:24.11|485
23|Banta, Jared|13|2005|GCAC|Ontario|2019-02-16|2019 Ontario Winter Festival Championships|9:24.92|483
24|Scheffel, Carter|13|2005|BRANT|Ontario|2019-02-16|2019 Ontario Winter Festival Championships|9:25.64|481
25|Poulin, Luke|13|2005|UVPCS|British Columbia|2019-08-04|Mid-Summer Madness|9:27.28|477
26|Zhou, William Liang|13|2005|OAK|Ontario|2019-02-16|2019 Ontario Winter Festival Championships|9:28.26|475
27|Halicki, Eryk|13|2005|ESWIM|Ontario|2018-12-20|2018 Trillium Cup|9:28.72|473
28|Lamonde, Ludovic|13|2005|MY|Québec|2018-10-19|Défi MY #1|9:28.81|473
29|Desjardins, Olivier|13|2005|HIPPO|Québec|2018-12-16|Invitation Provinciale des fêtes avec épreuves Ho! Ho! Eau Libre|9:28.89|473
30|Haines, Luca|13|2005|ROCS|Ontario|2019-02-02|2019 Eastern Ontario Regional Championships (SC/LC)|9:29.83|471
31|Vandersteen, Torren|13|2005|TRIT|Alberta|2019-01-18|Blue Bears 2019|9:29.93|470
32|Yan, Andrew|13|2005|NKB|Ontario|2019-02-16|2019 Ontario Winter Festival Championships|9:30.90|468
33|Purdy, Nicholas|13|2006|NG|Québec|2019-06-28|Championnat provincial groupe d'âge AA d'été - Ouest|9:31.28|467
34|Baraniak, Matthew|13|2005|ESWIM|Ontario|2019-02-16|2019 Ontario Winter Festival Championships|9:31.62|466
35|Uy, Rowen|13|2005|NYAC|Ontario|2018-11-04|NYAC Cup|9:34.05|460
36|Olthafer, Kiefer|13|2005|CWC|Alberta|2019-03-02|Provincials - Short Course|9:35.57|457
37|Scholtz, Ernst|13|2005|OAK|Ontario|2018-11-04|NYAC Cup|9:35.59|457
38|Scholly, Ashton|13|2004|AMAC|Alberta|2018-11-17|Skin Technologies Marlin Marquee Invitational|9:35.69|456
39|Nicholson, Owen|13|2005|HTAC|Nova Scotia|2018-12-14|Age Group Development Meet|9:35.70|456
40|Friesen, Tyler|13|2005|LOSC|British Columbia|2019-01-18|Canadian Dolphin New Years Invitational 2019|9:36.67|454
41|Lepage, Keegan|13|2005|NCA|Ontario|2019-02-01|Dave Kensit Memorial SC Championship|9:39.36|448
42|Rutherford-Parish, Emerson|13|2005|GHAC|Ontario|2019-01-31|2019 Western Region SC Champs|9:39.47|448
43|Harvie, David|13|2005|PICK|Ontario|2019-02-16|2019 Ontario Winter Festival Championships|9:39.57|447
44|Vilchez, Jordi|13|2005|BTSC|Ontario|2019-01-11|2019 Etobicoke A-B Meet|9:39.86|447
45|BOURBONNAIS, Mathis|13|2005|RIKI|Québec|2018-10-20|Régionale 1 RDL 20 octobre|9:39.92|447
46|Van Niekerk, Ruben|13|2005|OAK|Ontario|2018-12-07|Border City Invitational|9:39.94|446
47|Zhang, Charles|13|2004|MAC|Ontario|2018-11-04|NYAC Cup|9:40.60|445
48|Luis, Jordan|13|2005|CDSC|British Columbia|2019-01-18|Canadian Dolphin New Years Invitational 2019|9:41.13|444
49|Raume, Jordan|13|2005|COMOX|British Columbia|2019-01-25|Vancouver Island Regional SC Championships|9:41.39|443
50|Hinov, Alexander|13|2005|ESWIM|Ontario|2018-12-20|2018 Trillium Cup|9:41.98|442