RANK|ATHLETES|AGE|YOB|CLUB|PROVINCE|DATE|MEET|TIME|FINA
1|Huang, Peter|13|2005|HYACK|British Columbia|2019-02-22|Winter Age Group Championships|1:57.05|611
2|Malakhovets, Max|13|2005|ESWIM|Ontario|2019-02-16|2019 Ontario Winter Festival Championships|1:59.01|582
3|Scholtz, Ernst|13|2005|OAK|Ontario|2018-12-07|Youth Cup|2:00.91|555
4|Stojanovic, Jacob|13|2005|COBRA|Ontario|2019-02-16|2019 Ontario Winter Festival Championships|2:01.07|552
5|Rogers, Lochlan|13|2005|RAC|British Columbia|2018-12-07|16th Annual XMAS Cracker Invitational|2:01.62|545
6|Matteis, Quinn|13|2004|CYPS|Ontario|2018-11-24|LAC - Nothers Fall Invitational|2:01.78|543
7|Butler, Addison|13|2005|CASC|Alberta|2019-01-19|Pugsley's Plunge 2019|2:01.90|541
8|Chernomorchenko, Sergey|13|2005|PSW|British Columbia|2018-12-14|Rapids Fast-Swim Classic|2:01.97|540
9|Park, Lucas|13|2004|CREST|Ontario|2018-11-09|2018 Age Group International SC|2:02.17|538
10|Dongfang, Bill|13|2005|UVPCS|British Columbia|2019-01-26|Vancouver Island Regional SC Championships|2:02.37|535
11|Senc-Samardzic, Filip|13|2005|TSC|Ontario|2018-11-04|NYAC Cup|2:03.63|519
12|Werner Enns, Kadin|13|2005|CASC|Alberta|2018-10-26|Cascade Speed Meet|2:03.64|519
13|Harris, Aiden|13|2005|ESWIM|Ontario|2019-01-13|2019 Etobicoke A-B Meet|2:03.65|519
14|Luis, Jordan|13|2005|CDSC|British Columbia|2019-02-22|Winter Age Group Championships|2:04.17|512
15|Zhang, Kevin|13|2005|ESWIM|Ontario|2019-02-16|2019 Ontario Winter Festival Championships|2:04.33|510
16|Bouchard, Charles-Olivier|13|2005|GO|Ontario|2018-12-07|Gatineau Grand Prix|2:04.61|507
17|Vandersteen, Torren|13|2005|TRIT|Alberta|2018-12-14|JP Fiset Invitational|2:04.74|505
18|Chen, Albert|13|2005|VPSC|British Columbia|2019-06-21|SUMMER AGE GROUP CHAMPIONSHIPS|2:05.15|500
19|Miao, Richard|13|2004|VAC|Ontario|2018-10-14|2018 Hall of Fame Meet|2:05.40|497
20|Chan, Cameron|13|2004|OSC|Alberta|2018-10-13|Oktoberfest|2:05.50|496
21|McMann, Preston|13|2005|NKB|Ontario|2018-12-01|Neptune International (CSPO 25m)|2:05.97|490
22|Johnson, Niall|13|2006|SPART|British Columbia|2019-06-21|SUMMER AGE GROUP CHAMPIONSHIPS|2:06.01|490
23|Farzadeh, Iden|13|2005|VPSC|British Columbia|2019-06-21|SUMMER AGE GROUP CHAMPIONSHIPS|2:06.23|487
24|Erickson, Aidan|13|2005|LOSC|British Columbia|2019-02-22|Winter Age Group Championships|2:06.35|486
25|Sykes, Benji|13|2005|PICK|Ontario|2019-02-16|2019 Ontario Winter Festival Championships|2:06.39|485
26|Friesen, Tyler|13|2005|LOSC|British Columbia|2019-06-21|SUMMER AGE GROUP CHAMPIONSHIPS|2:06.52|484
27|Robertson, Lucas|13|2005|NG|Québec|2018-12-07|Gatineau Grand Prix|2:06.62|483
28|Prud'Homme, Olivier|13|2005|CNMN|Québec|2018-11-03|Festival provincial par équipe section 3|2:06.68|482
29|Arnatt, Griffin|13|2005|UVPCS|British Columbia|2019-01-26|Vancouver Island Regional SC Championships|2:07.21|476
30|Zhao, Jiahui (David)|13|2004|WVOSC|British Columbia|2018-11-10|2018 Brad Reid Memorial Invitational|2:07.52|473
31|Dupre, Eric|13|2005|MANTA|Manitoba|2018-12-16|ManSask Championships Short Course Open Championships|2:07.64|471
32|Scholly, Ashton|13|2004|AMAC|Alberta|2018-12-14|JP Fiset Invitational|2:07.78|470
33|Uy, Rowen|13|2005|NYAC|Ontario|2018-12-07|Youth Cup|2:07.82|469
34|Opara, Amadi|13|2005|TORCH|Ontario|2019-02-16|2019 Ontario Winter Festival Championships|2:07.89|469
35|Stewart-Beinder, Luke|13|2004|LOSC|British Columbia|2018-11-03|LOSC 12th Annual Short Course Invitational|2:08.04|467
36|Halicki, Eryk|13|2005|ESWIM|Ontario|2018-12-07|Invitation Provinciale AA-AAA Pointe-Claire 2018|2:08.12|466
36|Hiruki, Tadahiro|13|2005|VPSC|British Columbia|2018-12-14|JP Fiset Invitational|2:08.12|466
38|Lambert, Liam|13|2005|CNCI|Québec|2018-12-08|Défi Nez-Rouge 2018|2:08.26|465
39|Bertrand, Charles|13|2004|GO|Ontario|2018-11-03|GO Fall Invitational|2:08.31|464
40|Lamonde, Ludovic|13|2005|MY|Québec|2018-12-08|Défi Nez-Rouge 2018|2:08.32|464
41|Boddy, Ethan|13|2005|BTSC|Ontario|2019-01-13|2019 Etobicoke A-B Meet|2:08.44|463
42|BOURBONNAIS, Mathis|13|2005|RIKI|Québec|2019-02-09|Deuxième régionale Est du Québec|2:08.47|462
43|Zhang, Charles|13|2004|MAC|Ontario|2018-11-04|NYAC Cup|2:08.50|462
44|Viloria, Marcus Hugo|13|2006|DELTA|British Columbia|2019-06-21|SUMMER AGE GROUP CHAMPIONSHIPS|2:08.60|461
45|Pham, Alan|13|2005|SKSC|British Columbia|2019-06-21|SUMMER AGE GROUP CHAMPIONSHIPS|2:08.71|460
46|Raume, Jordan|13|2005|COMOX|British Columbia|2018-12-07|16th Annual XMAS Cracker Invitational|2:09.01|456
47|Fast, Ethan|13|2004|ISC|British Columbia|2018-11-10|ISC 2018 Bennett Cup|2:09.10|456
48|Govier, Tristan|13|2006|VPSC|British Columbia|2019-06-21|SUMMER AGE GROUP CHAMPIONSHIPS|2:09.12|455
49|Wong, Nathan|13|2005|NCSA|Alberta|2019-01-19|Pugsley's Plunge 2019|2:09.15|455
50|Gishler, Thomas|13|2005|WGB|Yukon|2019-04-26|2019 Yukon Invitational Championships|2:09.28|454