RANK|ATHLETES|AGE|YOB|CLUB|PROVINCE|DATE|MEET|TIME|FINA
1|Rogers, Lochlan|13|2005|RAC|British Columbia|2018-12-08|16th Annual XMAS Cracker Invitational|54.47|561
2|Stojanovic, Jacob|13|2005|COBRA|Ontario|2019-02-17|2019 Ontario Winter Festival Championships|55.07|543
3|Huang, Peter|13|2005|HYACK|British Columbia|2018-12-09|Youth Cup|55.09|542
4|Malakhovets, Max|13|2005|ESWIM|Ontario|2019-02-17|2019 Ontario Winter Festival Championships|55.34|535
5|Park, Lucas|13|2004|CREST|Ontario|2018-11-11|2018 Age Group International SC|55.48|531
6|Dongfang, Bill|13|2005|UVPCS|British Columbia|2019-01-27|Vancouver Island Regional SC Championships|55.71|524
6|Chan, Cameron|13|2004|OSC|Alberta|2018-10-28|Cascade Speed Meet|55.71|524
8|Ginzburg, Eric|13|2004|RAMAC|Ontario|2018-11-11|2018 Age Group International SC|55.77|523
9|Matteis, Quinn|13|2004|CYPS|Ontario|2018-11-25|LAC - Nothers Fall Invitational|56.08|514
10|Luis, Jordan|13|2005|CDSC|British Columbia|2019-02-23|Winter Age Group Championships|56.12|513
11|McMann, Preston|13|2005|NKB|Ontario|2018-11-11|2018 Age Group International SC|56.37|506
12|Scholtz, Ernst|13|2005|OAK|Ontario|2018-12-09|Youth Cup|56.38|506
13|Butler, Addison|13|2005|CASC|Alberta|2018-10-28|Cascade Speed Meet|56.54|502
14|Farzadeh, Iden|13|2005|VPSC|British Columbia|2019-06-22|SUMMER AGE GROUP CHAMPIONSHIPS|56.65|499
15|Werner Enns, Kadin|13|2005|CASC|Alberta|2018-12-15|JP Fiset Invitational|56.67|498
16|Skalenda, Charlie|13|2004|TSC|Ontario|2018-10-19|Downtown Sprint Meet|56.69|498
17|Miao, Richard|13|2004|VAC|Ontario|2018-10-14|2018 Hall of Fame Meet|56.87|493
18|Stewart-Beinder, Luke|13|2004|LOSC|British Columbia|2018-11-04|LOSC 12th Annual Short Course Invitational|57.11|487
19|wang, marshal|13|2005|RHSD|Ontario|2019-02-17|2019 Ontario Winter Festival Championships|57.24|483
20|Vandersteen, Torren|13|2005|TRIT|Alberta|2018-12-15|JP Fiset Invitational|57.27|483
21|Sykes, Benji|13|2005|PICK|Ontario|2019-02-17|2019 Ontario Winter Festival Championships|57.30|482
22|Liew, Danael|13|2004|CASC|Alberta|2018-11-17|KSC SC Invitational 2018|57.31|482
23|Chernomorchenko, Sergey|13|2005|PSW|British Columbia|2018-10-13|PSW Fall Invitational|57.34|481
24|Chen, Albert|13|2005|VPSC|British Columbia|2018-12-15|JP Fiset Invitational|57.52|476
25|Scholly, Ashton|13|2004|AMAC|Alberta|2018-12-15|JP Fiset Invitational|57.69|472
26|Zhao, Jiahui (David)|13|2004|WVOSC|British Columbia|2018-11-09|2018 Brad Reid Memorial Invitational|57.81|469
27|Allen, Isaac|13|2005|WS|Ontario|2019-01-20|Winter Invitational|57.95|466
28|Cisse, Karim|13|2005|SCAR|Ontario|2019-02-17|2019 Ontario Winter Festival Championships|57.97|465
29|Arnatt, Griffin|13|2005|UVPCS|British Columbia|2019-01-27|Vancouver Island Regional SC Championships|58.05|463
29|Zhang, Hao Sheng (Sunny)|13|2005|HYACK|British Columbia|2019-06-22|SUMMER AGE GROUP CHAMPIONSHIPS|58.05|463
31|Isla Vera, Tomas Felipe|13|2005|HAC|Ontario|2018-10-14|2018 Hall of Fame Meet|58.15|461
32|Hu, Haoxi|13|2005|VPSC|British Columbia|2019-06-22|SUMMER AGE GROUP CHAMPIONSHIPS|58.22|459
33|Lang, Owen|13|2005|CONNU|British Columbia|2018-12-15|JP Fiset Invitational|58.37|456
34|Bouchard, Charles-Olivier|13|2005|GO|Ontario|2018-12-09|Gatineau Grand Prix|58.41|455
35|Nguyen, Minh|13|2004|OSC|Alberta|2018-10-28|Cascade Speed Meet|58.46|454
36|Prud'Homme, Olivier|13|2005|CNMN|Québec|2019-02-01|Intra club|58.48|453
37|Xia, Winters|13|2004|ESWIM|Ontario|2018-10-14|2018 Hall of Fame Meet|58.59|451
38|Zhang, Kevin|13|2005|ESWIM|Ontario|2019-02-17|2019 Ontario Winter Festival Championships|58.65|449
39|Wigginton, Lorne|13|2005|UCSC|Alberta|2019-07-14|UCSC Western Finale|58.67|449
40|Senc-Samardzic, Filip|13|2005|TSC|Ontario|2018-10-19|Downtown Sprint Meet|58.75|447
41|Halicki, Eryk|13|2005|ESWIM|Ontario|2019-02-17|2019 Ontario Winter Festival Championships|58.87|444
42|He, Mingjun|13|2004|RAPID|British Columbia|2018-11-09|ISC 2018 Bennett Cup|58.91|443
43|Jurkiewicz, Sebastian|13|2004|COBRA|Ontario|2018-10-20|HARVEST/AUTUMN INVITATIONAL|58.94|443
44|Wang, Joseph|13|2005|SKSC|British Columbia|2019-06-22|SUMMER AGE GROUP CHAMPIONSHIPS|58.99|442
45|Wong, Nathan|13|2005|NCSA|Alberta|2019-01-19|Pugsley's Plunge 2019|59.01|441
46|Zhu, Remington|13|2004|RHAC|Ontario|2018-11-23|Alex Baumann Invitational|59.05|440
47|Lackovic, Alexandar|13|2005|WEST|Ontario|2019-01-20|Seal Meet #4 2019|59.09|439
48|Narine Singh, Tulsie (Akash)|13|2005|SCAR|Ontario|2019-04-28|2019 Ontario Team Challenge|59.13|439
49|Pierre François, Angel|13|2005|BLUE|Québec|2019-02-23|Championnat provincial groupe d'âge AA d'hiver - section Est|59.14|438
50|Davis, Josh|13|2005|UCRO|Ontario|2018-12-09|Gatineau Grand Prix|59.16|438