RANK|AGES|CLUB|TEAM|PROVINCE|DATE|MEET|TIME|FINA
1|13 - 13|Etobicoke Swim Club|ESWIMA|Ontario|2019-02-17|2019 Ontario Winter Festival Championships|1:55.95|475
2|13 - 13|Vancouver Pacific Swim Club|VPSC A|British Columbia|2018-12-15|Winter Age Group Championships|1:57.40|458
3|13 - 13|Vancouver Pacific Swim Club|VPSC B|British Columbia|2019-02-22|Winter Age Group Championships|2:01.42|414
4|13 - 13|UVic Pacific Coast Swimming|UVPCSA|British Columbia|2019-01-25|Winter Age Group Championships|2:02.05|407
5|13 - 13|Scarborough Swim Club|SCAR A|Ontario|2019-02-17|2019 Ontario Winter Festival Championships|2:02.42|404
6|13 - 13|Cascade Swim Club|CASC B|Alberta|2018-10-26|Cascade Speed Meet|2:02.52|403
7|13 - 13|Langley Olympians Swim Club|LOSC A|British Columbia|2019-02-24|Winter Age Group Championships|2:04.23|386
8|13 - 13|Alberta Marlin Aquatic Club|AMAC A|Alberta|2018-10-26|Cascade Speed Meet|2:04.35|385
9|13 - 13|St. James Seals|TOBA A|Manitoba|2018-12-16|ManSask Championships Short Course Open Championships|2:05.45|375
10|13 - 13|Burlington Aquatic Devilrays|BAD A|Ontario|2019-02-17|2019 Ontario Winter Festival Championships|2:07.38|358
11|13 - 13|Hyack Swim Club|HYACKB|British Columbia|2019-06-21|SUMMER AGE GROUP CHAMPIONSHIPS|2:07.59|356
12|13 - 13|Windsor-Essex Swim Team|WEST A|Ontario|2019-02-17|2019 Ontario Winter Festival Championships|2:07.61|356
13|13 - 13|Golden Horseshoe Aquatic Club|GHAC A|Ontario|2019-02-17|2019 Ontario Winter Festival Championships|2:08.64|348
14|13 - 13|Richmond Rapids Swim Club|RAPIDA|British Columbia|2018-11-11|Winter Age Group Championships|2:08.68|347
15|13 - 13|Ravensong Aquatic Club|RAC A|British Columbia|2018-11-11|Vancouver Island Regional SC Championships|2:10.11|336
16|13 - 13|Oakville Aquatic Club|OAK A|Ontario|2018-12-09|Mallards Winter LC Invitational|2:10.52|333
17|13 - 13|UVic Pacific Coast Swimming|UVPCSB|British Columbia|2019-01-27|Vancouver Island Regional SC Championships|2:10.96|330
18|13 - 13|Chena Swim Club|CHENAA|British Columbia|2019-02-24|Winter Age Group Championships|2:11.74|324
19|13 - 13|Calgary Patriots Swim Club|CP A|Alberta|2019-03-02|Provincials - Short Course|2:12.33|319
20|13 - 13|Vernon Kokanee Swim Club|KWIC A|British Columbia|2019-06-23|SUMMER AGE GROUP CHAMPIONSHIPS|2:12.54|318
21|13 - 13|Kamloops Classic Swimming|KCS A|British Columbia|2019-02-24|Winter Age Group Championships|2:13.00|315
22|13 - 13|Sault Surge Aquatic Team|SSAT E|Ontario|2018-11-10|2018 Sault Surge Pentathlon|2:13.01|315
23|13 - 13|Canadian Dolphin Swim Club|CDSC C|British Columbia|2019-01-18|Canadian Dolphin New Years Invitational 2019|2:13.28|313
24|13 - 13|Surrey Knights Swim Club|SKSC B|British Columbia|2019-02-22|Winter Age Group Championships|2:13.50|311
25|13 - 13|West Vancouver Otters|WVOSCA|British Columbia|2019-06-23|SUMMER AGE GROUP CHAMPIONSHIPS|2:14.64|303
26|13 - 13|Vancouver Pacific Swim Club|VPSC C|British Columbia|2019-02-10|Winter Age Group Championships|2:15.25|299
27|13 - 13|Toronto Swim Club|TSC B|Ontario|2019-02-10|Central Region B Champs 2019|2:15.47|298
28|13 - 13|Vernon Kokanee Swim Club|VKSC A|British Columbia|2019-02-24|Winter Age Group Championships|2:16.14|293
28|13 - 13|Vernon Kokanee Swim Club|VKSC B|British Columbia|2019-06-07|3rd Annual TRU Wolfpack Invitational|2:16.14|293
30|13 - 13|Nepean Kanata Barracudas|NKB C|Ontario|2018-12-01|Neptune International (CSPO 25m)|2:16.16|293
31|13 - 13|KISU Swim Club|KISU A|British Columbia|2018-12-15|Winter Age Group Championships|2:16.48|291
32|13 - 13|Canadian Dolphin Swim Club|CDSC B|British Columbia|2019-06-23|SUMMER AGE GROUP CHAMPIONSHIPS|2:17.39|285
33|13 - 13|Aurora Ducks Swimming Club|DUCKSA|Ontario|2019-02-17|2019 Ontario Winter Festival Championships|2:17.73|283
34|13 - 13|Vernon Kokanee Swim Club|KWIC B|British Columbia|2019-06-21|SUMMER AGE GROUP CHAMPIONSHIPS|2:17.93|282
35|13 - 13|Muskoka Aquatic Club|MUSACC|Ontario|2019-02-03|2019 Huronia SC Regional Championships|2:18.04|281
36|13 - 13|Richmond Rapids Swim Club|RAPIDB|British Columbia|2019-06-23|SUMMER AGE GROUP CHAMPIONSHIPS|2:18.13|281
37|13 - 13|Oakville Aquatic Club|OAK B|Ontario|2018-12-09|Border City Invitational|2:19.14|275
38|13 - 13|Saskatoon Goldfins Swim Club|GOLD A|Saskatchewan|2019-03-10|2019 Junior Short Course Provincials|2:20.28|268
38|13 - 13|Brandon Bluefins Swim Club|BBSC A|Manitoba|2019-02-24|Manitoba Open Junior Provincial|2:20.28|268
40|13 - 13|Oakville Aquatic Club|OAK C|Ontario|2018-11-24|LAC - Nothers Fall Invitational|2:20.41|267
41|13 - 13|Calgary Patriots Swim Club|CP B|Alberta|2018-11-18|KSC SC Invitational 2018|2:20.44|267
42|13 - 13|Bulkley Valley Otters|BVOSCA|British Columbia|2019-06-02|Northwest Spring Invitational|2:20.75|265
43|13 - 13|Delta Sungod Swim Club|DELTAA|British Columbia|2019-06-23|SUMMER AGE GROUP CHAMPIONSHIPS|2:20.94|264
44|13 - 13|Vancouver Pacific Swim Club|VPSC E|British Columbia|2019-06-23|SUMMER AGE GROUP CHAMPIONSHIPS|2:21.37|262
45|13 - 13|Swimfaster Parent Association - North Vancouver|SFNV A|British Columbia|2019-05-25|Whistler Seawolves Invitational|2:21.44|262
46|13 - 13|Natation Edmundston Swimming|NES A|New Brunswick|2018-11-17|Championat par équipe Marianne Limpert|2:21.49|261
47|13 - 13|Vancouver Pacific Swim Club|VPSC D|British Columbia|2019-06-23|SUMMER AGE GROUP CHAMPIONSHIPS|2:22.04|258
48|13 - 13|KISU Swim Club|KISU B|British Columbia|2018-11-18|2018 KAJ Fall Classic|2:22.66|255
49|13 - 13|Swimfaster Parent Association - North Vancouver|SFNV B|British Columbia|2019-02-24|Winter Age Group Championships|2:22.70|255
50|13 - 13|Estevan Golden Eels Swim Club|STH BA|Saskatchewan|2019-07-27|2019 Swim Provincials Rosetown|2:23.82|249