RANK|AGES|CLUB|TEAM|PROVINCE|DATE|MEET|TIME|FINA
1|13 - 13|Etobicoke Swim Club|ESWIMA|Ontario|2019-02-16|2019 Ontario Winter Festival Championships|4:15.73|472
2|13 - 13|Scarborough Swim Club|SCAR A|Ontario|2019-02-16|2019 Ontario Winter Festival Championships|4:32.43|390
3|13 - 13|Hippocampe de St-Hubert|HIPP A|Québec|2019-02-22|Championnat provincial groupe d'âge AA d'hiver - section Est|4:42.04|352
4|13 - 13|Club Aquatique Montreal|CAMO A|Québec|2018-11-03|Festival provincial par équipe section 1|4:44.91|341
5|13 - 13|Nepean Kanata Barracudas|NKB B|Ontario|2018-11-30|Neptune International (CSPO 25m)|4:57.98|298
6|13 - 13|Aurora Ducks Swimming Club|DUCKSA|Ontario|2019-02-16|2019 Ontario Winter Festival Championships|5:01.27|288
7|13 - 13|C.N. St-Laurent|CNSL A|Québec|2019-04-07|Défi Australien - Australian Challenge|5:19.15|243
8|13 - 13|Les Espadons|LES A|New Brunswick|2019-04-28|Ellen Waters Memorial Meet|5:53.59|178
9|13 - 13|Grande Prairie Piranhas Swim Club|GPP A|Alberta|2019-01-19|Peace River Wahoos 23rd Annual Invitational|6:14.79|150