RANK|ATHLETES|AGE|YOB|CLUB|PROVINCE|DATE|MEET|TIME|FINA
1|Huang, Peter|13|2005|HYACK|British Columbia|2019-02-23|Winter Age Group Championships|4:08.77|621
2|Malakhovets, Max|13|2005|ESWIM|Ontario|2019-02-17|2019 Ontario Winter Festival Championships|4:14.00|583
3|Chernomorchenko, Sergey|13|2005|PSW|British Columbia|2018-11-11|2018 Brad Reid Memorial Invitational|4:14.95|577
4|Matteis, Quinn|13|2004|CYPS|Ontario|2018-10-28|Joe Kerkhoven Memorial Walker Invitational|4:17.94|557
5|Stewart-Beinder, Luke|13|2004|LOSC|British Columbia|2018-11-04|LOSC 12th Annual Short Course Invitational|4:22.97|525
6|Dupre, Eric|13|2005|MANTA|Manitoba|2018-12-14|ManSask Championships Short Course Open Championships|4:23.68|521
7|Butler, Addison|13|2005|CASC|Alberta|2018-12-16|JP Fiset Invitational|4:24.08|519
8|Park, Lucas|13|2004|CREST|Ontario|2018-12-09|Border City Invitational|4:24.47|516
9|Zhang, Kevin|13|2005|ESWIM|Ontario|2018-12-08|Invitation Provinciale AA-AAA Pointe-Claire 2018|4:25.21|512
10|Lamonde, Ludovic|13|2005|MY|Québec|2018-12-07|Défi Nez-Rouge 2018|4:25.87|508
11|Liew, Danael|13|2004|CASC|Alberta|2018-10-27|Cascade Speed Meet|4:26.27|506
11|Sykes, Benji|13|2005|PICK|Ontario|2019-02-17|2019 Ontario Winter Festival Championships|4:26.27|506
13|Senc-Samardzic, Filip|13|2005|TSC|Ontario|2018-12-09|Border City Invitational|4:26.57|504
14|Werner Enns, Kadin|13|2005|CASC|Alberta|2018-12-16|JP Fiset Invitational|4:26.76|503
15|Boddy, Ethan|13|2005|BTSC|Ontario|2019-01-12|2019 Etobicoke A-B Meet|4:27.09|501
16|Hiruki, Tadahiro|13|2005|VPSC|British Columbia|2019-06-22|SUMMER AGE GROUP CHAMPIONSHIPS|4:27.25|500
17|Chen, Albert|13|2005|VPSC|British Columbia|2019-06-22|SUMMER AGE GROUP CHAMPIONSHIPS|4:27.29|500
18|Harris, Aiden|13|2005|ESWIM|Ontario|2019-01-12|2019 Etobicoke A-B Meet|4:27.55|499
19|Stojanovic, Jacob|13|2005|COBRA|Ontario|2019-01-12|2019 Etobicoke A-B Meet|4:27.75|498
20|Dongfang, Bill|13|2005|UVPCS|British Columbia|2019-01-27|Vancouver Island Regional SC Championships|4:28.10|496
21|Prud'Homme, Olivier|13|2005|CNMN|Québec|2018-11-02|Festival provincial par équipe section 3|4:29.11|490
22|Maciek, James|13|2004|ESWIM|Ontario|2018-11-11|2018 Age Group International SC|4:29.22|490
23|Arnatt, Griffin|13|2005|UVPCS|British Columbia|2019-06-22|SUMMER AGE GROUP CHAMPIONSHIPS|4:29.39|489
24|Allen, Isaac|13|2005|WS|Ontario|2018-12-01|2018 Union Cup|4:29.55|488
25|BOURBONNAIS, Mathis|13|2005|RIKI|Québec|2019-01-26|Inter-provinciale LMRL 2019|4:30.16|484
26|Roos, River|13|2005|RDCSC|Alberta|2018-12-16|JP Fiset Invitational|4:30.20|484
27|Erickson, Aidan|13|2005|LOSC|British Columbia|2019-02-23|Winter Age Group Championships|4:30.43|483
28|Scheffel, Carter|13|2005|BRANT|Ontario|2019-02-17|2019 Ontario Winter Festival Championships|4:31.10|479
29|Zhang, Hao Sheng (Sunny)|13|2005|HYACK|British Columbia|2019-01-12|2019 Hyack Icebreaker Classic|4:31.64|477
30|Johnson, Niall|13|2006|SPART|British Columbia|2019-06-22|SUMMER AGE GROUP CHAMPIONSHIPS|4:31.83|476
31|Gonzalez Barboza, Sebastian|13|2005|CAMO|Québec|2018-11-02|Festival provincial par équipe section 1|4:31.88|475
32|Chan, Cameron|13|2004|OSC|Alberta|2018-10-27|Cascade Speed Meet|4:31.92|475
33|Lackovic, Alexandar|13|2005|WEST|Ontario|2019-02-17|2019 Ontario Winter Festival Championships|4:32.01|475
34|Opara, Amadi|13|2005|TORCH|Ontario|2019-02-17|2019 Ontario Winter Festival Championships|4:32.08|474
35|Powalowski, Mateusz|13|2006|MSSAC|Ontario|2019-02-17|2019 Ontario Winter Festival Championships|4:32.09|474
36|Raume, Jordan|13|2005|COMOX|British Columbia|2019-01-27|Vancouver Island Regional SC Championships|4:32.59|472
37|Scholtz, Ernst|13|2005|OAK|Ontario|2018-12-08|Youth Cup|4:32.96|470
38|Miao, Richard|13|2004|VAC|Ontario|2018-12-07|Vaughan Aquatic Club 30th Annual Roy Jacobson Inv 2018|4:32.97|470
39|Gishler, Thomas|13|2005|WGB|Yukon|2019-04-27|2019 Yukon Invitational Championships|4:33.35|468
40|Lapostolle, Théo|13|2005|PCSC|Québec|2019-02-23|Championnat provincial groupe d'âge AA d'hiver - section Ouest|4:33.48|467
41|Lambert, Liam|13|2005|CNCI|Québec|2018-12-07|Défi Nez-Rouge 2018|4:33.53|467
42|Yan, Andrew|13|2005|NKB|Ontario|2019-02-17|2019 Ontario Winter Festival Championships|4:33.65|466
43|Friesen, Tyler|13|2005|LOSC|British Columbia|2019-06-22|SUMMER AGE GROUP CHAMPIONSHIPS|4:33.90|465
44|Pilon, Victor|13|2005|CAMO|Québec|2019-02-23|Championnat provincial groupe d'âge AA d'hiver - section Ouest|4:33.95|465
45|Chen, Colin|13|2005|CNSL|Québec|2019-05-01|2e Intra-Club CNSL 2019|4:34.60|461
46|Robertson, Lucas|13|2005|NG|Québec|2018-12-08|Gatineau Grand Prix|4:35.26|458
47|Halicki, Eryk|13|2005|ESWIM|Ontario|2018-12-08|Invitation Provinciale AA-AAA Pointe-Claire 2018|4:35.31|458
48|Scholly, Ashton|13|2004|AMAC|Alberta|2018-12-16|JP Fiset Invitational|4:35.46|457
49|Banta, Jared|13|2005|GCAC|Ontario|2019-02-17|2019 Ontario Winter Festival Championships|4:35.48|457
50|Zhu, Remington|13|2004|RHAC|Ontario|2018-11-25|Alex Baumann Invitational|4:35.89|455