RANK|ATHLETES|AGE|YOB|CLUB|PROVINCE|DATE|MEET|TIME|FINA
1|Huang, Peter|13|2005|HYACK|British Columbia|2018-12-09|Youth Cup|2:10.90|525
2|Rogers, Lochlan|13|2005|RAC|British Columbia|2018-12-08|16th Annual XMAS Cracker Invitational|2:11.90|513
3|Chernomorchenko, Sergey|13|2005|PSW|British Columbia|2018-12-15|Rapids Fast-Swim Classic|2:13.47|495
4|Scholtz, Ernst|13|2005|OAK|Ontario|2018-12-09|Youth Cup|2:13.54|494
5|Hiruki, Tadahiro|13|2005|VPSC|British Columbia|2019-06-23|SUMMER AGE GROUP CHAMPIONSHIPS|2:14.59|483
6|Skalenda, Charlie|13|2004|TSC|Ontario|2018-10-20|Downtown Sprint Meet|2:15.04|478
7|Malakhovets, Max|13|2005|ESWIM|Ontario|2018-12-22|2018 Trillium Cup|2:16.74|460
8|Matteis, Quinn|13|2004|CYPS|Ontario|2018-10-27|Joe Kerkhoven Memorial Walker Invitational|2:16.77|460
9|Van Niekerk, Ruben|13|2005|OAK|Ontario|2019-02-17|2019 Ontario Winter Festival Championships|2:16.87|459
10|Luis, Jordan|13|2005|CDSC|British Columbia|2019-02-24|Winter Age Group Championships|2:16.89|459
11|Park, Lucas|13|2004|CREST|Ontario|2018-12-09|Border City Invitational|2:17.41|454
12|Liew, Danael|13|2004|CASC|Alberta|2018-10-26|Cascade Speed Meet|2:17.76|450
13|Kaul, Piyush|13|2005|LOSC|British Columbia|2019-02-24|Winter Age Group Championships|2:18.23|446
14|Arnatt, Griffin|13|2005|UVPCS|British Columbia|2019-01-27|Vancouver Island Regional SC Championships|2:18.36|444
15|Zhang, Charles|13|2004|MAC|Ontario|2018-11-02|NYAC Cup|2:18.47|443
16|Senc-Samardzic, Filip|13|2005|TSC|Ontario|2019-01-19|Winter Invitational|2:18.50|443
17|Butler, Addison|13|2005|CASC|Alberta|2018-12-15|JP Fiset Invitational|2:18.65|442
18|Stojanovic, Jacob|13|2005|COBRA|Ontario|2018-11-04|Newmarket Stingrays Fall Invitational|2:18.76|441
19|Miao, Richard|13|2004|VAC|Ontario|2018-12-09|Vaughan Aquatic Club 30th Annual Roy Jacobson Inv 2018|2:19.23|436
20|Dongfang, Bill|13|2005|UVPCS|British Columbia|2019-01-27|Vancouver Island Regional SC Championships|2:19.43|434
21|Chen, Albert|13|2005|VPSC|British Columbia|2019-02-24|Winter Age Group Championships|2:19.50|434
22|Choquette-Brunet, Francois|13|2005|NN|Québec|2019-06-29|Championnat provincial groupe d'âge AA d'été - Ouest|2:20.64|423
23|Wong, Nathan|13|2005|NCSA|Alberta|2018-12-15|ManSask Championships Short Course Open Championships|2:20.66|423
24|Low, Jean-Paul|13|2005|RAPID|British Columbia|2018-12-07|Rapids TT #1|2:20.78|422
25|Gonzalez Barboza, Sebastian|13|2005|CAMO|Québec|2018-12-08|Invitation provinciale AA-AAA Noël + Développement 11-12 ans CAMO|2:20.88|421
26|Wang, Joseph|13|2005|SKSC|British Columbia|2019-06-23|SUMMER AGE GROUP CHAMPIONSHIPS|2:21.15|419
27|Zhang, Kevin|13|2005|ESWIM|Ontario|2018-12-22|2018 Trillium Cup|2:21.42|416
28|BOURBONNAIS, Mathis|13|2005|RIKI|Québec|2018-12-09|Défi Nez-Rouge 2018|2:21.45|416
29|LAVOIE-MILL, Rémi|13|2005|RIKI|Québec|2019-06-29|Championnat provincial groupe d'âge AA d'été - section Est|2:21.62|414
30|Mesic, Mateja|13|2005|WAC|Ontario|2019-02-17|2019 Ontario Winter Festival Championships|2:21.65|414
31|Viloria, Marcus Hugo|13|2006|DELTA|British Columbia|2019-06-23|SUMMER AGE GROUP CHAMPIONSHIPS|2:22.22|409
32|Hume, James|13|2005|CHENA|British Columbia|2018-11-09|2018 Brad Reid Memorial Invitational|2:22.67|405
33|Nguyen, Minh|13|2004|OSC|Alberta|2018-10-26|Cascade Speed Meet|2:22.77|404
34|Lamonde, Ludovic|13|2005|MY|Québec|2018-12-09|Défi Nez-Rouge 2018|2:22.96|403
35|de la Merced, Zachariah|13|2005|GMAC|Ontario|2019-02-17|2019 Ontario Winter Festival Championships|2:23.06|402
36|Dupre, Eric|13|2005|MANTA|Manitoba|2018-12-15|ManSask Championships Short Course Open Championships|2:23.23|401
37|Farzadeh, Iden|13|2005|VPSC|British Columbia|2019-06-23|SUMMER AGE GROUP CHAMPIONSHIPS|2:23.39|399
38|Tomic, Luka|13|2004|WAAC|Ontario|2018-10-27|Joe Kerkhoven Memorial Walker Invitational|2:23.48|399
39|Maibaum, David|13|2006|RAPID|British Columbia|2019-06-23|SUMMER AGE GROUP CHAMPIONSHIPS|2:23.52|398
40|Scholly, Ashton|13|2004|AMAC|Alberta|2018-11-18|Skin Technologies Marlin Marquee Invitational|2:23.65|397
41|Song, Alvin Zhen|13|2006|NG|Québec|2019-06-09|Finale régionale des Jeux du Québec|2:23.69|397
42|Lackovic, Alexandar|13|2005|WEST|Ontario|2019-02-17|2019 Ontario Winter Festival Championships|2:24.08|394
43|McDougall-Vick, Ryland|13|2005|DDO|Québec|2019-02-23|Championnat provincial groupe d'âge AA d'hiver - section Ouest|2:24.60|389
44|Brisson, Xavier|13|2005|CNQ|Québec|2018-12-09|Défi Nez-Rouge 2018|2:24.62|389
45|Werner Enns, Kadin|13|2005|CASC|Alberta|2018-10-26|Cascade Speed Meet|2:24.65|389
46|Desjardins, Olivier|13|2005|HIPPO|Québec|2018-12-08|Invitation Provinciale AA-AAA Pointe-Claire 2018|2:24.70|389
47|Wigginton, Lorne|13|2005|UCSC|Alberta|2019-07-13|UCSC Western Finale|2:24.86|387
48|Fast, Ethan|13|2004|ISC|British Columbia|2018-11-09|ISC 2018 Bennett Cup|2:24.87|387
49|George, Quintin|13|2005|SCAR|Ontario|2018-12-09|Border City Invitational|2:24.94|387
50|Kryger, Matthew|13|2004|GCAC|Ontario|2018-11-03|2018 BAD Fall Invitational|2:25.22|384